"",0.300
203.0000,0.0000E+000
203.0417,-1.0602E+002
203.0833,-8.0494E+001
203.1250,-6.9518E+001
203.1667,-6.0871E+001
203.2083,-8.1311E+001
203.2500,-7.8955E+001
203.2917,-5.3136E+001
203.3333,-4.9303E+001
203.3750,-2.2600E+001
203.4167,-3.5038E+001
203.4583,-6.8413E+001
203.5000,-7.6500E+001
203.5417,-1.1716E+002
203.5833,-1.4065E+002
203.6250,-1.0995E+002
203.6667,-6.8097E+001
203.7083,-5.2631E+001
203.7500,-1.1497E+002
203.7917,-6.2909E+001
203.8333,-3.5355E+001
203.8750,-3.4375E+001
203.9167,-4.5876E+001
203.9583,-6.8939E+001
204.0000,-9.3997E+001
204.0417,-8.4758E+001
204.0833,-7.8622E+001
204.1250,-7.9920E+001
204.1667,-7.1610E+001
204.2083,-3.3209E+001
204.2500,-3.2964E+001
204.2917,-2.9879E+001
204.3333,-2.7624E+001
204.3750,-4.3329E+001
204.4167,-3.5846E+001
204.4583,-3.8736E+001
204.5000,-7.9890E+001
204.5417,-1.1491E+002
204.5833,-6.4665E+001
204.6250,-7.1043E+001
204.6667,-5.4853E+001
204.7083,-7.8352E+001
204.7500,-5.4143E+001
204.7917,-1.6715E+001
204.8333,-1.7920E+001
204.8750,-4.4501E+001
204.9167,-4.6729E+001
204.9583,-4.3707E+001
205.0000,-4.7355E+001
205.0417,-4.1970E+001
205.0833,-4.8987E+001
205.1250,-4.1931E+001
205.1667,-4.4542E+001
205.2083,-3.5139E+001
205.2500,-3.1124E+001
205.2917,-2.1010E+001
205.3333,-1.2044E+001
205.3750,-0.0000E+000
205.4167,-3.1353E+001
205.4583,-2.6266E+001
205.5000,-4.9620E+001
205.5417,-1.6712E+001
205.5833,-9.9919E+001
205.6250,-1.2793E+002
205.6667,-1.1691E+002
205.7083,-6.1308E+001
205.7500,-1.4864E+002
205.7917,-7.2029E+000
205.8333,-1.1288E+001
205.8750,-4.3440E+001
205.9167,-4.5807E+001
205.9583,-3.7008E+001
206.0000,-4.2014E+001
206.0417,-3.6178E+001
206.0833,-3.5870E+001
206.1250,-3.7955E+001
206.1667,-3.8077E+001
206.2083,-4.0095E+001
206.2500,-3.8926E+001
206.2917,-3.6666E+001
206.3333,-1.6565E+001
206.3750,-0.0000E+000
206.4167,-2.7532E+001
206.4583,-4.7708E+001
206.5000,-5.7385E+000
206.5417,-1.0894E+002
206.5833,-8.3375E+001
206.6250,-4.8414E+001
206.6667,-7.1906E+001
206.7083,-6.8089E+001
206.7500,-6.0448E+001
206.7917,-2.9144E+000
206.8333,-1.7122E+001
206.8750,-2.9565E+001
206.9167,-3.7857E+001
206.9583,-3.1067E+001
207.0000,-2.9220E+001
207.0417,-2.8082E+001
207.0833,-3.2361E+001
207.1250,-2.3128E+001
207.1667,-2.2758E+001
207.2083,-2.0290E+001
207.2500,-1.7408E+001
207.2917,-1.4618E+001
207.3333,-8.5003E+000
207.3750,-4.5439E+001
207.4167,-3.7801E+001
207.4583,-4.1521E+001
207.5000,-1.7835E+001
207.5417,-2.2914E+001
207.5833,-1.4884E+001
207.6250,-2.6368E+001
207.6667,-2.7672E+001
207.7083,-3.7182E+001
207.7500,-4.1594E+001
207.7917,-3.8851E+001
207.8333,-3.7372E+001
207.8750,-5.5752E+001
207.9167,-5.1631E+001
207.9583,-5.5320E+001
208.0000,-5.3807E+001
208.0417,-6.1105E+001
208.0833,-4.3222E+001
208.1250,-4.0639E+001
208.1667,-4.3298E+001
208.2083,-4.1173E+001
208.2500,-3.4350E+001
208.2917,-2.9625E+001
208.3333,-2.4600E+001
208.3750,-6.1858E+000
208.4167,-8.9389E+000
208.4583,-6.6164E+000
208.5000,-5.5923E+001
208.5417,-6.8546E+001
208.5833,-1.1474E+002
208.6250,-7.8622E+001
208.6667,-1.8812E+002
208.7083,-1.0913E+002
208.7500,-6.8018E+001
208.7917,-6.7374E+000
208.8333,-2.5794E+001
208.8750,-4.1366E+001
208.9167,-3.3760E+001
208.9583,-4.2104E+001
209.0000,-4.2521E+001
209.0417,-4.1308E+001
209.0833,-4.6423E+001
209.1250,-4.5733E+001
209.1667,-3.4418E+001
209.2083,-4.1146E+001
209.2500,-3.8578E+001
209.2917,-2.8305E+001
209.3333,-1.0755E+001
209.3750,-1.5663E+001
209.4167,-2.1828E+001
209.4583,-2.0990E+001
209.5000,-2.3532E+001
209.5417,-2.1722E+001
209.5833,-7.9382E+001
209.6250,-6.4005E+001
209.6667,-6.2885E+001
209.7083,-5.0932E+001
209.7500,-4.2673E+001
209.7917,-6.9198E+001
209.8333,-6.2764E+001
209.8750,-7.0374E+001
209.9167,-6.8878E+001
209.9583,-7.1804E+001
210.0000,-8.8833E+001
210.0417,-7.6780E+001
210.0833,-5.7491E+001
210.1250,-5.5108E+001
210.1667,-5.3120E+001
210.2083,-5.5910E+001
210.2500,-4.7494E+001
210.2917,-5.2346E+001
210.3333,-4.3743E+001
210.3750,-2.4979E+001
210.4167,-6.0056E+001
210.4583,-7.8123E+001
210.5000,-1.1171E+002
210.5417,-9.1557E+001
210.5833,-1.2569E+002
210.6250,-8.4745E+001
210.6667,-1.2140E+002
210.7083,-1.0311E+002
210.7500,-5.7224E+001
210.7917,-3.4776E+001
210.8333,-4.7846E+001
210.8750,-5.4578E+001
210.9167,-4.6941E+001
210.9583,-4.7393E+001
211.0000,-5.0350E+001
211.0417,-5.4739E+001
211.0833,-4.9644E+001
211.1250,-4.4317E+001
211.1667,-4.2937E+001
211.2083,-3.0748E+001
211.2500,-2.4590E+001
211.2917,-2.8673E+001
211.3333,-1.8239E+001
211.3750,-1.3979E+001
211.4167,-0.0000E+000
211.4583,-2.5329E+001
211.5000,-7.4924E+001
211.5417,-1.1821E+002
211.5833,-1.1713E+002
211.6250,-7.2854E+001
211.6667,-7.9868E+001
211.7083,-7.0967E+001
211.7500,-8.9909E+001
211.7917,-1.8314E+001
211.8333,-4.9697E+001
211.8750,-4.4948E+001
211.9167,-5.2137E+001
211.9583,-6.2059E+001
212.0000,-6.2413E+001
212.0417,-5.9651E+001
212.0833,-4.5745E+001
212.1250,-5.6170E+001
212.1667,-4.3894E+001
212.2083,-4.3647E+001
212.2500,-4.3507E+001
212.2917,-3.4876E+001
212.3333,-2.9750E+001
212.3750,-1.2945E+001
212.4167,-1.6535E+001
212.4583,-4.5608E+001
212.5000,-3.6495E+001
212.5417,-8.3793E+001
212.5833,-1.1200E+002
212.6250,-1.4867E+002
212.6667,-9.0613E+001
212.7083,-4.9238E+001
212.7500,-0.0000E+000
212.7917,-0.0000E+000
212.8333,-2.9856E+001
212.8750,-2.8713E+001
212.9167,-3.4572E+001
212.9583,-4.8537E+001
213.0000,-4.2479E+001
213.0417,-6.4094E+001
213.0833,-5.1534E+001
213.1250,-5.1575E+001
213.1667,-4.4878E+001
213.2083,-4.3270E+001
213.2500,-3.3415E+001
213.2917,-2.9106E+001
213.3333,-1.6030E+001
213.3750,-9.5008E-001
213.4167,-1.4468E+001
213.4583,-2.1095E+000
213.5000,-4.3412E+000
213.5417,3.6343E+000
213.5833,-3.0819E+000
213.6250,2.2966E+000
213.6667,-2.0789E+001
213.7083,-6.6163E+000
213.7500,-2.5963E+001
213.7917,-0.0000E+000
213.8333,-9.2755E+000
213.8750,-1.1239E+001
213.9167,-1.7689E+001
213.9583,-1.8721E+001
214.0000,-1.9651E+001
214.0417,-2.1700E+001
214.0833,-2.2094E+001
214.1250,-3.1552E+001
214.1667,-2.7427E+001
214.2083,-2.9156E+001
214.2500,-3.0629E+001
214.2917,-2.5821E+001
214.3333,-3.7197E+001
214.3750,-4.2281E+001
214.4167,-3.3854E+001
214.4583,-5.9741E+001
214.5000,-4.5584E+001
214.5417,-2.2281E+001
214.5833,-0.0000E+000
214.6250,-3.7375E+001
214.6667,-6.8098E+001
214.7083,-7.6467E+001
214.7500,-5.4218E+001
214.7917,-3.3216E+001
214.8333,-4.1015E+001
214.8750,-4.6102E+001
214.9167,-4.9561E+001
214.9583,-5.4583E+001
215.0000,-4.9424E+001
215.0417,-5.5166E+001
215.0833,-6.1631E+001
215.1250,-4.0478E+001
215.1667,-3.3819E+001
215.2083,-3.6020E+001
215.2500,-3.9805E+001
215.2917,-2.8268E+001
215.3333,-4.9877E+001
215.3750,-5.0856E+001
215.4167,-3.5072E+001
215.4583,-3.3298E+001
215.5000,-5.4397E+001
215.5417,-8.8302E+001
215.5833,-9.2153E+001
215.6250,-5.5086E+001
215.6667,-7.5459E+001
215.7083,-1.2805E+002
215.7500,-3.3087E+001
215.7917,-3.4975E+001
215.8333,-3.9435E+001
215.8750,-2.7715E+001
215.9167,-2.4509E+001
215.9583,-2.4233E+001
216.0000,-2.4785E+001
216.0417,-1.9487E+001
216.0833,-2.4698E+001
216.1250,-2.3637E+001
216.1667,-2.2080E+001
216.2083,-2.0899E+001
216.2500,-2.1036E+001
216.2917,-2.8087E+001
216.3333,-3.1644E+001
216.3750,-9.8265E+000
216.4167,-1.7420E+001
216.4583,-2.9282E+001
216.5000,-5.6507E+001
216.5417,-4.0585E+001
216.5833,-2.2874E+001
216.6250,-1.3576E+001
216.6667,-1.6335E+001
216.7083,-3.3485E+001
216.7500,-1.6009E+001
216.7917,-1.1687E+001
216.8333,-2.6445E+001
216.8750,-3.6982E+001
216.9167,-3.2358E+001
216.9583,-3.0988E+001
217.0000,-2.9408E+001
217.0417,-4.4379E+001
217.0833,-3.4613E+001
217.1250,-2.9770E+001
217.1667,-3.8923E+001
217.2083,-4.1663E+001
217.2500,-4.0012E+001
217.2917,-3.1333E+001
217.3333,-2.1590E+001
217.3750,-1.6503E+001
217.4167,-0.0000E+000
217.4583,-6.3824E+001
217.5000,-8.8023E+001
217.5417,-1.0662E+002
217.5833,-4.7277E+001
217.6250,-9.5974E+001
217.6667,-4.6338E+001
217.7083,-1.0366E+002
217.7500,-4.7254E+001
217.7917,-1.4808E+001
217.8333,-3.8294E+001
217.8750,-3.2001E+001
217.9167,-3.4483E+001
217.9583,-3.7573E+001
218.0000,-3.9310E+001
218.0417,-3.9298E+001
218.0833,-3.3330E+001
218.1250,-2.8473E+001
218.1667,-3.5011E+001
218.2083,-3.4359E+001
218.2500,-2.6910E+001
218.2917,-3.1234E+001
218.3333,-2.3272E+001
218.3750,-7.8058E+000
218.4167,-3.7768E+000
218.4583,-3.1765E+001
218.5000,-4.7103E+001
218.5417,-4.0871E+001
218.5833,-5.5067E+001
218.6250,-6.1086E+001
218.6667,-7.1775E+001
218.7083,-7.0466E+001
218.7500,-1.8533E+001
218.7917,-1.6950E+001
218.8333,-2.7066E+001
218.8750,-3.1785E+001
218.9167,-2.8634E+001
218.9583,-3.0653E+001
219.0000,-3.2351E+001
219.0417,-3.4442E+001
219.0833,-3.8958E+001
219.1250,-4.1984E+001
219.1667,-3.3961E+001
219.2083,-3.2020E+001
219.2500,-2.7334E+001
219.2917,-2.9911E+001
219.3333,-1.9191E+001
219.3750,-6.9169E+000
219.4167,-2.3779E+000
219.4583,-6.1038E+000
219.5000,-4.4571E+001
219.5417,-4.4667E+001
219.5833,-7.7794E+001
219.6250,-7.8184E+001
219.6667,-4.6673E+001
219.7083,-3.4630E+001
219.7500,-2.9310E+001
219.7917,-2.4609E+001
219.8333,-2.6696E+001
219.8750,-3.3826E+001
219.9167,-3.2312E+001
219.9583,-3.3349E+001
220.0000,-3.7239E+001
220.0417,-3.3634E+001
220.0833,-3.2062E+001
220.1250,-3.2441E+001
220.1667,-2.5504E+001
220.2083,-2.1402E+001
220.2500,-2.0043E+001
220.2917,-2.6786E+001
220.3333,-2.5602E+001
220.3750,-1.4149E+001
220.4167,-9.2688E-002
220.4583,-1.9405E+001
220.5000,-1.1013E+002
220.5417,-1.2452E+002
220.5833,-1.1786E+002
220.6250,-7.6004E+001
220.6667,-6.2058E+001
220.7083,-3.8146E+001
220.7500,-1.7536E+001
220.7917,-2.2588E+001
220.8333,-3.9599E+001
220.8750,-3.8386E+001
220.9167,-3.8642E+001
220.9583,-4.7736E+001
221.0000,-4.4888E+001
221.0417,-5.1978E+001
221.0833,-4.4441E+001
221.1250,-3.9095E+001
221.1667,-4.2442E+001
221.2083,-3.1000E+001
221.2500,-3.7413E+001
221.2917,-3.4735E+001
221.3333,-2.6232E+001
221.3750,-1.9705E+001
221.4167,-0.0000E+000
221.4583,-4.6693E-011
221.5000,-1.6084E+002
221.5417,-1.4860E+002
221.5833,-1.1278E+002
221.6250,-8.5814E+001
221.6667,-1.0891E+002
221.7083,-5.8181E+001
221.7500,-4.0901E+001
221.7917,-1.7088E+001
221.8333,-3.5086E+001
221.8750,-5.0045E+001
221.9167,-4.7507E+001
221.9583,-5.3476E+001
222.0000,-4.2270E+001
222.0417,-4.1913E+001
222.0833,-4.8756E+001
222.1250,-5.1512E+001
222.1667,-4.0105E+001
222.2083,-4.1033E+001
222.2500,-3.5710E+001
222.2917,-3.5454E+001
222.3333,-2.4747E+001
222.3750,-7.8167E+000
222.4167,-2.9010E+000
222.4583,3.3235E-002
222.5000,1.3130E-001
222.5417,-2.7771E+001
222.5833,-4.1794E+001
222.6250,-6.9010E+001
222.6667,-7.2959E+001
222.7083,-2.3564E+001
222.7500,-2.8166E+001
222.7917,-2.5120E+001
222.8333,-1.7893E+001
222.8750,-2.8489E+001
222.9167,-3.7741E+001
222.9583,-6.7968E+001
223.0000,-3.9629E+001
223.0417,-5.5157E+001
223.0833,-4.4471E+001
223.1250,-4.0727E+001
223.1667,-4.5527E+001
223.2083,-4.0959E+001
223.2500,-4.1408E+001
223.2917,-2.7347E+001
223.3333,-1.8561E+001
223.3750,-1.0761E+001
223.4167,-0.0000E+000
223.4583,-4.2535E+001
223.5000,-7.9903E+001
223.5417,-1.3328E+002
223.5833,-1.1155E+002
223.6250,-5.8051E+001
223.6667,-5.0331E+001
223.7083,-2.0187E+001
223.7500,-0.0000E+000
223.7917,-6.4938E+001
223.8333,-2.9005E+001
223.8750,-3.0831E+001
223.9167,-3.0739E+001
223.9583,-3.7701E+001
224.0000,-3.4875E+001
224.0417,-4.8021E+001
224.0833,-3.6998E+001
224.1250,-3.6817E+001
224.1667,-3.8402E+001
224.2083,-4.0863E+001
224.2500,-3.8473E+001
224.2917,-3.4622E+001
224.3333,-2.2623E+001
224.3750,-1.8319E+001
224.4167,-0.0000E+000
224.4583,-1.4942E+001
224.5000,-8.8648E+001
224.5417,-1.0277E+002
224.5833,-1.0300E+002
224.6250,-7.3744E+001
224.6667,-2.5029E+001
224.7083,-2.9838E-010
224.7500,-1.4948E+002
224.7917,-2.8259E+001
224.8333,-3.3808E+001
224.8750,-4.2762E+001
224.9167,-5.0411E+001
224.9583,-5.0422E+001
225.0000,-3.6220E+001
225.0417,-3.2564E+001
225.0833,-4.4559E+001
225.1250,-4.0987E+001
225.1667,-4.0485E+001
225.2083,-4.0372E+001
225.2500,-2.8520E+001
225.2917,-1.7772E+001
225.3333,-1.9090E+001
225.3750,-1.1402E+001
225.4167,-0.0000E+000
225.4583,-6.3207E+001
225.5000,-3.0857E+001
225.5417,-2.4386E-010
225.5833,-8.8017E+000
225.6250,-1.3174E+001
225.6667,-9.5728E+000
225.7083,-6.1826E-011
225.7500,-5.3337E+000
225.7917,-1.5717E+001
225.8333,-2.4541E+001
225.8750,-3.1825E+001
225.9167,-3.4233E+001
225.9583,-3.4935E+001
226.0000,-3.1919E+001
226.0417,-3.0503E+001
226.0833,-2.9506E+001
226.1250,-2.3444E+001
226.1667,-2.8675E+001
226.2083,-2.8849E+001
226.2500,-2.5989E+001
226.2917,-1.9036E+001
226.3333,-1.1425E+001
226.3750,-0.0000E+000
226.4167,-0.0000E+000
226.4583,-3.8202E+001
226.5000,-3.6045E+001
226.5417,-5.2286E+001
226.5833,-4.3563E+001
226.6250,-7.6815E+001
226.6667,-1.5056E+002
226.7083,-1.0704E+002
226.7500,-8.1081E+000
226.7917,-8.1806E+001
226.8333,-2.4138E+001
226.8750,-2.8143E+001
226.9167,-4.0061E+001
226.9583,-3.9842E+001
227.0000,-3.7422E+001
227.0417,-3.9159E+001
227.0833,-3.1522E+001
227.1250,-3.4085E+001
227.1667,-3.8642E+001
227.2083,-3.1327E+001
227.2500,-3.2770E+001
227.2917,-3.3603E+001
227.3333,-3.2513E+001
227.3750,-1.9378E+001
227.4167,-0.0000E+000
227.4583,-1.3877E+001
227.5000,-2.6678E+001
227.5417,-3.2420E+001
227.5833,-1.0737E+001
227.6250,-1.3763E+001
227.6667,-4.1850E-011
227.7083,-1.1186E+001
227.7500,-0.0000E+000
227.7917,-1.1121E+000
227.8333,-2.7291E+001
227.8750,-3.6032E+001
227.9167,-3.0755E+001
227.9583,-4.1797E+001
228.0000,-3.4808E+001
228.0417,-3.2519E+001
228.0833,-4.5366E+001
228.1250,-3.4607E+001
228.1667,-3.0625E+001
228.2083,-4.0302E+001
228.2500,-3.3296E+001
228.2917,-3.7842E+001
228.3333,-2.2064E+001
228.3750,-1.2577E+001
228.4167,-0.0000E+000
228.4583,-4.9329E+001
228.5000,-5.1069E+001
228.5417,-8.7244E+001
228.5833,-9.1054E+001
228.6250,-1.1075E+002
228.6667,-7.6561E+001
228.7083,-4.1334E+000
228.7500,-8.5148E+000
228.7917,-4.4356E+000
228.8333,-2.4324E+001
228.8750,-3.8037E+001
228.9167,-4.2827E+001
228.9583,-4.5876E+001
229.0000,-4.5075E+001
229.0417,-3.3358E+001
229.0833,-3.3033E+001
229.1250,-3.5079E+001
229.1667,-3.1122E+001
229.2083,-2.8604E+001
229.2500,-3.0663E+001
229.2917,-2.9481E+001
229.3333,-2.1431E+001
229.3750,-1.5396E+001
229.4167,-1.3172E+001
229.4583,-1.8704E+001
229.5000,-2.2695E+001
229.5417,-7.1254E+001
229.5833,-1.0225E+002
229.6250,-7.4390E+001
229.6667,-1.5348E+002
229.7083,-5.4990E+001
229.7500,-3.7159E+001
229.7917,-4.2381E+001
229.8333,-3.8673E+001
229.8750,-3.6219E+001
229.9167,-4.6322E+001
229.9583,-5.1008E+001
230.0000,-4.9040E+001
230.0417,-4.6103E+001
230.0833,-4.5972E+001
230.1250,-3.8034E+001
230.1667,-4.2066E+001
230.2083,-3.2009E+001
230.2500,-3.6740E+001
230.2917,-3.4680E+001
230.3333,-2.9151E+001
230.3750,-2.2741E+001
230.4167,-5.5281E+000
230.4583,-1.7140E+001
230.5000,-4.0058E+001
230.5417,-6.8871E+001
230.5833,-8.4863E+001
230.6250,-1.3308E+002
230.6667,-8.6848E+001
230.7083,-2.7483E+001
230.7500,-2.2684E+001
230.7917,-2.9092E+001
230.8333,-2.8845E+001
230.8750,-2.9728E+001
230.9167,-3.0588E+001
230.9583,-3.3499E+001
231.0000,-2.8271E+001
231.0417,-2.0964E+001
231.0833,-2.8363E+001
231.1250,-3.5658E+001
231.1667,-3.7795E+001
231.2083,-3.4292E+001
231.2500,-3.4743E+001
231.2917,-3.0730E+001
231.3333,-1.9790E+001
231.3750,-2.0026E+001
231.4167,-5.9545E+000
231.4583,-4.5719E-011
231.5000,-2.2033E-002
231.5417,-1.1672E+001
231.5833,-1.2912E+001
231.6250,-3.9478E+001
231.6667,-2.3661E+001
231.7083,-2.6529E+001
231.7500,-5.5274E-001
231.7917,-1.6680E+001
231.8333,-2.6100E+001
231.8750,-2.6670E+001
231.9167,-3.3026E+001
231.9583,-2.6141E+001
232.0000,-2.1829E+001
232.0417,-2.0503E+001
232.0833,-2.3743E+001
232.1250,-2.6355E+001
232.1667,-2.2899E+001
232.2083,-1.8334E+001
232.2500,-1.3814E+001
232.2917,-1.4360E+001
232.3333,-1.0706E+001
232.3750,-2.9415E+000
232.4167,-0.0000E+000
232.4583,-3.1631E+001
232.5000,-2.4845E+001
232.5417,-4.6887E+001
232.5833,-5.6462E+001
232.6250,-4.6725E+001
232.6667,-3.6048E+001
232.7083,-4.1370E+001
232.7500,-1.5347E+001
232.7917,-2.0849E+001
232.8333,-2.8094E+001
232.8750,-3.0855E+001
232.9167,-3.0085E+001
232.9583,-3.9609E+001
233.0000,-3.5431E+001
233.0417,-3.3487E+001
233.0833,-4.0478E+001
233.1250,-2.9928E+001
233.1667,-2.4206E+001
233.2083,-2.0730E+001
233.2500,-2.2336E+001
233.2917,-3.0590E+001
233.3333,-2.8739E+001
233.3750,-2.9112E+001
233.4167,-5.9712E+001
233.4583,-6.8148E+001
233.5000,-9.7937E+001
233.5417,-1.0963E+002
233.5833,-3.2267E+001
233.6250,-1.3717E+002
233.6667,-1.8364E+001
233.7083,-3.4627E+000
233.7500,-8.8180E+000
233.7917,-4.2462E+000
233.8333,-1.9914E+001
233.8750,-3.4600E+001
233.9167,-2.7231E+001
233.9583,-2.7367E+001
234.0000,-3.2429E+001
234.0417,-4.4212E+001
234.0833,-3.8469E+001
234.1250,-2.8571E+001
234.1667,-2.7145E+001
234.2083,-2.7653E+001
234.2500,-2.2056E+001
234.2917,-2.1820E+001
234.3333,-2.3780E+001
234.3750,-1.9824E+001
234.4167,-1.9273E+001
234.4583,-2.1437E+001
234.5000,-7.8939E+001
234.5417,-1.1720E+002
234.5833,-1.4565E+002
234.6250,-3.4583E+001
234.6667,-6.0197E+001
234.7083,-5.8578E+001
234.7500,-3.6330E+001
234.7917,-3.6210E+001
234.8333,-4.1980E+001
234.8750,-5.2473E+001
234.9167,-4.5845E+001
234.9583,-4.7970E+001
235.0000,-3.9920E+001
235.0417,-3.3399E+001
235.0833,-5.0555E+001
235.1250,-4.0873E+001
235.1667,-4.2020E+001
235.2083,-3.2330E+001
235.2500,-3.5510E+001
235.2917,-3.5023E+001
235.3333,-2.4383E+001
235.3750,-1.2157E+001
235.4167,-2.8470E+001
235.4583,-5.9503E+001
235.5000,-6.0245E+001
235.5417,-8.6277E+001
235.5833,-6.9114E+001
235.6250,-8.5511E+001
235.6667,-8.2660E+001
235.7083,-7.5154E+001
235.7500,-4.4628E+001
235.7917,-6.3419E+001
235.8333,-4.3296E+001
235.8750,-4.6917E+001
235.9167,-5.4540E+001
235.9583,-4.8716E+001
236.0000,-4.7882E+001
236.0417,-5.1362E+001
236.0833,-4.5679E+001
236.1250,-4.3429E+001
236.1667,-4.0800E+001
236.2083,-2.9934E+001
236.2500,-2.7360E+001
236.2917,-2.3764E+001
236.3333,-1.6377E+001
236.3750,-9.8790E+000
236.4167,-1.2305E+001
236.4583,-3.1222E+001
236.5000,-3.8534E+001
236.5417,-3.3499E+001
236.5833,-2.8606E+001
236.6250,-4.0907E+001
236.6667,-9.4577E+001
236.7083,-3.9889E+001
236.7500,-1.1691E+001
236.7917,-2.6150E+001
236.8333,-3.5237E+001
236.8750,-3.5266E+001
236.9167,-3.9976E+001
236.9583,-3.8278E+001
237.0000,-3.7412E+001
237.0417,-3.0772E+001
237.0833,-2.7441E+001
237.1250,-2.4024E+001
237.1667,-2.7099E+001
237.2083,-3.4796E+001
237.2500,-3.7911E+001
237.2917,-3.4879E+001
237.3333,-2.2157E+001
237.3750,-1.1857E+001
237.4167,-4.2302E+000
237.4583,-1.2157E+001
237.5000,-6.4440E+000
237.5417,-1.3268E+001
237.5833,-1.3557E-010
237.6250,-1.8380E+001
237.6667,-4.1741E+001
237.7083,-2.6333E+001
237.7500,-1.3994E+001
237.7917,-1.1163E+001
237.8333,-1.9975E+001
237.8750,-2.5067E+001
237.9167,-2.1243E+001
237.9583,-2.7393E+001
238.0000,-2.0103E+001
238.0417,-1.6030E+001
238.0833,-1.6065E+001
238.1250,-1.7246E+001
238.1667,-2.0245E+001
238.2083,-2.1383E+001
238.2500,-2.6385E+001
238.2917,-2.7824E+001
238.3333,-2.7245E+001
238.3750,-3.9027E+001
238.4167,-3.7034E+001
238.4583,-6.5314E+001
238.5000,-1.0851E+002
238.5417,-9.0226E+001
238.5833,-6.4660E+001
238.6250,-8.2105E+001
238.6667,-7.5806E+001
238.7083,-5.7071E+001
238.7500,-3.7775E+001
238.7917,-2.9096E+001
238.8333,-2.2819E+001
238.8750,-3.7469E+001
238.9167,-3.9979E+001
238.9583,-4.3590E+001
239.0000,-4.6412E+001
239.0417,-3.4174E+001
239.0833,-3.9630E+001
239.1250,-3.2486E+001
239.1667,-2.7830E+001
239.2083,-2.4488E+001
239.2500,-2.6023E+001
239.2917,-3.2427E+001
239.3333,-2.3614E+001
239.3750,-9.7916E+000
239.4167,-6.3592E+000
239.4583,-2.5185E+001
239.5000,-3.1747E+000
239.5417,-1.1794E+001
239.5833,-3.0437E+001
239.6250,-5.2585E+001
239.6667,-4.7497E+001
239.7083,-2.5474E+001
239.7500,-1.2948E+001
239.7917,-1.9869E+001
239.8333,-2.5837E+001
239.8750,-2.9656E+001
239.9167,-2.6520E+001
239.9583,-3.3998E+001
240.0000,-3.0590E+001
240.0417,-2.9291E+001
240.0833,-3.1417E+001
240.1250,-2.2996E+001
240.1667,-1.3282E+001
240.2083,-7.2056E+000
240.2500,-1.1253E+001
240.2917,-7.4865E+000
240.3333,-3.0386E+000
240.3750,-2.1009E+000
240.4167,-1.0602E+001
240.4583,-3.5557E+000
240.5000,-7.6678E-001
240.5417,-3.4974E+000
240.5833,-1.2415E+001
240.6250,-3.0871E+001
240.6667,-6.7402E+001
240.7083,-7.2031E+000
240.7500,-9.4613E+000
240.7917,-1.2459E+001
240.8333,-1.7201E+001
240.8750,-2.0687E+001
240.9167,-1.9594E+001
240.9583,-2.3297E+001
241.0000,-2.1669E+001
241.0417,-2.7936E+001
241.0833,-2.6480E+001
241.1250,-1.9966E+001
241.1667,-1.4622E+001
241.2083,-1.0497E+001
241.2500,-1.0770E+001
241.2917,-1.8009E+001
241.3333,-1.1793E+001
241.3750,-1.2869E+001
241.4167,-3.7974E+001
241.4583,-3.4859E+001
241.5000,-4.2537E+001
241.5417,-4.1515E+001
241.5833,-6.5222E+001
241.6250,-6.9926E+001
241.6667,-6.0082E+001
241.7083,-1.7776E+001
241.7500,-4.7773E+000
241.7917,-1.6041E+001
241.8333,-2.2695E+001
241.8750,-3.0428E+001
241.9167,-2.6684E+001
241.9583,-2.1778E+001
242.0000,-3.0294E+001
242.0417,-2.5443E+001
242.0833,-2.1964E+001
242.1250,-3.0792E+001
242.1667,-2.5553E+001
242.2083,-1.9750E+001
242.2500,-1.7569E+001
242.2917,-2.3826E+001
242.3333,-1.7215E+001
242.3750,-1.0521E+001
242.4167,-2.8219E+001
242.4583,-9.3848E+000
242.5000,-2.1664E+001
242.5417,-2.0442E+001
242.5833,-7.8293E-012
242.6250,-0.0000E+000
242.6667,-2.1929E+001
242.7083,-7.1499E+000
242.7500,-8.7210E+000
242.7917,-1.0740E+001
242.8333,-1.4727E+001
242.8750,-1.9447E+001
242.9167,-1.6152E+001
242.9583,-1.3678E+001
243.0000,-1.2744E+001
243.0417,-1.6962E+001
243.0833,-1.9248E+001
243.1250,-1.5812E+001
243.1667,-1.3158E+001
243.2083,-1.1501E+001
243.2500,-1.4813E+001
243.2917,-1.1437E+001
243.3333,-7.1358E+000
243.3750,-1.1164E+001
243.4167,-1.1808E+001
243.4583,-3.1330E+001
243.5000,-1.0192E+001
243.5417,-2.4057E+001
243.5833,-1.9872E+001
243.6250,-3.9154E+000
243.6667,-1.0573E-010
243.7083,-2.9123E-010
243.7500,-1.6689E+001
243.7917,-1.2308E+001
243.8333,-1.5736E+001
243.8750,-1.5513E+001
243.9167,-1.5133E+001
243.9583,-1.7169E+001
244.0000,-1.4893E+001
244.0417,-1.3244E+001
244.0833,-1.9349E+001
244.1250,-1.7391E+001
244.1667,-1.1877E+001
244.2083,-1.1416E+001
244.2500,-1.8808E+001
244.2917,-1.7669E+001
244.3333,-1.2954E+001
244.3750,-1.2184E+001
244.4167,-1.0443E+001
244.4583,-6.6071E+000
244.5000,-1.1092E+001
244.5417,-9.2635E+000
244.5833,-5.7505E+001
244.6250,-2.8534E+001
244.6667,-9.5073E+000
244.7083,-7.8121E+000
244.7500,-1.4468E+001
244.7917,-1.4192E+001
244.8333,-1.8494E+001
244.8750,-3.6704E+001
244.9167,-2.9613E+001
244.9583,-3.0358E+001
245.0000,-7.2834E+001
245.0417,-2.6816E+001
245.0833,-3.0186E+001
245.1250,-2.7509E+001
245.1667,-2.4603E+001
245.2083,-2.6944E+001
245.2500,-2.3517E+001
245.2917,-1.8751E+001
245.3333,-1.8388E+001
245.3750,-9.9765E+000
245.4167,-5.2485E+000
245.4583,-1.4223E+001
245.5000,-2.9365E+001
245.5417,-2.8028E+001
245.5833,-2.9875E+001
245.6250,-4.6249E+001
245.6667,-1.7054E+001
245.7083,-3.8293E+001
245.7500,-3.4950E+000
245.7917,-1.9330E+001
245.8333,-2.1399E+001
245.8750,-2.6275E+001
245.9167,-2.8596E+001
245.9583,-2.7669E+001
246.0000,-3.3468E+001
246.0417,-2.9129E+001
246.0833,-2.6337E+001
246.1250,-2.3826E+001
246.1667,-3.2542E+001
246.2083,-3.1427E+001
246.2500,-2.6201E+001
246.2917,-1.6297E+001
246.3333,-8.4492E+000
246.3750,-1.3173E+001
246.4167,-0.0000E+000
246.4583,-2.6995E+001
246.5000,-2.0538E+001
246.5417,-3.0945E+001
246.5833,-7.2573E+001
246.6250,-1.9246E+001
246.6667,-3.4710E+001
246.7083,-1.1744E+001
246.7500,-0.0000E+000
246.7917,-0.0000E+000
246.8333,-1.3680E+001
246.8750,-1.3183E+001
246.9167,-1.2894E+001
246.9583,-1.4472E+001
247.0000,-1.5191E+001
247.0417,-1.3337E+001
247.0833,-1.2312E+001
247.1250,-1.2264E+001
247.1667,-1.2668E+001
247.2083,-1.2100E+001
247.2500,-1.1510E+001
247.2917,-1.5142E+001
247.3333,-8.0875E+000
247.3750,-0.0000E+000
247.4167,-3.2827E+000
247.4583,-3.5236E+001
247.5000,-2.8362E+001
247.5417,-5.6587E+001
247.5833,-5.0446E+001
247.6250,-3.7138E+001
247.6667,-1.1258E-010
247.7083,-4.0037E-011
247.7500,-0.0000E+000
247.7917,-8.0243E-013
247.8333,-1.7589E+001
247.8750,-1.7985E+001
247.9167,-2.2313E+001
247.9583,-2.4263E+001
248.0000,-3.2699E+001
248.0417,-3.0123E+001
248.0833,-2.5357E+001
248.1250,-2.2343E+001
248.1667,-3.0828E+001
248.2083,-2.9862E+001
248.2500,-2.3538E+001
248.2917,-2.0852E+001
248.3333,-1.4398E+001
248.3750,-5.9262E+000
248.4167,-1.4838E+000
248.4583,-2.5671E+001
248.5000,-4.2370E+000
248.5417,-1.7911E+001
248.5833,-8.4624E+000
248.6250,-3.6654E+001
248.6667,-1.4573E+001
248.7083,-4.7967E-001
248.7500,-1.5527E+001
248.7917,-6.0391E+001
248.8333,-2.7275E+001
248.8750,-2.8473E+001
248.9167,-2.6737E+001
248.9583,-2.4023E+001
249.0000,-2.2746E+001
249.0417,-2.0265E+001
249.0833,-2.5092E+001
249.1250,-2.4683E+001
249.1667,-2.6160E+001
249.2083,-2.4465E+001
249.2500,-3.0422E+001
249.2917,-3.7317E+001
249.3333,-2.4084E+001
249.3750,-1.9362E+001
249.4167,-1.7170E+001
249.4583,-6.9497E+001
249.5000,-2.6210E+001
249.5417,-2.6615E-001
249.5833,-1.2378E+001
249.6250,-1.4768E+001
249.6667,-1.0474E+001
249.7083,-3.4540E+001
249.7500,-1.8666E+001
249.7917,-2.3548E+001
249.8333,-3.6458E+001
249.8750,-3.4399E+001
249.9167,-3.8772E+001
249.9583,-4.6126E+001
250.0000,-3.7362E+001
250.0417,-4.0558E+001
250.0833,-4.4828E+001
250.1250,-5.2853E+001
250.1667,-4.4330E+001
250.2083,-3.7571E+001
250.2500,-3.7004E+001
250.2917,-3.0010E+001
250.3333,-2.5788E+001
250.3750,-2.6549E+001
250.4167,-7.0415E+000
250.4583,-3.7099E+001
250.5000,-4.9841E+001
250.5417,-2.1451E+001
250.5833,-5.3944E+001
250.6250,-2.2245E+000
250.6667,-2.1287E+001
250.7083,-5.9716E+001
250.7500,-1.2288E+001
250.7917,-2.5025E+001
250.8333,-2.5580E+001
250.8750,-3.0963E+001
250.9167,-3.2040E+001
250.9583,-3.3242E+001
251.0000,-2.8980E+001
251.0417,-2.5513E+001
251.0833,-2.9032E+001
251.1250,-3.4770E+001
251.1667,-3.3554E+001
251.2083,-3.2472E+001
251.2500,-3.0139E+001
251.2917,-2.8843E+001
251.3333,-2.1195E+001
251.3750,-1.4206E+001
251.4167,-4.3328E+000
251.4583,-6.6226E+000
251.5000,-2.2957E+001
251.5417,-3.4310E+001
251.5833,-4.3498E+001
251.6250,-3.5383E+001
251.6667,-4.9865E+001
251.7083,-1.9017E+000
251.7500,-0.0000E+000
251.7917,-6.8477E+000
251.8333,-1.2675E+001
251.8750,-1.7952E+001
251.9167,-1.9979E+001
251.9583,-2.4575E+001
252.0000,-2.4793E+001
252.0417,-2.2421E+001
252.0833,-2.8343E+001
252.1250,-2.5792E+001
252.1667,-1.9944E+001
252.2083,-1.8348E+001
252.2500,-2.5665E+001
252.2917,-2.7642E+001
252.3333,-2.5188E+001
252.3750,-1.9339E+001
252.4167,-0.0000E+000
252.4583,-4.3610E-011
252.5000,-4.9009E+001
252.5417,-4.4627E+001
252.5833,-5.4613E+001
252.6250,-4.6428E+001
252.6667,-2.1954E+001
252.7083,-1.7752E+001
252.7500,-1.2199E+001
252.7917,-1.4839E+000
252.8333,-0.0000E+000
252.8750,-1.1145E+001
252.9167,-1.3409E+001
252.9583,-1.5294E+001
253.0000,-1.8573E+001
253.0417,-1.4156E+001
253.0833,-1.5212E+001
253.1250,-9.1108E+000
253.1667,-9.0662E+000
253.2083,-9.3151E+000
253.2500,-1.0800E+001
253.2917,-1.1229E+001
253.3333,2.4724E+000
253.3750,-4.9809E+000
253.4167,-1.1096E+001
253.4583,-2.0571E+001
253.5000,-2.6605E+001
253.5417,-2.4451E+001
253.5833,-3.6810E+000
253.6250,-1.8823E+001
253.6667,-3.6713E+000
253.7083,-0.0000E+000
253.7500,-0.0000E+000
253.7917,-1.2759E+001
253.8333,-2.0388E+001
253.8750,-1.8321E+001
253.9167,-1.5202E+001
253.9583,-1.2654E+001
254.0000,-1.4142E+001
254.0417,-1.2671E+001
254.0833,-1.1309E+001
254.1250,-1.0180E+001
254.1667,-1.4045E+001
254.2083,-1.3386E+001
254.2500,-1.3651E+001
254.2917,-1.7633E+001
254.3333,-1.3724E+001
254.3750,-1.0596E+001
254.4167,-3.9986E+001
254.4583,-3.4304E+001
254.5000,-4.7839E+001
254.5417,-7.6639E+001
254.5833,-8.4095E+001
254.6250,-5.1791E+001
254.6667,-2.6593E+001
254.7083,-1.0931E-010
254.7500,-4.3711E+000
254.7917,-1.6631E+001
254.8333,-2.2702E+001
254.8750,-2.6330E+001
254.9167,-3.0395E+001
254.9583,-3.2602E+001
255.0000,-3.1558E+001
255.0417,-3.3969E+001
255.0833,-3.6065E+001
255.1250,-2.8502E+001
255.1667,-2.2834E+001
255.2083,-2.0657E+001
255.2500,-2.6995E+001
255.2917,-2.9993E+001
255.3333,-2.0121E+001
255.3750,-1.3031E+001
255.4167,-4.3899E+000
255.4583,-2.7347E+000
255.5000,-3.0539E+000
255.5417,-6.5595E+001
255.5833,-6.1232E+001
255.6250,-4.3049E+001
255.6667,-2.7740E+001
255.7083,-1.1580E+001
255.7500,-0.0000E+000
255.7917,-1.9716E+001
255.8333,-2.5288E+001
255.8750,-2.5817E+001
255.9167,-3.0105E+001
255.9583,-2.7327E+001
256.0000,-2.5902E+001
256.0417,-3.3554E+001
256.0833,-3.3291E+001
256.1250,-2.9377E+001
256.1667,-3.1391E+001
256.2083,-2.9137E+001
256.2500,-3.0447E+001
256.2917,-2.2289E+001
256.3333,-1.7457E+001
256.3750,-2.1232E+001
256.4167,-2.8830E+000
256.4583,-2.3678E+000
256.5000,-6.5394E+000
256.5417,-1.8746E+001
256.5833,-2.1584E+001
256.6250,-3.8050E+001
256.6667,-2.8744E+001
256.7083,-1.7267E+001
256.7500,-0.0000E+000
256.7917,-1.4316E+001
256.8333,-2.0218E+001
256.8750,-2.7357E+001
256.9167,-2.8037E+001
256.9583,-3.1324E+001
257.0000,-2.9604E+001
257.0417,-3.6110E+001
257.0833,-3.1260E+001
257.1250,-2.9859E+001
257.1667,-3.1276E+001
257.2083,-3.1808E+001
257.2500,-2.7409E+001
257.2917,-3.0289E+001
257.3333,-2.0080E+001
257.3750,-1.4819E+001
257.4167,-2.8653E+000
257.4583,-7.5919E+000
257.5000,-1.5076E+001
257.5417,-5.2415E+000
257.5833,-1.1159E+001
257.6250,-2.4194E+001
257.6667,-2.6518E+001
257.7083,-7.2950E+000
257.7500,-9.7789E+000
257.7917,-1.0778E+001
257.8333,-1.8951E+001
257.8750,-2.2347E+001
257.9167,-2.5631E+001
257.9583,-2.2307E+001
258.0000,-2.6236E+001
258.0417,-2.5035E+001
258.0833,-2.1694E+001
258.1250,-2.0618E+001
258.1667,-2.1923E+001
258.2083,-3.1505E+001
258.2500,-2.7136E+001
258.2917,-2.6527E+001
258.3333,-2.4124E+001
258.3750,-1.4875E+001
258.4167,-0.0000E+000
258.4583,1.5082E-001
258.5000,5.1146E+000
258.5417,-1.3798E+001
258.5833,-3.1620E+001
258.6250,-2.8782E+001
258.6667,-4.0475E+001
258.7083,-3.9970E+000
258.7500,-0.0000E+000
258.7917,-4.1061E+000
258.8333,-1.4062E+001
258.8750,-1.8252E+001
258.9167,-1.8799E+001
258.9583,-2.3380E+001
259.0000,-2.1539E+001
259.0417,-1.9602E+001
259.0833,-1.8225E+001
259.1250,-2.2022E+001
259.1667,-2.6346E+001
259.2083,-2.1574E+001
259.2500,-1.8703E+001
259.2917,-2.3103E+001
259.3333,-2.1063E+001
259.3750,-1.2752E+001
259.4167,-3.4901E-001
259.4583,-6.8009E+000
259.5000,-2.1052E+001
259.5417,-4.2773E+001
259.5833,-6.7479E+001
259.6250,-2.3084E+001
259.6667,-0.0000E+000
259.7083,-2.9282E-001
259.7500,-0.0000E+000
259.7917,-1.2176E+002
259.8333,-1.7834E+001
259.8750,-2.5021E+001
259.9167,-4.6419E+001
259.9583,-6.4541E+001
260.0000,-4.1120E+001
260.0417,-2.7877E+001
260.0833,-3.9598E+001
260.1250,-3.4299E+001
260.1667,-3.0292E+001
260.2083,-3.3050E+001
260.2500,-5.1375E+001
260.2917,-7.5237E+001
260.3333,-1.0087E+002
260.3750,-9.2669E+001
260.4167,-7.1214E+001
260.4583,-7.1767E+001
260.5000,-5.5567E+001
260.5417,-6.3340E+001
260.5833,-8.2609E+001
260.6250,-6.9672E+001
260.6667,-5.1894E+001
260.7083,-6.2888E+001
260.7500,-4.1418E+001
260.7917,-2.7382E+001
260.8333,-3.0340E+001
260.8750,-3.1910E+001
260.9167,-4.5914E+001
260.9583,-4.6152E+001
261.0000,-2.8553E+001
261.0417,-3.2957E+001
261.0833,-4.0334E+001
261.1250,-5.9933E+001
261.1667,-3.8276E+001
261.2083,-4.0385E+001
261.2500,-3.3467E+001
261.2917,-3.2153E+001
261.3333,-2.7833E+001
261.3750,-1.7337E+001
261.4167,-1.5351E+001
261.4583,-2.3677E+001
261.5000,-4.0172E+001
261.5417,-5.3349E+001
261.5833,-4.5888E+001
261.6250,-4.2046E+001
261.6667,-2.3553E+001
261.7083,-4.2884E+001
261.7500,-5.1108E+000
261.7917,-3.2813E+001
261.8333,-2.8457E+001
261.8750,-3.1605E+001
261.9167,-2.8541E+001
261.9583,-4.0264E+001
262.0000,-2.4387E+001
262.0417,-3.4686E+001
262.0833,-2.9110E+001
262.1250,-4.8011E+001
262.1667,-5.0410E+001
262.2083,-3.5046E+001
262.2500,-3.8864E+001
262.2917,-3.6230E+001
262.3333,-3.3205E+001
262.3750,-2.6084E+001
262.4167,-1.5296E+001
262.4583,-7.3966E-010
262.5000,-5.2562E+001
262.5417,-7.2842E+001
262.5833,-7.4131E+001
262.6250,-5.2088E+001
262.6667,-5.3549E+001
262.7083,-8.7228E+000
262.7500,-4.2011E+000
262.7917,-8.2758E+000
262.8333,-1.8873E+001
262.8750,-2.2268E+001
262.9167,-2.6162E+001
262.9583,-2.6244E+001
263.0000,-2.9956E+001
263.0417,-3.2136E+001
263.0833,-3.1198E+001
263.1250,-3.1723E+001
263.1667,-2.9270E+001
263.2083,-2.5678E+001
263.2500,-2.8611E+001
263.2917,-2.0663E+001
263.3333,-1.5757E+001
263.3750,-1.2341E+001
263.4167,-0.0000E+000
263.4583,-2.0417E+001
263.5000,-5.6787E+001
263.5417,-4.9393E+001
263.5833,-4.5945E+001
263.6250,-6.0957E+001
263.6667,-1.3547E+001
263.7083,-1.7878E+000
263.7500,-5.3316E-001
263.7917,-1.2960E+001
263.8333,-1.8920E+001
263.8750,-2.4931E+001
263.9167,-3.2103E+001
263.9583,-3.3827E+001
264.0000,-2.9086E+001
264.0417,-2.9201E+001
264.0833,-2.8391E+001
264.1250,-2.6592E+001
264.1667,-2.9984E+001
264.2083,-2.7457E+001
264.2500,-2.8066E+001
264.2917,-2.4039E+001
264.3333,-2.3329E+001
264.3750,-1.7799E+001
264.4167,-6.4448E+000
264.4583,-1.7368E+000
264.5000,-3.0007E+001
264.5417,-2.7330E+001
264.5833,-3.3496E+001
264.6250,-3.5895E+001
264.6667,-1.6887E+001
264.7083,-2.8455E+000
264.7500,-0.0000E+000
264.7917,-5.7041E+000
264.8333,-1.4021E+001
264.8750,-1.6104E+001
264.9167,-2.0446E+001
264.9583,-1.9618E+001
265.0000,-2.1278E+001
265.0417,-1.9713E+001
265.0833,-2.2068E+001
265.1250,-1.8449E+001
265.1667,-1.5980E+001
265.2083,-2.0493E+001
265.2500,-2.1653E+001
265.2917,-2.2601E+001
265.3333,-1.6461E+001
265.3750,-1.0276E+001
265.4167,-5.2143E+000
265.4583,1.6006E-001
265.5000,-2.0618E+000
265.5417,-2.7413E+001
265.5833,-1.1330E+001
265.6250,-2.8610E+000
265.6667,-6.5198E+001
265.7083,-2.0495E+000
265.7500,-1.0506E+001
265.7917,-7.7258E-001
265.8333,-1.1099E+001
265.8750,-1.0660E+001
265.9167,-9.2574E+000
265.9583,-1.3400E+001
266.0000,-1.5133E+001
266.0417,-1.1503E+001
266.0833,-1.4863E+001
266.1250,-1.3664E+001
266.1667,-1.1591E+001
266.2083,-1.1966E+001
266.2500,-1.0385E+001
266.2917,-8.1667E+000
266.3333,-9.7610E+000
266.3750,-6.0747E+000
266.4167,-0.0000E+000
266.4583,-1.7214E+001
266.5000,-2.8056E+001
266.5417,-4.5277E+001
266.5833,-1.8870E+001
266.6250,-7.5652E+001
266.6667,-5.9032E+001
266.7083,-5.7951E+001
266.7500,-4.0909E+001
266.7917,-1.1952E+001
266.8333,-2.3755E+001
266.8750,-2.6424E+001
266.9167,-2.9052E+001
266.9583,-2.4195E+001
267.0000,-1.9484E+001
267.0417,-1.7686E+001
267.0833,-2.5883E+001
267.1250,-1.7976E+001
267.1667,-1.1458E+001
267.2083,-5.0960E+000
267.2500,-3.5521E+000
267.2917,-8.6731E+000
267.3333,-1.3267E+001
267.3750,-1.5997E+001
267.4167,-2.2084E+001
267.4583,-5.7203E+001
267.5000,-5.5418E+001
267.5417,-3.5835E+001
267.5833,-2.9940E+001
267.6250,-2.8675E+001
267.6667,-2.6637E+001
267.7083,-1.1715E+001
267.7500,-3.4773E+000
267.7917,-8.7981E+000
267.8333,-9.3715E+000
267.8750,-1.5689E+001
267.9167,-1.4284E+001
267.9583,-1.7035E+001
268.0000,-1.4721E+001
268.0417,-1.2957E+001
268.0833,-1.1621E+001
268.1250,-9.3805E+000
268.1667,-2.3755E+001
268.2083,-2.4149E+001
268.2500,-4.7778E+001
268.2917,-2.4391E+001
268.3333,-2.2838E+001
268.3750,-2.5202E+001
268.4167,-5.6525E+001
268.4583,-5.7750E+001
268.5000,-5.3414E+001
268.5417,-5.0804E+001
268.5833,-5.1597E+001
268.6250,-6.6772E+001
268.6667,-3.2477E+001
268.7083,-1.7140E+001
268.7500,-2.6520E+001
268.7917,-1.7012E+001
268.8333,-1.7928E+001
268.8750,-1.6659E+001
268.9167,-1.5892E+001
268.9583,-1.3739E+001
269.0000,-1.5238E+001
269.0417,-1.4214E+001
269.0833,-1.4934E+001
269.1250,-1.5750E+001
269.1667,-1.5265E+001
269.2083,-1.8811E+001
269.2500,-3.8479E+001
269.2917,-4.6862E+001
269.3333,-2.2056E+001
269.3750,-1.4237E+001
269.4167,-1.3324E+001
269.4583,-1.1067E+001
269.5000,-7.8734E+000
269.5417,-8.8485E+000
269.5833,-7.6809E+000
269.6250,-6.1584E+000
269.6667,-8.0484E+000
269.7083,-5.1304E+000
269.7500,-5.6430E+000
269.7917,-6.3099E+000
269.8333,-6.6531E+000
269.8750,-6.5353E+000
269.9167,-6.1250E+000
269.9583,-6.0510E+000
270.0000,-5.8299E+000
270.0417,-5.9093E+000
270.0833,-5.3388E+000
270.1250,-6.4032E+000
270.1667,-6.0198E+000
270.2083,-2.1222E+001
270.2500,-1.6242E+001
270.2917,-6.8828E+000
270.3333,-1.1111E+001
270.3750,-1.6093E+001
270.4167,-6.8095E+000
270.4583,-2.3488E+000
270.5000,-2.9958E+000
270.5417,-1.1215E+001
270.5833,-5.9424E+000
270.6250,-1.3101E+001
270.6667,-1.4736E+001
270.7083,-5.9112E+000
270.7500,-0.0000E+000
270.7917,-5.9178E+000
270.8333,-5.9785E+000
270.8750,-6.2058E+000
270.9167,-8.3411E+000
270.9583,-1.4719E+001
271.0000,-1.9006E+001
271.0417,-1.8179E+001
271.0833,-1.7048E+001
271.1250,-1.5968E+001
271.1667,-1.6899E+001
271.2083,-2.1543E+001
271.2500,-1.7177E+001
271.2917,-1.5644E+001
271.3333,-1.7963E+001
271.3750,-1.9131E+001
271.4167,-1.0468E+001
271.4583,-3.7555E-013
271.5000,-1.6607E+000
271.5417,-1.6164E+000
271.5833,-1.8021E+001
271.6250,-9.5080E+000
271.6667,-1.3444E+001
271.7083,-6.4983E+000
271.7500,-0.0000E+000
271.7917,-0.0000E+000
271.8333,-3.0767E+000
271.8750,-5.1698E+000
271.9167,-6.1867E+000
271.9583,-8.1128E+000
272.0000,-4.5705E+000
272.0417,-4.2230E+000
272.0833,-3.0039E+000
272.1250,-2.3126E+000
272.1667,-1.7513E+000
272.2083,-1.4219E+000
272.2500,-8.5461E-001
272.2917,-4.2776E-001
272.3333,-0.0000E+000
272.3750,-0.0000E+000
272.4167,0.0000E+000
272.4583,-1.0092E-011
272.5000,-1.2391E+000
272.5417,-5.3249E-001
272.5833,-4.0417E-001
272.6250,-3.1409E-001
272.6667,-0.0000E+000
272.7083,-0.0000E+000
272.7500,-0.0000E+000
272.7917,-1.2891E+000
272.8333,-2.0843E+000
272.8750,-2.6219E+000
272.9167,-4.2011E+000
272.9583,-3.6788E+000
273.0000,-2.6671E+000
273.0417,-3.2563E+000
273.0833,-5.4523E+000
273.1250,-3.4001E+000
273.1667,-2.1848E+000
273.2083,-1.5657E+000
273.2500,-9.7822E-001
273.2917,-4.5005E-001
273.3333,-0.0000E+000
273.3750,0.0000E+000
273.4167,0.0000E+000
273.4583,-5.8399E-001
273.5000,-4.3476E-001
273.5417,-4.7490E+000
273.5833,-6.6246E+000
273.6250,-3.1792E+001
273.6667,-1.7803E+001
273.7083,-7.5059E-001
273.7500,-9.4313E+000
273.7917,-1.3323E+001
273.8333,-1.6639E+001
273.8750,-2.0356E+001
273.9167,-1.8989E+001
273.9583,-2.4099E+001
274.0000,-2.3985E+001
274.0417,-2.0075E+001
274.0833,-2.4884E+001
274.1250,-2.2094E+001
274.1667,-1.8922E+001
274.2083,-2.2509E+001
274.2500,-2.2009E+001
274.2917,-1.8421E+001
274.3333,-1.7533E+001
274.3750,-7.2951E+000
274.4167,-3.1142E+000
274.4583,-3.9219E+000
274.5000,-2.7936E+000
274.5417,5.8013E-001
274.5833,-5.3927E-001
274.6250,0.0000E+000
274.6667,1.0078E+000
274.7083,-7.3852E+000
274.7500,-2.1473E-001
274.7917,-1.7210E+000
274.8333,-3.1651E+000
274.8750,-5.2390E+000
274.9167,-9.0541E+000
274.9583,-1.1980E+001
275.0000,-1.3585E+001
275.0417,-1.4775E+001
275.0833,-1.6083E+001
275.1250,-1.2739E+001
275.1667,-1.2475E+001
275.2083,-1.1134E+001
275.2500,-6.7445E+000
275.2917,-3.9438E+000
275.3333,-5.3963E+000
275.3750,-2.5052E+000
275.4167,7.4302E-002
275.4583,1.6874E-003
275.5000,2.7641E-002
275.5417,4.9636E-001
275.5833,3.6427E+000
275.6250,9.2915E-001
275.6667,2.4429E+000
275.7083,7.1661E-002
275.7500,-3.5118E+001
275.7917,-3.3355E+001
275.8333,-2.3132E+001
275.8750,-2.1457E+001
275.9167,-2.3862E+001
275.9583,-2.2643E+001
276.0000,-2.3342E+001
276.0417,-2.3646E+001
276.0833,-2.5776E+001
276.1250,-2.2491E+001
276.1667,-1.7279E+001
276.2083,-1.7360E+001
276.2500,-1.3648E+001
276.2917,-1.4284E+001
276.3333,-1.8881E+001
276.3750,-1.5579E+001
276.4167,-4.7607E+001
276.4583,-3.4649E+001
276.5000,-2.1763E+001
276.5417,-6.6746E+001
276.5833,-5.5110E+001
276.6250,-2.6954E+001
276.6667,-3.6576E+001
276.7083,-2.3911E+001
276.7500,-2.1675E+001
276.7917,-2.6709E+001
276.8333,-2.9074E+001
276.8750,-3.1773E+001
276.9167,-2.7824E+001
276.9583,-1.9341E+001
277.0000,-1.3637E+001
277.0417,-1.3927E+001
277.0833,-3.5044E+001
277.1250,-1.2111E+001
277.1667,-4.1356E+001
277.2083,-3.6032E+001
277.2500,-2.5143E+001
277.2917,-1.4270E+001
277.3333,-1.9462E+001
277.3750,-2.6721E+001
277.4167,-2.4231E+001
277.4583,-6.9441E+001
277.5000,-5.5463E+001
277.5417,-5.0411E+001
277.5833,-5.9218E+001
277.6250,-3.9339E+001
277.6667,-1.1560E+001
277.7083,-0.0000E+000
277.7500,-5.2075E+000
277.7917,-5.4266E+000
277.8333,-6.2949E+000
277.8750,-1.3923E+001
277.9167,-1.7585E+001
277.9583,-1.7328E+001
278.0000,-1.3112E+001
278.0417,-1.4590E+001
278.0833,-1.3114E+001
278.1250,-1.2555E+001
278.1667,-1.2130E+001
278.2083,-1.5914E+001
278.2500,-1.8423E+001
278.2917,-1.6434E+001
278.3333,-1.6805E+001
278.3750,-1.0194E+001
278.4167,-2.9779E+000
278.4583,-2.1343E+000
278.5000,-7.9005E+000
278.5417,-1.0000E+001
278.5833,-1.8457E+000
278.6250,-3.9949E+000
278.6667,-6.1981E+000
278.7083,-2.5903E+000
278.7500,-2.5702E+000
278.7917,-2.8646E+000
278.8333,-3.4159E+000
278.8750,-3.0496E+000
278.9167,-2.1174E+000
278.9583,-3.4654E+000
279.0000,-2.7762E+000
279.0417,-2.4341E+000
279.0833,-6.2974E+000
279.1250,-1.7748E+000
279.1667,-4.0145E+000
279.2083,-1.1244E+001
279.2500,-5.1219E+000
279.2917,-7.8485E+000
279.3333,-1.2082E+001
279.3750,-3.3770E+000
279.4167,-2.3323E+000
279.4583,-1.6800E+000
279.5000,-4.2480E+000
279.5417,-2.3628E+000
279.5833,-1.2690E+000
279.6250,-1.8058E+000
279.6667,-5.5036E+000
279.7083,-9.0148E-002
279.7500,-1.0037E+001
279.7917,-1.9515E+000
279.8333,-6.0804E+000
279.8750,-6.1347E+000
279.9167,-6.7459E+000
279.9583,-1.5512E+001
280.0000,-1.7144E+001
280.0417,-4.5704E+000
280.0833,-4.4831E+000
280.1250,-1.5479E+001
280.1667,-5.5011E+000
280.2083,-4.8580E+000
280.2500,-4.5156E+000
280.2917,-3.2061E+000
280.3333,-2.7787E+000
280.3750,-2.1721E+000
280.4167,-1.8601E+000
280.4583,-1.1633E+000
280.5000,-1.6450E-001
280.5417,-1.0518E+000
280.5833,-9.2821E-001
280.6250,-2.3877E+000
280.6667,-0.0000E+000
280.7083,-5.2598E-001
280.7500,-5.8497E+000
280.7917,-6.4515E+000
280.8333,-1.1408E+001
280.8750,-1.3224E+001
280.9167,-8.7939E+000
280.9583,-1.4480E+001
281.0000,-1.5838E+001
281.0417,-1.3655E+001
281.0833,-1.1736E+001
281.1250,-7.7766E+000
281.1667,-4.3588E+000
281.2083,-2.8216E+000
281.2500,-4.5990E+000
281.2917,-4.2511E+000
281.3333,-2.7013E+000
281.3750,-4.1552E+000
281.4167,-3.0528E+000
281.4583,-1.6831E+000
281.5000,-8.2335E+000
281.5417,-4.6049E+000
281.5833,-1.7433E+000
281.6250,-9.9390E-001
281.6667,-1.1211E+000
281.7083,-6.0829E+000
281.7500,-6.5830E+000
281.7917,-1.5515E+000
281.8333,-1.1814E+001
281.8750,-8.4018E+000
281.9167,-2.4556E+000
281.9583,-2.1543E+000
282.0000,-6.5251E+000
282.0417,-1.6772E-011
282.0833,-9.0106E-001
282.1250,-9.6972E-001
282.1667,-1.0327E+000
282.2083,-8.4004E-001
282.2500,-1.1946E+000
282.2917,-2.0965E+000
282.3333,-2.1267E+000
282.3750,-0.0000E+000
282.4167,-1.0429E+001
282.4583,-1.3549E+001
282.5000,-1.0366E+001
282.5417,-2.0570E+001
282.5833,-2.2790E+001
282.6250,-4.1062E+000
282.6667,-0.0000E+000
282.7083,-9.8359E-001
282.7500,-2.5007E+000
282.7917,-2.8766E+000
282.8333,-2.6229E+000
282.8750,-5.0772E+000
282.9167,-2.5186E+000
282.9583,-3.3844E+000
283.0000,-1.1036E+001
283.0417,-1.4346E+001
283.0833,-1.9816E+001
283.1250,-2.1412E+001
283.1667,-2.3963E+001
283.2083,-1.8537E+001
283.2500,-2.0181E+001
283.2917,-2.0089E+001
283.3333,-1.3966E+001
283.3750,-1.0410E+001
283.4167,-7.2314E+000
283.4583,-1.0249E+001
283.5000,-9.4463E+000
283.5417,-1.5173E+001
283.5833,-4.2304E+001
283.6250,-6.2355E+001
283.6667,-2.4158E+001
283.7083,-2.5091E+001
283.7500,-2.7213E+001
283.7917,-2.8717E+001
283.8333,-3.3467E+001
283.8750,-2.9416E+001
283.9167,-3.0824E+001
283.9583,-3.0060E+001
284.0000,-2.4530E+001
284.0417,-2.2168E+001
284.0833,-3.2838E+001
284.1250,-3.0075E+001
284.1667,-2.8346E+001
284.2083,-2.3360E+001
284.2500,-1.4659E+001
284.2917,-1.7741E+001
284.3333,-1.4755E+001
284.3750,-1.0348E+001
284.4167,-4.4869E+000
284.4583,-3.1373E+000
284.5000,-2.5697E+000
284.5417,-1.6147E+001
284.5833,-2.0048E+001
284.6250,-2.5455E+001
284.6667,-2.5426E+001
284.7083,-1.0478E+001
284.7500,-1.3805E+001
284.7917,-1.7426E+001
284.8333,-1.7759E+001
284.8750,-1.7013E+001
284.9167,-1.8625E+001
284.9583,-1.8681E+001
285.0000,-1.7772E+001
285.0417,-1.4624E+001
285.0833,-1.2354E+001
285.1250,-1.1148E+001
285.1667,-9.9641E+000
285.2083,-7.7621E+000
285.2500,-8.1857E+000
285.2917,-8.5746E+000
285.3333,-7.4509E+000
285.3750,-4.0924E+000
285.4167,-7.4851E-001
285.4583,-2.7227E-001
285.5000,-9.4154E-001
285.5417,0.0000E+000
285.5833,-7.1868E-001
285.6250,-6.2274E+000
285.6667,-5.4639E+000
285.7083,-4.8988E-001
285.7500,-2.1768E+001
285.7917,-5.4021E+000
285.8333,-4.9158E+000
285.8750,-4.7661E+000
285.9167,-5.8471E+000
285.9583,-7.1909E+000
286.0000,-6.5000E+000
286.0417,-6.2958E+000
286.0833,-7.3643E+000
286.1250,-9.4966E+000
286.1667,-9.0343E+000
286.2083,-9.3859E+000
286.2500,-1.1113E+001
286.2917,-1.0090E+001
286.3333,-1.0926E+001
286.3750,-8.8166E+000
286.4167,-6.2730E+000
286.4583,-3.4605E+000
286.5000,-2.1752E+000
286.5417,-3.3162E+000
286.5833,-1.5043E+001
286.6250,-1.2022E+001
286.6667,-1.0652E+001
286.7083,-4.8705E-001
286.7500,-5.7750E+000
286.7917,-1.0061E+001
286.8333,-1.3812E+001
286.8750,-1.5347E+001
286.9167,-1.4376E+001
286.9583,-1.6084E+001
287.0000,-1.9144E+001
287.0417,-1.6848E+001
287.0833,-1.6635E+001
287.1250,-2.1624E+001
287.1667,-1.7825E+001
287.2083,-1.7736E+001
287.2500,-1.9804E+001
287.2917,-1.4515E+001
287.3333,-1.0790E+001
287.3750,-4.0879E+000
287.4167,-2.0408E+000
287.4583,-6.4395E-001
287.5000,-2.1427E+000
287.5417,-6.0584E-001
287.5833,-3.5195E+000
287.6250,-7.0925E+000
287.6667,-7.5386E+000
287.7083,-0.0000E+000
287.7500,-1.9619E+000
287.7917,-3.4524E+000
287.8333,-3.4612E+000
287.8750,-3.2288E+000
287.9167,-3.1515E+000
287.9583,-3.4377E+000
288.0000,-3.4467E+000
288.0417,-3.6242E+000
288.0833,-3.6853E+000
288.1250,-3.2205E+000
288.1667,-3.3750E+000
288.2083,-3.4769E+000
288.2500,-3.0143E+000
288.2917,-2.6703E+000
288.3333,-2.7107E+000
288.3750,-1.5637E+000
288.4167,-7.3399E-001
288.4583,-4.6239E+000
288.5000,-4.2458E+000
288.5417,-2.1480E+000
288.5833,-1.3950E+000
288.6250,-1.2222E+000
288.6667,-7.9886E-012
288.7083,-3.6566E-003
288.7500,-9.0801E-002
288.7917,-2.4097E-001
288.8333,-3.0807E-001
288.8750,-6.4877E-001
288.9167,-9.5519E-002
288.9583,-4.7304E-001
289.0000,-3.6865E-001
289.0417,-4.7058E-001
289.0833,-3.2356E-001
289.1250,-1.8502E+000
289.1667,-9.0924E-001
289.2083,-7.4237E-001
289.2500,-8.8640E-001
289.2917,-8.9927E-001
289.3333,-1.1830E+000
289.3750,-9.5121E-001
289.4167,-1.6227E+000
289.4583,-1.5714E+000
289.5000,-7.7593E-001
289.5417,-3.7689E+000
289.5833,-3.8114E+000
289.6250,-1.7195E-001
289.6667,-1.0931E-011
289.7083,-3.1664E-002
289.7500,-9.2245E-001
289.7917,-2.3824E+000
289.8333,-3.0800E+000
289.8750,-6.1936E+000
289.9167,-7.7515E+000
289.9583,-8.1220E+000
290.0000,-9.0228E+000
290.0417,-9.3199E+000
290.0833,-1.2371E+001
290.1250,-1.5475E+001
290.1667,-1.8150E+001
290.2083,-1.9817E+001
290.2500,-1.7615E+001
290.2917,-1.8819E+001
290.3333,-1.3348E+001
290.3750,-9.5203E+000
290.4167,-4.2787E+000
290.4583,-4.9768E+000
290.5000,-6.2848E+000
290.5417,-6.0565E+000
290.5833,-9.5245E+000
290.6250,-4.4950E+000
290.6667,-2.3600E+000
290.7083,-0.0000E+000
290.7500,-5.0759E+000
290.7917,-4.2426E+000
290.8333,-4.8824E+000
290.8750,-4.5533E+000
290.9167,-4.1728E+000
290.9583,-4.9025E+000
291.0000,-4.6139E+000
291.0417,-4.8973E+000
291.0833,-4.8044E+000
291.1250,-4.7142E+000
291.1667,-8.4715E+000
291.2083,-1.2767E+001
291.2500,-1.5181E+001
291.2917,-1.6760E+001
291.3333,-1.7462E+001
291.3750,-1.5985E+001
291.4167,-1.1189E+001
291.4583,-2.0602E+000
291.5000,-3.7876E-001
291.5417,-6.0611E-003
291.5833,1.0384E-001
291.6250,-0.0000E+000
291.6667,-2.0777E+000
291.7083,-0.0000E+000
291.7500,-0.0000E+000
291.7917,-2.8048E+000
291.8333,-3.6310E+000
291.8750,-4.0804E+000
291.9167,-4.3961E+000
291.9583,-4.4447E+000
292.0000,-4.7982E+000
292.0417,-4.3408E+000
292.0833,-4.4247E+000
292.1250,-4.4703E+000
292.1667,-4.1834E+000
292.2083,-3.8840E+000
292.2500,-4.7415E+000
292.2917,-4.6359E+000
292.3333,-4.5155E+000
292.3750,-2.1489E+000
292.4167,-0.0000E+000
292.4583,-0.0000E+000
292.5000,-8.2748E+000
292.5417,-1.1582E+001
292.5833,-0.0000E+000
292.6250,-1.8275E+000
292.6667,-0.0000E+000
292.7083,-3.0683E+000
292.7500,-9.2592E+000
292.7917,-1.2504E+001
292.8333,-1.3681E+001
292.8750,-1.8109E+001
292.9167,-1.6848E+001
292.9583,-2.0495E+001
293.0000,-1.7379E+001
293.0417,-1.5201E+001
293.0833,-1.6613E+001
293.1250,-1.7310E+001
293.1667,-1.5036E+001
293.2083,-1.7388E+001
293.2500,-1.6789E+001
293.2917,-1.4218E+001
293.3333,-1.6103E+001
293.3750,-7.0648E+000
293.4167,-4.4277E+000
293.4583,-1.2255E+000
293.5000,0.0000E+000
293.5417,0.0000E+000
293.5833,0.0000E+000
293.6250,4.3521E-001
293.6667,0.0000E+000
293.7083,0.0000E+000
293.7500,0.0000E+000
293.7917,-0.0000E+000
293.8333,-0.0000E+000
293.8750,-0.0000E+000
293.9167,0.0000E+000
293.9583,-0.0000E+000
294.0000,-0.0000E+000
294.0417,-3.2137E-013
294.0833,0.0000E+000
294.1250,-3.3972E-001
294.1667,-1.4222E+000
294.2083,-9.5348E-001
294.2500,-1.1930E+000
294.2917,-1.0894E-002
294.3333,0.0000E+000
294.3750,0.0000E+000
294.4167,0.0000E+000
294.4583,0.0000E+000
294.5000,0.0000E+000
294.5417,2.0337E-011
294.5833,0.0000E+000
294.6250,0.0000E+000
294.6667,0.0000E+000
294.7083,4.7430E-012
294.7500,-0.0000E+000
294.7917,-2.7564E+000
294.8333,-4.4100E+000
294.8750,-4.4671E+000
294.9167,-4.8773E+000
294.9583,-3.7666E+000
295.0000,-3.4492E+000
295.0417,-2.9397E+000
295.0833,-2.5725E+000
295.1250,-3.2666E+000
295.1667,-4.7410E+000
295.2083,-3.8212E+000
295.2500,-3.7518E+000
295.2917,-3.4951E+000
295.3333,-1.2714E+000
295.3750,-5.4551E-001
295.4167,7.2258E-012
295.4583,0.0000E+000
295.5000,0.0000E+000
295.5417,0.0000E+000
295.5833,1.9043E+000
295.6250,0.0000E+000
295.6667,0.0000E+000
295.7083,6.7848E-012
295.7500,0.0000E+000
295.7917,1.3969E-001
295.8333,0.0000E+000
295.8750,2.6872E-001
295.9167,2.4759E-012
295.9583,0.0000E+000
296.0000,0.0000E+000
296.0417,0.0000E+000
296.0833,0.0000E+000
296.1250,5.3729E-002
296.1667,0.0000E+000
296.2083,4.3277E+000
296.2500,0.0000E+000
296.2917,0.0000E+000
296.3333,0.0000E+000
296.3750,0.0000E+000
296.4167,3.2524E+000
296.4583,2.9996E+000
296.5000,3.8152E+000
296.5417,1.9376E-001
296.5833,0.0000E+000
296.6250,0.0000E+000
296.6667,0.0000E+000
296.7083,0.0000E+000
296.7500,0.0000E+000
296.7917,0.0000E+000
296.8333,0.0000E+000
296.8750,0.0000E+000
296.9167,0.0000E+000
296.9583,0.0000E+000
297.0000,-3.4198E-001
297.0417,-1.7908E+000
297.0833,-3.1594E+000
297.1250,-1.7607E+000
297.1667,-2.8802E+000
297.2083,-3.0568E+000
297.2500,-8.5157E-001
297.2917,-2.5613E-001
297.3333,-0.0000E+000
297.3750,2.8670E-002
297.4167,2.5328E-001
297.4583,-5.3094E+000
297.5000,-1.2474E+001
297.5417,-1.9287E+001
297.5833,-3.7688E+001
297.6250,-2.0973E+001
297.6667,-2.1758E+001
297.7083,-7.8932E+000
297.7500,-4.9656E+000
297.7917,-6.6747E+000
297.8333,-8.7938E-001
297.8750,-4.1885E+000
297.9167,-3.9777E+000
297.9583,-4.3816E+000
298.0000,-4.0465E+000
298.0417,-3.9006E+000
298.0833,-1.0520E+001
298.1250,-1.6464E+001
298.1667,-1.5115E+001
298.2083,-2.0996E+001
298.2500,-1.7500E+001
298.2917,-1.2693E+001
298.3333,-1.2393E+001
298.3750,-9.7835E+000
298.4167,-8.7613E-001
298.4583,8.3251E-002
298.5000,-4.3567E+000
298.5417,-2.7296E+001
298.5833,-2.9745E+001
298.6250,-3.5609E-002
298.6667,-0.0000E+000
298.7083,-0.0000E+000
298.7500,-0.0000E+000
298.7917,-4.7797E+000
298.8333,-5.5478E+000
298.8750,-5.0235E+000
298.9167,-5.9705E+000
298.9583,-5.9734E+000
299.0000,-6.0821E+000
299.0417,-6.8372E+000
299.0833,-6.5045E+000
299.1250,-5.0995E+000
299.1667,-4.8394E+000
299.2083,-4.6971E+000
299.2500,-3.6801E+000
299.2917,-7.4775E+000
299.3333,-5.5681E+000
299.3750,-7.5392E+000
299.4167,-7.9127E+000
299.4583,-5.7300E+000
299.5000,-2.3885E+001
299.5417,-1.8739E+001
299.5833,-1.8424E+001
299.6250,-1.6960E+001
299.6667,-1.3686E+001
299.7083,-8.8803E+000
299.7500,-1.0779E+001
299.7917,-1.1465E+001
299.8333,-1.3348E+001
299.8750,-1.5951E+001
299.9167,-2.0800E+001
299.9583,-1.6312E+001
300.0000,-1.1804E+001
300.0417,-1.1474E+001
300.0833,-1.6584E+001
300.1250,-1.0846E+001
300.1667,-1.0688E+001
300.2083,-7.0121E+000
300.2500,-1.7028E+001
300.2917,-4.8240E+000
300.3333,-4.8786E+000
300.3750,-2.8928E+000
300.4167,-1.4193E+001
300.4583,-1.4714E+001
300.5000,-2.4310E+001
300.5417,-1.5483E+001
300.5833,-1.8616E+001
300.6250,-2.9747E+001
300.6667,-1.7196E+001
300.7083,-4.2093E+000
300.7500,-1.2723E+001
300.7917,-1.6070E+001
300.8333,-1.7418E+001
300.8750,-1.7066E+001
300.9167,-1.3212E+001
300.9583,-7.9197E+000
301.0000,-3.6462E+000
301.0417,-1.8939E+000
301.0833,-7.1389E-001
301.1250,-5.2688E-001
301.1667,-6.7763E-001
301.2083,-5.2704E-001
301.2500,-0.0000E+000
301.2917,-0.0000E+000
301.3333,4.2074E-001
301.3750,0.0000E+000
301.4167,3.0392E+000
301.4583,9.2593E-001
301.5000,5.6615E+000
301.5417,6.0830E-001
301.5833,-6.0738E+000
301.6250,-3.2458E+001
301.6667,-2.6121E+001
301.7083,-1.0673E+000
301.7500,-7.4649E+000
301.7917,-7.5916E+000
301.8333,-6.9910E+000
301.8750,-4.1239E+000
301.9167,-5.9163E+000
301.9583,-1.4597E+001
302.0000,-2.1223E+001
302.0417,-2.3653E+001
302.0833,-1.9615E+001
302.1250,-1.5462E+001
302.1667,-1.0841E+001
302.2083,-1.4722E+001
302.2500,-3.1949E+000
302.2917,-4.6304E+000
302.3333,-3.1096E+000
302.3750,-0.0000E+000
302.4167,-1.2057E-001
302.4583,-5.4492E-011
302.5000,-5.9528E-002
302.5417,-4.6215E+000
302.5833,-9.2250E+000
302.6250,-0.0000E+000
302.6667,-0.0000E+000
302.7083,-0.0000E+000
302.7500,-9.3524E-001
302.7917,-7.7884E-001
302.8333,-3.5749E-001
302.8750,-2.6464E-001
302.9167,-3.3722E-012
302.9583,-0.0000E+000
303.0000,-0.0000E+000
303.0417,2.3488E-001
303.0833,1.3717E+000
303.1250,4.8579E+000
303.1667,0.0000E+000
303.2083,0.0000E+000
303.2500,0.0000E+000
303.2917,0.0000E+000
303.3333,2.4600E-013
303.3750,0.0000E+000
303.4167,1.1458E-001
303.4583,7.1571E-011
303.5000,2.6550E+000
303.5417,1.6930E-011
303.5833,9.1343E-013
303.6250,4.0594E-002
303.6667,0.0000E+000
303.7083,-2.6994E-003
303.7500,-0.0000E+000
303.7917,-7.6443E-001
303.8333,-1.4124E+000
303.8750,-1.6744E+000
303.9167,-2.0587E+000
303.9583,-2.3483E+000
304.0000,-2.7018E+000
304.0417,-2.7560E+000
304.0833,-3.2059E+000
304.1250,-3.3515E+000
304.1667,-3.5836E+000
304.2083,-4.0938E+000
304.2500,-4.7868E+000
304.2917,-5.9057E+000
304.3333,-4.6889E+000
304.3750,-7.5015E+000
304.4167,-5.7425E+000
304.4583,-2.6546E+001
304.5000,-5.6260E+000
304.5417,-1.0899E+001
304.5833,-8.6946E+000
304.6250,-0.0000E+000
304.6667,-7.3223E+000
304.7083,-1.2432E+001
304.7500,-1.6758E+001
304.7917,-1.6938E+001
304.8333,-1.8182E+001
304.8750,-1.2514E+001
304.9167,-1.3730E+001
304.9583,-5.4221E+000
305.0000,-1.0319E+000
305.0417,-1.3161E+000
305.0833,0.0000E+000
305.1250,0.0000E+000
305.1667,0.0000E+000
305.2083,0.0000E+000
305.2500,0.0000E+000
305.2917,0.0000E+000
305.3333,0.0000E+000
305.3750,1.9479E+001
305.4167,2.7150E+000
305.4583,1.9744E+001
305.5000,3.8741E+001
305.5417,3.5261E+001
305.5833,2.5168E+001
305.6250,2.8122E+001
305.6667,4.9170E+001
305.7083,4.4842E+001
305.7500,2.3362E+001
305.7917,8.5771E+000
305.8333,0.0000E+000
305.8750,2.0223E+001
305.9167,3.7384E+000
305.9583,2.5445E+000
306.0000,4.0759E+000
306.0417,2.2560E+001
306.0833,2.5545E+001
306.1250,3.3654E+001
306.1667,5.3204E+001
306.2083,6.8960E+001
306.2500,6.5415E+001
306.2917,5.6083E+001
306.3333,5.4684E+001
306.3750,7.2596E+001
306.4167,8.8723E+001
306.4583,4.2276E+001
306.5000,6.0949E+001
306.5417,4.2023E+001
306.5833,2.4275E+001
306.6250,4.4292E+000
306.6667,-5.7044E+000
306.7083,-2.0712E+000
306.7500,-4.6539E+000
306.7917,-1.5165E+000
306.8333,-2.1430E-010
306.8750,-6.6694E-001
306.9167,-2.5054E+000
306.9583,-6.1916E-002
307.0000,-5.1369E+001
307.0417,-9.9441E+000
307.0833,-1.2976E+001
307.1250,-1.1369E+001
307.1667,-1.0579E+001
307.2083,-9.5923E+000
307.2500,-7.4927E+000
307.2917,-7.9222E+000
307.3333,-2.4911E+000
307.3750,-3.5847E+000
307.4167,-0.0000E+000
307.4583,-1.9635E+001
307.5000,-9.7777E-002
307.5417,-8.9707E+000
307.5833,-1.8043E+001
307.6250,-1.7369E+001
307.6667,-8.7235E+000
307.7083,-9.9281E+000
307.7500,-1.3210E+001
307.7917,-1.4097E+001
307.8333,-1.0116E+001
307.8750,-9.4623E+000
307.9167,-1.3812E+001
307.9583,-1.5965E+001
308.0000,-1.7854E+001
308.0417,-1.6090E+001
308.0833,-1.5750E+001
308.1250,-1.8018E+001
308.1667,-1.6130E+001
308.2083,-1.7899E+001
308.2500,-2.1724E+001
308.2917,-1.7765E+001
308.3333,-1.8838E+001
308.3750,-1.0841E+001
308.4167,-1.0767E+001
308.4583,-2.0306E+001
308.5000,-1.2254E+001
308.5417,-2.1427E+001
308.5833,-1.3955E+001
308.6250,-0.0000E+000
308.6667,-5.2350E+000
308.7083,-1.2596E+001
308.7500,-1.5629E+001
308.7917,-1.7048E+001
308.8333,-1.6027E+001
308.8750,-1.8130E+001
308.9167,-1.6097E+001
308.9583,-1.3247E+001
309.0000,-2.7122E+001
309.0417,-2.4977E+001
309.0833,-1.7038E+001
309.1250,-1.6145E+001
309.1667,-1.6850E+001
309.2083,-1.6654E+001
309.2500,-1.6118E+001
309.2917,-1.5912E+001
309.3333,-1.4368E+001
309.3750,-1.3718E+001
309.4167,-6.1384E+000
309.4583,-1.4605E-001
309.5000,-1.2211E+001
309.5417,-1.7306E+001
309.5833,-7.6147E+000
309.6250,-3.7619E+000
309.6667,-1.3133E+000
309.7083,-6.3137E+000
309.7500,-9.2121E+000
309.7917,-1.1689E+001
309.8333,-1.3196E+001
309.8750,-1.2828E+001
309.9167,-1.3326E+001
309.9583,-1.0945E+001
310.0000,-9.9553E+000
310.0417,-1.0623E+001
310.0833,-1.2056E+001
310.1250,-1.0692E+001
310.1667,-9.9896E+000
310.2083,-8.5602E+000
310.2500,-8.5271E+000
310.2917,-7.1890E+000
310.3333,-6.4767E+000
310.3750,-4.6221E+000
310.4167,-1.7986E+000
310.4583,2.7409E-001
310.5000,5.6634E+000
310.5417,-9.0646E-001
310.5833,-6.0163E+000
310.6250,-3.5683E+000
310.6667,-1.2825E-001
310.7083,-1.1716E+000
310.7500,-4.4771E+000
310.7917,-6.5725E+000
310.8333,-8.3902E+000
310.8750,-8.7844E+000
310.9167,-8.5665E+000
310.9583,-7.0633E+000
311.0000,-4.5823E+000
311.0417,-2.8769E+000
311.0833,-0.0000E+000
311.1250,0.0000E+000
311.1667,2.8787E-001
311.2083,2.4384E-011
311.2500,7.7380E-002
311.2917,6.0826E-001
311.3333,1.4347E+000
311.3750,5.8301E+000
311.4167,5.4577E-001
311.4583,0.0000E+000
311.5000,2.9651E+001
311.5417,2.5327E+001
311.5833,6.9065E+000
311.6250,1.6163E+000
311.6667,0.0000E+000
311.7083,0.0000E+000
311.7500,0.0000E+000
311.7917,-6.6462E-001
311.8333,-1.2751E+000
311.8750,-2.2597E+000
311.9167,-2.9563E+000
311.9583,-3.6305E+000
312.0000,-3.7553E+000
312.0417,-3.9654E+000
312.0833,-2.5054E+000
312.1250,-2.1637E+000
312.1667,-2.9341E+000
312.2083,-2.7411E+000
312.2500,-5.5747E-001
312.2917,-0.0000E+000
312.3333,0.0000E+000
312.3750,0.0000E+000
312.4167,0.0000E+000
312.4583,0.0000E+000
312.5000,4.7227E+001
312.5417,5.6927E+001
312.5833,2.6263E+001
312.6250,8.0892E+000
312.6667,0.0000E+000
312.7083,0.0000E+000
312.7500,0.0000E+000
312.7917,0.0000E+000
312.8333,0.0000E+000
312.8750,0.0000E+000
312.9167,3.5779E+000
312.9583,0.0000E+000
313.0000,0.0000E+000
313.0417,0.0000E+000
313.0833,0.0000E+000
313.1250,0.0000E+000
313.1667,0.0000E+000
313.2083,0.0000E+000
313.2500,0.0000E+000
313.2917,0.0000E+000
313.3333,6.7237E+000
313.3750,0.0000E+000
313.4167,6.8978E-001
313.4583,4.4085E+001
313.5000,5.0605E+001
313.5417,3.6969E+001
313.5833,3.1087E+001
313.6250,1.3857E+001
313.6667,2.4237E-010
313.7083,0.0000E+000
313.7500,0.0000E+000
313.7917,0.0000E+000
313.8333,-2.7802E-001
313.8750,-1.0096E+000
313.9167,-1.7331E+000
313.9583,-2.0889E+000
314.0000,-2.4751E+000
314.0417,-2.9872E+000
314.0833,-1.4578E+000
314.1250,0.0000E+000
314.1667,-1.4155E+000
314.2083,0.0000E+000
314.2500,0.0000E+000
314.2917,0.0000E+000
314.3333,0.0000E+000
314.3750,3.3430E-001
314.4167,0.0000E+000
314.4583,4.9890E+000
314.5000,8.6408E+000
314.5417,8.5754E+000
314.5833,1.0900E+001
314.6250,5.2140E+000
314.6667,4.4337E+000
314.7083,3.6776E+000
314.7500,0.0000E+000
314.7917,0.0000E+000
314.8333,0.0000E+000
314.8750,-0.0000E+000
314.9167,-2.9336E-001
314.9583,-3.1911E-001
315.0000,-3.5329E-001
315.0417,-5.9762E-001
315.0833,-6.7869E-001
315.1250,-0.0000E+000
315.1667,-0.0000E+000
315.2083,-0.0000E+000
315.2500,0.0000E+000
315.2917,0.0000E+000
315.3333,0.0000E+000
315.3750,5.7825E-002
315.4167,0.0000E+000
315.4583,1.1791E+001
315.5000,4.3541E+000
315.5417,0.0000E+000
315.5833,0.0000E+000
315.6250,6.6145E+000
315.6667,6.6184E-011
315.7083,0.0000E+000
315.7500,0.0000E+000
315.7917,0.0000E+000
315.8333,0.0000E+000
315.8750,0.0000E+000
315.9167,6.2157E-012
315.9583,2.0207E+000
316.0000,0.0000E+000
316.0417,0.0000E+000
316.0833,0.0000E+000
316.1250,2.0383E-001
316.1667,0.0000E+000
316.2083,0.0000E+000
316.2500,1.3038E+000
316.2917,2.3623E-011
316.3333,0.0000E+000
316.3750,0.0000E+000
316.4167,6.5641E+000
316.4583,0.0000E+000
316.5000,7.5418E+000
316.5417,0.0000E+000
316.5833,5.9445E+000
316.6250,7.7500E+000
316.6667,0.0000E+000
316.7083,0.0000E+000
316.7500,0.0000E+000
316.7917,0.0000E+000
316.8333,2.0851E-012
316.8750,0.0000E+000
316.9167,1.2707E-001
316.9583,-1.0489E+000
317.0000,-0.0000E+000
317.0417,0.0000E+000
317.0833,0.0000E+000
317.1250,0.0000E+000
317.1667,0.0000E+000
317.2083,0.0000E+000
317.2500,0.0000E+000
317.2917,0.0000E+000
317.3333,0.0000E+000
317.3750,2.2875E+000
317.4167,7.7956E-001
317.4583,2.3173E-001
317.5000,5.8437E+000
317.5417,0.0000E+000
317.5833,2.9846E+001
317.6250,0.0000E+000
317.6667,0.0000E+000
317.7083,0.0000E+000
317.7500,0.0000E+000
317.7917,0.0000E+000
317.8333,0.0000E+000
317.8750,0.0000E+000
317.9167,0.0000E+000
317.9583,0.0000E+000
318.0000,0.0000E+000
318.0417,0.0000E+000
318.0833,0.0000E+000
318.1250,0.0000E+000
318.1667,0.0000E+000
318.2083,0.0000E+000
318.2500,0.0000E+000
318.2917,0.0000E+000
318.3333,0.0000E+000
318.3750,0.0000E+000
318.4167,0.0000E+000
318.4583,0.0000E+000
318.5000,4.1133E+001
318.5417,4.4201E+001
318.5833,3.4921E+001
318.6250,0.0000E+000
318.6667,0.0000E+000
318.7083,0.0000E+000
318.7500,0.0000E+000
318.7917,-4.8434E-001
318.8333,-1.3299E+000
318.8750,-2.1746E+000
318.9167,-4.0010E+000
318.9583,-3.6099E+000
319.0000,-2.1433E+000
319.0417,-2.3303E+000
319.0833,-2.7254E+000
319.1250,-6.1471E-001
319.1667,0.0000E+000
319.2083,-4.7632E-001
319.2500,0.0000E+000
319.2917,0.0000E+000
319.3333,0.0000E+000
319.3750,0.0000E+000
319.4167,0.0000E+000
319.4583,0.0000E+000
319.5000,4.5312E+001
319.5417,5.3119E+001
319.5833,3.2800E+001
319.6250,2.7492E+001
319.6667,2.5866E-012
319.7083,0.0000E+000
319.7500,0.0000E+000
319.7917,0.0000E+000
319.8333,0.0000E+000
319.8750,0.0000E+000
319.9167,0.0000E+000
319.9583,0.0000E+000
320.0000,9.1130E-002
320.0417,7.3142E+000
320.0833,1.7426E-001
320.1250,1.9086E+000
320.1667,-1.0795E+000
320.2083,0.0000E+000
320.2500,5.1438E+000
320.2917,6.1239E+000
320.3333,7.5832E+000
320.3750,4.3991E+000
320.4167,7.9528E+000
320.4583,1.1540E+001
320.5000,2.3563E+000
320.5417,9.3153E+000
320.5833,6.8520E+000
320.6250,1.3516E+000
320.6667,-1.2806E+000
320.7083,-1.3181E+000
320.7500,-3.4898E-001
320.7917,-3.1344E+000
320.8333,-2.9643E+000
320.8750,0.0000E+000
320.9167,0.0000E+000
320.9583,0.0000E+000
321.0000,-0.0000E+000
321.0417,-0.0000E+000
321.0833,-4.0038E-003
321.1250,-0.0000E+000
321.1667,-0.0000E+000
321.2083,-5.2693E-001
321.2500,-3.8408E-001
321.2917,-1.6225E+000
321.3333,-1.3623E+000
321.3750,-5.6810E-001
321.4167,-1.1538E+001
321.4583,-4.8138E+000
321.5000,-3.0446E+000
321.5417,-2.0945E-001
321.5833,-1.4893E+000
321.6250,-4.3659E+000
321.6667,-2.7735E-002
321.7083,-2.0025E+000
321.7500,-8.9237E-001
321.7917,-2.2419E+000
321.8333,-8.8494E+000
321.8750,-1.1031E+001
321.9167,-1.1296E+001
321.9583,-1.5452E+001
322.0000,-1.3624E+001
322.0417,-1.4653E+001
322.0833,-1.6216E+001
322.1250,-1.4387E+001
322.1667,-1.8342E+001
322.2083,-1.6462E+001
322.2500,-1.4698E+001
322.2917,-1.8610E+001
322.3333,-1.5615E+001
322.3750,-1.5298E+001
322.4167,-7.0422E+000
322.4583,-1.3962E+000
322.5000,1.6571E+001
322.5417,3.4064E+000
322.5833,0.0000E+000
322.6250,-0.0000E+000
322.6667,-2.1498E+000
322.7083,-6.5196E+000
322.7500,-8.4250E+000
322.7917,-9.7867E+000
322.8333,-8.4115E+000
322.8750,-1.1246E+001
322.9167,-8.0652E+000
322.9583,-4.8289E+000
323.0000,-2.7562E+000
323.0417,-6.5614E+000
323.0833,-1.7872E+000
323.1250,-3.7177E-002
323.1667,0.0000E+000
323.2083,0.0000E+000
323.2500,0.0000E+000
323.2917,0.0000E+000
323.3333,4.5466E-001
323.3750,2.3916E+001
323.4167,2.6201E+000
323.4583,2.3259E+001
323.5000,1.3586E+000
323.5417,1.0752E+000
323.5833,2.7607E+000
323.6250,0.0000E+000
323.6667,3.3141E+000
323.7083,0.0000E+000
323.7500,0.0000E+000
323.7917,0.0000E+000
323.8333,0.0000E+000
323.8750,0.0000E+000
323.9167,0.0000E+000
323.9583,0.0000E+000
324.0000,0.0000E+000
324.0417,0.0000E+000
324.0833,3.9086E-012
324.1250,0.0000E+000
324.1667,0.0000E+000
324.2083,-0.0000E+000
324.2500,-4.7621E-001
324.2917,-1.0965E+000
324.3333,-1.3678E+000
324.3750,-0.0000E+000
324.4167,0.0000E+000
324.4583,0.0000E+000
324.5000,0.0000E+000
324.5417,3.2757E+000
324.5833,5.0256E-001
324.6250,-2.4928E+000
324.6667,-0.0000E+000
324.7083,-3.5878E+000
324.7500,-4.2544E+000
324.7917,-5.5685E+000
324.8333,-6.6821E+000
324.8750,-5.4117E+000
324.9167,-3.9266E+000
324.9583,-3.2013E+000
325.0000,-3.5796E+000
325.0417,-3.9441E+000
325.0833,-4.3154E+000
325.1250,-4.7821E+000
325.1667,-5.4448E+000
325.2083,-5.8596E+000
325.2500,-5.8276E+000
325.2917,-4.7378E+000
325.3333,-4.0347E+000
325.3750,-3.0812E+000
325.4167,-6.5978E-001
325.4583,-0.0000E+000
325.5000,0.0000E+000
325.5417,8.8693E-003
325.5833,0.0000E+000
325.6250,-0.0000E+000
325.6667,-1.8287E+000
325.7083,-3.5155E+000
325.7500,-4.0776E+000
325.7917,-4.1493E+000
325.8333,-4.2717E+000
325.8750,-4.2981E+000
325.9167,-4.1650E+000
325.9583,-4.0285E+000
326.0000,-4.0575E+000
326.0417,-4.3549E+000
326.0833,-4.4312E+000
326.1250,-4.3629E+000
326.1667,-4.7531E+000
326.2083,-4.2319E+000
326.2500,-4.0590E+000
326.2917,-3.4779E+000
326.3333,-3.1566E+000
326.3750,-1.4814E+000
326.4167,-0.0000E+000
326.4583,0.0000E+000
326.5000,0.0000E+000
326.5417,0.0000E+000
326.5833,1.8632E-010
326.6250,5.2751E+000
326.6667,1.7018E-011
326.7083,0.0000E+000
326.7500,0.0000E+000
326.7917,0.0000E+000
326.8333,0.0000E+000
326.8750,0.0000E+000
326.9167,0.0000E+000
326.9583,0.0000E+000
327.0000,0.0000E+000
327.0417,0.0000E+000
327.0833,0.0000E+000
327.1250,0.0000E+000
327.1667,0.0000E+000
327.2083,0.0000E+000
327.2500,0.0000E+000
327.2917,0.0000E+000
327.3333,0.0000E+000
327.3750,0.0000E+000
327.4167,0.0000E+000
327.4583,0.0000E+000
327.5000,0.0000E+000
327.5417,4.7143E-010
327.5833,0.0000E+000
327.6250,9.4614E-001
327.6667,4.6941E+000
327.7083,0.0000E+000
327.7500,0.0000E+000
327.7917,0.0000E+000
327.8333,-0.0000E+000
327.8750,0.0000E+000
327.9167,3.5381E-012
327.9583,0.0000E+000
328.0000,-0.0000E+000
328.0417,-0.0000E+000
328.0833,0.0000E+000
328.1250,0.0000E+000
328.1667,3.9694E-001
328.2083,1.9690E+000
328.2500,1.1386E+000
328.2917,0.0000E+000
328.3333,3.6482E-001
328.3750,1.9929E-001
328.4167,1.2920E+000
328.4583,0.0000E+000
328.5000,3.5836E+000
328.5417,1.5009E+000
328.5833,9.0865E-002
328.6250,0.0000E+000
328.6667,0.0000E+000
328.7083,0.0000E+000
328.7500,0.0000E+000
328.7917,0.0000E+000
328.8333,-0.0000E+000
328.8750,-2.3183E+000
328.9167,-3.5557E+000
328.9583,-1.0008E+000
329.0000,0.0000E+000
329.0417,0.0000E+000
329.0833,0.0000E+000
329.1250,0.0000E+000
329.1667,1.1473E-012
329.2083,2.6550E-001
329.2500,4.8343E+000
329.2917,4.8328E+000
329.3333,6.8915E-001
329.3750,5.0154E-002
329.4167,1.7289E+000
329.4583,1.6837E+000
329.5000,1.8069E+000
329.5417,9.2271E+000
329.5833,3.1160E+000
329.6250,2.2870E+000
329.6667,-4.6475E-002
329.7083,-0.0000E+000
329.7500,-0.0000E+000
329.7917,-2.2858E-001
329.8333,-2.7820E-001
329.8750,-0.0000E+000
329.9167,1.1975E-012
329.9583,-1.0694E-012
330.0000,-9.9832E-001
330.0417,-8.9470E-001
330.0833,-4.1088E-001
330.1250,-0.0000E+000
330.1667,-0.0000E+000
330.2083,-1.6711E-001
330.2500,-1.2514E+000
330.2917,-1.5344E+000
330.3333,-1.5144E+000
330.3750,-1.0444E+000
330.4167,-0.0000E+000
330.4583,-3.4804E-002
330.5000,8.3247E-002
330.5417,0.0000E+000
330.5833,2.0322E+000
330.6250,8.5370E-001
330.6667,2.2761E-011
330.7083,3.1176E-014
330.7500,-0.0000E+000
330.7917,-6.8926E-001
330.8333,-1.4655E+000
330.8750,-1.3570E+000
330.9167,-9.8726E-001
330.9583,-1.0138E+000
331.0000,-6.8246E-001
331.0417,-0.0000E+000
331.0833,-2.6723E-001
331.1250,-0.0000E+000
331.1667,-0.0000E+000
331.2083,-1.3791E+000
331.2500,-6.2651E-001
331.2917,-8.5345E-001
331.3333,-1.1855E+000
331.3750,-1.6715E+000
331.4167,-1.0187E+000
331.4583,-5.1856E-001
331.5000,-0.0000E+000
331.5417,0.0000E+000
331.5833,1.4582E+000
331.6250,1.2206E+000
331.6667,0.0000E+000
331.7083,0.0000E+000
331.7500,-4.5480E-001
331.7917,-2.0754E+000
331.8333,-3.9497E+000
331.8750,-4.2706E+000
331.9167,-3.2052E+000
331.9583,-2.7627E+000
332.0000,-1.1536E+000
332.0417,-3.7598E-001
332.0833,-9.6954E-001
332.1250,-1.7414E+000
332.1667,-2.2704E+000
332.2083,-2.4011E+000
332.2500,-3.3246E+000
332.2917,-3.1222E+000
332.3333,-3.0573E+000
332.3750,-4.0069E+000
332.4167,-2.9326E+000
332.4583,-2.9377E-001
332.5000,-2.6874E+000
332.5417,-2.4223E+000
332.5833,-8.1425E-001
332.6250,-5.1089E-001
332.6667,-3.2301E-001
332.7083,-1.7809E+000
332.7500,-3.2814E+000
332.7917,-3.8735E+000
332.8333,-4.2541E+000
332.8750,-4.3448E+000
332.9167,-2.8984E+000
332.9583,-1.3292E+000
333.0000,-8.5264E-001
333.0417,-3.8212E-001
333.0833,-3.7249E-001
333.1250,-1.7063E+000
333.1667,-1.9908E+000
333.2083,-4.1765E+000
333.2500,-7.5004E+000
333.2917,-5.1154E+000
333.3333,-7.5829E+000
333.3750,-8.3935E+000
333.4167,-5.0370E-010
333.4583,-4.2051E+000
333.5000,-1.2810E+001
333.5417,-1.0913E+001
333.5833,-5.5737E+000
333.6250,-2.2868E+000
333.6667,-3.0073E+000
333.7083,-5.6530E+000
333.7500,-5.7201E+000
333.7917,-6.2399E+000
333.8333,-6.1881E+000
333.8750,-6.2019E+000
333.9167,-6.2401E+000
333.9583,-6.5054E+000
334.0000,-7.6067E+000
334.0417,-8.4606E+000
334.0833,-8.8055E+000
334.1250,-9.4549E+000
334.1667,-1.0319E+001
334.2083,-1.0073E+001
334.2500,-1.0876E+001
334.2917,-1.1698E+001
334.3333,-1.1811E+001
334.3750,-9.9061E+000
334.4167,-9.0211E+000
334.4583,-5.6080E+000
334.5000,-0.0000E+000
334.5417,-4.8338E+000
334.5833,-2.2042E-001
334.6250,-2.8556E+000
334.6667,-3.9395E+000
334.7083,-5.1790E+000
334.7500,-5.6051E+000
334.7917,-5.3370E+000
334.8333,-4.5759E+000
334.8750,-4.1831E+000
334.9167,-3.3562E+000
334.9583,-4.7224E+000
335.0000,-5.7210E+000
335.0417,-1.7349E+000
335.0833,-4.8958E+000
335.1250,-2.2518E+000
335.1667,-1.1679E-001
335.2083,-0.0000E+000
335.2500,-0.0000E+000
335.2917,-0.0000E+000
335.3333,-0.0000E+000
335.3750,0.0000E+000
335.4167,-0.0000E+000
335.4583,-0.0000E+000
335.5000,-1.1614E-004
335.5417,0.0000E+000
335.5833,0.0000E+000
335.6250,0.0000E+000
335.6667,-1.8865E-002
335.7083,-0.0000E+000
335.7500,-1.3195E-002
335.7917,-0.0000E+000
335.8333,0.0000E+000
335.8750,0.0000E+000
335.9167,0.0000E+000
335.9583,0.0000E+000
336.0000,0.0000E+000
336.0417,0.0000E+000
336.0833,2.1195E-013
336.1250,0.0000E+000
336.1667,0.0000E+000
336.2083,0.0000E+000
336.2500,0.0000E+000
336.2917,0.0000E+000
336.3333,0.0000E+000
336.3750,0.0000E+000
336.4167,1.7592E+000
336.4583,0.0000E+000
336.5000,2.4506E-001
336.5417,1.8887E-002
336.5833,-1.7529E-011
336.6250,-3.4319E-003
336.6667,-0.0000E+000
336.7083,-9.4177E-001
336.7500,-0.0000E+000
336.7917,-0.0000E+000
336.8333,-5.3979E-001
336.8750,-5.8430E-001
336.9167,-1.0338E+000
336.9583,-1.0789E+000
337.0000,-1.0789E+000
337.0417,-9.7347E-001
337.0833,-8.4240E-001
337.1250,-7.4970E-001
337.1667,-4.8363E-001
337.2083,-4.3104E-013
337.2500,-0.0000E+000
337.2917,-0.0000E+000
337.3333,-4.3066E-001
337.3750,-0.0000E+000
337.4167,0.0000E+000
337.4583,-0.0000E+000
337.5000,-0.0000E+000
337.5417,-5.8694E-001
337.5833,-1.2920E+000
337.6250,-4.4369E-001
337.6667,-1.1128E+000
337.7083,-0.0000E+000
337.7500,-0.0000E+000
337.7917,-1.6186E+000
337.8333,-3.6073E+000
337.8750,-3.1908E+000
337.9167,-1.6719E+000
337.9583,-1.1334E+000
338.0000,-1.0315E+000
338.0417,-7.3691E-001
338.0833,-1.1609E+000
338.1250,-4.1236E-001
338.1667,-0.0000E+000
338.2083,-0.0000E+000
338.2500,0.0000E+000
338.2917,0.0000E+000
338.3333,0.0000E+000
338.3750,0.0000E+000
338.4167,0.0000E+000
338.4583,0.0000E+000
338.5000,0.0000E+000
338.5417,7.5714E-001
338.5833,0.0000E+000
338.6250,0.0000E+000
338.6667,0.0000E+000
338.7083,0.0000E+000
338.7500,0.0000E+000
338.7917,0.0000E+000
338.8333,0.0000E+000
338.8750,0.0000E+000
338.9167,4.2519E+000
338.9583,9.7179E-013
339.0000,2.1854E+000
339.0417,0.0000E+000
339.0833,0.0000E+000
339.1250,0.0000E+000
339.1667,0.0000E+000
339.2083,0.0000E+000
339.2500,0.0000E+000
339.2917,0.0000E+000
339.3333,1.1019E+000
339.3750,0.0000E+000
339.4167,0.0000E+000
339.4583,5.4196E-001
339.5000,0.0000E+000
339.5417,0.0000E+000
339.5833,6.6191E-011
339.6250,1.4802E+000
339.6667,0.0000E+000
339.7083,0.0000E+000
339.7500,0.0000E+000
339.7917,-0.0000E+000
339.8333,0.0000E+000
339.8750,0.0000E+000
339.9167,0.0000E+000
339.9583,0.0000E+000
340.0000,0.0000E+000
340.0417,0.0000E+000
340.0833,0.0000E+000
340.1250,1.2183E-001
340.1667,2.7087E+000
340.2083,1.5440E-011
340.2500,4.8071E-001
340.2917,1.2884E-011
340.3333,0.0000E+000
340.3750,0.0000E+000
340.4167,0.0000E+000
340.4583,0.0000E+000
340.5000,0.0000E+000
340.5417,0.0000E+000
340.5833,0.0000E+000
340.6250,0.0000E+000
340.6667,0.0000E+000
340.7083,0.0000E+000
340.7500,0.0000E+000
340.7917,0.0000E+000
340.8333,0.0000E+000
340.8750,0.0000E+000
340.9167,0.0000E+000
340.9583,0.0000E+000
341.0000,0.0000E+000
341.0417,0.0000E+000
341.0833,0.0000E+000
341.1250,0.0000E+000
341.1667,0.0000E+000
341.2083,0.0000E+000
341.2500,3.6419E-001
341.2917,0.0000E+000
341.3333,0.0000E+000
341.3750,0.0000E+000
341.4167,1.4762E-002
341.4583,8.8892E+000
341.5000,6.2601E+000
341.5417,5.6126E-011
341.5833,0.0000E+000
341.6250,0.0000E+000
341.6667,0.0000E+000
341.7083,0.0000E+000
341.7500,0.0000E+000
341.7917,0.0000E+000
341.8333,0.0000E+000
341.8750,0.0000E+000
341.9167,5.2571E-002
341.9583,0.0000E+000
342.0000,0.0000E+000
342.0417,0.0000E+000
342.0833,-5.7576E-001
342.1250,-1.0922E+000
342.1667,-6.9163E-001
342.2083,-2.3359E-001
342.2500,-0.0000E+000
342.2917,0.0000E+000
342.3333,1.1839E-002
342.3750,0.0000E+000
342.4167,0.0000E+000
342.4583,3.5817E-001
342.5000,2.3072E-001
342.5417,6.7085E-001
342.5833,0.0000E+000
342.6250,0.0000E+000
342.6667,0.0000E+000
342.7083,-1.1389E+000
342.7500,-2.7725E+000
342.7917,-2.6776E+000
342.8333,-2.6148E+000
342.8750,-2.0341E+000
342.9167,-1.8215E+000
342.9583,-2.5680E+000
343.0000,-2.1245E+000
343.0417,-1.4567E+000
343.0833,-1.3741E+000
343.1250,-1.8345E+000
343.1667,-1.1668E+000
343.2083,-6.0299E-001
343.2500,-0.0000E+000
343.2917,-3.9754E-001
343.3333,-0.0000E+000
343.3750,-0.0000E+000
343.4167,0.0000E+000
343.4583,4.7063E-002
343.5000,0.0000E+000
343.5417,0.0000E+000
343.5833,0.0000E+000
343.6250,-0.0000E+000
343.6667,-0.0000E+000
343.7083,-0.0000E+000
343.7500,-3.9758E+000
343.7917,-3.0366E+000
343.8333,-2.3761E+000
343.8750,-1.9006E+000
343.9167,-2.0197E+000
343.9583,-2.1785E+000
344.0000,-2.2152E+000
344.0417,-2.0703E+000
344.0833,-2.3417E+000
344.1250,-2.2882E+000
344.1667,-2.2011E+000
344.2083,-2.1294E+000
344.2500,-2.0942E+000
344.2917,-2.1717E+000
344.3333,-1.8505E+000
344.3750,-1.5269E+000
344.4167,-3.6626E+000
344.4583,-3.8215E+000
344.5000,-0.0000E+000
344.5417,-3.2507E+000
344.5833,-3.5495E+000
344.6250,-1.0117E+000
344.6667,-0.0000E+000
344.7083,-1.7229E+000
344.7500,-1.9188E+000
344.7917,-1.9582E+000
344.8333,-1.6532E+000
344.8750,-1.4303E+000
344.9167,-1.1361E+000
344.9583,-0.0000E+000
345.0000,-1.3031E+000
345.0417,-1.8207E+000
345.0833,-3.3699E+000
345.1250,-3.7570E+000
345.1667,-2.7005E+000
345.2083,-3.1591E+000
345.2500,-1.9710E+000
345.2917,-1.5790E+000
345.3333,-6.9624E-001
345.3750,-0.0000E+000
345.4167,-0.0000E+000
345.4583,-1.3916E-010
345.5000,-2.6888E+000
345.5417,-5.0712E+000
345.5833,-6.6196E+000
345.6250,-2.0133E+000
345.6667,-0.0000E+000
345.7083,-0.0000E+000
345.7500,-9.4373E-003
345.7917,0.0000E+000
345.8333,0.0000E+000
345.8750,0.0000E+000
345.9167,0.0000E+000
345.9583,0.0000E+000
346.0000,0.0000E+000
346.0417,0.0000E+000
346.0833,0.0000E+000
346.1250,0.0000E+000
346.1667,0.0000E+000
346.2083,0.0000E+000
346.2500,0.0000E+000
346.2917,0.0000E+000
346.3333,0.0000E+000
346.3750,0.0000E+000
346.4167,0.0000E+000
346.4583,0.0000E+000
346.5000,0.0000E+000
346.5417,0.0000E+000
346.5833,0.0000E+000
346.6250,0.0000E+000
346.6667,0.0000E+000
346.7083,0.0000E+000
346.7500,0.0000E+000
346.7917,0.0000E+000
346.8333,0.0000E+000
346.8750,0.0000E+000
346.9167,0.0000E+000
346.9583,0.0000E+000
347.0000,0.0000E+000
347.0417,0.0000E+000
347.0833,0.0000E+000
347.1250,0.0000E+000
347.1667,0.0000E+000
347.2083,0.0000E+000
347.2500,0.0000E+000
347.2917,0.0000E+000
347.3333,0.0000E+000
347.3750,0.0000E+000
347.4167,0.0000E+000
347.4583,0.0000E+000
347.5000,0.0000E+000
347.5417,1.7103E-001
347.5833,0.0000E+000
347.6250,0.0000E+000
347.6667,-6.7313E-001
347.7083,-6.2566E-001
347.7500,-1.9761E+000
347.7917,-1.3340E+000
347.8333,-1.8024E+000
347.8750,-2.2640E+000
347.9167,-2.9341E+000
347.9583,-6.0735E+000
348.0000,-6.4247E+000
348.0417,-5.1186E+000
348.0833,-4.8322E+000
348.1250,-6.0894E+000
348.1667,-5.8115E+000
348.2083,-4.1307E+000
348.2500,-3.1583E+000
348.2917,-1.9519E+000
348.3333,-1.2313E+000
348.3750,-8.3093E-001
348.4167,-0.0000E+000
348.4583,0.0000E+000
348.5000,0.0000E+000
348.5417,0.0000E+000
348.5833,8.8506E-001
348.6250,1.9117E+000
348.6667,0.0000E+000
348.7083,0.0000E+000
348.7500,-0.0000E+000
348.7917,-0.0000E+000
348.8333,-6.8344E-001
348.8750,-1.3770E+000
348.9167,-4.4554E+000
348.9583,-4.5795E+000
349.0000,-5.2651E+000
349.0417,-3.0052E+000
349.0833,-1.3820E+000
349.1250,-6.5790E-001
349.1667,-4.2081E-001
349.2083,-1.2107E-013
349.2500,0.0000E+000
349.2917,0.0000E+000
349.3333,0.0000E+000
349.3750,0.0000E+000
349.4167,0.0000E+000
349.4583,0.0000E+000
349.5000,0.0000E+000
349.5417,0.0000E+000
349.5833,1.1414E-012
349.6250,0.0000E+000
349.6667,0.0000E+000
349.7083,0.0000E+000
349.7500,0.0000E+000
349.7917,0.0000E+000
349.8333,1.0488E-001
349.8750,0.0000E+000
349.9167,0.0000E+000
349.9583,0.0000E+000
350.0000,0.0000E+000
350.0417,0.0000E+000
350.0833,0.0000E+000
350.1250,0.0000E+000
350.1667,0.0000E+000
350.2083,0.0000E+000
350.2500,0.0000E+000
350.2917,0.0000E+000
350.3333,0.0000E+000
350.3750,0.0000E+000
350.4167,0.0000E+000
350.4583,2.9124E+000
350.5000,3.2925E+000
350.5417,1.5917E-010
350.5833,2.3814E-010
350.6250,2.1247E+000
350.6667,0.0000E+000
350.7083,0.0000E+000
350.7500,0.0000E+000
350.7917,0.0000E+000
350.8333,-0.0000E+000
350.8750,-1.7725E+000
350.9167,-2.6895E+000
350.9583,-2.6887E+000
351.0000,-4.2390E+000
351.0417,-5.2657E+000
351.0833,-7.2193E+000
351.1250,-6.4474E+000
351.1667,-8.2372E+000
351.2083,-9.7257E+000
351.2500,-9.7237E+000
351.2917,-8.6300E+000
351.3333,-6.0273E+000
351.3750,-4.2899E+000
351.4167,-1.2081E+000
351.4583,0.0000E+000
351.5000,0.0000E+000
351.5417,0.0000E+000
351.5833,1.8588E+000
351.6250,0.0000E+000
351.6667,0.0000E+000
351.7083,-3.6948E+000
351.7500,-4.4207E+000
351.7917,-4.7419E+000
351.8333,-7.2483E+000
351.8750,-6.7160E+000
351.9167,-6.5072E+000
351.9583,-8.6233E+000
352.0000,-9.8167E+000
352.0417,-9.0830E+000
352.0833,-1.0464E+001
352.1250,-8.9700E+000
352.1667,-7.4802E+000
352.2083,-6.4469E+000
352.2500,-5.6823E+000
352.2917,-5.1994E+000
352.3333,-5.3443E+000
352.3750,-4.5481E+000
352.4167,-3.2412E+000
352.4583,-3.0067E-001
352.5000,0.0000E+000
352.5417,5.2681E+000
352.5833,2.3627E+000
352.6250,-2.8782E-001
352.6667,-8.3232E-001
352.7083,-8.2252E-001
352.7500,-9.6082E-001
352.7917,-1.0409E+000
352.8333,-1.3911E+000
352.8750,-3.7821E+000
352.9167,-1.2691E+000
352.9583,-1.1155E+000
353.0000,-1.3188E+000
353.0417,-8.7675E-001
353.0833,-3.9567E-001
353.1250,-4.5627E-001
353.1667,-1.8278E+000
353.2083,-4.0070E+000
353.2500,-3.5345E+000
353.2917,-4.8022E+000
353.3333,-4.9184E+000
353.3750,-2.7745E+000
353.4167,-4.2667E-001
353.4583,0.0000E+000
353.5000,0.0000E+000
353.5417,0.0000E+000
353.5833,0.0000E+000
353.6250,0.0000E+000
353.6667,0.0000E+000
353.7083,0.0000E+000
353.7500,-7.8242E-001
353.7917,-1.1859E+000
353.8333,-1.8879E+000
353.8750,-1.5296E+000
353.9167,-2.0322E+000
353.9583,-1.6370E+000
354.0000,-7.5660E-001
354.0417,-1.9448E-001
354.0833,-2.1386E-012
354.1250,0.0000E+000
354.1667,0.0000E+000
354.2083,0.0000E+000
354.2500,0.0000E+000
354.2917,0.0000E+000
354.3333,0.0000E+000
354.3750,0.0000E+000
354.4167,0.0000E+000
354.4583,0.0000E+000
354.5000,0.0000E+000
354.5417,0.0000E+000
354.5833,3.6764E+000
354.6250,6.4591E+000
354.6667,0.0000E+000
354.7083,0.0000E+000
354.7500,0.0000E+000
354.7917,0.0000E+000
354.8333,0.0000E+000
354.8750,9.7477E-003
354.9167,0.0000E+000
354.9583,0.0000E+000
355.0000,0.0000E+000
355.0417,0.0000E+000
355.0833,0.0000E+000
355.1250,0.0000E+000
355.1667,0.0000E+000
355.2083,0.0000E+000
355.2500,0.0000E+000
355.2917,0.0000E+000
355.3333,-1.3769E-001
355.3750,0.0000E+000
355.4167,0.0000E+000
355.4583,0.0000E+000
355.5000,6.8004E-002
355.5417,1.7310E-001
355.5833,2.9037E+000
355.6250,9.2844E-001
355.6667,0.0000E+000
355.7083,0.0000E+000
355.7500,3.5646E-003
355.7917,0.0000E+000
355.8333,3.9225E-001
355.8750,9.4833E+000
355.9167,1.5353E+001
355.9583,7.0634E-001
356.0000,4.2327E+000
356.0417,1.7785E+001
356.0833,3.1220E+001
356.1250,4.5832E+000
356.1667,2.5412E+001
356.2083,2.3496E+001
356.2500,1.4588E+001
356.2917,2.8806E+001
356.3333,2.6680E+001
356.3750,7.0688E+000
356.4167,2.2263E+001
356.4583,2.2335E+001
356.5000,1.1129E+001
356.5417,1.3408E+001
356.5833,3.8411E+000
356.6250,5.2936E+000
356.6667,8.5173E+000
356.7083,3.4287E+000
356.7500,1.1609E+001
356.7917,5.7245E+000
356.8333,2.4585E+000
356.8750,1.0252E+001
356.9167,4.1969E+000
356.9583,7.1911E+000
357.0000,4.5000E-001
357.0417,9.0086E-001
357.0833,0.0000E+000
357.1250,0.0000E+000
357.1667,0.0000E+000
357.2083,0.0000E+000
357.2500,1.3546E+000
357.2917,0.0000E+000
357.3333,2.4367E-001
357.3750,1.0611E-002
357.4167,0.0000E+000
357.4583,0.0000E+000
357.5000,0.0000E+000
357.5417,0.0000E+000
357.5833,-4.2904E-001
357.6250,-5.4781E-001
357.6667,-3.1134E-001
357.7083,-2.8376E-001
357.7500,-1.7771E+000
357.7917,-3.3868E+000
357.8333,-6.1376E+000
357.8750,-1.3924E+001
357.9167,-1.5155E+001
357.9583,-1.4170E+001
358.0000,-4.7549E+000
358.0417,-7.7790E+000
358.0833,-8.9435E+000
358.1250,-1.0711E+001
358.1667,-1.4069E+001
358.2083,-5.5390E+001
358.2500,-1.5109E+001
358.2917,-3.3997E+001
358.3333,-2.2083E+001
358.3750,-4.7614E+001
358.4167,-4.6344E+001
358.4583,-3.5313E+001
358.5000,-1.5593E+001
358.5417,-1.0579E+001
358.5833,-6.0480E+000
358.6250,-6.5417E+000
358.6667,-8.8620E+000
358.7083,-1.3159E+001
358.7500,-1.1723E+001
358.7917,-3.9907E+001
358.8333,-4.7120E+001
358.8750,-2.7286E+001
358.9167,-1.8812E+001
358.9583,-1.6739E+001
359.0000,-1.5774E+001
359.0417,-1.5125E+001
359.0833,-1.4523E+001
359.1250,-1.1564E+001
359.1667,-1.1908E+001
359.2083,-1.1241E+001
359.2500,-1.2258E+001
359.2917,-9.5407E+000
359.3333,-1.1209E+001
359.3750,-8.6396E+000
359.4167,-1.0352E+001
359.4583,-3.3074E+001
359.5000,-1.7531E+001
359.5417,-1.3835E+001
359.5833,-9.2038E+000
359.6250,-1.2283E+001
359.6667,-1.3062E+001
359.7083,-1.5472E+001
359.7500,-1.6322E+001
359.7917,-1.6132E+001
359.8333,-1.4879E+001
359.8750,-1.3311E+001
359.9167,-1.2979E+001
359.9583,-1.1562E+001
360.0000,-1.0906E+001
360.0417,-9.7337E+000
360.0833,-7.2906E+000
360.1250,-8.0638E+000
360.1667,-8.5071E+000
360.2083,-6.7719E+000
360.2500,-5.3680E+000
360.2917,-4.6272E+000
360.3333,-4.4521E+000
360.3750,-4.8341E+000
360.4167,-3.7146E+000
360.4583,-1.1754E+000
360.5000,-0.0000E+000
360.5417,-0.0000E+000
360.5833,-1.7620E+000
360.6250,-3.0960E+000
360.6667,-3.2236E+000
360.7083,-4.7824E+000
360.7500,-2.7306E+000
360.7917,-3.9376E+000
360.8333,-1.7513E+001
360.8750,-7.0348E+000
360.9167,-8.9311E+000
360.9583,-6.5098E+000
361.0000,-1.2416E+001
361.0417,-1.0098E+001
361.0833,-1.3227E+001
361.1250,-7.5489E+000
361.1667,-7.1279E+000
361.2083,-8.4852E+000
361.2500,-1.4244E+001
361.2917,-6.2787E+000
361.3333,-6.8758E+000
361.3750,-2.0968E+001
361.4167,-4.8666E+000
361.4583,-3.5486E+000
361.5000,-7.7307E-001
361.5417,-3.3845E+000
361.5833,-3.3798E-002
361.6250,-0.0000E+000
361.6667,-0.0000E+000
361.7083,-2.2707E+000
361.7500,-8.1549E-001
361.7917,-0.0000E+000
361.8333,-1.3592E-002
361.8750,0.0000E+000
361.9167,3.5693E-002
361.9583,0.0000E+000
362.0000,1.1334E+000
362.0417,2.4271E+000
362.0833,6.2332E-002
362.1250,2.3063E-001
362.1667,4.4004E-001
362.2083,1.1349E+000
362.2500,0.0000E+000
362.2917,1.4334E-001
362.3333,0.0000E+000
362.3750,0.0000E+000
362.4167,1.0329E+000
362.4583,3.2890E-002
362.5000,1.3176E-001
362.5417,2.1516E+000
362.5833,1.6551E+000
362.6250,-9.4303E-001
362.6667,-2.2995E+000
362.7083,-8.2296E-001
362.7500,-2.4625E+000
362.7917,-4.0178E+000
362.8333,-6.5303E+000
362.8750,-6.3103E+000
362.9167,-5.0449E+000
362.9583,-3.9450E+000
363.0000,-3.4742E+000
363.0417,-4.8048E+000
363.0833,-4.6152E+000
363.1250,-4.2873E+000
363.1667,-3.6010E+000
363.2083,-3.4231E+000
363.2500,-5.7245E+000
363.2917,-2.0140E+000
363.3333,-8.5686E+000
363.3750,-1.5920E+000
363.4167,-2.4676E+000
363.4583,-2.8153E+000
363.5000,-3.8058E-001
363.5417,-5.9259E+000
363.5833,-9.5447E-001
363.6250,-7.2493E-003
363.6667,-0.0000E+000
363.7083,-0.0000E+000
363.7500,-2.8324E-001
363.7917,-2.2844E+000
363.8333,-2.6489E+000
363.8750,-1.8607E+000
363.9167,-1.4952E+000
363.9583,-1.6804E+000
364.0000,-3.1172E+000
364.0417,-2.9236E+000
364.0833,-1.6495E+000
364.1250,-1.0636E+000
364.1667,-5.1172E-001
364.2083,-0.0000E+000
364.2500,-1.4784E-002
364.2917,-0.0000E+000
364.3333,-0.0000E+000
364.3750,-3.7917E-002
364.4167,-1.4612E-001
364.4583,1.8726E-001
364.5000,4.5025E-002
364.5417,1.8208E-001
364.5833,-6.0172E-001
364.6250,-1.6327E+000
364.6667,-5.3443E-011
364.7083,-0.0000E+000
364.7500,-2.2990E+000
364.7917,-1.0875E+000
364.8333,-1.8066E+000
364.8750,-5.7174E+000
364.9167,-5.2090E+000
364.9583,-2.6493E+000
365.0000,-1.5554E+000
365.0417,-1.9459E+000
365.0833,-0.0000E+000
365.1250,-1.4704E+000
365.1667,-2.0585E+000
365.2083,-1.6912E+000
365.2500,-1.2187E+000
365.2917,-1.0014E+000
365.3333,-6.3207E-001
365.3750,-4.4489E-002
365.4167,-0.0000E+000
365.4583,-9.7731E-001
365.5000,-2.9038E-001
365.5417,-1.9147E+000
365.5833,-1.3965E+000
365.6250,-1.0025E+000
365.6667,-7.1153E-001
365.7083,-9.8708E-001
365.7500,-1.3630E+000
365.7917,-1.2651E+000
365.8333,-1.0737E+000
365.8750,-9.4937E-001
365.9167,-7.0009E-001
365.9583,-4.8227E-001
366.0000,-2.2499E-001
366.0417,-1.4322E+000
366.0833,-1.5984E+000
366.1250,-1.4580E+000
366.1667,-2.0326E+000
366.2083,-1.4172E+000
366.2500,-8.4732E-001
366.2917,-6.3083E-001
366.3333,-3.6604E-001
366.3750,-3.9262E-001
366.4167,-3.1729E-003
366.4583,0.0000E+000
366.5000,0.0000E+000
366.5417,2.7793E-002
366.5833,-0.0000E+000
366.6250,-8.5796E-001
366.6667,-5.6864E-001
366.7083,-2.5462E+000
366.7500,-1.8699E+000
366.7917,-3.2202E+000
366.8333,-2.8561E+000
366.8750,-3.2846E+000
366.9167,-3.9267E+000
366.9583,-3.5333E+000
367.0000,-2.7765E+000
367.0417,-2.1160E+000
367.0833,-1.8216E+000
367.1250,-1.6095E+000
367.1667,-1.6883E+000
367.2083,-1.5393E+000
367.2500,-1.4821E+000
367.2917,-1.4022E+000
367.3333,-1.3567E+000
367.3750,-1.2806E+000
367.4167,-6.6345E-001
367.4583,-8.7166E-012
367.5000,-7.4587E-003
367.5417,-0.0000E+000
367.5833,-1.5144E+000
367.6250,-5.3212E+000
367.6667,-2.1442E+000
367.7083,-2.5445E+000
367.7500,-2.6676E+000
367.7917,-2.8734E+000
367.8333,-2.6337E+000
367.8750,-2.8429E+000
367.9167,-2.8909E+000
367.9583,-2.7418E+000
368.0000,-2.9550E+000
368.0417,-2.5647E+000
368.0833,-2.2337E+000
368.1250,-2.5050E+000
368.1667,-2.4331E+000
368.2083,-2.3275E+000
368.2500,-2.2983E+000
368.2917,-2.1499E+000
368.3333,-2.1230E+000
368.3750,-1.9357E+000
368.4167,-1.5465E+000
368.4583,-2.6075E+000
368.5000,-1.3356E+000
368.5417,-1.0593E+000
368.5833,-1.8624E+000
368.6250,-4.6297E-001
368.6667,-1.3464E+000
368.7083,-1.6250E+000
368.7500,-1.8503E+000
368.7917,-2.1227E+000
368.8333,-2.0267E+000
368.8750,-1.7997E+000
368.9167,-1.8240E+000
368.9583,-1.6330E+000
369.0000,-1.5374E+000
369.0417,-1.5013E+000
369.0833,-1.5952E+000
369.1250,-1.4695E+000
369.1667,-1.4263E+000
369.2083,-1.2901E+000
369.2500,-1.1598E+000
369.2917,-1.1251E+000
369.3333,-9.3591E-001
369.3750,-9.0392E-001
369.4167,-0.0000E+000
369.4583,-0.0000E+000
369.5000,-2.7739E-002
369.5417,-1.5319E-001
369.5833,-5.8396E-001
369.6250,-8.3603E-001
369.6667,-1.0720E+000
369.7083,-1.3050E+000
369.7500,-1.5477E+000
369.7917,-1.8001E+000
369.8333,-2.0625E+000
369.8750,-2.3350E+000
369.9167,-2.6170E+000
369.9583,-2.9080E+000
370.0000,-3.2072E+000
370.0417,-3.5139E+000
370.0833,-3.8273E+000
370.1250,-4.1465E+000
370.1667,-4.4707E+000
370.2083,-4.7991E+000
370.2500,-5.1308E+000
370.2917,-5.4652E+000
370.3333,-5.8015E+000
370.3750,-6.1389E+000
370.4167,-6.5348E+000
370.4583,-8.1144E+000
370.5000,-5.7058E+000
370.5417,-5.8089E+000
370.5833,-6.5638E+000
370.6250,-7.8594E+000
370.6667,-8.8185E+000
370.7083,-3.2386E+000
370.7500,-7.2222E+000
370.7917,-6.3478E+000
370.8333,-1.6262E+000
370.8750,-2.9047E+000
370.9167,-1.3155E+000
370.9583,-1.3624E+000
371.0000,-1.6632E+000
371.0417,-4.2777E+000
371.0833,-1.7876E+000
371.1250,-1.8146E+000
371.1667,-1.9129E+000
371.2083,-2.1574E+000
371.2500,-1.8219E+000
371.2917,-2.4351E+000
371.3333,-1.7826E+000
371.3750,-1.7665E+000
371.4167,-9.2170E-001
371.4583,-1.8079E+000
371.5000,-1.2462E+000
371.5417,-1.0310E+000
371.5833,-4.7919E-001
371.6250,-2.4989E-001
371.6667,-4.2821E-001
371.7083,-1.1013E+000
371.7500,-1.2363E+000
371.7917,-1.4091E+000
371.8333,-1.4363E+000
371.8750,-1.4844E+000
371.9167,-1.5333E+000
371.9583,-1.6114E+000
372.0000,-1.6374E+000
372.0417,-1.6933E+000
372.0833,-1.6254E+000
372.1250,-1.5760E+000
372.1667,-1.6650E+000
372.2083,-1.7411E+000
372.2500,-1.7906E+000
372.2917,-2.0833E+000
372.3333,-2.2139E+000
372.3750,-1.8438E+000
372.4167,-1.7266E+000
372.4583,-9.1139E-001
372.5000,-1.9110E+000
372.5417,-4.0742E+000
372.5833,-6.3767E+000
372.6250,-1.0932E+000
372.6667,-8.5033E-001
372.7083,-2.3159E+000
372.7500,-2.2067E+000
372.7917,-2.3875E+000
372.8333,-2.1562E+000
372.8750,-2.1554E+000
372.9167,-1.6871E+000
372.9583,-1.3989E+000
373.0000,-1.6133E+000
373.0417,-1.1288E+000
373.0833,-0.0000E+000
373.1250,-0.0000E+000
373.1667,-0.0000E+000
373.2083,-0.0000E+000
373.2500,-0.0000E+000
373.2917,-0.0000E+000
373.3333,-0.0000E+000
373.3750,-0.0000E+000
373.4167,-0.0000E+000
373.4583,-0.0000E+000
373.5000,-0.0000E+000
373.5417,-3.1863E-001
373.5833,-0.0000E+000
373.6250,-1.6422E+000
373.6667,-2.3381E+000
373.7083,-2.3704E+000
373.7500,-2.7759E+000
373.7917,-2.5054E+000
373.8333,-1.6669E+000
373.8750,-5.5182E-001
373.9167,-0.0000E+000
373.9583,-0.0000E+000
374.0000,-0.0000E+000
374.0417,-0.0000E+000
374.0833,-1.3717E-001
374.1250,-6.8023E-001
374.1667,-1.8369E+000
374.2083,-2.9438E+000
374.2500,-5.6322E+000
374.2917,-3.0766E+000
374.3333,-2.9768E+000
374.3750,-4.8123E+000
374.4167,-5.3547E+000
374.4583,-6.3663E+000
374.5000,-4.9682E+000
374.5417,-4.3484E+000
374.5833,-1.6871E+000
374.6250,-1.5010E-002
374.6667,-0.0000E+000
374.7083,-1.3014E-002
374.7500,-1.3791E+000
374.7917,-1.1154E+000
374.8333,-3.6185E+000
374.8750,-5.0937E+000
374.9167,-6.7425E+000
374.9583,-6.1786E+000
375.0000,-6.5618E+000
375.0417,-1.9511E+001
375.0833,-1.5025E+001
375.1250,-4.6058E+000
375.1667,-4.8402E+000
375.2083,-1.1591E+001
375.2500,-8.2569E+000
375.2917,-1.0429E+001
375.3333,-9.6548E+000
375.3750,-1.1407E+001
375.4167,-1.5517E+001
375.4583,-7.9736E+000
375.5000,-4.4450E+000
375.5417,-1.6241E+001
375.5833,-7.4174E+000
375.6250,-6.9587E+000
375.6667,-5.6257E+000
375.7083,-6.1339E+000
375.7500,-6.3411E+000
375.7917,-7.9487E+000
375.8333,-7.8604E+000
375.8750,-8.8730E+000
375.9167,-9.5806E+000
375.9583,-1.0563E+001
376.0000,-1.1242E+001
376.0417,-1.1978E+001
376.0833,-1.2432E+001
376.1250,-1.2485E+001
376.1667,-1.2494E+001
376.2083,-1.2651E+001
376.2500,-1.3195E+001
376.2917,-1.3406E+001
376.3333,-1.3495E+001
376.3750,-1.3108E+001
376.4167,-1.1414E+001
376.4583,-7.7116E+000
376.5000,-2.6402E+000
376.5417,-1.4719E+001
376.5833,-1.7924E+001
376.6250,-0.0000E+000
376.6667,-2.7461E+000
376.7083,-3.4382E+000
376.7500,-3.3658E+000
376.7917,-3.2877E+000
376.8333,-1.4345E+001
376.8750,-1.1688E+001
376.9167,-7.5124E+000
376.9583,-4.4248E+000
377.0000,-8.9111E+000
377.0417,-8.6360E+000
377.0833,-8.1342E+000
377.1250,-6.1309E+000
377.1667,-4.8630E+000
377.2083,-2.3665E+000
377.2500,-1.9304E+000
377.2917,-1.4936E+000
377.3333,-2.3900E+000
377.3750,-4.0660E+000
377.4167,-2.8175E+000
377.4583,-1.3714E+000
377.5000,-1.0396E+000
377.5417,-6.3234E-001
377.5833,-4.5929E-001
377.6250,4.7554E-001
377.6667,-0.0000E+000
377.7083,-0.0000E+000
377.7500,-0.0000E+000
377.7917,-0.0000E+000
377.8333,-9.3387E-001
377.8750,-1.7758E+000
377.9167,-2.3288E+000
377.9583,-2.4033E+000
378.0000,-2.6272E+000
378.0417,-1.8338E+000
378.0833,-3.0527E+000
378.1250,-3.8472E+000
378.1667,-4.5092E+000
378.2083,-5.4329E+000
378.2500,-5.3371E+000
378.2917,-5.6340E+000
378.3333,-6.4848E+000
378.3750,-4.4831E+000
378.4167,-1.9510E+000
378.4583,-0.0000E+000
378.5000,-0.0000E+000
378.5417,-1.0596E+000
378.5833,-2.9851E+000
378.6250,-2.5900E-001
378.6667,-9.6322E-012
378.7083,-5.8926E-001
378.7500,-7.0540E-001
378.7917,-1.5298E-002
378.8333,-0.0000E+000
378.8750,-3.7206E-003
378.9167,-1.0073E-002
378.9583,-0.0000E+000
379.0000,-0.0000E+000
379.0417,-3.6310E-001
379.0833,-6.9957E-001
379.1250,-9.2118E-001
379.1667,-9.3046E-001
379.2083,-9.0129E-001
379.2500,-1.2168E+000
379.2917,-1.4789E+000
379.3333,-1.3636E+000
379.3750,-1.2781E+000
379.4167,-0.0000E+000
379.4583,-0.0000E+000
379.5000,-0.0000E+000
379.5417,-0.0000E+000
379.5833,-0.0000E+000
379.6250,-8.4856E-001
379.6667,-1.5893E+000
379.7083,-3.8576E+000
379.7500,-2.0247E+000
379.7917,-1.9122E+000
379.8333,-1.1699E+000
379.8750,-1.8221E+000
379.9167,-1.5668E+000
379.9583,-1.3784E+000
380.0000,-5.9657E+000
380.0417,-1.0101E+001
380.0833,-4.3975E+000
380.1250,-1.0149E+001
380.1667,-6.9990E+000
380.2083,-1.5922E+001
380.2500,-1.7808E+001
380.2917,-1.7863E+001
380.3333,-2.0070E+001
380.3750,-1.5572E+001
380.4167,-9.0422E+000
380.4583,-1.2972E+001
380.5000,-6.8478E+000
380.5417,-6.8263E+000
380.5833,-1.6551E+001
380.6250,-9.1056E+000
380.6667,-5.3449E+000
380.7083,-4.3145E+000
380.7500,-3.3632E+000
380.7917,-1.9381E+000
380.8333,-2.0140E+000
380.8750,-2.0970E+000
380.9167,-2.0765E+000
380.9583,-2.1671E+000
381.0000,-2.2238E+000
381.0417,-2.3113E+000
381.0833,-2.8310E+000
381.1250,-3.2590E+000
381.1667,-5.0225E+000
381.2083,-6.0270E+000
381.2500,-6.2323E+000
381.2917,-6.0047E+000
381.3333,-5.3002E+000
381.3750,-4.8262E+000
381.4167,-4.0826E+000
381.4583,-4.0657E+000
381.5000,-2.8412E+000
381.5417,-9.0339E+000
381.5833,-1.3138E+001
381.6250,-1.0891E+001
381.6667,-8.7743E+000
381.7083,-1.8936E+001
381.7500,-2.5286E+001
381.7917,-1.6656E+001
381.8333,-1.4989E+001
381.8750,-1.6243E+001
381.9167,-5.8108E+000
381.9583,-5.8298E+000
382.0000,-5.5902E+000
382.0417,-5.5629E+000
382.0833,-5.3359E+000
382.1250,-5.3719E+000
382.1667,-5.2366E+000
382.2083,-5.2013E+000
382.2500,-4.9001E+000
382.2917,-4.5131E+000
382.3333,-4.3786E+000
382.3750,-3.8707E+000
382.4167,-2.6390E+000
382.4583,-1.0439E+000
382.5000,-0.0000E+000
382.5417,-0.0000E+000
382.5833,-0.0000E+000
382.6250,-0.0000E+000
382.6667,-0.0000E+000
382.7083,-2.0078E-001
382.7500,-5.8487E-001
382.7917,-5.5987E-001
382.8333,-5.1437E-001
382.8750,-6.4195E-001
382.9167,-2.5507E-001
382.9583,-3.0014E-001
383.0000,-0.0000E+000
383.0417,-6.3255E-002
383.0833,-9.6307E-001
383.1250,-2.9188E-001
383.1667,-0.0000E+000
383.2083,-0.0000E+000
383.2500,-3.8245E-001
383.2917,-4.8235E-001
383.3333,-6.5380E-001
383.3750,-0.0000E+000
383.4167,0.0000E+000
383.4583,0.0000E+000
383.5000,0.0000E+000
383.5417,0.0000E+000
383.5833,0.0000E+000
383.6250,-5.7463E-001
383.6667,2.1906E-003
383.7083,-0.0000E+000
383.7500,-1.1377E+000
383.7917,-7.7469E-001
383.8333,-8.7264E-001
383.8750,-2.2280E+000
383.9167,-1.4972E+000
383.9583,-9.9288E-001
384.0000,-9.7028E-001
384.0417,-9.4416E-001
384.0833,-1.6349E+000
384.1250,-5.0945E+000
384.1667,-1.0282E+001
384.2083,-1.1175E+001
384.2500,-1.3217E+001
384.2917,-1.1902E+001
384.3333,-1.6915E+001
384.3750,-1.2127E+001
384.4167,-1.2597E+001
384.4583,-1.4884E+001
384.5000,-1.2917E+001
384.5417,-6.8266E+000
384.5833,-3.8046E+000
384.6250,-6.0026E+000
384.6667,-6.1453E+000
384.7083,-6.6983E+000
384.7500,-3.9593E+000
384.7917,-3.5127E+000
384.8333,-4.8052E+000
384.8750,-5.2457E+000
384.9167,-5.5727E+000
384.9583,-5.9269E+000
385.0000,-6.3867E+000
385.0417,-6.0653E+000
385.0833,-4.6791E+000
385.1250,-2.9222E+000
385.1667,-5.1140E+000
385.2083,-2.7094E+000
385.2500,-2.9159E+000
385.2917,-2.1105E+000
385.3333,-9.1463E-001
385.3750,-1.8295E-001
385.4167,-1.6055E-002
385.4583,2.1423E-002
385.5000,0.0000E+000
385.5417,0.0000E+000
385.5833,3.4354E+000
385.6250,4.3038E+000
385.6667,2.6106E+000
385.7083,1.4591E-001
385.7500,-1.8698E+000
385.7917,-1.5050E+000
385.8333,-6.2210E+000
385.8750,-6.0852E+000
385.9167,-4.4903E+000
385.9583,-1.1103E+000
386.0000,-0.0000E+000
386.0417,-0.0000E+000
386.0833,1.4445E+000
386.1250,1.1815E+000
386.1667,2.0874E+000
386.2083,1.1706E+000
386.2500,1.1515E+001
386.2917,3.7551E+001
386.3333,2.1608E+001
386.3750,2.7886E+001
386.4167,2.8395E+001
386.4583,2.1307E-001
386.5000,2.5124E+001
386.5417,1.5872E+001
386.5833,1.5154E+001
386.6250,0.0000E+000
386.6667,9.0570E+000
386.7083,1.3700E+000
386.7500,0.0000E+000
386.7917,4.8505E-011
386.8333,1.2761E+000
386.8750,1.0360E+001
386.9167,1.6602E+001
386.9583,9.4745E+000
387.0000,1.1024E+001
387.0417,1.7064E+001
387.0833,1.8482E+001
387.1250,6.7533E+000
387.1667,2.0895E+001
387.2083,1.9276E+001
387.2500,1.6006E+001
387.2917,6.6560E+000
387.3333,1.0492E+000
387.3750,7.9885E-001
387.4167,0.0000E+000
387.4583,4.4829E-001
387.5000,-4.4487E+001
387.5417,-3.6813E+001
387.5833,-2.8525E+001
387.6250,-6.6245E+000
387.6667,-5.9961E+000
387.7083,-5.0663E+000
387.7500,-4.5729E+000
387.7917,-8.2178E+000
387.8333,-5.3383E+000
387.8750,-8.9656E+000
387.9167,-6.4566E+000
387.9583,-6.7913E+000
388.0000,-5.7742E+000
388.0417,-5.9261E+000
388.0833,-5.5328E+000
388.1250,-6.2353E+000
388.1667,-6.6117E+000
388.2083,-7.2896E+000
388.2500,-5.5054E+000
388.2917,-6.7843E+000
388.3333,-3.4701E+000
388.3750,-4.3498E+000
388.4167,-5.9997E+000
388.4583,-2.7840E+000
388.5000,-7.1913E+000
388.5417,-7.3044E+000
388.5833,-3.4047E+000
388.6250,-4.4452E+000
388.6667,-6.6303E+000
388.7083,-2.2692E+000
388.7500,-2.6506E+000
388.7917,-3.4099E+000
388.8333,-3.3765E+000
388.8750,-5.5312E+000
388.9167,-5.8248E+000
388.9583,-3.6470E+000
389.0000,-6.5347E+000
389.0417,-1.0023E+001
389.0833,-1.0248E+001
389.1250,-8.4821E+000
389.1667,-1.0132E+001
389.2083,-1.1404E+001
389.2500,-1.1724E+001
389.2917,-1.2133E+001
389.3333,-8.4841E+000
389.3750,-9.9990E+000
389.4167,-1.3014E+001
389.4583,-1.0701E+001
389.5000,-8.8652E+000
389.5417,-1.1600E+001
389.5833,-1.2436E+001
389.6250,-6.4800E+000
389.6667,-6.9385E+000
389.7083,-9.6055E+000
389.7500,-1.1474E+001
389.7917,-1.1823E+001
389.8333,-9.9024E+000
389.8750,-8.8209E+000
389.9167,-7.8025E+000
389.9583,-6.5264E+000
390.0000,-5.4738E+000
390.0417,-4.7739E+000
390.0833,-4.2870E+000
390.1250,-4.2118E+000
390.1667,-4.2477E+000
390.2083,-5.5464E+000
390.2500,-9.7974E+000
390.2917,-5.4891E+000
390.3333,-5.1427E+000
390.3750,-4.4382E+000
390.4167,-3.1514E+000
390.4583,-2.8626E+000
390.5000,-9.6507E-001
390.5417,-2.1762E+000
390.5833,-2.1972E+000
390.6250,-0.0000E+000
390.6667,-1.4781E+000
390.7083,-4.3498E+000
390.7500,-5.6407E+000
390.7917,-4.4283E+000
390.8333,-3.6565E+000
390.8750,-4.0088E+000
390.9167,-4.9563E+000
390.9583,-4.7665E+000
391.0000,-5.0546E+000
391.0417,-4.5693E+000
391.0833,-3.2048E+000
391.1250,-2.6141E+000
391.1667,-2.2010E+000
391.2083,-2.1013E+000
391.2500,-3.3440E+000
391.2917,-3.2231E+000
391.3333,-3.2661E+000
391.3750,-2.9659E+000
391.4167,-2.7774E+000
391.4583,-2.3975E+000
391.5000,-3.4301E+000
391.5417,-4.1776E+000
391.5833,-3.0746E+000
391.6250,-5.0524E+000
391.6667,-2.5249E+000
391.7083,-5.6608E+000
391.7500,-7.7432E+000
391.7917,-8.2130E+000
391.8333,-7.0132E+000
391.8750,-6.2737E+000
391.9167,-5.4919E+000
391.9583,-4.9897E+000
392.0000,-4.7189E+000
392.0417,-4.5993E+000
392.0833,-5.2990E+000
392.1250,-4.9730E+000
392.1667,-3.9821E+000
392.2083,-3.3493E+000
392.2500,-2.5286E+000
392.2917,-1.9678E+000
392.3333,-1.4444E+000
392.3750,-1.1884E+000
392.4167,-9.1401E-001
392.4583,-8.9784E-001
392.5000,-1.1054E+000
392.5417,-1.1373E+000
392.5833,-1.1695E+001
392.6250,-4.0183E+000
392.6667,-1.3779E+000
392.7083,-1.4680E+000
392.7500,-1.6646E+000
392.7917,-1.4763E+000
392.8333,-1.2839E+000
392.8750,-1.2852E+000
392.9167,-1.2933E+000
392.9583,-1.1797E+000
393.0000,-8.6571E-001
393.0417,-4.9894E-001
393.0833,-5.9017E-001
393.1250,-6.3354E-001
393.1667,-7.2985E-001
393.2083,-6.6902E-001
393.2500,-8.1546E-001
393.2917,-7.9646E-001
393.3333,-6.5499E-001
393.3750,-2.8215E-001
393.4167,-1.7691E-013
393.4583,0.0000E+000
393.5000,0.0000E+000
393.5417,4.5316E+000
393.5833,9.4526E+000
393.6250,1.6611E+001
393.6667,5.1004E+000
393.7083,0.0000E+000
393.7500,5.8611E+000
393.7917,1.1359E+001
393.8333,1.3848E+001
393.8750,2.5997E+000
393.9167,5.0131E+000
393.9583,6.4328E+000
394.0000,0.0000E+000
394.0417,8.7336E-011
394.0833,1.7235E+000
394.1250,1.4620E+000
394.1667,1.2666E+001
394.2083,4.3584E+001
394.2500,2.2336E+001
394.2917,1.4946E+001
394.3333,5.7517E+000
394.3750,4.9005E+000
394.4167,6.4110E+000
394.4583,4.2155E+000
394.5000,2.8983E+000
394.5417,7.3903E+000
394.5833,2.0950E+000
394.6250,1.4502E+000
394.6667,-5.3445E-002
394.7083,-2.6467E-002
394.7500,-1.0902E+000
394.7917,-4.1029E-001
394.8333,-4.5733E-001
394.8750,-1.6908E-001
394.9167,-1.0752E-001
394.9583,-1.6393E-002
395.0000,-1.3950E+000
395.0417,-1.2803E+000
395.0833,-1.3157E+000
395.1250,-1.9553E+000
395.1667,-4.1166E+000
395.2083,-2.4654E+000
395.2500,-7.9545E+000
395.2917,-2.4132E+000
395.3333,-2.0288E+000
395.3750,-1.3624E+000
395.4167,-1.8049E+000
395.4583,-1.9732E+000
395.5000,-0.0000E+000
395.5417,-0.0000E+000
395.5833,-1.0188E+000
395.6250,-1.7342E+000
395.6667,-2.9793E+000
395.7083,-4.2267E+000
395.7500,-7.5738E+000
395.7917,-1.2410E+001
395.8333,-1.4161E+001
395.8750,-1.2572E+001
395.9167,-1.7870E+001
395.9583,-2.1457E+001
396.0000,-1.5362E+001
396.0417,-1.6963E+001
396.0833,-1.5124E+001
396.1250,-1.4587E+001
396.1667,-1.1114E+001
396.2083,-1.5210E+001
396.2500,-1.4560E+001
396.2917,-2.9507E+001
396.3333,-1.1578E+001
396.3750,-1.8427E+001
396.4167,-1.5739E+001
396.4583,-2.1552E+001
396.5000,-3.3093E+001
396.5417,-1.4527E+001
396.5833,-9.0121E+000
396.6250,-5.6891E+000
396.6667,-5.0028E+000
396.7083,-8.7473E+000
396.7500,-5.0274E+000
396.7917,-4.1529E+000
396.8333,-3.5097E+000
396.8750,-3.0939E+000
396.9167,-4.9480E+000
396.9583,-2.7173E+000
397.0000,-2.4542E+000
397.0417,-2.2144E+000
397.0833,-2.2737E+000
397.1250,-1.9864E+000
397.1667,-1.6695E+000
397.2083,-1.4095E+000
397.2500,-1.3675E+000
397.2917,-9.3843E-001
397.3333,-7.7973E-001
397.3750,0.0000E+000
397.4167,0.0000E+000
397.4583,0.0000E+000
397.5000,0.0000E+000
397.5417,0.0000E+000
397.5833,0.0000E+000
397.6250,0.0000E+000
397.6667,0.0000E+000
397.7083,0.0000E+000
397.7500,0.0000E+000
397.7917,0.0000E+000
397.8333,0.0000E+000
397.8750,0.0000E+000
397.9167,0.0000E+000
397.9583,0.0000E+000
398.0000,0.0000E+000
398.0417,0.0000E+000
398.0833,1.2311E-001
398.1250,-9.2615E-003
398.1667,-1.2143E+000
398.2083,-4.9592E-001
398.2500,-1.6327E-001
398.2917,-2.7308E-001
398.3333,-3.8365E-001
398.3750,-0.0000E+000
398.4167,0.0000E+000
398.4583,2.8111E-002
398.5000,0.0000E+000
398.5417,1.7657E+001
398.5833,1.2243E+000
398.6250,4.0264E+000
398.6667,2.1142E+000
398.7083,9.6255E-002
398.7500,1.2872E-001
398.7917,4.7855E-010
398.8333,5.2335E+000
398.8750,0.0000E+000
398.9167,1.0667E+000
398.9583,2.2778E+000
399.0000,1.8965E+000
399.0417,1.0086E+000
399.0833,1.0561E+001
399.1250,8.9956E+000
399.1667,3.4842E+000
399.2083,5.4744E-002
399.2500,6.1921E-001
399.2917,1.4819E+000
399.3333,2.8810E-011
399.3750,1.8882E-001
399.4167,3.9818E+000
399.4583,4.6850E+000
399.5000,4.3777E+000
399.5417,1.4517E+001
399.5833,2.3642E-001
399.6250,2.6676E-001
399.6667,-2.7444E+000
399.7083,-1.0384E+001
399.7500,-1.0974E+001
399.7917,-1.0873E+001
399.8333,-1.4285E+001
399.8750,-1.1600E+001
399.9167,-1.1362E+001
399.9583,-1.9198E+001
400.0000,-2.0269E+001
400.0417,-1.0939E+001
400.0833,-1.8523E+001
400.1250,-3.2238E+000
400.1667,-7.3091E+000
400.2083,-4.2786E+000
400.2500,-4.8691E+000
400.2917,-4.3501E+000
400.3333,-3.1935E+000
400.3750,-2.7532E+000
400.4167,-3.0682E+000
400.4583,-3.4753E+000
400.5000,-1.1289E+000
400.5417,-2.9766E+000
400.5833,-3.2632E+000
400.6250,-7.3589E-001
400.6667,-1.4422E+000
400.7083,-0.0000E+000
400.7500,-2.4501E+000
400.7917,-3.9269E+000
400.8333,-6.2998E+000
400.8750,-8.4681E+000
400.9167,-1.0279E+001
400.9583,-1.0909E+001
401.0000,-8.4205E+000
401.0417,-6.2063E+000
401.0833,-6.6233E+000
401.1250,-6.9362E+000
401.1667,-4.7638E+000
401.2083,-7.4906E+000
401.2500,-3.6311E+000
401.2917,-3.5598E+000
401.3333,-2.9446E+000
401.3750,-1.9549E+000
401.4167,-1.1326E+000
401.4583,-0.0000E+000
401.5000,2.1241E-001
401.5417,5.3157E+000
401.5833,0.0000E+000
401.6250,3.3603E+000
401.6667,0.0000E+000
401.7083,0.0000E+000
401.7500,0.0000E+000
401.7917,1.0042E-001
401.8333,-9.2748E-003
401.8750,-0.0000E+000
401.9167,-3.9695E-001
401.9583,-5.7806E-001
402.0000,-3.3291E-001
402.0417,-0.0000E+000
402.0833,-1.6532E-001
402.1250,-3.6209E-001
402.1667,-4.4394E-001
402.2083,-2.8143E-001
402.2500,-3.4612E-001
402.2917,-6.8490E-001
402.3333,-8.0009E-001
402.3750,-3.3337E-001
402.4167,-1.2453E+000
402.4583,-3.7595E-001
402.5000,-0.0000E+000
402.5417,-9.1626E-001
402.5833,-1.6918E+000
402.6250,-0.0000E+000
402.6667,-8.3668E-001
402.7083,-1.1860E+000
402.7500,-1.0631E+000
402.7917,-6.0868E+000
402.8333,-1.4391E+000
402.8750,-2.0876E+000
402.9167,-1.9206E+000
402.9583,-2.7329E+000
403.0000,-7.1737E+000
403.0417,-8.8050E+000
403.0833,-9.3777E+000
403.1250,-1.5227E+001
403.1667,-4.2085E+000
403.2083,-3.9136E+000
403.2500,-3.8163E+000
403.2917,-3.6408E+000
403.3333,-4.2926E+000
403.3750,-6.9842E+000
403.4167,-3.7296E+000
403.4583,-2.6182E+000
403.5000,-5.8883E-001
403.5417,-4.8843E+000
403.5833,-5.2698E-011
403.6250,-6.6054E-001
403.6667,-4.1603E+000
403.7083,-4.8919E+000
403.7500,-7.6077E+000
403.7917,-7.8569E+000
403.8333,-9.3243E+000
403.8750,-8.5249E+000
403.9167,-9.2051E+000
403.9583,-9.1784E+000
404.0000,-8.5170E+000
404.0417,-1.7190E+001
404.0833,-1.6007E+001
404.1250,-3.5724E+001
404.1667,-3.7193E+001
404.2083,-5.5778E+001
404.2500,-4.6637E+001
404.2917,-4.1794E+001
404.3333,-3.9882E+001
404.3750,-4.4245E+001
404.4167,-3.6591E+001
404.4583,-2.9966E+001
404.5000,-2.9003E+001
404.5417,-2.9994E+001
404.5833,-2.0902E+001
404.6250,-1.9916E+001
404.6667,-1.3149E+001
404.7083,-1.0846E+001
404.7500,-1.0526E+001
404.7917,-1.0419E+001
404.8333,-2.0235E+001
404.8750,-1.6986E+001
404.9167,-1.7339E+001
404.9583,-9.0739E+000
405.0000,-1.1962E+001
405.0417,-1.1455E+001
405.0833,-2.1403E+001
405.1250,-1.3617E+001
405.1667,-1.9034E+001
405.2083,-1.8844E+001
405.2500,-1.6881E+001
405.2917,-9.9424E+000
405.3333,-1.9999E+001
405.3750,-1.7884E+001
405.4167,-2.3085E+001
405.4583,-1.8184E+001
405.5000,-1.9459E+001
405.5417,-3.1928E+001
405.5833,-2.9912E+001
405.6250,-2.5224E+001
405.6667,-3.5135E+001
405.7083,-2.8306E+001
405.7500,-2.6764E+001
405.7917,-3.0469E+001
405.8333,-3.9968E+001
405.8750,-2.5982E+001
405.9167,-3.9646E+001
405.9583,-4.5361E+001
406.0000,-4.6265E+001
406.0417,-2.7701E+001
406.0833,-4.3408E+001
406.1250,-4.6877E+001
406.1667,-5.5316E+001
406.2083,-4.1881E+001
406.2500,-5.0031E+001
406.2917,-3.8897E+001
406.3333,-4.7962E+001
406.3750,-5.9368E+001
406.4167,-6.2107E+001
406.4583,-6.1204E+001
406.5000,-6.0545E+001
406.5417,-5.0658E+001
406.5833,-5.4327E+001
406.6250,-4.8657E+001
406.6667,-4.4187E+001
406.7083,-3.6722E+001
406.7500,-2.2819E+001
406.7917,-1.7850E+001
406.8333,-1.9453E+001
406.8750,-2.0337E+001
406.9167,-2.1302E+001
406.9583,-2.9299E+001
407.0000,-2.2143E+001
407.0417,-2.2837E+001
407.0833,-2.4195E+001
407.1250,-2.7141E+001
407.1667,-2.4089E+001
407.2083,-2.2707E+001
407.2500,-2.1456E+001
407.2917,-2.1779E+001
407.3333,-2.1965E+001
407.3750,-1.9037E+001
407.4167,-1.7422E+001
407.4583,-1.3029E+001
407.5000,-4.4456E+001
407.5417,-3.5341E+001
407.5833,-4.6911E+001
407.6250,-5.2407E+001
407.6667,-4.5820E+001
407.7083,-2.4458E+001
407.7500,-1.4084E+001
407.7917,-1.5222E+001
407.8333,-1.5426E+001
407.8750,-1.8450E+001
407.9167,-1.9326E+001
407.9583,-2.5366E+001
408.0000,-2.9908E+001
408.0417,-3.2101E+001
408.0833,-3.1680E+001
408.1250,-2.7492E+001
408.1667,-3.4002E+001
408.2083,-2.9606E+001
408.2500,-3.3446E+001
408.2917,-2.8208E+001
408.3333,-3.6801E+001
408.3750,-2.6463E+001
408.4167,-4.6297E+001
408.4583,-3.7246E+001
408.5000,-4.7270E+001
408.5417,-4.0965E+001
408.5833,-5.2659E+001
408.6250,-2.0301E+001
408.6667,-2.7099E+001
408.7083,-2.8100E+001
408.7500,-3.8176E+001
408.7917,-4.7401E+001
408.8333,-4.5261E+001
408.8750,-3.4391E+001
408.9167,-4.6091E+001
408.9583,-2.8983E+001
409.0000,-6.7261E+001
409.0417,-5.6564E+001
409.0833,-4.0383E+001
409.1250,-4.3011E+001
409.1667,-4.1229E+001
409.2083,-3.6888E+001
409.2500,-4.7183E+001
409.2917,-4.2651E+001
409.3333,-4.5657E+001
409.3750,-5.2724E+001
409.4167,-5.0207E+001
409.4583,-6.7748E+001
409.5000,-7.9690E+001
409.5417,-3.2459E+001
409.5833,-3.4334E+001
409.6250,-3.4003E+001
409.6667,-2.4535E+001
409.7083,-2.4534E+001
409.7500,-1.4673E+001
409.7917,-1.4385E+001
409.8333,-1.4271E+001
409.8750,-1.9507E+001
409.9167,-1.3357E+001
409.9583,-1.5735E+001
410.0000,-1.5250E+001
410.0417,-1.5426E+001
410.0833,-1.6489E+001
410.1250,-1.7329E+001
410.1667,-1.8225E+001
410.2083,-1.8169E+001
410.2500,-1.8198E+001
410.2917,-1.8299E+001
410.3333,-1.8241E+001
410.3750,-1.7492E+001
410.4167,-1.7345E+001
410.4583,-7.3917E+001
410.5000,-5.2202E+001
410.5417,-5.3401E+001
410.5833,-4.9097E+001
410.6250,-2.7829E+001
410.6667,-1.0605E+001
410.7083,-0.0000E+000
410.7500,-6.0307E+000
410.7917,-6.5532E+000
410.8333,-7.1940E+000
410.8750,-7.2667E+000
410.9167,-8.9241E+000
410.9583,-8.5547E+000
411.0000,-1.0587E+001
411.0417,-1.2180E+001
411.0833,-1.3136E+001
411.1250,-1.3314E+001
411.1667,-1.4209E+001
411.2083,-1.4325E+001
411.2500,-1.4123E+001
411.2917,-1.3151E+001
411.3333,-1.1957E+001
411.3750,-1.0438E+001
411.4167,-9.2862E+000
411.4583,-2.3545E+001
411.5000,-2.7277E+001
411.5417,-2.1193E+001
411.5833,-2.5583E+001
411.6250,-0.0000E+000
411.6667,-0.0000E+000
411.7083,-0.0000E+000
411.7500,-0.0000E+000
411.7917,-1.9500E+000
411.8333,-1.4644E+000
411.8750,-0.0000E+000
411.9167,-0.0000E+000
411.9583,-0.0000E+000
412.0000,-0.0000E+000
412.0417,-0.0000E+000
412.0833,-0.0000E+000
412.1250,-0.0000E+000
412.1667,-0.0000E+000
412.2083,-0.0000E+000
412.2500,-0.0000E+000
412.2917,-0.0000E+000
412.3333,-3.3831E-001
412.3750,-0.0000E+000
412.4167,0.0000E+000
412.4583,0.0000E+000
412.5000,0.0000E+000
412.5417,1.0369E+001
412.5833,4.4499E-011
412.6250,0.0000E+000
412.6667,1.0560E-001
412.7083,2.3206E-001
412.7500,-4.0176E+000
412.7917,-1.3479E+001
412.8333,-9.6219E+000
412.8750,-7.3178E+000
412.9167,-9.7582E+000
412.9583,-1.4822E+000
413.0000,1.9204E+000
413.0417,4.4038E+000
413.0833,2.1901E+000
413.1250,3.7413E-001
413.1667,1.5890E+000
413.2083,3.2629E+000
413.2500,1.8313E+000
413.2917,4.1616E+000
413.3333,1.3070E+000
413.3750,8.3084E+000
413.4167,4.9431E-001
413.4583,1.9136E+001
413.5000,1.0590E+001
413.5417,1.3871E+001
413.5833,8.8942E+000
413.6250,3.0618E+000
413.6667,3.8322E+000
413.7083,2.5651E+000
413.7500,-1.5603E-001
413.7917,-1.8495E+000
413.8333,-5.3041E+000
413.8750,-1.2670E+001
413.9167,-1.0219E+001
413.9583,-1.3285E+001
414.0000,-1.0836E+001
414.0417,-1.4616E+001
414.0833,-8.0363E+000
414.1250,-4.8492E+000
414.1667,-1.3497E+001
414.2083,-4.8804E+000
414.2500,-2.8732E+000
414.2917,-2.2598E+000
414.3333,-1.9602E+000
414.3750,-7.9101E-001
414.4167,0.0000E+000
414.4583,1.8815E-002
414.5000,2.0114E+001
414.5417,1.2412E+001
414.5833,1.6804E+001
414.6250,7.9733E+000
414.6667,3.8551E+000
414.7083,2.4715E-001
414.7500,-1.8289E-001
414.7917,-2.0991E+000
414.8333,-3.6450E+000
414.8750,-3.5996E+000
414.9167,5.9109E+000
414.9583,4.1492E+000
415.0000,1.5073E+000
415.0417,0.0000E+000
415.0833,0.0000E+000
415.1250,-0.0000E+000
415.1667,-2.1844E+000
415.2083,-5.1495E+000
415.2500,-7.0777E+000
415.2917,-1.0615E+001
415.3333,-1.4864E+001
415.3750,-6.9475E+000
415.4167,-9.2786E-001
415.4583,0.0000E+000
415.5000,1.0403E+001
415.5417,1.2125E+001
415.5833,2.0820E+001
415.6250,1.2249E+001
415.6667,1.5308E+000
415.7083,7.7726E-001
415.7500,-1.7213E+000
415.7917,-4.3514E+000
415.8333,-6.9205E+000
415.8750,-8.6308E+000
415.9167,-7.9018E+000
415.9583,-7.3029E+000
416.0000,-6.5554E+000
416.0417,-1.1828E+001
416.0833,-1.0344E+001
416.1250,-1.4115E+001
416.1667,-9.0624E+000
416.2083,-1.2062E+001
416.2500,-1.1218E+001
416.2917,-1.7065E+001
416.3333,-9.1460E+000
416.3750,-8.8625E+000
416.4167,-1.8229E+000
416.4583,2.9894E-010
416.5000,3.4944E+001
416.5417,4.0948E+001
416.5833,2.1102E+001
416.6250,1.7445E+001
416.6667,5.9278E+000
416.7083,-5.1092E-013
416.7500,-3.4758E+000
416.7917,-9.0039E+000
416.8333,-1.0785E+001
416.8750,-1.3635E+001
416.9167,-1.4341E+001
416.9583,-2.0672E+001
417.0000,-2.4359E+001
417.0417,-2.2682E+001
417.0833,-1.6558E+001
417.1250,-2.2560E+001
417.1667,-2.5035E+001
417.2083,-2.4355E+001
417.2500,-1.3756E+001
417.2917,-1.3136E+001
417.3333,-1.2646E+001
417.3750,-1.0111E+001
417.4167,-6.3416E+000
417.4583,0.0000E+000
417.5000,2.0349E+001
417.5417,1.9871E+001
417.5833,6.5587E+000
417.6250,-4.4068E+000
417.6667,-7.6937E-001
417.7083,-1.8666E+000
417.7500,-7.0326E+000
417.7917,-1.3856E+001
417.8333,-1.9117E+001
417.8750,-1.6694E+001
417.9167,-1.3214E+001
417.9583,-1.3180E+001
418.0000,-2.5542E+001
418.0417,-1.5125E+001
418.0833,-1.3085E+001
418.1250,-1.3311E+001
418.1667,-2.3276E+001
418.2083,-2.1287E+001
418.2500,-1.7666E+001
418.2917,-1.3211E+001
418.3333,-9.3087E+000
418.3750,-5.5138E+000
418.4167,-1.9160E-001
418.4583,6.2222E+000
418.5000,1.0835E+001
418.5417,1.3901E+001
418.5833,8.5454E+000
418.6250,6.7897E+000
418.6667,2.6389E+000
418.7083,5.9301E-013
418.7500,-9.2014E-002
418.7917,-5.3703E-002
418.8333,-1.1623E+000
418.8750,-2.9468E+000
418.9167,-5.6673E+000
418.9583,-8.6228E+000
419.0000,-6.9177E+000
419.0417,-7.6009E+000
419.0833,-5.7277E+000
419.1250,-5.5608E+000
419.1667,-2.0873E+000
419.2083,-3.3103E+000
419.2500,-2.6995E+000
419.2917,-3.4077E+000
419.3333,-4.1465E+000
419.3750,-6.3670E-001
419.4167,0.0000E+000
419.4583,8.6886E-010
419.5000,2.5119E+001
419.5417,3.2735E+001
419.5833,2.3059E+001
419.6250,9.4612E+000
419.6667,3.2803E+000
419.7083,4.4472E-001
419.7500,-0.0000E+000
419.7917,-4.2057E+000
419.8333,-7.3956E+000
419.8750,-9.8136E+000
419.9167,-1.2257E+001
419.9583,-1.7829E+001
420.0000,-1.4547E+001
420.0417,-2.0384E+001
420.0833,-1.7977E+001
420.1250,-2.0500E+001
420.1667,-1.5570E+001
420.2083,-1.2367E+001
420.2500,-1.1535E+001
420.2917,-8.5699E+000
420.3333,-7.7528E+000
420.3750,-2.6644E+000
420.4167,1.2013E+000
420.4583,3.6228E+001
420.5000,4.1362E+001
420.5417,2.7258E+001
420.5833,9.2934E+000
420.6250,-1.5278E+001
420.6667,-1.3394E+000
420.7083,-0.0000E+000
420.7500,-0.0000E+000
420.7917,-6.9082E+000
420.8333,-1.1311E+001
420.8750,-1.2979E+001
420.9167,-1.3353E+001
420.9583,-2.2227E+001
421.0000,-2.2439E+001
421.0417,-2.4843E+001
421.0833,-1.6803E+001
421.1250,-1.7077E+001
421.1667,-2.3136E+001
421.2083,-1.5818E+001
421.2500,-1.9869E+001
421.2917,-2.6708E+001
421.3333,-2.3565E+001
421.3750,-9.6747E+000
421.4167,-6.8396E-001
421.4583,-2.1189E+001
421.5000,-4.0684E+001
421.5417,-5.1860E+001
421.5833,-6.1196E+001
421.6250,-6.8482E+001
421.6667,-1.4518E+001
421.7083,-2.7451E+000
421.7500,-5.4023E+000
421.7917,-1.1854E+001
421.8333,-2.0774E+001
421.8750,-3.2850E+001
421.9167,-2.8341E+001
421.9583,-3.2328E+001
422.0000,-2.7537E+001
422.0417,-2.8033E+001
422.0833,-2.5009E+001
422.1250,-2.4996E+001
422.1667,-2.3083E+001
422.2083,-1.1466E+001
422.2500,-9.3177E+000
422.2917,-7.9863E+000
422.3333,-6.7878E+000
422.3750,-1.6548E+000
422.4167,1.1928E-001
422.4583,8.0913E+000
422.5000,1.0248E+001
422.5417,3.1886E+000
422.5833,-5.2332E+000
422.6250,-5.0903E+000
422.6667,-1.1624E+001
422.7083,-1.3320E+001
422.7500,-2.2443E+000
422.7917,-2.3341E+000
422.8333,-2.7476E+000
422.8750,-3.9433E+000
422.9167,-3.8098E+000
422.9583,-1.0093E+001
423.0000,-2.3532E+001
423.0417,-2.1316E+001
423.0833,-2.1245E+001
423.1250,-1.8669E+001
423.1667,-1.2313E+001
423.2083,-1.2931E+001
423.2500,-2.0535E+001
423.2917,-2.1642E+001
423.3333,-1.5105E+001
423.3750,-2.1480E+001
423.4167,-1.0504E+001
423.4583,-7.9716E+000
423.5000,-2.3255E+001
423.5417,-3.8607E+001
423.5833,-2.7892E+001
423.6250,-3.8352E+001
423.6667,-2.7116E+001
423.7083,-1.9779E+001
423.7500,-1.1195E+001
423.7917,-2.5819E+001
423.8333,-2.5821E+001
423.8750,-3.5057E+001
423.9167,-2.5537E+001
423.9583,-2.1454E+001
424.0000,-1.8856E+001
424.0417,-1.4481E+001
424.0833,-1.2804E+001
424.1250,-1.0127E+001
424.1667,-9.8647E+000
424.2083,-1.0004E+001
424.2500,-1.3334E+001
424.2917,-1.2047E+001
424.3333,-1.2227E+001
424.3750,-1.2339E+001
424.4167,-1.3985E+001
424.4583,-7.1653E+000
424.5000,-2.1132E+001
424.5417,-2.7341E+001
424.5833,-2.7248E+001
424.6250,-2.5431E+001
424.6667,-1.5738E+001
424.7083,-2.7484E+000
424.7500,-4.6385E+000
424.7917,-8.2491E+000
424.8333,-1.0609E+001
424.8750,-1.2480E+001
424.9167,-1.3287E+001
424.9583,-2.4908E+001
425.0000,-2.7651E+001
425.0417,-2.6468E+001
425.0833,-2.0341E+001
425.1250,-2.0728E+001
425.1667,-2.5805E+001
425.2083,-1.1788E+001
425.2500,-1.1324E+001
425.2917,-1.1520E+001
425.3333,-1.0696E+001
425.3750,-9.9752E+000
425.4167,-2.9873E+000
425.4583,-6.7139E+000
425.5000,-1.1331E+001
425.5417,-4.8382E+001
425.5833,-3.9792E+001
425.6250,-2.4103E+001
425.6667,-1.5347E+001
425.7083,-0.0000E+000
425.7500,-4.0880E+000
425.7917,-5.8948E+000
425.8333,-1.5932E+001
425.8750,-2.1598E+001
425.9167,-1.2642E+001
425.9583,-1.6659E+001
426.0000,-1.7800E+001
426.0417,-1.7730E+001
426.0833,-1.1193E+001
426.1250,-1.1542E+001
426.1667,-1.3759E+001
426.2083,-1.0825E+001
426.2500,-1.0702E+001
426.2917,-1.0471E+001
426.3333,-8.9969E+000
426.3750,-7.0883E+000
426.4167,-1.5623E+000
426.4583,2.1097E+000
426.5000,3.2971E-001
426.5417,-3.5508E+000
426.5833,-7.0360E+000
426.6250,-1.0465E+001
426.6667,-1.6153E+001
426.7083,-0.0000E+000
426.7500,-2.4777E+000
426.7917,-7.4772E+000
426.8333,-1.0823E+001
426.8750,-1.7675E+001
426.9167,-1.4398E+001
426.9583,-2.7453E+001
427.0000,-1.8776E+001
427.0417,-1.6235E+001
427.0833,-2.3104E+001
427.1250,-1.5595E+001
427.1667,-9.6995E+000
427.2083,-9.2423E+000
427.2500,-8.7025E+000
427.2917,-9.4875E+000
427.3333,-5.7709E+000
427.3750,-5.1315E-001
427.4167,0.0000E+000
427.4583,9.8098E-001
427.5000,-7.0812E+000
427.5417,-9.5805E+000
427.5833,-1.9641E+001
427.6250,-1.1003E+001
427.6667,-9.6304E-002
427.7083,-1.7659E+000
427.7500,-0.0000E+000
427.7917,-0.0000E+000
427.8333,-1.2350E-011
427.8750,-3.2905E+000
427.9167,-2.6845E+000
427.9583,-3.4576E+000
428.0000,-7.1643E+000
428.0417,-5.4090E+000
428.0833,-6.3199E+000
428.1250,-8.7908E+000
428.1667,-8.9017E+000
428.2083,-8.8816E+000
428.2500,-8.3877E+000
428.2917,-7.9496E+000
428.3333,-7.4675E+000
428.3750,-0.0000E+000
428.4167,-8.0706E+000
428.4583,-1.8409E+001
428.5000,-1.3200E+001
428.5417,-1.7894E+001
428.5833,-2.4879E+000
428.6250,-3.3358E-001
428.6667,-1.8671E+000
428.7083,-4.7079E-001
428.7500,-6.5626E-001
428.7917,-5.4865E+000
428.8333,-6.2703E+000
428.8750,-6.9406E+000
428.9167,-5.7124E+000
428.9583,-2.8343E+001
429.0000,-2.4231E+001
429.0417,-5.3692E+001
429.0833,-5.9175E+001
429.1250,-2.4455E+001
429.1667,-1.8491E+001
429.2083,-1.1098E+001
429.2500,-1.0335E+001
429.2917,-2.5164E+001
429.3333,-2.2257E+001
429.3750,-1.6378E+001
429.4167,-4.5478E+001
429.4583,-4.8278E+001
429.5000,-3.1737E+001
429.5417,-3.7653E+001
429.5833,-4.3434E+001
429.6250,-4.8993E+001
429.6667,-3.0663E+001
429.7083,-3.2299E+001
429.7500,-1.9010E+001
429.7917,-9.4412E+000
429.8333,-2.2851E+001
429.8750,-2.8422E+001
429.9167,-1.0941E+001
429.9583,-2.2971E+001
430.0000,-3.3859E+001
430.0417,-3.5126E+001
430.0833,-2.9288E+001
430.1250,-3.1987E+001
430.1667,-2.3693E+001
430.2083,-2.0108E+001
430.2500,-3.2425E+001
430.2917,-3.5536E+001
430.3333,-2.9150E+001
430.3750,-4.3071E+001
430.4167,-5.0986E+001
430.4583,-4.7176E+001
430.5000,-6.5535E+001
430.5417,-5.4429E+001
430.5833,-5.5040E+001
430.6250,-5.4123E+001
430.6667,-3.8834E+001
430.7083,-1.9365E+001
430.7500,-1.4139E+001
430.7917,-2.3527E+001
430.8333,-2.3506E+001
430.8750,-2.4674E+001
430.9167,-2.8153E+001
430.9583,-2.9128E+001
431.0000,-2.9858E+001
431.0417,-1.5238E+001
431.0833,-1.7415E+001
431.1250,-1.3005E+001
431.1667,-1.3093E+001
431.2083,-1.2825E+001
431.2500,-1.4320E+001
431.2917,-1.9507E+001
431.3333,-1.0531E+001
431.3750,-8.6567E+000
431.4167,-7.5858E+000
431.4583,-1.9513E+001
431.5000,-3.0147E+001
431.5417,-3.9921E+001
431.5833,-3.5992E+001
431.6250,-2.0389E+001
431.6667,-2.4703E+001
431.7083,-1.0710E+001
431.7500,-8.0408E+000
431.7917,-1.3188E+001
431.8333,-1.8191E+001
431.8750,-2.0928E+001
431.9167,-3.1082E+001
431.9583,-4.9658E+001
432.0000,-3.5361E+001
432.0417,-1.1974E+001
432.0833,-1.8463E+001
432.1250,-2.1130E+001
432.1667,-9.6951E+000
432.2083,-9.6131E+000
432.2500,-9.6076E+000
432.2917,-1.5696E+001
432.3333,-1.8587E+001
432.3750,-1.1235E+001
432.4167,-1.1922E+001
432.4583,-1.7080E+001
432.5000,-1.8928E+001
432.5417,-2.2121E+001
432.5833,-2.4809E+001
432.6250,-1.5183E+001
432.6667,-1.0272E+001
432.7083,-4.3313E+000
432.7500,-3.0108E+000
432.7917,-1.7058E+001
432.8333,-1.9686E+001
432.8750,-1.3143E+001
432.9167,-1.8034E+001
432.9583,-1.6211E+001
433.0000,-1.0779E+001
433.0417,-1.6735E+001
433.0833,-1.0218E+001
433.1250,-1.3331E+001
433.1667,-7.7687E+000
433.2083,-5.9631E+000
433.2500,-7.8951E+000
433.2917,-5.8464E+000
433.3333,-6.3030E+000
433.3750,-0.0000E+000
433.4167,-1.7565E+000
433.4583,-2.4936E+000
433.5000,-7.9073E+000
433.5417,-3.5923E+000
433.5833,-3.3181E+000
433.6250,-6.2238E+000
433.6667,-6.0493E+000
433.7083,-3.7484E+000
433.7500,-0.0000E+000
433.7917,-1.7034E+000
433.8333,-3.6239E-001
433.8750,-0.0000E+000
433.9167,-0.0000E+000
433.9583,-2.2610E+000
434.0000,-5.8790E+000
434.0417,-1.0829E+001
434.0833,-9.1666E+000
434.1250,-5.6623E+000
434.1667,-3.9733E+000
434.2083,-3.4419E+000
434.2500,-3.2840E+000
434.2917,-2.6157E+000
434.3333,-3.1819E-001
434.3750,1.1584E-001
434.4167,4.7996E+000
434.4583,4.3228E+000
434.5000,3.3188E-001
434.5417,-4.2924E+000
434.5833,-9.0809E+000
434.6250,-1.1181E+001
434.6667,-1.1252E+001
434.7083,-4.1133E+000
434.7500,-0.0000E+000
434.7917,-0.0000E+000
434.8333,-0.0000E+000
434.8750,-2.5001E+000
434.9167,-3.0618E+000
434.9583,-3.3872E+000
435.0000,-8.4414E+000
435.0417,-1.8345E+001
435.0833,-1.6174E+001
435.1250,-2.8507E+001
435.1667,-1.8831E+001
435.2083,-8.6626E+000
435.2500,-7.3175E+000
435.2917,-5.6238E-001
435.3333,3.5265E+000
435.3750,6.2361E+000
435.4167,1.1346E+001
435.4583,1.4572E+001
435.5000,2.4812E+001
435.5417,2.1548E+001
435.5833,1.0234E+001
435.6250,8.8942E+000
435.6667,1.1924E+000
435.7083,-5.5707E+000
435.7500,-3.2823E+000
435.7917,-2.4976E+001
435.8333,-7.0860E+000
435.8750,-7.7214E+000
435.9167,-9.6361E+000
435.9583,-1.1343E+001
436.0000,-2.7229E+001
436.0417,-2.7642E+001
436.0833,-1.5155E+001
436.1250,-1.4040E+001
436.1667,-1.0723E+001
436.2083,-1.2033E+001
436.2500,-2.4813E+001
436.2917,-3.4356E+001
436.3333,-3.8190E+001
436.3750,-2.5333E+001
436.4167,-3.3853E+001
436.4583,-3.3802E+001
436.5000,-4.9884E+001
436.5417,-7.1326E+001
436.5833,-5.7540E+001
436.6250,-6.7270E+001
436.6667,-6.2678E+001
436.7083,-6.8387E+001
436.7500,-5.9501E+001
436.7917,-4.4421E+001
436.8333,-3.1795E+001
436.8750,-1.5235E+001
436.9167,-9.2158E+000
436.9583,-1.9033E+001
437.0000,-2.7450E+001
437.0417,-2.1256E+001
437.0833,-1.0208E+001
437.1250,-1.8497E+001
437.1667,-1.8183E+001
437.2083,-1.7481E+001
437.2500,-2.0979E+001
437.2917,-2.8540E+001
437.3333,-6.2592E+001
437.3750,-5.6329E+001
437.4167,-4.4666E+001
437.4583,-2.9746E+001
437.5000,-2.4792E+001
437.5417,-4.7719E+001
437.5833,-4.3645E+001
437.6250,-2.8276E+001
437.6667,-3.4128E+001
437.7083,-2.1197E+001
437.7500,-7.9757E+000
437.7917,-2.4453E+001
437.8333,-2.0242E+001
437.8750,-3.7817E+001
437.9167,-8.4083E+000
437.9583,-2.0204E+001
438.0000,-6.4754E+000
438.0417,-3.5934E+000
438.0833,-5.0897E+000
438.1250,-9.4655E+000
438.1667,-4.4288E+000
438.2083,-1.9548E+000
438.2500,-2.8475E+000
438.2917,-1.0530E+000
438.3333,-1.0301E+000
438.3750,-2.5210E+000
438.4167,-3.5722E+000
438.4583,-6.0994E+000
438.5000,-1.7592E+000
438.5417,-5.7448E+000
438.5833,-3.6315E+000
438.6250,-0.0000E+000
438.6667,0.0000E+000
438.7083,-4.5255E-002
438.7500,-0.0000E+000
438.7917,-3.1343E+000
438.8333,-5.1901E+000
438.8750,-4.9149E+000
438.9167,-6.0361E+000
438.9583,-6.3810E+000
439.0000,-6.9465E+000
439.0417,-6.3020E+000
439.0833,-3.6348E+000
439.1250,-1.7209E+000
439.1667,-2.2510E-001
439.2083,-1.5597E+000
439.2500,-6.9653E+000
439.2917,-8.1347E+000
439.3333,-9.4418E-001
439.3750,-0.0000E+000
439.4167,5.0960E-003
439.4583,2.8151E+000
439.5000,-8.7595E+000
439.5417,-1.5316E+001
439.5833,-2.3724E+001
439.6250,-1.4807E+001
439.6667,-1.3040E+001
439.7083,-1.0861E+001
439.7500,-6.2751E+000
439.7917,-1.2197E+001
439.8333,-1.9647E+001
439.8750,-1.2354E+001
439.9167,-1.0954E+001
439.9583,-1.2327E+001
440.0000,-1.2039E+001
440.0417,-1.0101E+001
440.0833,-7.5353E+000
440.1250,-6.9983E+000
440.1667,-6.8284E+000
440.2083,-5.7755E+000
440.2500,-5.2738E+000
440.2917,-4.7985E+000
440.3333,-3.1112E+000
440.3750,-0.0000E+000
440.4167,-3.8730E+000
440.4583,-1.9785E+001
440.5000,-2.8052E+001
440.5417,-3.6199E+001
440.5833,-1.2830E+001
440.6250,-4.1606E+000
440.6667,-7.1864E+000
440.7083,-1.0474E+001
440.7500,-5.0602E+000
440.7917,-5.4539E+000
440.8333,-6.5768E+000
440.8750,-6.6015E+000
440.9167,-5.5823E+000
440.9583,-5.4346E+000
441.0000,-5.3291E+000
441.0417,-5.2856E+000
441.0833,-5.3806E+000
441.1250,-5.9949E+000
441.1667,-5.6191E+000
441.2083,-5.4203E+000
441.2500,-4.2742E+000
441.2917,-5.2199E+000
441.3333,-1.1087E+001
441.3750,-4.1068E+000
441.4167,-1.6651E+001
441.4583,-6.8450E+000
441.5000,-5.2026E+000
441.5417,-2.6195E+001
441.5833,-4.2891E+001
441.6250,-2.9996E+001
441.6667,-2.9225E+001
441.7083,-4.3877E+001
441.7500,-1.2263E+001
441.7917,-2.8393E+001
441.8333,-9.5157E+000
441.8750,-9.6383E+000
441.9167,-1.4995E+001
441.9583,-2.3163E+001
442.0000,-2.4166E+001
442.0417,-3.3778E+001
442.0833,-1.6786E+001
442.1250,-1.6765E+001
442.1667,-1.6898E+001
442.2083,-1.6415E+001
442.2500,-1.5305E+001
442.2917,-1.5460E+001
442.3333,-2.3541E+001
442.3750,-1.0905E+001
442.4167,-1.7914E+001
442.4583,-6.2985E-002
442.5000,-2.2632E+001
442.5417,-4.9382E+001
442.5833,-3.4615E+001
442.6250,-4.6725E+001
442.6667,-6.4578E+000
442.7083,-2.6727E+000
442.7500,-0.0000E+000
442.7917,-9.2728E+000
442.8333,-8.5307E+000
442.8750,-2.8038E+001
442.9167,-7.1694E+000
442.9583,-7.1492E+000
443.0000,-8.7884E+000
443.0417,-9.0600E+000
443.0833,-8.8445E+000
443.1250,-8.4063E+000
443.1667,-1.0960E+001
443.2083,-7.3598E+000
443.2500,-6.2729E+000
443.2917,-6.1859E+000
443.3333,-5.7507E+000
443.3750,-2.4734E+001
443.4167,-2.1411E+001
443.4583,-3.2428E+001
443.5000,-3.4785E+001
443.5417,-3.3464E+001
443.5833,-2.8377E+001
443.6250,-4.3606E+001
443.6667,-3.6456E+001
443.7083,-4.9824E+001
443.7500,-2.8374E+001
443.7917,-1.1175E+001
443.8333,-1.3536E+001
443.8750,-1.4304E+001
443.9167,-1.4336E+001
443.9583,-1.3668E+001
444.0000,-1.1979E+001
444.0417,-1.1264E+001
444.0833,-1.0826E+001
444.1250,-1.0360E+001
444.1667,-7.6940E+000
444.2083,-7.7763E+000
444.2500,-8.3144E+000
444.2917,-6.9375E+000
444.3333,-4.5233E+000
444.3750,-3.6593E+000
444.4167,-4.0495E+001
444.4583,-2.1186E+001
444.5000,-6.4100E+001
444.5417,-7.8989E+001
444.5833,-8.8535E+001
444.6250,-6.8134E+001
444.6667,-3.4037E+001
444.7083,-3.7434E+001
444.7500,-3.4666E+000
444.7917,-9.7295E+000
444.8333,-1.8632E+001
444.8750,-1.0499E+001
444.9167,-1.3496E+001
444.9583,-1.2806E+001
445.0000,-1.6147E+001
445.0417,-1.1348E+001
445.0833,-9.5835E+000
445.1250,-9.3718E+000
445.1667,-1.3041E+001
445.2083,-1.1869E+001
445.2500,-1.7824E+001
445.2917,-1.5562E+001
445.3333,-6.6822E+000
445.3750,-8.9352E+000
445.4167,-1.0685E+001
445.4583,-7.2887E+000
445.5000,-5.4203E+000
445.5417,-3.0305E-011
445.5833,-3.3440E+000
445.6250,-8.5545E+000
445.6667,-1.5012E+001
445.7083,-3.7430E+001
445.7500,-4.7528E-001
445.7917,-4.7597E+000
445.8333,-9.3123E+000
445.8750,-9.6344E+000
445.9167,-9.9783E+000
445.9583,-1.0449E+001
446.0000,-1.6513E+001
446.0417,-9.3144E+000
446.0833,-1.2395E+001
446.1250,-9.6951E+000
446.1667,-8.0309E+000
446.2083,-7.0037E+000
446.2500,-5.9396E+000
446.2917,-5.3588E+000
446.3333,-4.0090E+000
446.3750,-4.8106E+000
446.4167,-1.7727E+001
446.4583,-1.2527E+001
446.5000,-1.4317E+001
446.5417,-2.1876E+001
446.5833,-1.0990E+001
446.6250,-2.4983E+001
446.6667,-1.0253E+001
446.7083,-7.0514E-010
446.7500,-1.3344E+001
446.7917,-2.2627E+000
446.8333,-3.2957E+000
446.8750,-4.6513E+000
446.9167,-3.1756E+000
446.9583,-2.8490E+000
447.0000,-2.1164E+000
447.0417,-7.9043E-011
447.0833,-0.0000E+000
447.1250,0.0000E+000
447.1667,0.0000E+000
447.2083,0.0000E+000
447.2500,0.0000E+000
447.2917,1.6169E-011
447.3333,5.9850E+000
447.3750,-3.2509E+000
447.4167,-6.5515E+000
447.4583,-2.6070E+000
447.5000,-1.0830E+001
447.5417,-1.2150E+001
447.5833,-1.2122E+001
447.6250,-1.6465E+001
447.6667,-1.2536E+001
447.7083,-1.4491E+001
447.7500,-0.0000E+000
447.7917,-8.1776E+000
447.8333,-1.0981E+001
447.8750,-1.2688E+001
447.9167,-1.3631E+001
447.9583,-1.3816E+001
448.0000,-1.3499E+001
448.0417,-1.3070E+001
448.0833,-2.2014E+001
448.1250,-1.1552E+001
448.1667,-1.7103E+001
448.2083,-8.3784E+000
448.2500,-7.6237E+000
448.2917,-1.0598E+001
448.3333,-3.7460E+000
448.3750,-0.0000E+000
448.4167,1.2815E+001
448.4583,1.8703E+001
448.5000,1.6814E+001
448.5417,1.0619E+001
448.5833,6.9915E+000
448.6250,-1.4052E+000
448.6667,-2.0686E+000
448.7083,-0.0000E+000
448.7500,-0.0000E+000
448.7917,-3.5940E+000
448.8333,-7.2136E+000
448.8750,-9.1724E+000
448.9167,-1.0878E+001
448.9583,-1.1944E+001
449.0000,-1.5196E+001
449.0417,-2.2948E+001
449.0833,-2.3158E+001
449.1250,-2.0692E+001
449.1667,-1.8103E+001
449.2083,-2.1444E+001
449.2500,-1.5346E+001
449.2917,-1.3784E+001
449.3333,-5.5630E+000
449.3750,0.0000E+000
449.4167,2.1954E+000
449.4583,5.3208E+000
449.5000,7.2592E-001
449.5417,-6.9101E+000
449.5833,-1.8901E+001
449.6250,-1.1193E+001
449.6667,-1.9092E+001
449.7083,-3.6194E+000
449.7500,-2.9689E+000
449.7917,-7.0067E+000
449.8333,-1.0160E+001
449.8750,-1.3462E+001
449.9167,-1.4874E+001
449.9583,-1.6762E+001
450.0000,-1.7745E+001
450.0417,-2.0051E+001
450.0833,-1.8825E+001
450.1250,-2.3570E+001
450.1667,-2.5028E+001
450.2083,-1.9790E+001
450.2500,-2.2289E+001
450.2917,-1.1913E+001
450.3333,-7.9813E+000
450.3750,-0.0000E+000
450.4167,1.2848E+001
450.4583,2.6365E+000
450.5000,-1.5547E+001
450.5417,-2.2898E+001
450.5833,-7.1050E+000
450.6250,-2.4845E+001
450.6667,-2.6484E+001
450.7083,-3.2968E+001
450.7500,-1.0993E+001
450.7917,-0.0000E+000
450.8333,-8.6283E+000
450.8750,-1.2784E+001
450.9167,-1.7617E+001
450.9583,-2.2002E+001
451.0000,-1.7026E+001
451.0417,-1.1873E+001
451.0833,-9.7647E+000
451.1250,-6.4230E+000
451.1667,-1.2808E+000
451.2083,-7.8373E+000
451.2500,-3.9778E+000
451.2917,-3.8560E+000
451.3333,-1.2993E+001
451.3750,-1.4905E+001
451.4167,-4.0583E+001
451.4583,-4.3200E+001
451.5000,-3.6060E+001
451.5417,-1.3734E+000
451.5833,-3.5354E+001
451.6250,-3.0537E+001
451.6667,-1.9210E+001
451.7083,-3.7070E+000
451.7500,-3.9829E+000
451.7917,-3.0975E+000
451.8333,-5.6927E+000
451.8750,-6.7267E+000
451.9167,-1.0131E+001
451.9583,-1.4913E+001
452.0000,-2.2715E+001
452.0417,-1.1986E+001
452.0833,-1.4016E+001
452.1250,-1.8254E+001
452.1667,-9.7038E+000
452.2083,-1.2970E+001
452.2500,-1.1739E+001
452.2917,-1.3211E+001
452.3333,-2.0377E+001
452.3750,-9.2680E+000
452.4167,-1.3502E+001
452.4583,-2.6316E+001
452.5000,-2.5542E+001
452.5417,-4.3123E+001
452.5833,-5.9372E+001
452.6250,-5.1832E+001
452.6667,-4.6068E+001
452.7083,-1.1233E+001
452.7500,-5.9450E+000
452.7917,-0.0000E+000
452.8333,-1.1151E+001
452.8750,-1.2620E+001
452.9167,-1.8134E+001
452.9583,-2.5298E+001
453.0000,-2.4450E+001
453.0417,-1.4604E+001
453.0833,-2.4495E+001
453.1250,-1.9322E+001
453.1667,-1.8699E+001
453.2083,-2.7559E+001
453.2500,-1.5927E+001
453.2917,-2.3078E+001
453.3333,-1.6413E+001
453.3750,-2.3599E+001
453.4167,-3.1626E+000
453.4583,-2.7212E+001
453.5000,-2.7972E+001
453.5417,-3.9671E+001
453.5833,-8.1816E+001
453.6250,-5.9097E+001
453.6667,-8.9873E+001
453.7083,-3.6812E+001
453.7500,-0.0000E+000
453.7917,-0.0000E+000
453.8333,-2.0278E+001
453.8750,-2.2694E+001
453.9167,-2.9928E+001
453.9583,-5.9004E+001
454.0000,-5.7985E+001
454.0417,-5.7042E+001
454.0833,-4.7350E+001
454.1250,-4.0925E+001
454.1667,-4.0161E+001
454.2083,-3.4179E+001
454.2500,-4.3734E+001
454.2917,-3.6324E+001
454.3333,-2.4835E+001
454.3750,-1.3978E+001
454.4167,-3.7980E+000
454.4583,-7.0220E+000
454.5000,-7.0410E+001
454.5417,-1.0692E+002
454.5833,-1.2335E+002
454.6250,-1.5343E+002
454.6667,-1.2224E+002
454.7083,-9.1169E+001
454.7500,-3.1035E+001
454.7917,-1.8736E+001
454.8333,-1.6747E+001
454.8750,-3.2590E+001
454.9167,-4.7353E+001
454.9583,-4.5372E+001
455.0000,-4.2323E+001
455.0417,-4.8475E+001
455.0833,-4.3007E+001
455.1250,-4.6292E+001
455.1667,-3.4062E+001
455.2083,-3.6739E+001
455.2500,-3.0644E+001
455.2917,-2.8460E+001
455.3333,-1.6764E+001
455.3750,-1.3158E+001
455.4167,-0.0000E+000
455.4583,-9.5625E+000
455.5000,-3.9297E+001
455.5417,-5.1674E+001
455.5833,-7.1369E+001
455.6250,-7.9796E+001
455.6667,-6.8779E+001
455.7083,-7.1024E+001
455.7500,-1.1996E+001
455.7917,-1.3965E+001
455.8333,-1.3099E+001
455.8750,-2.4650E+001
455.9167,-3.4518E+001
455.9583,-4.3742E+001
456.0000,-5.2416E+001
456.0417,-6.3979E+001
456.0833,-5.5080E+001
456.1250,-4.7743E+001
456.1667,-5.1809E+001
456.2083,-5.0179E+001
456.2500,-4.3435E+001
456.2917,-4.1072E+001
456.3333,-4.2895E+001
456.3750,-1.9118E+001
456.4167,-2.6095E+000
456.4583,-8.8136E+000
456.5000,-6.9103E+000
456.5417,-4.5387E+001
456.5833,-3.2887E+001
456.6250,-7.7184E+001
456.6667,-6.6480E+001
456.7083,-9.8350E+001
456.7500,-4.0509E+001
456.7917,-1.6290E+001
456.8333,-2.9330E+001
456.8750,-4.1301E+001
456.9167,-7.2705E+001
456.9583,-5.6374E+001
457.0000,-7.3552E+001
457.0417,-2.2616E+001
457.0833,-5.2308E+001
457.1250,-4.2317E+001
457.1667,-3.2361E+001
457.2083,-3.6393E+001
457.2500,-4.0253E+001
457.2917,-4.1083E+001
457.3333,-3.8557E+001
457.3750,-7.9741E+001
457.4167,-1.2579E+002
457.4583,-6.5986E+001
457.5000,-1.2674E+002
457.5417,-9.8121E+001
457.5833,-7.7441E+001
457.6250,-8.5908E+001
457.6667,-7.9742E+001
457.7083,-5.5640E+001
457.7500,-6.2225E+001
457.7917,-8.6397E+001
457.8333,-3.1242E+001
457.8750,-1.2139E+002
457.9167,-1.4239E+002
457.9583,-1.3052E+002
458.0000,-7.9170E+001
458.0417,-2.4959E+001
458.0833,-2.4472E+001
458.1250,-2.5127E+001
458.1667,-2.3987E+001
458.2083,-2.0415E+001
458.2500,-1.7559E+001
458.2917,-1.5268E+001
458.3333,-1.4416E+001
458.3750,-3.4113E+001
458.4167,-3.8101E+001
458.4583,-5.3939E+001
458.5000,-4.5347E+001
458.5417,-6.5113E+001
458.5833,-6.2583E+001
458.6250,-8.8730E+001
458.6667,-9.8341E+001
458.7083,-6.3926E+001
458.7500,-9.4244E+001
458.7917,-4.0822E+001
458.8333,-1.8009E+001
458.8750,-2.6330E+001
458.9167,-2.6226E+001
458.9583,-2.6719E+001
459.0000,-2.4345E+001
459.0417,-2.7479E+001
459.0833,-4.4768E+001
459.1250,-2.6743E+001
459.1667,-3.0375E+001
459.2083,-3.6390E+001
459.2500,-3.3532E+001
459.2917,-2.6101E+001
459.3333,-1.7103E+001
459.3750,-1.3985E+001
459.4167,-2.6643E+001
459.4583,-1.1850E+001
459.5000,-1.9224E+001
459.5417,-3.2965E+001
459.5833,-3.9012E+001
459.6250,-2.9933E+001
459.6667,-6.7488E+001
459.7083,-6.1438E+001
459.7500,-2.8139E+001
459.7917,-2.9414E+001
459.8333,-1.1078E+001
459.8750,-1.6406E+001
459.9167,-2.0150E+001
459.9583,-3.5955E+001
460.0000,-2.2848E+001
460.0417,-2.9918E+001
460.0833,-3.3069E+001
460.1250,-3.9164E+001
460.1667,-3.3104E+001
460.2083,-3.0807E+001
460.2500,-1.8850E+001
460.2917,-1.2255E+001
460.3333,-8.5750E+000
460.3750,-1.4582E+001
460.4167,-1.7172E+001
460.4583,-1.1476E+001
460.5000,-4.5912E+000
460.5417,-1.7294E+001
460.5833,-7.1414E+000
460.6250,-7.0246E+000
460.6667,-8.8657E+000
460.7083,-6.2465E+001
460.7500,-3.8386E+001
460.7917,-2.6115E+001
460.8333,-1.5220E+001
460.8750,-1.5743E+001
460.9167,-1.6923E+001
460.9583,-2.0366E+001
461.0000,-1.8485E+001
461.0417,-1.8391E+001
461.0833,-3.6084E+001
461.1250,-2.2414E+001
461.1667,-2.3955E+001
461.2083,-1.6857E+001
461.2500,-1.5850E+001
461.2917,-1.4922E+001
461.3333,-1.5591E+001
461.3750,-8.8804E+000
461.4167,-5.6633E+000
461.4583,-1.1790E+001
461.5000,-2.5407E+001
461.5417,-3.1673E+001
461.5833,-2.3734E+001
461.6250,-3.3020E+001
461.6667,-4.4843E+001
461.7083,-6.4564E+001
461.7500,-1.7193E+001
461.7917,-1.7587E+001
461.8333,-1.2719E+001
461.8750,-2.3693E+001
461.9167,-3.6230E+001
461.9583,-1.7109E+001
462.0000,-2.6853E+001
462.0417,-2.8323E+001
462.0833,-1.8141E+001
462.1250,-1.3066E+001
462.1667,-1.5224E+001
462.2083,-1.1733E+001
462.2500,-1.8865E+001
462.2917,-1.3500E+001
462.3333,-1.1001E+001
462.3750,-8.3750E+000
462.4167,-1.4088E+001
462.4583,-2.0709E+001
462.5000,-2.1621E+001
462.5417,-1.3308E+001
462.5833,-2.7026E+001
462.6250,-2.3464E+001
462.6667,-1.2514E+001
462.7083,-1.8664E+001
462.7500,-7.8308E+000
462.7917,-9.8759E-001
462.8333,-4.6262E+000
462.8750,-6.7102E+000
462.9167,-7.6753E+000
462.9583,-1.9080E+001
463.0000,-1.4291E+001
463.0417,-1.5132E+001
463.0833,-1.8303E+001
463.1250,-1.7290E+001
463.1667,-1.6812E+001
463.2083,-1.7913E+001
463.2500,-1.2602E+001
463.2917,-1.2139E+001
463.3333,-2.0214E+001
463.3750,-7.0320E+000
463.4167,-1.5499E+001
463.4583,-2.1363E+001
463.5000,-3.4597E+001
463.5417,-4.7091E+001
463.5833,-6.3318E+001
463.6250,-4.7049E+001
463.6667,-4.4657E+001
463.7083,-3.4629E+001
463.7500,-2.5783E+001
463.7917,-9.1117E+000
463.8333,-1.2338E+001
463.8750,-1.8664E+001
463.9167,-3.0660E+001
463.9583,-2.9310E+001
464.0000,-2.2087E+001
464.0417,-2.1134E+001
464.0833,-2.3120E+001
464.1250,-2.8077E+001
464.1667,-2.4381E+001
464.2083,-1.5619E+001
464.2500,-1.4729E+001
464.2917,-1.5358E+001
464.3333,-1.9757E+001
464.3750,-6.0656E+000
464.4167,-1.3790E+001
464.4583,-2.9541E+001
464.5000,-1.8537E+001
464.5417,-3.5908E+001
464.5833,-5.0972E+001
464.6250,-5.6967E+001
464.6667,-9.1970E+001
464.7083,-1.0288E+002
464.7500,-3.4820E+001
464.7917,-3.7307E+001
464.8333,-1.1474E+001
464.8750,-0.0000E+000
464.9167,-1.1338E+001
464.9583,-5.5694E+000
465.0000,-1.3066E+001
465.0417,-1.6840E+001
465.0833,-1.2005E+001
465.1250,-7.6044E+000
465.1667,-1.9967E+001
465.2083,-1.9757E+001
465.2500,-3.6445E+001
465.2917,-2.5689E+001
465.3333,-3.4832E+001
465.3750,-3.8589E+001
465.4167,-4.5664E+001
465.4583,-2.2770E+001
465.5000,-2.3680E+001
465.5417,-2.6135E+001
465.5833,-5.4242E+001
465.6250,-5.6863E+001
465.6667,-7.0058E+001
465.7083,-1.9784E+001
465.7500,-5.0133E+001
465.7917,-8.5196E-001
465.8333,-0.0000E+000
465.8750,-5.7155E+000
465.9167,-8.7215E+000
465.9583,-1.1960E+001
466.0000,-1.3104E+001
466.0417,-1.5642E+001
466.0833,-1.4787E+001
466.1250,-1.9566E+001
466.1667,-1.1687E+001
466.2083,-1.0441E+001
466.2500,-9.3112E+000
466.2917,-8.4958E+000
466.3333,-6.3163E+000
466.3750,-0.0000E+000
466.4167,-2.2511E+001
466.4583,-2.7737E+001
466.5000,-2.5966E+001
466.5417,-2.0601E+001
466.5833,-1.8244E+001
466.6250,-0.0000E+000
466.6667,-6.3911E+000
466.7083,-4.5791E+000
466.7500,-5.5768E+000
466.7917,-8.8812E+001
466.8333,-7.1930E+001
466.8750,-9.5943E+001
466.9167,-5.5100E+001
466.9583,-7.4173E+001
467.0000,-4.0637E+001
467.0417,-2.8023E+001
467.0833,-1.6429E+001
467.1250,-1.5349E+001
467.1667,-1.5991E+001
467.2083,-1.5592E+001
467.2500,-1.5308E+001
467.2917,-1.4585E+001
467.3333,-1.2709E+001
467.3750,-1.1760E+001
467.4167,-5.7186E+001
467.4583,-3.0289E+001
467.5000,-4.6190E+001
467.5417,-6.7014E+001
467.5833,-8.0370E+001
467.6250,-6.5546E+001
467.6667,-5.9718E+001
467.7083,-8.0701E+001
467.7500,-7.4075E+001
467.7917,-1.6836E+001
467.8333,-2.3188E+001
467.8750,-2.8285E+001
467.9167,-2.0342E+001
467.9583,-2.3008E+001
468.0000,-2.1480E+001
468.0417,-1.9860E+001
468.0833,-2.8196E+001
468.1250,-2.8413E+001
468.1667,-2.4064E+001
468.2083,-2.3497E+001
468.2500,-2.6782E+001
468.2917,-3.0663E+001
468.3333,-2.9842E+001
468.3750,-3.5906E+001
468.4167,-4.1387E+001
468.4583,-3.4755E+001
468.5000,-6.9964E+001
468.5417,-7.2244E+001
468.5833,-1.0271E+002
468.6250,-6.8601E+001
468.6667,-1.0348E+002
468.7083,-5.4772E+001
468.7500,-7.7058E+001
468.7917,-3.2752E+001
468.8333,-1.8462E+001
468.8750,-2.7670E+001
468.9167,-4.1898E+001
468.9583,-4.3834E+001
469.0000,-4.1643E+001
469.0417,-5.3108E+001
469.0833,-5.7804E+001
469.1250,-3.1162E+001
469.1667,-3.1491E+001
469.2083,-1.5646E+001
469.2500,-1.8218E+001
469.2917,-1.2163E+001
469.3333,-1.8546E+001
469.3750,-7.7342E+000
469.4167,-2.8727E+001
469.4583,-1.3459E+001
469.5000,-5.1225E+001
469.5417,-2.2473E+001
469.5833,-6.5523E+001
469.6250,-2.5615E+001
469.6667,-6.0073E+001
469.7083,-3.2972E+001
469.7500,-4.2012E+000
469.7917,-4.2207E+001
469.8333,-1.1261E+001
469.8750,-1.5693E+001
469.9167,-1.7229E+001
469.9583,-3.5002E+001
470.0000,-3.7395E+001
470.0417,-5.2166E+001
470.0833,-4.6130E+001
470.1250,-3.9713E+001
470.1667,-1.6998E+001
470.2083,-1.2816E+001
470.2500,-1.2340E+001
470.2917,-1.1839E+001
470.3333,-2.4575E+001
470.3750,-2.3653E+001
470.4167,-1.6327E+001
470.4583,-1.7477E+001
470.5000,-1.3567E+001
470.5417,-2.9971E+001
470.5833,-3.4689E+001
470.6250,-2.5047E+001
470.6667,-4.2105E+001
470.7083,-6.1497E+001
470.7500,-4.6349E+001
470.7917,-2.2477E+001
470.8333,-1.1410E+001
470.8750,-2.4732E+001
470.9167,-1.3098E+001
470.9583,-2.0859E+001
471.0000,-2.4268E+001
471.0417,-4.2658E+001
471.0833,-2.4144E+001
471.1250,-3.0605E+001
471.1667,-1.4059E+001
471.2083,-1.4550E+001
471.2500,-1.2380E+001
471.2917,-1.1963E+001
471.3333,-1.6171E+001
471.3750,-6.0509E+000
471.4167,-1.5490E+001
471.4583,-9.5182E+000
471.5000,-2.4563E+001
471.5417,-2.1492E+001
471.5833,-1.7854E+001
471.6250,-3.5900E+001
471.6667,-2.3843E+001
471.7083,-3.4429E+001
471.7500,-2.8709E+001
471.7917,-4.1363E+001
471.8333,-1.2773E+001
471.8750,-3.9282E+000
471.9167,-3.7444E+000
471.9583,-4.3918E+000
472.0000,-1.4605E+001
472.0417,-5.7804E+000
472.0833,-5.1591E+000
472.1250,-5.7167E+000
472.1667,-9.0572E+000
472.2083,-1.0265E+001
472.2500,-1.3994E+001
472.2917,-2.2025E+001
472.3333,-1.6287E+001
472.3750,-1.6841E+001
472.4167,-3.2461E+001
472.4583,-3.8103E+001
472.5000,-4.5181E+001
472.5417,-4.5293E+001
472.5833,-5.1487E+001
472.6250,-8.3204E+001
472.6667,-6.9335E+001
472.7083,-8.5331E+001
472.7500,-6.7318E+001
472.7917,-3.6332E+001
472.8333,-6.1449E+001
472.8750,-2.9118E+001
472.9167,-6.7227E+000
472.9583,-1.0241E+001
473.0000,-1.1995E+001
473.0417,-1.0941E+001
473.0833,-1.0767E+001
473.1250,-1.0950E+001
473.1667,-1.0397E+001
473.2083,-1.0002E+001
473.2500,-1.1282E+001
473.2917,-1.1443E+001
473.3333,-9.2689E+000
473.3750,-2.8845E+001
473.4167,-5.6327E+001
473.4583,-3.1524E+001
473.5000,-4.3631E+001
473.5417,-3.7169E+001
473.5833,-3.0958E+001
473.6250,-2.8923E+001
473.6667,-1.8637E+001
473.7083,-2.3310E+001
473.7500,-3.4096E+001
473.7917,-2.3558E+001
473.8333,-1.1991E+000
473.8750,-1.3091E+001
473.9167,-1.4741E+001
473.9583,-1.7052E+001
474.0000,-1.4976E+001
474.0417,-1.3756E+001
474.0833,-1.2929E+001
474.1250,-1.2937E+001
474.1667,-1.0976E+001
474.2083,-8.2486E+000
474.2500,-7.5038E+000
474.2917,-6.3560E+000
474.3333,-3.9019E+000
474.3750,-7.4081E-001
474.4167,-1.1667E+001
474.4583,-1.2671E+001
474.5000,-1.6902E+001
474.5417,-1.6908E+001
474.5833,-1.6398E+001
474.6250,-6.3257E+000
474.6667,-8.5780E+000
474.7083,-4.9396E+000
474.7500,-9.9003E-002
474.7917,-4.5173E+000
474.8333,-1.6818E+001
474.8750,-9.5207E+000
474.9167,-1.3040E+001
474.9583,-1.3254E+001
475.0000,-1.6057E+001
475.0417,-2.0435E+001
475.0833,-1.9344E+001
475.1250,-2.2691E+001
475.1667,-2.1225E+001
475.2083,-1.8348E+001
475.2500,-1.6920E+001
475.2917,-2.3170E+001
475.3333,-1.6640E+001
475.3750,-1.0120E+001
475.4167,-5.9028E+000
475.4583,2.7047E+000
475.5000,-1.8765E+001
475.5417,-4.4673E+001
475.5833,-6.5048E+001
475.6250,-8.3406E+001
475.6667,-7.1686E+001
475.7083,-1.9106E+001
475.7500,-1.3482E+000
475.7917,-2.7590E+001
475.8333,-2.7884E+001
475.8750,-4.0197E+001
475.9167,-2.9135E+001
475.9583,-2.7891E+001
476.0000,-4.8853E+001
476.0417,-2.7885E+001
476.0833,-4.0638E+001
476.1250,-5.3287E+001
476.1667,-4.5165E+001
476.2083,-4.3929E+001
476.2500,-4.0199E+001
476.2917,-2.2931E+001
476.3333,-1.6608E+001
476.3750,-9.2332E+000
476.4167,-5.2443E+000
476.4583,-1.8247E+001
476.5000,-1.6524E+001
476.5417,-6.3141E+001
476.5833,-2.2636E+001
476.6250,-7.4736E+001
476.6667,-4.9726E+001
476.7083,-5.8353E+001
476.7500,-5.5627E+001
476.7917,-0.0000E+000
476.8333,-1.1363E+001
476.8750,-1.5737E+001
476.9167,-2.2012E+001
476.9583,-1.8782E+001
477.0000,-2.2219E+001
477.0417,-1.4868E+001
477.0833,-1.2216E+001
477.1250,-1.7637E+001
477.1667,-2.2694E+001
477.2083,-2.1854E+001
477.2500,-2.1533E+001
477.2917,-1.7828E+001
477.3333,-6.8598E+001
477.3750,-8.2319E+001
477.4167,-6.9717E+001
477.4583,-7.4460E+001
477.5000,-1.0850E+002
477.5417,-7.9960E+001
477.5833,-1.1201E+002
477.6250,-1.2007E+002
477.6667,-4.4523E+001
477.7083,-1.3298E+002
477.7500,-1.3190E+002
477.7917,-6.3008E+001
477.8333,-2.2930E+001
477.8750,-3.1387E+001
477.9167,-3.3345E+001
477.9583,-3.5670E+001
478.0000,-2.9717E+001
478.0417,-2.6350E+001
478.0833,-5.0064E+001
478.1250,-3.1118E+001
478.1667,-3.1375E+001
478.2083,-4.8575E+001
478.2500,-5.2526E+001
478.2917,-2.5630E+001
478.3333,-2.2193E+001
478.3750,-3.2268E+001
478.4167,-6.7485E+001
478.4583,-4.8140E+001
478.5000,-6.3322E+001
478.5417,-9.9292E+001
478.5833,-9.1028E+001
478.6250,-8.8262E+001
478.6667,-1.0131E+002
478.7083,-6.4965E+001
478.7500,-1.5390E+001
478.7917,-8.6252E+000
478.8333,-2.1726E+001
478.8750,-2.8510E+001
478.9167,-3.0312E+001
478.9583,-3.3712E+001
479.0000,-2.9305E+001
479.0417,-3.2987E+001
479.0833,-3.1683E+001
479.1250,-4.5950E+001
479.1667,-2.3220E+001
479.2083,-2.7084E+001
479.2500,-4.6169E+001
479.2917,-4.7427E+001
479.3333,-3.5864E+001
479.3750,-3.6221E+001
479.4167,-3.4860E+001
479.4583,-3.3895E+001
479.5000,-8.8172E+001
479.5417,-8.7385E+001
479.5833,-1.0944E+002
479.6250,-7.0480E+001
479.6667,-7.7800E+001
479.7083,-1.0257E+002
479.7500,-3.0458E+001
479.7917,-1.5486E+002
479.8333,-3.0067E+001
479.8750,-2.0746E+001
479.9167,-2.7287E+001
479.9583,-3.3101E+001
480.0000,-5.6228E+001
480.0417,-2.9421E+001
480.0833,-2.9101E+001
480.1250,-5.2443E+001
480.1667,-3.1348E+001
480.2083,-2.6500E+001
480.2500,-3.6119E+001
480.2917,-4.7652E+001
480.3333,-4.9035E+001
480.3750,-5.6191E+001
480.4167,-5.5334E+001
480.4583,-7.6475E+001
480.5000,-1.1426E+002
480.5417,-1.5221E+002
480.5833,-7.0562E+001
480.6250,-7.7963E+001
480.6667,-6.0509E+001
480.7083,-1.9940E+001
480.7500,-0.0000E+000
480.7917,-2.7746E+001
480.8333,-1.0781E+001
480.8750,-2.7373E+001
480.9167,-3.1177E+001
480.9583,-2.7310E+001
481.0000,-3.0352E+001
481.0417,-3.2807E+001
481.0833,-3.2250E+001
481.1250,-3.2792E+001
481.1667,-2.8538E+001
481.2083,-3.3535E+001
481.2500,-2.7446E+001
481.2917,-2.8900E+001
481.3333,-2.1759E+001
481.3750,-8.8742E+000
481.4167,-3.4749E+001
481.4583,-6.1069E+001
481.5000,-4.1701E+001
481.5417,-5.4523E+001
481.5833,-6.6415E+001
481.6250,-1.2562E+002
481.6667,-3.0605E+001
481.7083,-6.6938E+001
481.7500,-7.4578E+000
481.7917,-5.5894E+001
481.8333,-3.5499E+000
481.8750,-3.1217E+001
481.9167,-3.4437E+001
481.9583,-3.4598E+001
482.0000,-3.8054E+001
482.0417,-5.6815E+001
482.0833,-3.6115E+001
482.1250,-3.7297E+001
482.1667,-3.5514E+001
482.2083,-3.3588E+001
482.2500,-3.8218E+001
482.2917,-2.6038E+001
482.3333,-1.9919E+001
482.3750,-1.1544E+001
482.4167,-4.1262E+001
482.4583,-7.5224E+001
482.5000,-6.6069E+001
482.5417,-9.3121E+001
482.5833,-9.9746E+001
482.6250,-8.2410E+001
482.6667,-3.8180E+001
482.7083,-2.1922E+000
482.7500,-4.5306E+000
482.7917,-5.8469E+000
482.8333,-1.6234E+001
482.8750,-2.6273E+001
482.9167,-2.9826E+001
482.9583,-2.7902E+001
483.0000,-3.2103E+001
483.0417,-2.9017E+001
483.0833,-2.5380E+001
483.1250,-2.5099E+001
483.1667,-2.7952E+001
483.2083,-3.0455E+001
483.2500,-2.7967E+001
483.2917,-2.5333E+001
483.3333,-1.8933E+001
483.3750,-9.7463E+000
483.4167,-1.9247E+001
483.4583,-7.9639E+001
483.5000,-8.3743E+001
483.5417,-6.1790E+001
483.5833,-1.0206E+002
483.6250,-7.5885E+001
483.6667,-6.2616E+001
483.7083,-3.5184E+000
483.7500,-1.7744E+001
483.7917,-2.8616E+001
483.8333,-8.9799E+000
483.8750,-8.8263E+000
483.9167,-9.3285E+000
483.9583,-1.0480E+001
484.0000,-1.0017E+001
484.0417,-1.0177E+001
484.0833,-8.7240E+000
484.1250,-8.8506E+000
484.1667,-9.7798E+000
484.2083,-1.0122E+001
484.2500,-8.3702E+000
484.2917,-5.6115E+000
484.3333,-1.9170E+001
484.3750,-5.6182E+000
484.4167,-2.3975E+001
484.4583,-2.0941E+001
484.5000,-3.3487E+001
484.5417,-8.4973E+001
484.5833,-7.8229E+001
484.6250,-7.7838E+001
484.6667,-8.9243E+001
484.7083,-7.3601E+001
484.7500,-3.1414E+001
484.7917,-1.2491E+002
484.8333,-3.2756E+001
484.8750,-3.2674E+001
484.9167,-3.0399E+001
484.9583,-3.5680E+001
485.0000,-3.7742E+001
485.0417,-4.1942E+001
485.0833,-3.5918E+001
485.1250,-3.2383E+001
485.1667,-5.7894E+001
485.2083,-4.6810E+001
485.2500,-5.1829E+001
485.2917,-4.6422E+001
485.3333,-2.5521E+001
485.3750,-3.5244E+001
485.4167,-5.0615E+001
485.4583,-6.8166E+001
485.5000,-7.2091E+001
485.5417,-2.8755E+001
485.5833,-4.1342E+001
485.6250,-4.8300E+001
485.6667,-3.8156E+001
485.7083,-3.4389E+001
485.7500,-2.3724E+001
485.7917,-1.9655E+001
485.8333,-6.2128E+000
485.8750,-9.1757E+000
485.9167,-1.7635E+001
485.9583,-2.0238E+001
486.0000,-2.0891E+001
486.0417,-2.1506E+001
486.0833,-1.8072E+001
486.1250,-1.6107E+001
486.1667,-1.5232E+001
486.2083,-2.1584E+001
486.2500,-1.9915E+001
486.2917,-1.4886E+001
486.3333,-7.5450E+000
486.3750,-0.0000E+000
486.4167,-2.1957E+001
486.4583,-2.6529E+001
486.5000,-2.3636E+001
486.5417,-2.3755E+001
486.5833,-3.4348E+001
486.6250,-3.8900E+001
486.6667,-2.5974E+001
486.7083,-2.9754E+001
486.7500,-4.3264E+000
486.7917,-8.2311E+000
486.8333,-4.4297E-001
486.8750,-7.1176E+000
486.9167,-1.0728E+001
486.9583,-1.2848E+001
487.0000,-1.4012E+001
487.0417,-1.4588E+001
487.0833,-1.5535E+001
487.1250,-1.6961E+001
487.1667,-1.5634E+001
487.2083,-1.4715E+001
487.2500,-1.5893E+001
487.2917,-1.9659E+001
487.3333,-2.0051E+001
487.3750,-5.1121E+001
487.4167,-5.6721E+001
487.4583,-5.3777E+001
487.5000,-6.2025E+001
487.5417,-9.6933E+001
487.5833,-7.0878E+001
487.6250,-1.1718E+002
487.6667,-3.7582E+001
487.7083,-9.7427E+001
487.7500,-3.6760E+001
487.7917,-7.6795E+000
487.8333,-4.5189E+001
487.8750,-2.2794E+001
487.9167,-2.7241E+001
487.9583,-3.1886E+001
488.0000,-3.3117E+001
488.0417,-2.9220E+001
488.0833,-2.8003E+001
488.1250,-3.5748E+001
488.1667,-2.9096E+001
488.2083,-3.4315E+001
488.2500,-2.7623E+001
488.2917,-2.1795E+001
488.3333,-1.7116E+001
488.3750,-1.3151E+001
488.4167,-5.8141E+001
488.4583,-8.2795E+001
488.5000,-4.6308E+001
488.5417,-2.1666E+001
488.5833,-5.4592E+001
488.6250,-2.4214E+001
488.6667,-2.5645E+001
488.7083,-6.1024E+001
488.7500,-6.9014E+001
488.7917,-1.3206E-009
488.8333,-1.6786E+000
488.8750,-2.0608E+001
488.9167,-2.7096E+001
488.9583,-2.6595E+001
489.0000,-3.0710E+001
489.0417,-2.7240E+001
489.0833,-2.5500E+001
489.1250,-2.9251E+001
489.1667,-2.3384E+001
489.2083,-1.9776E+001
489.2500,-2.4576E+001
489.2917,-1.4395E+001
489.3333,-1.2014E+002
489.3750,-1.0712E+002
489.4167,-8.0621E+001
489.4583,-4.3132E+001
489.5000,-3.3170E+001
489.5417,-7.2664E+001
489.5833,-6.1559E+001
489.6250,-4.2852E+001
489.6667,-2.6483E+001
489.7083,-2.6432E+001
489.7500,-3.7965E+001
489.7917,-2.5490E+001
489.8333,-3.6323E+001
489.8750,-9.0098E+000
489.9167,-1.0223E+001
489.9583,-9.2239E+000
490.0000,-8.3976E+000
490.0417,-6.8012E+000
490.0833,-7.0082E+000
490.1250,-6.7501E+000
490.1667,-8.0865E+000
490.2083,-8.9558E+000
490.2500,-1.2229E+001
490.2917,-1.5602E+001
490.3333,-1.3641E+001
490.3750,-2.1990E+001
490.4167,-6.1764E+001
490.4583,-2.3879E+001
490.5000,-4.2104E+001
490.5417,-3.1702E+001
490.5833,-2.1527E+001
490.6250,-5.8883E+001
490.6667,-4.6224E+001
490.7083,-5.6907E+001
490.7500,-5.4854E+001
490.7917,-6.8264E+001
490.8333,-2.0630E+001
490.8750,-2.3813E+001
490.9167,-2.4160E+001
490.9583,-2.0390E+001
491.0000,-1.7741E+001
491.0417,-2.0076E+001
491.0833,-2.0938E+001
491.1250,-2.1058E+001
491.1667,-1.8607E+001
491.2083,-1.9099E+001
491.2500,-1.3739E+001
491.2917,-1.0097E+001
491.3333,-9.1102E+000
491.3750,-9.6716E+000
491.4167,-5.9455E+000
491.4583,-1.3030E+001
491.5000,-5.1318E+000
491.5417,-7.9800E+000
491.5833,-9.8769E+000
491.6250,-7.0164E+000
491.6667,-9.3818E+000
491.7083,-6.0450E+000
491.7500,-5.5625E+000
491.7917,-4.9933E+000
491.8333,-4.1953E+000
491.8750,-3.4482E+000
491.9167,-3.1356E+000
491.9583,-5.5652E+000
492.0000,-7.1919E+000
492.0417,-7.1292E+000
492.0833,-7.6953E+000
492.1250,-7.9370E+000
492.1667,-8.3761E+000
492.2083,-7.8532E+000
492.2500,-1.1240E+001
492.2917,-8.5793E+000
492.3333,-9.1297E+000
492.3750,-1.3672E+001
492.4167,-4.8474E+001
492.4583,-5.1722E+001
492.5000,-2.0491E+001
492.5417,-2.7186E+001
492.5833,-3.1314E+001
492.6250,-6.9395E+001
492.6667,-7.4158E+001
492.7083,-5.6614E+001
492.7500,-1.3128E+001
492.7917,-1.6943E+001
492.8333,-2.1273E+001
492.8750,-2.6192E+001
492.9167,-2.8657E+001
492.9583,-2.6885E+001
493.0000,-2.5495E+001
493.0417,-3.2436E+001
493.0833,-2.6454E+001
493.1250,-2.6330E+001
493.1667,-3.1026E+001
493.2083,-2.8830E+001
493.2500,-3.1914E+001
493.2917,-2.8236E+001
493.3333,-2.2353E+001
493.3750,-9.7590E+000
493.4167,-1.0083E+001
493.4583,-4.8334E+001
493.5000,-3.4128E+001
493.5417,-3.7169E+001
493.5833,-5.0108E+001
493.6250,-5.9473E+001
493.6667,-6.2822E+001
493.7083,-7.0227E+001
493.7500,-8.7088E+001
493.7917,-3.6097E+000
493.8333,-3.5602E+000
493.8750,-1.3844E+001
493.9167,-1.9191E+001
493.9583,-2.1149E+001
494.0000,-2.0927E+001
494.0417,-2.2495E+001
494.0833,-1.8588E+001
494.1250,-1.5883E+001
494.1667,-1.7511E+001
494.2083,-1.7452E+001
494.2500,-1.4366E+001
494.2917,-1.4111E+001
494.3333,-1.0262E+001
494.3750,-6.2787E-001
494.4167,7.0372E+000
494.4583,1.7718E+001
494.5000,-8.9051E+000
494.5417,-2.7613E+001
494.5833,-5.9046E+001
494.6250,-4.5804E+001
494.6667,-7.6536E+001
494.7083,-3.5552E+001
494.7500,-1.6103E+000
494.7917,-4.0831E+000
494.8333,-0.0000E+000
494.8750,-1.5140E+001
494.9167,-2.0626E+001
494.9583,-2.6851E+001
495.0000,-2.8172E+001
495.0417,-2.7411E+001
495.0833,-2.6135E+001
495.1250,-2.3950E+001
495.1667,-2.3000E+001
495.2083,-2.4505E+001
495.2500,-2.6864E+001
495.2917,-1.7017E+001
495.3333,-1.0589E+001
495.3750,-9.4875E+000
495.4167,-4.5420E+000
495.4583,-7.5529E+001
495.5000,-4.3320E+001
495.5417,-1.5871E+001
495.5833,-4.2291E+001
495.6250,-1.4041E+001
495.6667,-1.4747E+001
495.7083,-1.6027E+001
495.7500,-1.6657E+001
495.7917,-1.6213E+001
495.8333,-1.6265E+001
495.8750,-1.4088E+001
495.9167,-1.6461E+001
495.9583,-1.6132E+001
496.0000,-1.3438E+001
496.0417,-1.6777E+001
496.0833,-1.5189E+001
496.1250,-1.7911E+001
496.1667,-1.3907E+001
496.2083,-1.6534E+001
496.2500,-1.5232E+001
496.2917,-1.2479E+001
496.3333,-1.0844E+001
496.3750,-9.3978E+000
496.4167,-9.1403E+000
496.4583,-9.7383E+000
496.5000,-7.5436E+000
496.5417,-7.3510E+000
496.5833,-6.8588E+000
496.6250,-6.8605E+000
496.6667,-8.1739E+000
496.7083,-1.0820E+001
496.7500,-9.7165E+000
496.7917,-9.4736E+000
496.8333,-9.7146E+000
496.8750,-9.5460E+000
496.9167,-1.2469E+001
496.9583,-1.3109E+001
497.0000,-1.1984E+001
497.0417,-1.4275E+001
497.0833,-1.5196E+001
497.1250,-1.4420E+001
497.1667,-1.6600E+001
497.2083,-1.4430E+001
497.2500,-1.2231E+001
497.2917,-1.2732E+001
497.3333,-1.3525E+001
497.3750,-1.1602E+001
497.4167,-1.1479E+001
497.4583,-1.0659E+001
497.5000,-3.6784E+001
497.5417,-7.1244E+001
497.5833,-3.9404E+001
497.6250,-1.8257E+001
497.6667,-5.5396E+001
497.7083,-6.5440E+001
497.7500,-5.5847E+001
497.7917,-1.8276E+001
497.8333,-2.8647E+001
497.8750,-3.2616E+001
497.9167,-3.1500E+001
497.9583,-3.4593E+001
498.0000,-2.8786E+001
498.0417,-3.7704E+001
498.0833,-3.2398E+001
498.1250,-2.7932E+001
498.1667,-3.8833E+001
498.2083,-3.0284E+001
498.2500,-3.0744E+001
498.2917,-3.2624E+001
498.3333,-2.2276E+001
498.3750,-1.0140E+001
498.4167,-0.0000E+000
498.4583,-4.5687E+001
498.5000,-5.1036E+001
498.5417,-8.0832E+000
498.5833,-1.1420E+001
498.6250,-4.0965E+000
498.6667,-2.8174E+001
498.7083,-2.5786E+001
498.7500,-2.6725E+001
498.7917,-3.3705E+001
498.8333,-1.4961E+001
498.8750,-2.8665E+001
498.9167,-3.3545E+001
498.9583,-3.1735E+001
499.0000,-3.6259E+001
499.0417,-2.9100E+001
499.0833,-2.6093E+001
499.1250,-2.4518E+001
499.1667,-3.5808E+001
499.2083,-2.9148E+001
499.2500,-2.3166E+001
499.2917,-1.8515E+001
499.3333,-1.4745E+001
499.3750,-2.3707E+000
499.4167,-1.4559E+001
499.4583,-2.2337E+001
499.5000,-4.6612E+001
499.5417,-7.2404E+001
499.5833,-4.1073E+000
499.6250,-7.6862E+000
499.6667,-1.0725E+001
499.7083,-1.5481E+001
499.7500,-2.9741E+001
499.7917,-1.5548E+001
499.8333,-1.2558E+001
499.8750,-1.5076E+001
499.9167,-1.6058E+001
499.9583,-1.8047E+001
500.0000,-1.9884E+001
500.0417,-2.0926E+001
500.0833,-1.8884E+001
500.1250,-2.7103E+001
500.1667,-1.8516E+001
500.2083,-1.0530E+001
500.2500,-1.2101E+001
500.2917,-1.0020E+001
500.3333,-9.3799E+000
500.3750,-7.9587E+000
500.4167,-6.0943E+000
500.4583,-1.7458E+001
500.5000,-1.4176E+001
500.5417,-1.9100E+001
500.5833,-4.7619E+001
500.6250,-4.3252E+001
500.6667,-2.4949E+001
500.7083,-8.0999E+000
500.7500,-9.3952E+000
500.7917,-1.0143E+001
500.8333,-1.0076E+001
500.8750,-1.9906E+001
500.9167,-2.1099E+001
500.9583,-2.1669E+001
501.0000,-2.0726E+001
501.0417,-1.8587E+001
501.0833,-1.1765E+001
501.1250,-1.4055E+001
501.1667,-1.0939E+001
501.2083,-9.8237E+000
501.2500,-1.1423E+001
501.2917,-7.3505E+000
501.3333,-7.1135E+000
501.3750,-2.4285E+001
501.4167,-7.4540E+000
501.4583,-3.3316E+001
501.5000,-3.6063E+001
501.5417,-5.2913E+001
501.5833,-4.5038E+001
501.6250,-6.3069E+001
501.6667,-5.7084E+001
501.7083,-4.4754E+001
501.7500,-5.8765E+001
501.7917,-9.1975E+001
501.8333,-1.3946E+001
501.8750,-4.6000E+001
501.9167,-1.8267E+001
501.9583,-1.9494E+001
502.0000,-1.6194E+001
502.0417,-1.7019E+001
502.0833,-1.5629E+001
502.1250,-2.4643E+001
502.1667,-2.1559E+001
502.2083,-1.5016E+001
502.2500,-1.5547E+001
502.2917,-2.1334E+001
502.3333,-2.1735E+001
502.3750,-2.2389E+001
502.4167,-3.0935E+001
502.4583,-2.6070E+001
502.5000,-3.9675E+001
502.5417,-3.6789E+001
502.5833,-1.0785E+001
502.6250,-2.5492E+001
502.6667,-2.0383E+001
502.7083,-3.1313E+001
502.7500,-5.8452E+001
502.7917,-2.0786E+001
502.8333,-1.8897E+001
502.8750,-1.8435E+001
502.9167,-2.4432E+001
502.9583,-1.9663E+001
503.0000,-1.3715E+001
503.0417,-1.3101E+001
503.0833,-1.5727E+001
503.1250,-1.2023E+001
503.1667,-1.2237E+001
503.2083,-1.3007E+001
503.2500,-1.2084E+001
503.2917,-1.1249E+001
503.3333,-7.7907E+000
503.3750,-9.4382E+000
503.4167,-6.1701E+000
503.4583,-1.4848E+001
503.5000,-6.2244E+001
503.5417,-3.5601E+001
503.5833,-2.1789E+001
503.6250,-3.8187E+001
503.6667,-3.7132E+001
503.7083,-3.0340E+001
503.7500,-2.0538E+001
503.7917,-6.8122E+001
503.8333,-2.8668E+001
503.8750,-2.9471E+001
503.9167,-3.0978E+001
503.9583,-2.7901E+001
504.0000,-3.1342E+001
504.0417,-3.1557E+001
504.0833,-2.9168E+001
504.1250,-3.1266E+001
504.1667,-2.7241E+001
504.2083,-2.5856E+001
504.2500,-2.3266E+001
504.2917,-1.6400E+001
504.3333,-9.0666E+000
504.3750,-8.1430E+000
504.4167,-1.2471E+001
504.4583,-1.7625E+001
504.5000,-3.4290E+001
504.5417,-7.3106E+001
504.5833,-2.0652E+001
504.6250,-5.9956E+001
504.6667,-3.4770E+001
504.7083,-7.6608E+001
504.7500,-3.9538E+001
504.7917,-2.1573E+001
504.8333,-5.6660E+001
504.8750,-2.5947E+001
504.9167,-3.2909E+001
504.9583,-3.6344E+001
505.0000,-3.1087E+001
505.0417,-3.2905E+001
505.0833,-2.4938E+001
505.1250,-2.5130E+001
505.1667,-2.8701E+001
505.2083,-1.9733E+001
505.2500,-1.5823E+001
505.2917,-1.4706E+001
505.3333,-7.7952E+000
505.3750,-1.1447E+001
505.4167,-2.5694E+001
505.4583,-4.5344E+001
505.5000,-8.6368E+000
505.5417,-1.3086E+001
505.5833,-4.6609E+001
505.6250,-8.1010E+001
505.6667,-3.9363E+001
505.7083,-1.0308E+002
505.7500,-6.7781E+001
505.7917,-1.9864E+001
505.8333,-1.2210E+001
505.8750,-1.6113E+001
505.9167,-2.0653E+001
505.9583,-2.5613E+001
506.0000,-2.4034E+001
506.0417,-2.6537E+001
506.0833,-2.3094E+001
506.1250,-1.9225E+001
506.1667,-2.1096E+001
506.2083,-2.4966E+001
506.2500,-1.9799E+001
506.2917,-1.3348E+001
506.3333,-2.7807E+001
506.3750,-8.2640E+001
506.4167,-8.7480E+001
506.4583,-4.5443E+001
506.5000,-9.4949E+001
506.5417,-6.6726E+001
506.5833,-8.1216E+001
506.6250,-1.1830E+002
506.6667,-9.1654E+001
506.7083,-9.5095E+001
506.7500,-9.5580E+001
506.7917,-1.0206E+002
506.8333,-5.6169E+001
506.8750,-1.5748E+001
506.9167,-1.4264E+001
506.9583,-1.6207E+001
507.0000,-1.7111E+001
507.0417,-3.4790E+001
507.0833,-1.9111E+001
507.1250,-1.7271E+001
507.1667,-2.4602E+001
507.2083,-2.6694E+001
507.2500,-4.9527E+001
507.2917,-4.8069E+001
507.3333,-4.9918E+001
507.3750,-4.4696E+001
507.4167,-5.8020E+001
507.4583,-5.1986E+001
507.5000,-4.7442E+001
507.5417,-4.2104E+001
507.5833,-7.5512E+001
507.6250,-1.2465E+002
507.6667,-1.1617E+002
507.7083,-6.5256E+001
507.7500,-6.9290E+001
507.7917,-4.4239E+001
507.8333,-1.2098E+001
507.8750,-4.9157E+001
507.9167,-2.0135E+001
507.9583,-2.2486E+001
508.0000,-2.5557E+001
508.0417,-2.3216E+001
508.0833,-1.8698E+001
508.1250,-2.0589E+001
508.1667,-2.0920E+001
508.2083,-1.6688E+001
508.2500,-2.0685E+001
508.2917,-1.1540E+001
508.3333,-1.0720E+001
508.3750,-2.5784E+001
508.4167,-1.9286E+001
508.4583,-3.8588E+001
508.5000,-5.9505E+001
508.5417,-2.1933E+001
508.5833,-3.5376E+001
508.6250,-8.8278E+001
508.6667,-1.1035E+002
508.7083,-5.9837E+001
508.7500,-5.4335E+001
508.7917,-1.3002E+001
508.8333,-1.6402E+001
508.8750,-2.5250E+001
508.9167,-2.9290E+001
508.9583,-3.0484E+001
509.0000,-3.3939E+001
509.0417,-2.8946E+001
509.0833,-3.4102E+001
509.1250,-3.1917E+001
509.1667,-3.0160E+001
509.2083,-3.2798E+001
509.2500,-2.5010E+001
509.2917,-1.7737E+001
509.3333,-1.5277E+001
509.3750,-7.8808E+000
509.4167,-8.7240E+000
509.4583,-4.9023E+000
509.5000,-8.2160E+001
509.5417,-8.1705E+001
509.5833,-6.4578E+001
509.6250,-4.7324E+001
509.6667,-5.8476E+001
509.7083,-3.9841E+001
509.7500,-1.7025E+001
509.7917,-1.6467E+001
509.8333,-1.6205E+001
509.8750,-1.8042E+001
509.9167,-2.4900E+001
509.9583,-2.5337E+001
510.0000,-4.2314E+001
510.0417,-6.5662E+001
510.0833,-9.8506E+001
510.1250,-6.1418E+001
510.1667,-7.1977E+001
510.2083,-6.9094E+001
510.2500,-7.0910E+001
510.2917,-8.3333E+001
510.3333,-8.4192E+001
510.3750,-6.2383E+001
510.4167,-4.6037E+001
510.4583,-2.7475E+001
510.5000,-3.3920E+001
510.5417,-4.1443E+000
510.5833,-6.1400E+000
510.6250,-6.1515E+001
510.6667,-6.1809E+001
510.7083,-8.3901E+001
510.7500,-1.0183E+002
510.7917,-3.0019E+001
510.8333,-6.9677E+000
510.8750,-1.5645E+001
510.9167,-1.4676E+001
510.9583,-4.0006E+001
511.0000,-1.3933E+001
511.0417,-1.6138E+001
511.0833,-2.8783E+001
511.1250,-2.8540E+001
511.1667,-1.4726E+001
511.2083,-1.3712E+001
511.2500,-1.1523E+001
511.2917,-6.5681E+000
511.3333,-5.9413E+000
511.3750,-5.9955E+000
511.4167,-1.1584E+001
511.4583,-1.7307E+001
511.5000,-2.2912E+001
511.5417,-2.2579E+001
511.5833,-2.0480E+001
511.6250,-1.9182E+001
511.6667,-1.3712E+001
511.7083,-2.6321E-001
511.7500,-1.4624E+000
511.7917,-3.5675E+000
511.8333,-7.5425E+000
511.8750,-1.0991E+001
511.9167,-1.5730E+001
511.9583,-1.9963E+001
512.0000,-1.5019E+001
512.0417,-2.0770E+001
512.0833,-1.1550E+001
512.1250,-9.6208E+000
512.1667,-1.0410E+001
512.2083,-8.1626E+000
512.2500,-8.1302E+000
512.2917,-8.2651E+000
512.3333,-7.2755E+000
512.3750,-8.8533E+000
512.4167,-6.7435E+000
512.4583,-1.4995E+001
512.5000,-6.8011E+000
512.5417,-2.4744E+001
512.5833,-2.8956E+001
512.6250,-3.1970E+001
512.6667,-2.9395E+001
512.7083,-3.5814E+001
512.7500,-1.1037E+001
512.7917,-9.6467E+000
512.8333,-1.1420E+001
512.8750,-1.2586E+001
512.9167,-1.7141E+001
512.9583,-1.8360E+001
513.0000,-1.5185E+001
513.0417,-1.8279E+001
513.0833,-2.5874E+001
513.1250,-2.3372E+001
513.1667,-2.0228E+001
513.2083,-2.3968E+001
513.2500,-1.8573E+001
513.2917,-1.4490E+001
513.3333,-1.8116E+001
513.3750,-4.7622E+001
513.4167,-2.1873E+001
513.4583,-2.1300E+001
513.5000,-3.9166E+001
513.5417,-2.6874E+001
513.5833,-5.2220E+001
513.6250,-3.2851E+001
513.6667,-6.9638E+001
513.7083,-6.2463E+001
513.7500,-4.9409E-001
513.7917,-3.0875E+001
513.8333,-1.6317E+001
513.8750,-2.1639E+001
513.9167,-2.4700E+001
513.9583,-2.4121E+001
514.0000,-2.0809E+001
514.0417,-2.5789E+001
514.0833,-2.2446E+001
514.1250,-1.9606E+001
514.1667,-2.6162E+001
514.2083,-2.7238E+001
514.2500,-2.2389E+001
514.2917,-3.0132E+001
514.3333,-2.1899E+001
514.3750,-8.4862E+000
514.4167,-1.8451E+001
514.4583,-4.6325E+001
514.5000,-8.9758E+001
514.5417,-9.1145E+001
514.5833,-7.1535E+001
514.6250,-1.5662E+002
514.6667,-1.0810E+002
514.7083,-9.2645E+001
514.7500,-9.3743E+001
514.7917,-3.2636E+001
514.8333,-3.6180E+001
514.8750,-3.0923E+001
514.9167,-3.6266E+001
514.9583,-3.6879E+001
515.0000,-3.9679E+001
515.0417,-4.3004E+001
515.0833,-6.6899E+001
515.1250,-3.6819E+001
515.1667,-3.6329E+001
515.2083,-3.5271E+001
515.2500,-3.2936E+001
515.2917,-2.7421E+001
515.3333,-2.2373E+001
515.3750,-3.5518E+001
515.4167,-5.7224E+001
515.4583,-4.9537E+001
515.5000,-8.2911E+001
515.5417,-5.1089E+001
515.5833,-7.6322E+001
515.6250,-1.2946E+002
515.6667,-9.7515E+001
515.7083,-8.7334E+001
515.7500,-5.7963E+001
515.7917,-6.6583E+001
515.8333,-4.8319E+001
515.8750,-2.8038E+001
515.9167,-3.6684E+001
515.9583,-6.4621E+001
516.0000,-6.7569E+001
516.0417,-7.1312E+001
516.0833,-5.4865E+001
516.1250,-5.2550E+001
516.1667,-4.7181E+001
516.2083,-5.0829E+001
516.2500,-7.6603E+001
516.2917,-5.2292E+001
516.3333,-4.0228E+001
516.3750,-2.1448E+001
516.4167,-3.6667E+001
516.4583,-9.4364E+001
516.5000,-6.8571E+001
516.5417,-7.8659E+001
516.5833,-1.5137E+002
516.6250,-7.1003E+001
516.6667,-6.3966E+001
516.7083,-6.5953E+001
516.7500,-5.0976E+001
516.7917,-3.2706E+001
516.8333,-1.5590E+001
516.8750,-2.9125E+001
516.9167,-4.0927E+001
516.9583,-6.4146E+001
517.0000,-6.9980E+001
517.0417,-4.9507E+001
517.0833,-4.4829E+001
517.1250,-3.7957E+001
517.1667,-3.6426E+001
517.2083,-3.3573E+001
517.2500,-3.5350E+001
517.2917,-3.5092E+001
517.3333,-2.6376E+001
517.3750,-1.2377E+001
517.4167,-7.1115E+001
517.4583,-3.5453E+001
517.5000,-7.3137E+001
517.5417,-1.1678E+002
517.5833,-1.4595E+002
517.6250,-7.5257E+001
517.6667,-7.5496E+001
517.7083,-2.7051E+001
517.7500,-9.4429E+000
517.7917,-2.1762E+001
517.8333,-0.0000E+000
517.8750,-3.2861E+001
517.9167,-6.6760E+001
517.9583,-8.0109E+001
518.0000,-5.1721E+001
518.0417,-4.0090E+001
518.0833,-4.0423E+001
518.1250,-4.0492E+001
518.1667,-4.0151E+001
518.2083,-3.2569E+001
518.2500,-2.5569E+001
518.2917,-2.0698E+001
518.3333,-1.7290E+001
518.3750,-1.3202E+001
518.4167,-0.0000E+000
518.4583,-1.0697E+002
518.5000,-1.4554E+002
518.5417,-1.2319E+002
518.5833,-1.6437E+002
518.6250,-1.2727E+002
518.6667,-9.3498E+001
518.7083,-6.1233E+000
518.7500,-0.0000E+000
518.7917,-1.3625E-011
518.8333,-1.0347E+001
518.8750,-1.7011E+001
518.9167,-2.0568E+001
518.9583,-5.5513E+001
519.0000,-2.0516E+001
519.0417,-2.4581E+001
519.0833,-2.8595E+001
519.1250,-2.6213E+001
519.1667,-2.6984E+001
519.2083,-2.7175E+001
519.2500,-2.4193E+001
519.2917,-1.7819E+001
519.3333,-1.0993E+001
519.3750,-4.3556E+000
519.4167,-6.9877E-001
519.4583,-1.4114E+001
519.5000,-8.2679E+001
519.5417,-5.3842E+001
519.5833,-3.9129E+001
519.6250,-9.2782E+001
519.6667,-1.6765E+000
519.7083,-2.2960E+001
519.7500,-8.7025E+000
519.7917,-2.5241E+001
519.8333,-2.5676E+001
519.8750,-2.8977E+001
519.9167,-2.4742E+001
519.9583,-2.6329E+001
520.0000,-3.4731E+001
520.0417,-3.4432E+001
520.0833,-3.0967E+001
520.1250,-4.0097E+001
520.1667,-3.0484E+001
520.2083,-2.3182E+001
520.2500,-2.7115E+001
520.2917,-2.5605E+001
520.3333,-2.4057E+001
520.3750,-1.1057E+001
520.4167,-1.6456E+001
520.4583,-8.2437E+000
520.5000,-3.0177E+001
520.5417,-3.8485E+001
520.5833,-4.9094E+001
520.6250,-1.6960E+001
520.6667,-1.3565E+001
520.7083,-6.7479E+001
520.7500,-7.4336E+001
520.7917,-1.3298E+001
520.8333,-2.3365E+001
520.8750,-5.7685E+001
520.9167,-3.8933E+001
520.9583,-4.2188E+001
521.0000,-3.4771E+001
521.0417,-3.8804E+001
521.0833,-3.3187E+001
521.1250,-4.2475E+001
521.1667,-3.4866E+001
521.2083,-2.8829E+001
521.2500,-3.3720E+001
521.2917,-3.0345E+001
521.3333,-1.4290E+001
521.3750,-9.1496E+000
521.4167,-5.3454E+000
521.4583,-1.0341E+001
521.5000,-6.9888E+000
521.5417,-3.5323E+000
521.5833,-2.4781E+001
521.6250,-1.2309E+001
521.6667,-1.3272E+001
521.7083,-1.2502E+001
521.7500,-2.1047E+001
521.7917,-2.2748E+001
521.8333,-2.0950E+001
521.8750,-1.9368E+001
521.9167,-1.9347E+001
521.9583,-1.9866E+001
522.0000,-2.9332E+001
522.0417,-3.0958E+001
522.0833,-2.5318E+001
522.1250,-2.5157E+001
522.1667,-2.4258E+001
522.2083,-2.0069E+001
522.2500,-2.5784E+001
522.2917,-1.9609E+001
522.3333,-2.8656E+001
522.3750,-3.0647E+001
522.4167,-4.2267E+001
522.4583,-7.4147E+001
522.5000,-3.0890E+001
522.5417,-3.5575E+001
522.5833,-1.0923E+001
522.6250,-4.5812E+001
522.6667,-2.9434E+001
522.7083,-6.8560E+001
522.7500,-1.2600E+002
522.7917,-4.6284E+001
522.8333,-3.0091E+001
522.8750,-2.3760E+001
522.9167,-2.2642E+001
522.9583,-2.3777E+001
523.0000,-2.4293E+001
523.0417,-1.8025E+001
523.0833,-2.0507E+001
523.1250,-1.6319E+001
523.1667,-1.4817E+001
523.2083,-3.2434E+001
523.2500,-1.5061E+001
523.2917,-1.2506E+001
523.3333,-1.7431E+001
523.3750,-3.7239E+001
523.4167,-2.7093E+001
523.4583,-3.5635E+001
523.5000,-1.1505E+001
523.5417,-3.3869E+001
523.5833,-3.2718E+001
523.6250,-3.1513E+001
523.6667,-3.0628E+001
523.7083,-3.6814E+001
523.7500,-1.7250E+001
523.7917,-4.7821E+001
523.8333,-1.8000E+001
523.8750,-5.8617E+000
523.9167,-9.6417E+000
523.9583,-1.0860E+001
524.0000,-1.1752E+001
524.0417,-1.0593E+001
524.0833,-1.1104E+001
524.1250,-1.1849E+001
524.1667,-1.2638E+001
524.2083,-1.1587E+001
524.2500,-1.3373E+001
524.2917,-8.4220E+000
524.3333,-5.1038E+000
524.3750,-1.1357E+001
524.4167,-1.5467E+001
524.4583,-1.4399E+001
524.5000,-4.5826E+000
524.5417,-3.0507E+001
524.5833,-1.5972E+001
524.6250,-3.2067E+001
524.6667,-1.2791E+001
524.7083,-0.0000E+000
524.7500,-1.3275E+001
524.7917,-1.6218E+001
524.8333,-1.9519E+001
524.8750,-1.8013E+001
524.9167,-2.4503E+001
524.9583,-2.1913E+001
525.0000,-2.0197E+001
525.0417,-2.0014E+001
525.0833,-3.5254E+001
525.1250,-2.7617E+001
525.1667,-3.0487E+001
525.2083,-2.7036E+001
525.2500,-2.3427E+001
525.2917,-2.1926E+001
525.3333,-1.4879E+001
525.3750,-7.3645E+000
525.4167,-6.0484E+000
525.4583,-1.1169E+000
525.5000,-1.0932E+001
525.5417,-2.1897E+001
525.5833,-5.3357E+001
525.6250,-1.1056E+001
525.6667,-3.9720E+001
525.7083,-0.0000E+000
525.7500,-8.2912E+000
525.7917,-1.9928E+001
525.8333,-3.3803E+001
525.8750,-3.9504E+001
525.9167,-3.7190E+001
525.9583,-4.4798E+001
526.0000,-3.9447E+001
526.0417,-3.2729E+001
526.0833,-4.1581E+001
526.1250,-4.2531E+001
526.1667,-3.3357E+001
526.2083,-3.5470E+001
526.2500,-4.1122E+001
526.2917,-2.6952E+001
526.3333,-1.6846E+001
526.3750,-1.4554E+001
526.4167,-0.0000E+000
526.4583,-6.4751E+001
526.5000,-7.9603E+001
526.5417,-3.7020E+001
526.5833,-2.9030E+001
526.6250,-2.1406E+001
526.6667,-2.1614E+001
526.7083,-4.6470E-001
526.7500,-1.2592E+001
526.7917,-2.4963E+001
526.8333,-2.6891E+001
526.8750,-4.0377E+001
526.9167,-4.3344E+001
526.9583,-3.8824E+001
527.0000,-5.4322E+001
527.0417,-4.7341E+001
527.0833,-3.8441E+001
527.1250,-3.5427E+001
527.1667,-5.1728E+001
527.2083,-4.0098E+001
527.2500,-3.1239E+001
527.2917,-3.2788E+001
527.3333,-3.3280E+001
527.3750,-1.2156E+001
527.4167,-1.2470E+000
527.4583,-3.2540E+001
527.5000,-5.4948E+001
527.5417,-5.6648E+001
527.5833,-8.4210E-010
527.6250,-1.3198E+001
527.6667,-5.3067E+001
527.7083,-4.9501E+001
527.7500,-4.0316E+001
527.7917,-7.7745E+000
527.8333,-2.3423E+001
527.8750,-3.0134E+001
527.9167,-4.7944E+001
527.9583,-6.5203E+001
528.0000,-4.7897E+001
528.0417,-4.3475E+001
528.0833,-4.5995E+001
528.1250,-4.2947E+001
528.1667,-3.6474E+001
528.2083,-2.9656E+001
528.2500,-3.5189E+001
528.2917,-3.0276E+001
528.3333,-2.1128E+001
528.3750,-8.4618E+000
528.4167,-2.9025E+001
528.4583,-5.7207E+000
528.5000,-9.4124E+000
528.5417,-7.1016E+001
528.5833,-1.3878E+002
528.6250,-6.8549E+001
528.6667,-7.7799E+001
528.7083,-4.4132E+001
528.7500,-6.2488E+001
528.7917,-2.7277E+001
528.8333,-4.8640E+001
528.8750,-3.3813E+001
528.9167,-5.0463E+001
528.9583,-5.5292E+001
529.0000,-4.4609E+001
529.0417,-3.9468E+001
529.0833,-6.1346E+001
529.1250,-4.5421E+001
529.1667,-3.7983E+001
529.2083,-6.0061E+001
529.2500,-4.3965E+001
529.2917,-3.3665E+001
529.3333,-5.6099E+001
529.3750,-6.5963E+001
529.4167,-6.2316E+001
529.4583,-7.2434E+001
529.5000,-7.5397E+001
529.5417,-1.8022E+002
529.5833,-1.6444E+002
529.6250,-1.6133E+002
529.6667,-1.2674E+002
529.7083,-1.3946E+000
529.7500,-6.8558E+000
529.7917,-4.3284E+001
529.8333,-4.1612E+001
529.8750,-4.6628E+001
529.9167,-5.4542E+001
529.9583,-4.8701E+001
530.0000,-3.9795E+001
