"",0.300
203.0000,0.0000E+000
203.0417,-4.0481E+002
203.0833,-4.0169E+002
203.1250,-3.9864E+002
203.1667,-3.9588E+002
203.2083,-3.9291E+002
203.2500,-3.9009E+002
203.2917,-3.8710E+002
203.3333,-3.8482E+002
203.3750,-3.8353E+002
203.4167,-3.8409E+002
203.4583,-3.8639E+002
203.5000,-3.8944E+002
203.5417,-3.9276E+002
203.5833,-3.9618E+002
203.6250,-3.9927E+002
203.6667,-4.0203E+002
203.7083,-4.0420E+002
203.7500,-4.0491E+002
203.7917,-4.0485E+002
203.8333,-4.0507E+002
203.8750,-4.0327E+002
203.9167,-4.0197E+002
203.9583,-4.0012E+002
204.0000,-3.9739E+002
204.0417,-3.9441E+002
204.0833,-3.9162E+002
204.1250,-3.8900E+002
204.1667,-3.8663E+002
204.2083,-3.8492E+002
204.2500,-3.8348E+002
204.2917,-3.8215E+002
204.3333,-3.8127E+002
204.3750,-3.8081E+002
204.4167,-3.8148E+002
204.4583,-3.8401E+002
204.5000,-3.8753E+002
204.5417,-3.9142E+002
204.5833,-3.9497E+002
204.6250,-3.9893E+002
204.6667,-4.0175E+002
204.7083,-4.0405E+002
204.7500,-4.0512E+002
204.7917,-4.0575E+002
204.8333,-4.0593E+002
204.8750,-4.0525E+002
204.9167,-4.0380E+002
204.9583,-4.0211E+002
205.0000,-4.0038E+002
205.0417,-3.9854E+002
205.0833,-3.9667E+002
205.1250,-3.9493E+002
205.1667,-3.9322E+002
205.2083,-3.9156E+002
205.2500,-3.9036E+002
205.2917,-3.8765E+002
205.3333,-3.8933E+002
205.3750,-3.9206E+002
205.4167,-3.9743E+002
205.4583,-4.0332E+002
205.5000,-4.0712E+002
205.5417,-4.1059E+002
205.5833,-4.0023E+002
205.6250,-4.0285E+002
205.6667,-4.0520E+002
205.7083,-4.0707E+002
205.7500,-4.0826E+002
205.7917,-4.0867E+002
205.8333,-4.0918E+002
205.8750,-4.0855E+002
205.9167,-4.0729E+002
205.9583,-4.0587E+002
206.0000,-4.0456E+002
206.0417,-4.0317E+002
206.0833,-4.0185E+002
206.1250,-4.0022E+002
206.1667,-3.9834E+002
206.2083,-3.9669E+002
206.2500,-3.9481E+002
206.2917,-3.9285E+002
206.3333,-3.9198E+002
206.3750,-3.9370E+002
206.4167,-3.9741E+002
206.4583,-3.9702E+002
206.5000,-3.9944E+002
206.5417,-4.0228E+002
206.5833,-4.0527E+002
206.6250,-4.0848E+002
206.6667,-4.1081E+002
206.7083,-4.1236E+002
206.7500,-4.1346E+002
206.7917,-4.1412E+002
206.8333,-4.1445E+002
206.8750,-4.1356E+002
206.9167,-4.1257E+002
206.9583,-4.0670E+002
207.0000,-4.0253E+002
207.0417,-4.0380E+002
207.0833,-4.0673E+002
207.1250,-4.0197E+002
207.1667,-4.0289E+002
207.2083,-4.0297E+002
207.2500,-3.9962E+002
207.2917,-3.9705E+002
207.3333,-3.9797E+002
207.3750,-4.0317E+002
207.4167,-4.0424E+002
207.4583,-4.0554E+002
207.5000,-4.0674E+002
207.5417,-4.0944E+002
207.5833,-4.1027E+002
207.6250,-4.1249E+002
207.6667,-4.1556E+002
207.7083,-4.1756E+002
207.7500,-4.1815E+002
207.7917,-4.1764E+002
207.8333,-4.1677E+002
207.8750,-4.1351E+002
207.9167,-4.1284E+002
207.9583,-4.1079E+002
208.0000,-4.0840E+002
208.0417,-4.0606E+002
208.0833,-3.9765E+002
208.1250,-3.9199E+002
208.1667,-3.9846E+002
208.2083,-3.9801E+002
208.2500,-3.9634E+002
208.2917,-3.9477E+002
208.3333,-3.9370E+002
208.3750,-3.9145E+002
208.4167,-3.9389E+002
208.4583,-3.9644E+002
208.5000,-4.0093E+002
208.5417,-4.0380E+002
208.5833,-4.0774E+002
208.6250,-4.1054E+002
208.6667,-4.1280E+002
208.7083,-4.1448E+002
208.7500,-4.1538E+002
208.7917,-4.1575E+002
208.8333,-4.1550E+002
208.8750,-4.1464E+002
208.9167,-4.1344E+002
208.9583,-4.1173E+002
209.0000,-4.0817E+002
209.0417,-4.0861E+002
209.0833,-4.0691E+002
209.1250,-4.0502E+002
209.1667,-4.0344E+002
209.2083,-4.0191E+002
209.2500,-4.0016E+002
209.2917,-3.9876E+002
209.3333,-3.9835E+002
209.3750,-3.9942E+002
209.4167,-4.0082E+002
209.4583,-4.0281E+002
209.5000,-4.0550E+002
209.5417,-4.0843E+002
209.5833,-4.1116E+002
209.6250,-4.1491E+002
209.6667,-4.1758E+002
209.7083,-4.1893E+002
209.7500,-4.1962E+002
209.7917,-4.1959E+002
209.8333,-4.1908E+002
209.8750,-4.1715E+002
209.9167,-4.1471E+002
209.9583,-4.1213E+002
210.0000,-4.0925E+002
210.0417,-4.0651E+002
210.0833,-4.0416E+002
210.1250,-4.0159E+002
210.1667,-3.9774E+002
210.2083,-3.9686E+002
210.2500,-3.8837E+002
210.2917,-3.9018E+002
210.3333,-3.8998E+002
210.3750,-3.8855E+002
210.4167,-3.8880E+002
210.4583,-3.9026E+002
210.5000,-3.9262E+002
210.5417,-3.9554E+002
210.5833,-3.9832E+002
210.6250,-4.0119E+002
210.6667,-4.0356E+002
210.7083,-4.0481E+002
210.7500,-4.0536E+002
210.7917,-4.0511E+002
210.8333,-4.0412E+002
210.8750,-4.0245E+002
210.9167,-4.0044E+002
210.9583,-3.9751E+002
211.0000,-3.9647E+002
211.0417,-3.9393E+002
211.0833,-3.9175E+002
211.1250,-3.8674E+002
211.1667,-3.8486E+002
211.2083,-3.7794E+002
211.2500,-3.7343E+002
211.2917,-3.7032E+002
211.3333,-3.7149E+002
211.3750,-3.7990E+002
211.4167,-3.8256E+002
211.4583,-3.8511E+002
211.5000,-3.8875E+002
211.5417,-3.9269E+002
211.5833,-3.9618E+002
211.6250,-3.9978E+002
211.6667,-4.0301E+002
211.7083,-4.0525E+002
211.7500,-4.0644E+002
211.7917,-4.0661E+002
211.8333,-4.0656E+002
211.8750,-4.0570E+002
211.9167,-4.0393E+002
211.9583,-4.0194E+002
212.0000,-4.0013E+002
212.0417,-3.9802E+002
212.0833,-3.9584E+002
212.1250,-3.9372E+002
212.1667,-3.9178E+002
212.2083,-3.8993E+002
212.2500,-3.8806E+002
212.2917,-3.8635E+002
212.3333,-3.8499E+002
212.3750,-3.8424E+002
212.4167,-3.8518E+002
212.4583,-3.8791E+002
212.5000,-3.9191E+002
212.5417,-3.9618E+002
212.5833,-4.0015E+002
212.6250,-4.0406E+002
212.6667,-4.0728E+002
212.7083,-4.0983E+002
212.7500,-4.1191E+002
212.7917,-4.1370E+002
212.8333,-4.1243E+002
212.8750,-4.1119E+002
212.9167,-4.1000E+002
212.9583,-4.0856E+002
213.0000,-4.0673E+002
213.0417,-4.0501E+002
213.0833,-4.0307E+002
213.1250,-4.0107E+002
213.1667,-3.9930E+002
213.2083,-3.9744E+002
213.2500,-3.9577E+002
213.2917,-3.9411E+002
213.3333,-3.9389E+002
213.3750,-3.9449E+002
213.4167,-3.9642E+002
213.4583,-3.9874E+002
213.5000,-4.0044E+002
213.5417,-4.0303E+002
213.5833,-4.0640E+002
213.6250,-4.0879E+002
213.6667,-4.1206E+002
213.7083,-4.1494E+002
213.7500,-4.1672E+002
213.7917,-4.1759E+002
213.8333,-4.1792E+002
213.8750,-4.1737E+002
213.9167,-4.1704E+002
213.9583,-4.1640E+002
214.0000,-4.1546E+002
214.0417,-4.1451E+002
214.0833,-4.1290E+002
214.1250,-4.1270E+002
214.1667,-4.1092E+002
214.2083,-4.1086E+002
214.2500,-4.0956E+002
214.2917,-4.0832E+002
214.3333,-4.0707E+002
214.3750,-4.0779E+002
214.4167,-4.0812E+002
214.4583,-4.0881E+002
214.5000,-4.1015E+002
214.5417,-4.1237E+002
214.5833,-4.1403E+002
214.6250,-4.1567E+002
214.6667,-4.1757E+002
214.7083,-4.1812E+002
214.7500,-4.1784E+002
214.7917,-4.1795E+002
214.8333,-4.1717E+002
214.8750,-4.1572E+002
214.9167,-4.1088E+002
214.9583,-4.1200E+002
215.0000,-4.0995E+002
215.0417,-4.0793E+002
215.0833,-4.0577E+002
215.1250,-4.0412E+002
215.1667,-4.0251E+002
215.2083,-4.0118E+002
215.2500,-3.9987E+002
215.2917,-3.9858E+002
215.3333,-3.9782E+002
215.3750,-3.9755E+002
215.4167,-3.9773E+002
215.4583,-3.9814E+002
215.5000,-3.9878E+002
215.5417,-4.0070E+002
215.5833,-4.0246E+002
215.6250,-4.0431E+002
215.6667,-4.0586E+002
215.7083,-4.0581E+002
215.7500,-4.0350E+002
215.7917,-4.0200E+002
215.8333,-4.0080E+002
215.8750,-3.9928E+002
215.9167,-3.9649E+002
215.9583,-3.9588E+002
216.0000,-3.9412E+002
216.0417,-3.9014E+002
216.0833,-3.9117E+002
216.1250,-3.9288E+002
216.1667,-3.9180E+002
216.2083,-3.9083E+002
216.2500,-3.8976E+002
216.2917,-3.8879E+002
216.3333,-3.8793E+002
216.3750,-3.8807E+002
216.4167,-3.8909E+002
216.4583,-3.9059E+002
216.5000,-3.9340E+002
216.5417,-3.9618E+002
216.5833,-3.9756E+002
216.6250,-3.9833E+002
216.6667,-4.0031E+002
216.7083,-4.0183E+002
216.7500,-4.0271E+002
216.7917,-4.0340E+002
216.8333,-4.0295E+002
216.8750,-4.0149E+002
216.9167,-3.9666E+002
216.9583,-3.9125E+002
217.0000,-3.8788E+002
217.0417,-3.9554E+002
217.0833,-3.8751E+002
217.1250,-3.8225E+002
217.1667,-3.8741E+002
217.2083,-3.8776E+002
217.2500,-3.8620E+002
217.2917,-3.8137E+002
217.3333,-3.7678E+002
217.3750,-3.8253E+002
217.4167,-3.8371E+002
217.4583,-3.8696E+002
217.5000,-3.8802E+002
217.5417,-3.9118E+002
217.5833,-3.9454E+002
217.6250,-3.9797E+002
217.6667,-4.0041E+002
217.7083,-4.0207E+002
217.7500,-4.0254E+002
217.7917,-4.0248E+002
217.8333,-4.0187E+002
217.8750,-4.0077E+002
217.9167,-3.9931E+002
217.9583,-3.9713E+002
218.0000,-3.9614E+002
218.0417,-3.9434E+002
218.0833,-3.8901E+002
218.1250,-3.8492E+002
218.1667,-3.8737E+002
218.2083,-3.8592E+002
218.2500,-3.7996E+002
218.2917,-3.8413E+002
218.3333,-3.8105E+002
218.3750,-3.7849E+002
218.4167,-3.8222E+002
218.4583,-3.8644E+002
218.5000,-3.9023E+002
218.5417,-3.9448E+002
218.5833,-3.9867E+002
218.6250,-4.0267E+002
218.6667,-4.0589E+002
218.7083,-4.0808E+002
218.7500,-4.0923E+002
218.7917,-4.0974E+002
218.8333,-4.0958E+002
218.8750,-4.0877E+002
218.9167,-4.0758E+002
218.9583,-4.0626E+002
219.0000,-4.0471E+002
219.0417,-4.0301E+002
219.0833,-4.0182E+002
219.1250,-4.0010E+002
219.1667,-3.9866E+002
219.2083,-3.9722E+002
219.2500,-3.9289E+002
219.2917,-3.9438E+002
219.3333,-3.9091E+002
219.3750,-3.8922E+002
219.4167,-3.9251E+002
219.4583,-3.9625E+002
219.5000,-4.0012E+002
219.5417,-4.0444E+002
219.5833,-4.0840E+002
219.6250,-4.1254E+002
219.6667,-4.1580E+002
219.7083,-4.1805E+002
219.7500,-4.1901E+002
219.7917,-4.1948E+002
219.8333,-4.1936E+002
219.8750,-4.1874E+002
219.9167,-4.1777E+002
219.9583,-4.1657E+002
220.0000,-4.1532E+002
220.0417,-4.1377E+002
220.0833,-4.1138E+002
220.1250,-4.1024E+002
220.1667,-4.0520E+002
220.2083,-4.0166E+002
220.2500,-3.9911E+002
220.2917,-4.0387E+002
220.3333,-4.0575E+002
220.3750,-4.0508E+002
220.4167,-4.0654E+002
220.4583,-4.0777E+002
220.5000,-4.1068E+002
220.5417,-4.1420E+002
220.5833,-4.1770E+002
220.6250,-4.2124E+002
220.6667,-4.2416E+002
220.7083,-4.2585E+002
220.7500,-4.2662E+002
220.7917,-4.2673E+002
220.8333,-4.2605E+002
220.8750,-4.2487E+002
220.9167,-4.2337E+002
220.9583,-4.2182E+002
221.0000,-4.2000E+002
221.0417,-4.1839E+002
221.0833,-4.1644E+002
221.1250,-4.1222E+002
221.1667,-4.1200E+002
221.2083,-4.0543E+002
221.2500,-4.0771E+002
221.2917,-4.0591E+002
221.3333,-4.0263E+002
221.3750,-4.0553E+002
221.4167,-4.0749E+002
221.4583,-4.1215E+002
221.5000,-4.1810E+002
221.5417,-4.2208E+002
221.5833,-4.1884E+002
221.6250,-4.2060E+002
221.6667,-4.2274E+002
221.7083,-4.2425E+002
221.7500,-4.2498E+002
221.7917,-4.2524E+002
221.8333,-4.2500E+002
221.8750,-4.2394E+002
221.9167,-4.2271E+002
221.9583,-4.2114E+002
222.0000,-4.1955E+002
222.0417,-4.1727E+002
222.0833,-4.1603E+002
222.1250,-4.1435E+002
222.1667,-4.1247E+002
222.2083,-4.1084E+002
222.2500,-4.0775E+002
222.2917,-4.0691E+002
222.3333,-4.0647E+002
222.3750,-4.0632E+002
222.4167,-4.0806E+002
222.4583,-4.1037E+002
222.5000,-4.1377E+002
222.5417,-4.1718E+002
222.5833,-4.2050E+002
222.6250,-4.2393E+002
222.6667,-4.2646E+002
222.7083,-4.2807E+002
222.7500,-4.2932E+002
222.7917,-4.2990E+002
222.8333,-4.2981E+002
222.8750,-4.2912E+002
222.9167,-4.2761E+002
222.9583,-4.2574E+002
223.0000,-4.2536E+002
223.0417,-4.2388E+002
223.0833,-4.2195E+002
223.1250,-4.1700E+002
223.1667,-4.1833E+002
223.2083,-4.1406E+002
223.2500,-4.1302E+002
223.2917,-4.0577E+002
223.3333,-4.0373E+002
223.3750,-4.0772E+002
223.4167,-4.1333E+002
223.4583,-4.1784E+002
223.5000,-4.2373E+002
223.5417,-4.2653E+002
223.5833,-4.2391E+002
223.6250,-4.2726E+002
223.6667,-4.2971E+002
223.7083,-4.3193E+002
223.7500,-4.3318E+002
223.7917,-4.3275E+002
223.8333,-4.3177E+002
223.8750,-4.3061E+002
223.9167,-4.2795E+002
223.9583,-4.2823E+002
224.0000,-4.2246E+002
224.0417,-4.2429E+002
224.0833,-4.2192E+002
224.1250,-4.2193E+002
224.1667,-4.2044E+002
224.2083,-4.1866E+002
224.2500,-4.1465E+002
224.2917,-4.1279E+002
224.3333,-4.0841E+002
224.3750,-4.1327E+002
224.4167,-4.1469E+002
224.4583,-4.1843E+002
224.5000,-4.2396E+002
224.5417,-4.2417E+002
224.5833,-4.2468E+002
224.6250,-4.2798E+002
224.6667,-4.3087E+002
224.7083,-4.3322E+002
224.7500,-4.3311E+002
224.7917,-4.3374E+002
224.8333,-4.3287E+002
224.8750,-4.3161E+002
224.9167,-4.2999E+002
224.9583,-4.2808E+002
225.0000,-4.2175E+002
225.0417,-4.1746E+002
225.0833,-4.2339E+002
225.1250,-4.1953E+002
225.1667,-4.1811E+002
225.2083,-4.1840E+002
225.2500,-4.1315E+002
225.2917,-4.0649E+002
225.3333,-4.1224E+002
225.3750,-4.1514E+002
225.4167,-4.1600E+002
225.4583,-4.1844E+002
225.5000,-4.2275E+002
225.5417,-4.2548E+002
225.5833,-4.2159E+002
225.6250,-4.2127E+002
225.6667,-4.2209E+002
225.7083,-4.2292E+002
225.7500,-4.2447E+002
225.7917,-4.2453E+002
225.8333,-4.2405E+002
225.8750,-4.2046E+002
225.9167,-4.2085E+002
225.9583,-4.2002E+002
226.0000,-4.1750E+002
226.0417,-4.1586E+002
226.0833,-4.1492E+002
226.1250,-4.1045E+002
226.1667,-4.1335E+002
226.2083,-4.1265E+002
226.2500,-4.1114E+002
226.2917,-4.0711E+002
226.3333,-4.0632E+002
226.3750,-4.1046E+002
226.4167,-4.1340E+002
226.4583,-4.1663E+002
226.5000,-4.1798E+002
226.5417,-4.1832E+002
226.5833,-4.2013E+002
226.6250,-4.2277E+002
226.6667,-4.2417E+002
226.7083,-4.2465E+002
226.7500,-4.2491E+002
226.7917,-4.2502E+002
226.8333,-4.2411E+002
226.8750,-4.2320E+002
226.9167,-4.2196E+002
226.9583,-4.1982E+002
227.0000,-4.1715E+002
227.0417,-4.1707E+002
227.0833,-4.1184E+002
227.1250,-4.1120E+002
227.1667,-4.1162E+002
227.2083,-4.0496E+002
227.2500,-4.0433E+002
227.2917,-4.0470E+002
227.3333,-4.0611E+002
227.3750,-4.0481E+002
227.4167,-4.0558E+002
227.4583,-4.0738E+002
227.5000,-4.1109E+002
227.5417,-4.1363E+002
227.5833,-4.1640E+002
227.6250,-4.1929E+002
227.6667,-4.2256E+002
227.7083,-4.2653E+002
227.7500,-4.2494E+002
227.7917,-4.2565E+002
227.8333,-4.2503E+002
227.8750,-4.2335E+002
227.9167,-4.1777E+002
227.9583,-4.2086E+002
228.0000,-4.1529E+002
228.0417,-4.1173E+002
228.0833,-4.1645E+002
228.1250,-4.0908E+002
228.1667,-4.0571E+002
228.2083,-4.1107E+002
228.2500,-4.0440E+002
228.2917,-4.0803E+002
228.3333,-4.0263E+002
228.3750,-4.0267E+002
228.4167,-4.0714E+002
228.4583,-4.1161E+002
228.5000,-4.1240E+002
228.5417,-4.1527E+002
228.5833,-4.1878E+002
228.6250,-4.2141E+002
228.6667,-4.2329E+002
228.7083,-4.2495E+002
228.7500,-4.2609E+002
228.7917,-4.2679E+002
228.8333,-4.2646E+002
228.8750,-4.2562E+002
228.9167,-4.2415E+002
228.9583,-4.2223E+002
229.0000,-4.1830E+002
229.0417,-4.1210E+002
229.0833,-4.1560E+002
229.1250,-4.1598E+002
229.1667,-4.1448E+002
229.2083,-4.1239E+002
229.2500,-4.1217E+002
229.2917,-4.1047E+002
229.3333,-4.0921E+002
229.3750,-4.0981E+002
229.4167,-4.1088E+002
229.4583,-4.1204E+002
229.5000,-4.1415E+002
229.5417,-4.1603E+002
229.5833,-4.1819E+002
229.6250,-4.2027E+002
229.6667,-4.2169E+002
229.7083,-4.2196E+002
229.7500,-4.2254E+002
229.7917,-4.2188E+002
229.8333,-4.2048E+002
229.8750,-4.1612E+002
229.9167,-4.1592E+002
229.9583,-4.1518E+002
230.0000,-4.1234E+002
230.0417,-4.1079E+002
230.0833,-4.0901E+002
230.1250,-4.0398E+002
230.1667,-4.0332E+002
230.2083,-3.9618E+002
230.2500,-3.9891E+002
230.2917,-3.9771E+002
230.3333,-3.9590E+002
230.3750,-3.9708E+002
230.4167,-3.9625E+002
230.4583,-3.9917E+002
230.5000,-4.0398E+002
230.5417,-4.0518E+002
230.5833,-4.0692E+002
230.6250,-4.0939E+002
230.6667,-4.1146E+002
230.7083,-4.1330E+002
230.7500,-4.1402E+002
230.7917,-4.1298E+002
230.8333,-4.1157E+002
230.8750,-4.1025E+002
230.9167,-4.0800E+002
230.9583,-4.0770E+002
231.0000,-4.0176E+002
231.0417,-3.9773E+002
231.0833,-4.0144E+002
231.1250,-4.0189E+002
231.1667,-4.0013E+002
231.2083,-3.9696E+002
231.2500,-3.9681E+002
231.2917,-3.9257E+002
231.3333,-3.8853E+002
231.3750,-3.9421E+002
231.4167,-3.9346E+002
231.4583,-3.9598E+002
231.5000,-3.9870E+002
231.5417,-4.0173E+002
231.5833,-4.0572E+002
231.6250,-4.0774E+002
231.6667,-4.1003E+002
231.7083,-4.1186E+002
231.7500,-4.1301E+002
231.7917,-4.1365E+002
231.8333,-4.1282E+002
231.8750,-4.0907E+002
231.9167,-4.1055E+002
231.9583,-4.0498E+002
232.0000,-4.0162E+002
232.0417,-4.0254E+002
232.0833,-4.0363E+002
232.1250,-4.0529E+002
232.1667,-4.0339E+002
232.2083,-4.0175E+002
232.2500,-3.9894E+002
232.2917,-3.9845E+002
232.3333,-4.0089E+002
232.3750,-4.0196E+002
232.4167,-4.0453E+002
232.4583,-4.0463E+002
232.5000,-4.0754E+002
232.5417,-4.1123E+002
232.5833,-4.1470E+002
232.6250,-4.1814E+002
232.6667,-4.2083E+002
232.7083,-4.2235E+002
232.7500,-4.2313E+002
232.7917,-4.2294E+002
232.8333,-4.2209E+002
232.8750,-4.1979E+002
232.9167,-4.1493E+002
232.9583,-4.1767E+002
233.0000,-4.1401E+002
233.0417,-4.1023E+002
233.0833,-4.1292E+002
233.1250,-4.0657E+002
233.1667,-4.0256E+002
233.2083,-4.0014E+002
233.2500,-4.0035E+002
233.2917,-4.0587E+002
233.3333,-4.0538E+002
233.3750,-4.0541E+002
233.4167,-4.0581E+002
233.4583,-4.0775E+002
233.5000,-4.1077E+002
233.5417,-4.1459E+002
233.5833,-4.1737E+002
233.6250,-4.1974E+002
233.6667,-4.2171E+002
233.7083,-4.2402E+002
233.7500,-4.2564E+002
233.7917,-4.2636E+002
233.8333,-4.2589E+002
233.8750,-4.2520E+002
233.9167,-4.2423E+002
233.9583,-4.2325E+002
234.0000,-4.2236E+002
234.0417,-4.2141E+002
234.0833,-4.2069E+002
234.1250,-4.1970E+002
234.1667,-4.1858E+002
234.2083,-4.1748E+002
234.2500,-4.1364E+002
234.2917,-4.1283E+002
234.3333,-4.1435E+002
234.3750,-4.1378E+002
234.4167,-4.1368E+002
234.4583,-4.1564E+002
234.5000,-4.1474E+002
234.5417,-4.1592E+002
234.5833,-4.1724E+002
234.6250,-4.1866E+002
234.6667,-4.1991E+002
234.7083,-4.2079E+002
234.7500,-4.2074E+002
234.7917,-4.2031E+002
234.8333,-4.1915E+002
234.8750,-4.1737E+002
234.9167,-4.1238E+002
234.9583,-4.1206E+002
235.0000,-4.0397E+002
235.0417,-3.9831E+002
235.0833,-4.0724E+002
235.1250,-4.0133E+002
235.1667,-4.0336E+002
235.2083,-3.9845E+002
235.2500,-3.9965E+002
235.2917,-3.9868E+002
235.3333,-3.9559E+002
235.3750,-3.9395E+002
235.4167,-3.9715E+002
235.4583,-3.9809E+002
235.5000,-3.9876E+002
235.5417,-4.0058E+002
235.5833,-4.0231E+002
235.6250,-4.0417E+002
235.6667,-4.0530E+002
235.7083,-4.0589E+002
235.7500,-4.0593E+002
235.7917,-4.0496E+002
235.8333,-4.0358E+002
235.8750,-4.0167E+002
235.9167,-3.9971E+002
235.9583,-3.9747E+002
236.0000,-3.9539E+002
236.0417,-3.9317E+002
236.0833,-3.9076E+002
236.1250,-3.8843E+002
236.1667,-3.8574E+002
236.2083,-3.8231E+002
236.2500,-3.8367E+002
236.2917,-3.8230E+002
236.3333,-3.8110E+002
236.3750,-3.8049E+002
236.4167,-3.8265E+002
236.4583,-3.8375E+002
236.5000,-3.8597E+002
236.5417,-3.8904E+002
236.5833,-3.9092E+002
236.6250,-3.9338E+002
236.6667,-3.9528E+002
236.7083,-3.9639E+002
236.7500,-3.9715E+002
236.7917,-3.9683E+002
236.8333,-3.9585E+002
236.8750,-3.9450E+002
236.9167,-3.9295E+002
236.9583,-3.8902E+002
237.0000,-3.8731E+002
237.0417,-3.8080E+002
237.0833,-3.7609E+002
237.1250,-3.7293E+002
237.1667,-3.7431E+002
237.2083,-3.7841E+002
237.2500,-3.7949E+002
237.2917,-3.7851E+002
237.3333,-3.7539E+002
237.3750,-3.7631E+002
237.4167,-3.7795E+002
237.4583,-3.8006E+002
237.5000,-3.8124E+002
237.5417,-3.8374E+002
237.5833,-3.8656E+002
237.6250,-3.8900E+002
237.6667,-3.9125E+002
237.7083,-3.9350E+002
237.7500,-3.9422E+002
237.7917,-3.9434E+002
237.8333,-3.9397E+002
237.8750,-3.9307E+002
237.9167,-3.8925E+002
237.9583,-3.9095E+002
238.0000,-3.8644E+002
238.0417,-3.8378E+002
238.0833,-3.8243E+002
238.1250,-3.8566E+002
238.1667,-3.8740E+002
238.2083,-3.8753E+002
238.2500,-3.8728E+002
238.2917,-3.8664E+002
238.3333,-3.8652E+002
238.3750,-3.8671E+002
238.4167,-3.8731E+002
238.4583,-3.8856E+002
238.5000,-3.8979E+002
238.5417,-3.9136E+002
238.5833,-3.9349E+002
238.6250,-3.9603E+002
238.6667,-3.9781E+002
238.7083,-3.9893E+002
238.7500,-3.9935E+002
238.7917,-3.9945E+002
238.8333,-3.9915E+002
238.8750,-3.9809E+002
238.9167,-3.9644E+002
238.9583,-3.9482E+002
239.0000,-3.9265E+002
239.0417,-3.8867E+002
239.0833,-3.8983E+002
239.1250,-3.8343E+002
239.1667,-3.7819E+002
239.2083,-3.7472E+002
239.2500,-3.7788E+002
239.2917,-3.8117E+002
239.3333,-3.8105E+002
239.3750,-3.8115E+002
239.4167,-3.8393E+002
239.4583,-3.8811E+002
239.5000,-3.8792E+002
239.5417,-3.8824E+002
239.5833,-3.9037E+002
239.6250,-3.9290E+002
239.6667,-3.9463E+002
239.7083,-3.9574E+002
239.7500,-3.9651E+002
239.7917,-3.9620E+002
239.8333,-3.9540E+002
239.8750,-3.9363E+002
239.9167,-3.8853E+002
239.9583,-3.9134E+002
240.0000,-3.8675E+002
240.0417,-3.8465E+002
240.0833,-3.8580E+002
240.1250,-3.8055E+002
240.1667,-3.7826E+002
240.2083,-3.7813E+002
240.2500,-3.8432E+002
240.2917,-3.8351E+002
240.3333,-3.8348E+002
240.3750,-3.8418E+002
240.4167,-3.8571E+002
240.4583,-3.8714E+002
240.5000,-3.8932E+002
240.5417,-3.9039E+002
240.5833,-3.9174E+002
240.6250,-3.9401E+002
240.6667,-3.9581E+002
240.7083,-3.9636E+002
240.7500,-3.9687E+002
240.7917,-3.9727E+002
240.8333,-3.9577E+002
240.8750,-3.9242E+002
240.9167,-3.9128E+002
240.9583,-3.9272E+002
241.0000,-3.8828E+002
241.0417,-3.9039E+002
241.0833,-3.8925E+002
241.1250,-3.8756E+002
241.1667,-3.8443E+002
241.2083,-3.8260E+002
241.2500,-3.8330E+002
241.2917,-3.8608E+002
241.3333,-3.8337E+002
241.3750,-3.8493E+002
241.4167,-3.8623E+002
241.4583,-3.8729E+002
241.5000,-3.8836E+002
241.5417,-3.8967E+002
241.5833,-3.9145E+002
241.6250,-3.9288E+002
241.6667,-3.9404E+002
241.7083,-3.9525E+002
241.7500,-3.9626E+002
241.7917,-3.9653E+002
241.8333,-3.9524E+002
241.8750,-3.9422E+002
241.9167,-3.9057E+002
241.9583,-3.8670E+002
242.0000,-3.9099E+002
242.0417,-3.8580E+002
242.0833,-3.8176E+002
242.1250,-3.8661E+002
242.1667,-3.8302E+002
242.2083,-3.7897E+002
242.2500,-3.7692E+002
242.2917,-3.8212E+002
242.3333,-3.8047E+002
242.3750,-3.7907E+002
242.4167,-3.8159E+002
242.4583,-3.8256E+002
242.5000,-3.8365E+002
242.5417,-3.8499E+002
242.5833,-3.8649E+002
242.6250,-3.8748E+002
242.6667,-3.8836E+002
242.7083,-3.8872E+002
242.7500,-3.8883E+002
242.7917,-3.8867E+002
242.8333,-3.8782E+002
242.8750,-3.8756E+002
242.9167,-3.8397E+002
242.9583,-3.8148E+002
243.0000,-3.8032E+002
243.0417,-3.8261E+002
243.0833,-3.8297E+002
243.1250,-3.7938E+002
243.1667,-3.7701E+002
243.2083,-3.7636E+002
243.2500,-3.8098E+002
243.2917,-3.7807E+002
243.3333,-3.7777E+002
243.3750,-3.8001E+002
243.4167,-3.8086E+002
243.4583,-3.8391E+002
243.5000,-3.8527E+002
243.5417,-3.8512E+002
243.5833,-3.8730E+002
243.6250,-3.8945E+002
243.6667,-3.9123E+002
243.7083,-3.9267E+002
243.7500,-3.9259E+002
243.7917,-3.9245E+002
243.8333,-3.9189E+002
243.8750,-3.9116E+002
243.9167,-3.8922E+002
243.9583,-3.8928E+002
244.0000,-3.8750E+002
244.0417,-3.8497E+002
244.0833,-3.8636E+002
244.1250,-3.8547E+002
244.1667,-3.8293E+002
244.2083,-3.8154E+002
244.2500,-3.8413E+002
244.2917,-3.8385E+002
244.3333,-3.8309E+002
244.3750,-3.8302E+002
244.4167,-3.8343E+002
244.4583,-3.8434E+002
244.5000,-3.8732E+002
244.5417,-3.8788E+002
244.5833,-3.9008E+002
244.6250,-3.9153E+002
244.6667,-3.9197E+002
244.7083,-3.9415E+002
244.7500,-3.9506E+002
244.7917,-3.9447E+002
244.8333,-3.8958E+002
244.8750,-3.8958E+002
244.9167,-3.8805E+002
244.9583,-3.8839E+002
245.0000,-3.8683E+002
245.0417,-3.8440E+002
245.0833,-3.8377E+002
245.1250,-3.8255E+002
245.1667,-3.8026E+002
245.2083,-3.7970E+002
245.2500,-3.7873E+002
245.2917,-3.7486E+002
245.3333,-3.7654E+002
245.3750,-3.7535E+002
245.4167,-3.7725E+002
245.4583,-3.7861E+002
245.5000,-3.8059E+002
245.5417,-3.8278E+002
245.5833,-3.8495E+002
245.6250,-3.8729E+002
245.6667,-3.9031E+002
245.7083,-3.9151E+002
245.7500,-3.9187E+002
245.7917,-3.9186E+002
245.8333,-3.9079E+002
245.8750,-3.8975E+002
245.9167,-3.8848E+002
245.9583,-3.8415E+002
246.0000,-3.8519E+002
246.0417,-3.8056E+002
246.0833,-3.7528E+002
246.1250,-3.7124E+002
246.1667,-3.7660E+002
246.2083,-3.7544E+002
246.2500,-3.6971E+002
246.2917,-3.6310E+002
246.3333,-3.6112E+002
246.3750,-3.7276E+002
246.4167,-3.7526E+002
246.4583,-3.7887E+002
246.5000,-3.8436E+002
246.5417,-3.8357E+002
246.5833,-3.8309E+002
246.6250,-3.8546E+002
246.6667,-3.8749E+002
246.7083,-3.8895E+002
246.7500,-3.9020E+002
246.7917,-3.9170E+002
246.8333,-3.9152E+002
246.8750,-3.8988E+002
246.9167,-3.8897E+002
246.9583,-3.8679E+002
247.0000,-3.8858E+002
247.0417,-3.8648E+002
247.0833,-3.8598E+002
247.1250,-3.8673E+002
247.1667,-3.8555E+002
247.2083,-3.8584E+002
247.2500,-3.8559E+002
247.2917,-3.8512E+002
247.3333,-3.8426E+002
247.3750,-3.8540E+002
247.4167,-3.8796E+002
247.4583,-3.9119E+002
247.5000,-3.9458E+002
247.5417,-3.9665E+002
247.5833,-3.9432E+002
247.6250,-3.9728E+002
247.6667,-3.9982E+002
247.7083,-4.0188E+002
247.7500,-4.0453E+002
247.7917,-4.0633E+002
247.8333,-4.0445E+002
247.8750,-4.0157E+002
247.9167,-4.0146E+002
247.9583,-3.9754E+002
248.0000,-3.9914E+002
248.0417,-3.9502E+002
248.0833,-3.9035E+002
248.1250,-3.8681E+002
248.1667,-3.9283E+002
248.2083,-3.9040E+002
248.2500,-3.8866E+002
248.2917,-3.9059E+002
248.3333,-3.9015E+002
248.3750,-3.8972E+002
248.4167,-3.9079E+002
248.4583,-3.9187E+002
248.5000,-3.9394E+002
248.5417,-3.9687E+002
248.5833,-3.9899E+002
248.6250,-4.0079E+002
248.6667,-4.0185E+002
248.7083,-4.0282E+002
248.7500,-4.0340E+002
248.7917,-4.0324E+002
248.8333,-4.0207E+002
248.8750,-4.0095E+002
248.9167,-3.9964E+002
248.9583,-3.9731E+002
249.0000,-3.9611E+002
249.0417,-3.9232E+002
249.0833,-3.9405E+002
249.1250,-3.9257E+002
249.1667,-3.8834E+002
249.2083,-3.8419E+002
249.2500,-3.8577E+002
249.2917,-3.8812E+002
249.3333,-3.8196E+002
249.3750,-3.8541E+002
249.4167,-3.8562E+002
249.4583,-3.8599E+002
249.5000,-3.8850E+002
249.5417,-3.8948E+002
249.5833,-3.9071E+002
249.6250,-3.9162E+002
249.6667,-3.9300E+002
249.7083,-3.9382E+002
249.7500,-3.9387E+002
249.7917,-3.9348E+002
249.8333,-3.9177E+002
249.8750,-3.8515E+002
249.9167,-3.8401E+002
249.9583,-3.8589E+002
250.0000,-3.7755E+002
250.0417,-3.7858E+002
250.0833,-3.8038E+002
250.1250,-3.7878E+002
250.1667,-3.7654E+002
250.2083,-3.7146E+002
250.2500,-3.7113E+002
250.2917,-3.6387E+002
250.3333,-3.6237E+002
250.3750,-3.6799E+002
250.4167,-3.6475E+002
250.4583,-3.6843E+002
250.5000,-3.7091E+002
250.5417,-3.7310E+002
250.5833,-3.7540E+002
250.6250,-3.7854E+002
250.6667,-3.8183E+002
250.7083,-3.8294E+002
250.7500,-3.8313E+002
250.7917,-3.8255E+002
250.8333,-3.8174E+002
250.8750,-3.8062E+002
250.9167,-3.7771E+002
250.9583,-3.7572E+002
251.0000,-3.6978E+002
251.0417,-3.6527E+002
251.0833,-3.6762E+002
251.1250,-3.7040E+002
251.1667,-3.6978E+002
251.2083,-3.6833E+002
251.2500,-3.6584E+002
251.2917,-3.6431E+002
251.3333,-3.5895E+002
251.3750,-3.5620E+002
251.4167,-3.6177E+002
251.4583,-3.6623E+002
251.5000,-3.7126E+002
251.5417,-3.7632E+002
251.5833,-3.7281E+002
251.6250,-3.7551E+002
251.6667,-3.7809E+002
251.7083,-3.7986E+002
251.7500,-3.8030E+002
251.7917,-3.8043E+002
251.8333,-3.8021E+002
251.8750,-3.7968E+002
251.9167,-3.7683E+002
251.9583,-3.7743E+002
252.0000,-3.7498E+002
252.0417,-3.7108E+002
252.0833,-3.7461E+002
252.1250,-3.6927E+002
252.1667,-3.6549E+002
252.2083,-3.6274E+002
252.2500,-3.6737E+002
252.2917,-3.6879E+002
252.3333,-3.6754E+002
252.3750,-3.6607E+002
252.4167,-3.6603E+002
252.4583,-3.6962E+002
252.5000,-3.7540E+002
252.5417,-3.8250E+002
252.5833,-3.8316E+002
252.6250,-3.7969E+002
252.6667,-3.8250E+002
252.7083,-3.8517E+002
252.7500,-3.8592E+002
252.7917,-3.8712E+002
252.8333,-3.8745E+002
252.8750,-3.8730E+002
252.9167,-3.8688E+002
252.9583,-3.8623E+002
253.0000,-3.8551E+002
253.0417,-3.8388E+002
253.0833,-3.8427E+002
253.1250,-3.8380E+002
253.1667,-3.8359E+002
253.2083,-3.8324E+002
253.2500,-3.8188E+002
253.2917,-3.8205E+002
253.3333,-3.7686E+002
253.3750,-3.8173E+002
253.4167,-3.8290E+002
253.4583,-3.8412E+002
253.5000,-3.8570E+002
253.5417,-3.8704E+002
253.5833,-3.8767E+002
253.6250,-3.8864E+002
253.6667,-3.9024E+002
253.7083,-3.9180E+002
253.7500,-3.9281E+002
253.7917,-3.9297E+002
253.8333,-3.9237E+002
253.8750,-3.9155E+002
253.9167,-3.8895E+002
253.9583,-3.8759E+002
254.0000,-3.8921E+002
254.0417,-3.8820E+002
254.0833,-3.8642E+002
254.1250,-3.8515E+002
254.1667,-3.8759E+002
254.2083,-3.8591E+002
254.2500,-3.8537E+002
254.2917,-3.8513E+002
254.3333,-3.8148E+002
254.3750,-3.8358E+002
254.4167,-3.8501E+002
254.4583,-3.8765E+002
254.5000,-3.8843E+002
254.5417,-3.9050E+002
254.5833,-3.9305E+002
254.6250,-3.9540E+002
254.6667,-3.9720E+002
254.7083,-3.9855E+002
254.7500,-3.9924E+002
254.7917,-3.9916E+002
254.8333,-3.9847E+002
254.8750,-3.9574E+002
254.9167,-3.9485E+002
254.9583,-3.9326E+002
255.0000,-3.9043E+002
255.0417,-3.9030E+002
255.0833,-3.9037E+002
255.1250,-3.8454E+002
255.1667,-3.8003E+002
255.2083,-3.7684E+002
255.2500,-3.8116E+002
255.2917,-3.8180E+002
255.3333,-3.7566E+002
255.3750,-3.7617E+002
255.4167,-3.8172E+002
255.4583,-3.8536E+002
255.5000,-3.9002E+002
255.5417,-3.9616E+002
255.5833,-3.9512E+002
255.6250,-3.9320E+002
255.6667,-3.9546E+002
255.7083,-3.9742E+002
255.7500,-3.9834E+002
255.7917,-3.9807E+002
255.8333,-3.9760E+002
255.8750,-3.9673E+002
255.9167,-3.9556E+002
255.9583,-3.9171E+002
256.0000,-3.8807E+002
256.0417,-3.9178E+002
256.0833,-3.8982E+002
256.1250,-3.8629E+002
256.1667,-3.8662E+002
256.2083,-3.8411E+002
256.2500,-3.8262E+002
256.2917,-3.7730E+002
256.3333,-3.7432E+002
256.3750,-3.8099E+002
256.4167,-3.7877E+002
256.4583,-3.8232E+002
256.5000,-3.8429E+002
256.5417,-3.8769E+002
256.5833,-3.9081E+002
256.6250,-3.9407E+002
256.6667,-3.9644E+002
256.7083,-3.9799E+002
256.7500,-3.9892E+002
256.7917,-3.9959E+002
256.8333,-3.9858E+002
256.8750,-3.9740E+002
256.9167,-3.9526E+002
256.9583,-3.9471E+002
257.0000,-3.9169E+002
257.0417,-3.9196E+002
257.0833,-3.9051E+002
257.1250,-3.8837E+002
257.1667,-3.8815E+002
257.2083,-3.8678E+002
257.2500,-3.8233E+002
257.2917,-3.8345E+002
257.3333,-3.7664E+002
257.3750,-3.7725E+002
257.4167,-3.8134E+002
257.4583,-3.8546E+002
257.5000,-3.9262E+002
257.5417,-3.9137E+002
257.5833,-3.9342E+002
257.6250,-3.9699E+002
257.6667,-3.9926E+002
257.7083,-4.0083E+002
257.7500,-4.0131E+002
257.7917,-4.0138E+002
257.8333,-4.0097E+002
257.8750,-3.9946E+002
257.9167,-3.9934E+002
257.9583,-3.9525E+002
258.0000,-3.9599E+002
258.0417,-3.9411E+002
258.0833,-3.9004E+002
258.1250,-3.8691E+002
258.1667,-3.8634E+002
258.2083,-3.9183E+002
258.2500,-3.8647E+002
258.2917,-3.8416E+002
258.3333,-3.8557E+002
258.3750,-3.8232E+002
258.4167,-3.8189E+002
258.4583,-3.8681E+002
258.5000,-3.9074E+002
258.5417,-3.9381E+002
258.5833,-3.9743E+002
258.6250,-4.0152E+002
258.6667,-4.0433E+002
258.7083,-4.0619E+002
258.7500,-4.0691E+002
258.7917,-4.0714E+002
258.8333,-4.0691E+002
258.8750,-4.0631E+002
258.9167,-4.0352E+002
258.9583,-4.0433E+002
259.0000,-4.0158E+002
259.0417,-3.9823E+002
259.0833,-3.9558E+002
259.1250,-3.9704E+002
259.1667,-3.9846E+002
259.2083,-3.9406E+002
259.2500,-3.9087E+002
259.2917,-3.9216E+002
259.3333,-3.9323E+002
259.3750,-3.9100E+002
259.4167,-3.9199E+002
259.4583,-3.9660E+002
259.5000,-3.9849E+002
259.5417,-4.0197E+002
259.5833,-4.0562E+002
259.6250,-4.0868E+002
259.6667,-4.1041E+002
259.7083,-4.1235E+002
259.7500,-4.1405E+002
259.7917,-4.1164E+002
259.8333,-4.1042E+002
259.8750,-4.0971E+002
259.9167,-4.0918E+002
259.9583,-4.0791E+002
260.0000,-4.0719E+002
260.0417,-4.0637E+002
260.0833,-4.0534E+002
260.1250,-4.0440E+002
260.1667,-4.0330E+002
260.2083,-4.0192E+002
260.2500,-4.0033E+002
260.2917,-3.9825E+002
260.3333,-3.9575E+002
260.3750,-3.9340E+002
260.4167,-3.9203E+002
260.4583,-3.9201E+002
260.5000,-3.9275E+002
260.5417,-3.9390E+002
260.5833,-3.9496E+002
260.6250,-3.9568E+002
260.6667,-3.9666E+002
260.7083,-3.9694E+002
260.7500,-3.9696E+002
260.7917,-3.9708E+002
260.8333,-3.9633E+002
260.8750,-3.9508E+002
260.9167,-3.9355E+002
260.9583,-3.9174E+002
261.0000,-3.9002E+002
261.0417,-3.8893E+002
261.0833,-3.8758E+002
261.1250,-3.8590E+002
261.1667,-3.8398E+002
261.2083,-3.8226E+002
261.2500,-3.8080E+002
261.2917,-3.7938E+002
261.3333,-3.7750E+002
261.3750,-3.7663E+002
261.4167,-3.7667E+002
261.4583,-3.7724E+002
261.5000,-3.7902E+002
261.5417,-3.8108E+002
261.5833,-3.8360E+002
261.6250,-3.8592E+002
261.6667,-3.8759E+002
261.7083,-3.8864E+002
261.7500,-3.8930E+002
261.7917,-3.8963E+002
261.8333,-3.8933E+002
261.8750,-3.8856E+002
261.9167,-3.8810E+002
261.9583,-3.8773E+002
262.0000,-3.8723E+002
262.0417,-3.8652E+002
262.0833,-3.8530E+002
262.1250,-3.8415E+002
262.1667,-3.8236E+002
262.2083,-3.8053E+002
262.2500,-3.7893E+002
262.2917,-3.7703E+002
262.3333,-3.7474E+002
262.3750,-3.7167E+002
262.4167,-3.7233E+002
262.4583,-3.7363E+002
262.5000,-3.7569E+002
262.5417,-3.7664E+002
262.5833,-3.7898E+002
262.6250,-3.8129E+002
262.6667,-3.8307E+002
262.7083,-3.8409E+002
262.7500,-3.8482E+002
262.7917,-3.8499E+002
262.8333,-3.8455E+002
262.8750,-3.8274E+002
262.9167,-3.8212E+002
262.9583,-3.8037E+002
263.0000,-3.8012E+002
263.0417,-3.7903E+002
263.0833,-3.7690E+002
263.1250,-3.7602E+002
263.1667,-3.7458E+002
263.2083,-3.6989E+002
263.2500,-3.7196E+002
263.2917,-3.6673E+002
263.3333,-3.6359E+002
263.3750,-3.6539E+002
263.4167,-3.6987E+002
263.4583,-3.7462E+002
263.5000,-3.7798E+002
263.5417,-3.8127E+002
263.5833,-3.7856E+002
263.6250,-3.8020E+002
263.6667,-3.8191E+002
263.7083,-3.8319E+002
263.7500,-3.8393E+002
263.7917,-3.8420E+002
263.8333,-3.8374E+002
263.8750,-3.8280E+002
263.9167,-3.8176E+002
263.9583,-3.8049E+002
264.0000,-3.7922E+002
264.0417,-3.7792E+002
264.0833,-3.7558E+002
264.1250,-3.7316E+002
264.1667,-3.7331E+002
264.2083,-3.7000E+002
264.2500,-3.7124E+002
264.2917,-3.6642E+002
264.3333,-3.6652E+002
264.3750,-3.6491E+002
264.4167,-3.6503E+002
264.4583,-3.6812E+002
264.5000,-3.7039E+002
264.5417,-3.7205E+002
264.5833,-3.7558E+002
264.6250,-3.7876E+002
264.6667,-3.8095E+002
264.7083,-3.8205E+002
264.7500,-3.8268E+002
264.7917,-3.8296E+002
264.8333,-3.8244E+002
264.8750,-3.8042E+002
264.9167,-3.8096E+002
264.9583,-3.7844E+002
265.0000,-3.7843E+002
265.0417,-3.7522E+002
265.0833,-3.7655E+002
265.1250,-3.7239E+002
265.1667,-3.6946E+002
265.2083,-3.7238E+002
265.2500,-3.7226E+002
265.2917,-3.7225E+002
265.3333,-3.6808E+002
265.3750,-3.6621E+002
265.4167,-3.7064E+002
265.4583,-3.7288E+002
265.5000,-3.7752E+002
265.5417,-3.8444E+002
265.5833,-3.8100E+002
265.6250,-3.8290E+002
265.6667,-3.8491E+002
265.7083,-3.8660E+002
265.7500,-3.8749E+002
265.7917,-3.8769E+002
265.8333,-3.8750E+002
265.8750,-3.8710E+002
265.9167,-3.8681E+002
265.9583,-3.8651E+002
266.0000,-3.8587E+002
266.0417,-3.8449E+002
266.0833,-3.8425E+002
266.1250,-3.8395E+002
266.1667,-3.8242E+002
266.2083,-3.8275E+002
266.2500,-3.8119E+002
266.2917,-3.7962E+002
266.3333,-3.8007E+002
266.3750,-3.8124E+002
266.4167,-3.8258E+002
266.4583,-3.8640E+002
266.5000,-3.8984E+002
266.5417,-3.9236E+002
266.5833,-3.8819E+002
266.6250,-3.8984E+002
266.6667,-3.9144E+002
266.7083,-3.9219E+002
266.7500,-3.9287E+002
266.7917,-3.9293E+002
266.8333,-3.9222E+002
266.8750,-3.9059E+002
266.9167,-3.8996E+002
266.9583,-3.8553E+002
267.0000,-3.8155E+002
267.0417,-3.7970E+002
267.0833,-3.8568E+002
267.1250,-3.8145E+002
267.1667,-3.7865E+002
267.2083,-3.7881E+002
267.2500,-3.8039E+002
267.2917,-3.8213E+002
267.3333,-3.8164E+002
267.3750,-3.8128E+002
267.4167,-3.8093E+002
267.4583,-3.8114E+002
267.5000,-3.8164E+002
267.5417,-3.8240E+002
267.5833,-3.8273E+002
267.6250,-3.8358E+002
267.6667,-3.8461E+002
267.7083,-3.8522E+002
267.7500,-3.8578E+002
267.7917,-3.8556E+002
267.8333,-3.8518E+002
267.8750,-3.8463E+002
267.9167,-3.8268E+002
267.9583,-3.8271E+002
268.0000,-3.8213E+002
268.0417,-3.8169E+002
268.0833,-3.8098E+002
268.1250,-3.8013E+002
268.1667,-3.7924E+002
268.2083,-3.7846E+002
268.2500,-3.7731E+002
268.2917,-3.7338E+002
268.3333,-3.7322E+002
268.3750,-3.7207E+002
268.4167,-3.7182E+002
268.4583,-3.7085E+002
268.5000,-3.7049E+002
268.5417,-3.7037E+002
268.5833,-3.7017E+002
268.6250,-3.7019E+002
268.6667,-3.7008E+002
268.7083,-3.7034E+002
268.7500,-3.7007E+002
268.7917,-3.6913E+002
268.8333,-3.6826E+002
268.8750,-3.6749E+002
268.9167,-3.6650E+002
268.9583,-3.6446E+002
269.0000,-3.6518E+002
269.0417,-3.6377E+002
269.0833,-3.6350E+002
269.1250,-3.6301E+002
269.1667,-3.6173E+002
269.2083,-3.6142E+002
269.2500,-3.5916E+002
269.2917,-3.5892E+002
269.3333,-3.5635E+002
269.3750,-3.5578E+002
269.4167,-3.5531E+002
269.4583,-3.5520E+002
269.5000,-3.5551E+002
269.5417,-3.5573E+002
269.5833,-3.5607E+002
269.6250,-3.5623E+002
269.6667,-3.5679E+002
269.7083,-3.5722E+002
269.7500,-3.5734E+002
269.7917,-3.5719E+002
269.8333,-3.5690E+002
269.8750,-3.5660E+002
269.9167,-3.5599E+002
269.9583,-3.5568E+002
270.0000,-3.5531E+002
270.0417,-3.5536E+002
270.0833,-3.5446E+002
270.1250,-3.5466E+002
270.1667,-3.5387E+002
270.2083,-3.5388E+002
270.2500,-3.5315E+002
270.2917,-3.5275E+002
270.3333,-3.5173E+002
270.3750,-3.5140E+002
270.4167,-3.5135E+002
270.4583,-3.5177E+002
270.5000,-3.5213E+002
270.5417,-3.5324E+002
270.5833,-3.5412E+002
270.6250,-3.5491E+002
270.6667,-3.5615E+002
270.7083,-3.5695E+002
270.7500,-3.5751E+002
270.7917,-3.5744E+002
270.8333,-3.5720E+002
270.8750,-3.5685E+002
270.9167,-3.5619E+002
270.9583,-3.5597E+002
271.0000,-3.5512E+002
271.0417,-3.5120E+002
271.0833,-3.4755E+002
271.1250,-3.4450E+002
271.1667,-3.4475E+002
271.2083,-3.5006E+002
271.2500,-3.4523E+002
271.2917,-3.4215E+002
271.3333,-3.4295E+002
271.3750,-3.4585E+002
271.4167,-3.4331E+002
271.4583,-3.4520E+002
271.5000,-3.4701E+002
271.5417,-3.4979E+002
271.5833,-3.5241E+002
271.6250,-3.5491E+002
271.6667,-3.5622E+002
271.7083,-3.5760E+002
271.7500,-3.5842E+002
271.7917,-3.5872E+002
271.8333,-3.5866E+002
271.8750,-3.5852E+002
271.9167,-3.5816E+002
271.9583,-3.5790E+002
272.0000,-3.5685E+002
272.0417,-3.5755E+002
272.0833,-3.5701E+002
272.1250,-3.5671E+002
272.1667,-3.5693E+002
272.2083,-3.5723E+002
272.2500,-3.5722E+002
272.2917,-3.5731E+002
272.3333,-3.5744E+002
272.3750,-3.5781E+002
272.4167,-3.5927E+002
272.4583,-3.6099E+002
272.5000,-3.6245E+002
272.5417,-3.6366E+002
272.5833,-3.6243E+002
272.6250,-3.6082E+002
272.6667,-3.6122E+002
272.7083,-3.6306E+002
272.7500,-3.6465E+002
272.7917,-3.6457E+002
272.8333,-3.6409E+002
272.8750,-3.6352E+002
272.9167,-3.6282E+002
272.9583,-3.6207E+002
273.0000,-3.6161E+002
273.0417,-3.6166E+002
273.0833,-3.6153E+002
273.1250,-3.6105E+002
273.1667,-3.6127E+002
273.2083,-3.6110E+002
273.2500,-3.6121E+002
273.2917,-3.6130E+002
273.3333,-3.6148E+002
273.3750,-3.6177E+002
273.4167,-3.6248E+002
273.4583,-3.6689E+002
273.5000,-3.7038E+002
273.5417,-3.6935E+002
273.5833,-3.7110E+002
273.6250,-3.7442E+002
273.6667,-3.7581E+002
273.7083,-3.7627E+002
273.7500,-3.7630E+002
273.7917,-3.7590E+002
273.8333,-3.7506E+002
273.8750,-3.7429E+002
273.9167,-3.7103E+002
273.9583,-3.7119E+002
274.0000,-3.6865E+002
274.0417,-3.6428E+002
274.0833,-3.6723E+002
274.1250,-3.6482E+002
274.1667,-3.6052E+002
274.2083,-3.6291E+002
274.2500,-3.6228E+002
274.2917,-3.5891E+002
274.3333,-3.5985E+002
274.3750,-3.5734E+002
274.4167,-3.5794E+002
274.4583,-3.6130E+002
274.5000,-3.6254E+002
274.5417,-3.6415E+002
274.5833,-3.6650E+002
274.6250,-3.6811E+002
274.6667,-3.6861E+002
274.7083,-3.6917E+002
274.7500,-3.6985E+002
274.7917,-3.6985E+002
274.8333,-3.6972E+002
274.8750,-3.6950E+002
274.9167,-3.6904E+002
274.9583,-3.6816E+002
275.0000,-3.6746E+002
275.0417,-3.6521E+002
275.0833,-3.6501E+002
275.1250,-3.6025E+002
275.1667,-3.5884E+002
275.2083,-3.6167E+002
275.2500,-3.5814E+002
275.2917,-3.5598E+002
275.3333,-3.5950E+002
275.3750,-3.5766E+002
275.4167,-3.5973E+002
275.4583,-3.6189E+002
275.5000,-3.6605E+002
275.5417,-3.6482E+002
275.5833,-3.6634E+002
275.6250,-3.6848E+002
275.6667,-3.6978E+002
275.7083,-3.7049E+002
275.7500,-3.9362E+002
275.7917,-3.9210E+002
275.8333,-3.9127E+002
275.8750,-3.9026E+002
275.9167,-3.8926E+002
275.9583,-3.8816E+002
276.0000,-3.8714E+002
276.0417,-3.8485E+002
276.0833,-3.8397E+002
276.1250,-3.8146E+002
276.1667,-3.7755E+002
276.2083,-3.8134E+002
276.2500,-3.7972E+002
276.2917,-3.7747E+002
276.3333,-3.7731E+002
276.3750,-3.7785E+002
276.4167,-3.7821E+002
276.4583,-3.7775E+002
276.5000,-3.7711E+002
276.5417,-3.7656E+002
276.5833,-3.7552E+002
276.6250,-3.7520E+002
276.6667,-3.7543E+002
276.7083,-3.7475E+002
276.7500,-3.7387E+002
276.7917,-3.7280E+002
276.8333,-3.7067E+002
276.8750,-3.6940E+002
276.9167,-3.6470E+002
276.9583,-3.5972E+002
277.0000,-3.5737E+002
277.0417,-3.6025E+002
277.0833,-3.6393E+002
277.1250,-3.6366E+002
277.1667,-3.6289E+002
277.2083,-3.6182E+002
277.2500,-3.6081E+002
277.2917,-3.6034E+002
277.3333,-3.5917E+002
277.3750,-3.5811E+002
277.4167,-3.5760E+002
277.4583,-3.5740E+002
277.5000,-3.5739E+002
277.5417,-3.5827E+002
277.5833,-3.5961E+002
277.6250,-3.6155E+002
277.6667,-3.6283E+002
277.7083,-3.6381E+002
277.7500,-3.6437E+002
277.7917,-3.6404E+002
277.8333,-3.6379E+002
277.8750,-3.6320E+002
277.9167,-3.6173E+002
277.9583,-3.6148E+002
278.0000,-3.5835E+002
278.0417,-3.5993E+002
278.0833,-3.5867E+002
278.1250,-3.5764E+002
278.1667,-3.5748E+002
278.2083,-3.5552E+002
278.2500,-3.5610E+002
278.2917,-3.5215E+002
278.3333,-3.5388E+002
278.3750,-3.5177E+002
278.4167,-3.5174E+002
278.4583,-3.5405E+002
278.5000,-3.5513E+002
278.5417,-3.5637E+002
278.5833,-3.5733E+002
278.6250,-3.5846E+002
278.6667,-3.5884E+002
278.7083,-3.5891E+002
278.7500,-3.5892E+002
278.7917,-3.5882E+002
278.8333,-3.5871E+002
278.8750,-3.5855E+002
278.9167,-3.5853E+002
278.9583,-3.5846E+002
279.0000,-3.5839E+002
279.0417,-3.5827E+002
279.0833,-3.5820E+002
279.1250,-3.5824E+002
279.1667,-3.5831E+002
279.2083,-3.5822E+002
279.2500,-3.5799E+002
279.2917,-3.5775E+002
279.3333,-3.5753E+002
279.3750,-3.5738E+002
279.4167,-3.5742E+002
279.4583,-3.5768E+002
279.5000,-3.5810E+002
279.5417,-3.5844E+002
279.5833,-3.5890E+002
279.6250,-3.5985E+002
279.6667,-3.6093E+002
279.7083,-3.6180E+002
279.7500,-3.6209E+002
279.7917,-3.6218E+002
279.8333,-3.6200E+002
279.8750,-3.6175E+002
279.9167,-3.6154E+002
279.9583,-3.6131E+002
280.0000,-3.6104E+002
280.0417,-3.6087E+002
280.0833,-3.6069E+002
280.1250,-3.6051E+002
280.1667,-3.6030E+002
280.2083,-3.6017E+002
280.2500,-3.6001E+002
280.2917,-3.5985E+002
280.3333,-3.5975E+002
280.3750,-3.5973E+002
280.4167,-3.5984E+002
280.4583,-3.6129E+002
280.5000,-3.6234E+002
280.5417,-3.6253E+002
280.5833,-3.6439E+002
280.6250,-3.6641E+002
280.6667,-3.6773E+002
280.7083,-3.6798E+002
280.7500,-3.6804E+002
280.7917,-3.6777E+002
280.8333,-3.6746E+002
280.8750,-3.6632E+002
280.9167,-3.6531E+002
280.9583,-3.6481E+002
281.0000,-3.6335E+002
281.0417,-3.6011E+002
281.0833,-3.6222E+002
281.1250,-3.6162E+002
281.1667,-3.6038E+002
281.2083,-3.6002E+002
281.2500,-3.6087E+002
281.2917,-3.6187E+002
281.3333,-3.6176E+002
281.3750,-3.6167E+002
281.4167,-3.6185E+002
281.4583,-3.6228E+002
281.5000,-3.6297E+002
281.5417,-3.6348E+002
281.5833,-3.6419E+002
281.6250,-3.6495E+002
281.6667,-3.6581E+002
281.7083,-3.6693E+002
281.7500,-3.6756E+002
281.7917,-3.6783E+002
281.8333,-3.6794E+002
281.8750,-3.6809E+002
281.9167,-3.6820E+002
281.9583,-3.6827E+002
282.0000,-3.6837E+002
282.0417,-3.6847E+002
282.0833,-3.6849E+002
282.1250,-3.6850E+002
282.1667,-3.6850E+002
282.2083,-3.6851E+002
282.2500,-3.6850E+002
282.2917,-3.6846E+002
282.3333,-3.6839E+002
282.3750,-3.6809E+002
282.4167,-3.6906E+002
282.4583,-3.6943E+002
282.5000,-3.7066E+002
282.5417,-3.7189E+002
282.5833,-3.7334E+002
282.6250,-3.7393E+002
282.6667,-3.7467E+002
282.7083,-3.7495E+002
282.7500,-3.7492E+002
282.7917,-3.7484E+002
282.8333,-3.7474E+002
282.8750,-3.7462E+002
282.9167,-3.7456E+002
282.9583,-3.7450E+002
283.0000,-3.7426E+002
283.0417,-3.7358E+002
283.0833,-3.7277E+002
283.1250,-3.6946E+002
283.1667,-3.6932E+002
283.2083,-3.6482E+002
283.2500,-3.6441E+002
283.2917,-3.6609E+002
283.3333,-3.6243E+002
283.3750,-3.6241E+002
283.4167,-3.6348E+002
283.4583,-3.6572E+002
283.5000,-3.6694E+002
283.5417,-3.6776E+002
283.5833,-3.6934E+002
283.6250,-3.7099E+002
283.6667,-3.7102E+002
283.7083,-3.7022E+002
283.7500,-3.6911E+002
283.7917,-3.6628E+002
283.8333,-3.6610E+002
283.8750,-3.6009E+002
283.9167,-3.6085E+002
283.9583,-3.5852E+002
284.0000,-3.5237E+002
284.0417,-3.5018E+002
284.0833,-3.5651E+002
284.1250,-3.5326E+002
284.1667,-3.5143E+002
284.2083,-3.4535E+002
284.2500,-3.4200E+002
284.2917,-3.4821E+002
284.3333,-3.4761E+002
284.3750,-3.4566E+002
284.4167,-3.4488E+002
284.4583,-3.4653E+002
284.5000,-3.4833E+002
284.5417,-3.5003E+002
284.5833,-3.5156E+002
284.6250,-3.5265E+002
284.6667,-3.5349E+002
284.7083,-3.5363E+002
284.7500,-3.5319E+002
284.7917,-3.5243E+002
284.8333,-3.5146E+002
284.8750,-3.5037E+002
284.9167,-3.4719E+002
284.9583,-3.4780E+002
285.0000,-3.4679E+002
285.0417,-3.4641E+002
285.0833,-3.4565E+002
285.1250,-3.4504E+002
285.1667,-3.4444E+002
285.2083,-3.4277E+002
285.2500,-3.4348E+002
285.2917,-3.4214E+002
285.3333,-3.4254E+002
285.3750,-3.4097E+002
285.4167,-3.4201E+002
285.4583,-3.4302E+002
285.5000,-3.4386E+002
285.5417,-3.4525E+002
285.5833,-3.4661E+002
285.6250,-3.4821E+002
285.6667,-3.4945E+002
285.7083,-3.5031E+002
285.7500,-3.5086E+002
285.7917,-3.5012E+002
285.8333,-3.4915E+002
285.8750,-3.4833E+002
285.9167,-3.4884E+002
285.9583,-3.4945E+002
286.0000,-3.4910E+002
286.0417,-3.4875E+002
286.0833,-3.4801E+002
286.1250,-3.4781E+002
286.1667,-3.4704E+002
286.2083,-3.4672E+002
286.2500,-3.4632E+002
286.2917,-3.4574E+002
286.3333,-3.4512E+002
286.3750,-3.4354E+002
286.4167,-3.4361E+002
286.4583,-3.4406E+002
286.5000,-3.4462E+002
286.5417,-3.4586E+002
286.5833,-3.4751E+002
286.6250,-3.4881E+002
286.6667,-3.4997E+002
286.7083,-3.5074E+002
286.7500,-3.5098E+002
286.7917,-3.5055E+002
286.8333,-3.4946E+002
286.8750,-3.4921E+002
286.9167,-3.4578E+002
286.9583,-3.4491E+002
287.0000,-3.4574E+002
287.0417,-3.4137E+002
287.0833,-3.3917E+002
287.1250,-3.4308E+002
287.1667,-3.3810E+002
287.2083,-3.3651E+002
287.2500,-3.3983E+002
287.2917,-3.3536E+002
287.3333,-3.3266E+002
287.3750,-3.2940E+002
287.4167,-3.3433E+002
287.4583,-3.3694E+002
287.5000,-3.3806E+002
287.5417,-3.3977E+002
287.5833,-3.4155E+002
287.6250,-3.4308E+002
287.6667,-3.4425E+002
287.7083,-3.4485E+002
287.7500,-3.4500E+002
287.7917,-3.4490E+002
287.8333,-3.4472E+002
287.8750,-3.4456E+002
287.9167,-3.4437E+002
287.9583,-3.4427E+002
288.0000,-3.4408E+002
288.0417,-3.4377E+002
288.0833,-3.4370E+002
288.1250,-3.4300E+002
288.1667,-3.4318E+002
288.2083,-3.4303E+002
288.2500,-3.4253E+002
288.2917,-3.4239E+002
288.3333,-3.4287E+002
288.3750,-3.4219E+002
288.4167,-3.4296E+002
288.4583,-3.4336E+002
288.5000,-3.4381E+002
288.5417,-3.4425E+002
288.5833,-3.4449E+002
288.6250,-3.4474E+002
288.6667,-3.4495E+002
288.7083,-3.4525E+002
288.7500,-3.4534E+002
288.7917,-3.4544E+002
288.8333,-3.4543E+002
288.8750,-3.4545E+002
288.9167,-3.4549E+002
288.9583,-3.4552E+002
289.0000,-3.4556E+002
289.0417,-3.4558E+002
289.0833,-3.4561E+002
289.1250,-3.4564E+002
289.1667,-3.4564E+002
289.2083,-3.4564E+002
289.2500,-3.4564E+002
289.2917,-3.4563E+002
289.3333,-3.4562E+002
289.3750,-3.4543E+002
289.4167,-3.4585E+002
289.4583,-3.4618E+002
289.5000,-3.4677E+002
289.5417,-3.4735E+002
289.5833,-3.4821E+002
289.6250,-3.4898E+002
289.6667,-3.4967E+002
289.7083,-3.5046E+002
289.7500,-3.5048E+002
289.7917,-3.5041E+002
289.8333,-3.5029E+002
289.8750,-3.5011E+002
289.9167,-3.4941E+002
289.9583,-3.4902E+002
290.0000,-3.4864E+002
290.0417,-3.4641E+002
290.0833,-3.4536E+002
290.1250,-3.4660E+002
290.1667,-3.4586E+002
290.2083,-3.4475E+002
290.2500,-3.4172E+002
290.2917,-3.4263E+002
290.3333,-3.3831E+002
290.3750,-3.3959E+002
290.4167,-3.4025E+002
290.4583,-3.4169E+002
290.5000,-3.4180E+002
290.5417,-3.4282E+002
290.5833,-3.4379E+002
290.6250,-3.4471E+002
290.6667,-3.4562E+002
290.7083,-3.4632E+002
290.7500,-3.4652E+002
290.7917,-3.4625E+002
290.8333,-3.4598E+002
290.8750,-3.4579E+002
290.9167,-3.4487E+002
290.9583,-3.4529E+002
291.0000,-3.4451E+002
291.0417,-3.4443E+002
291.0833,-3.4425E+002
291.1250,-3.4376E+002
291.1667,-3.4379E+002
291.2083,-3.4298E+002
291.2500,-3.4107E+002
291.2917,-3.4047E+002
291.3333,-3.3907E+002
291.3750,-3.3871E+002
291.4167,-3.3612E+002
291.4583,-3.3685E+002
291.5000,-3.3910E+002
291.5417,-3.4011E+002
291.5833,-3.4119E+002
291.6250,-3.4242E+002
291.6667,-3.4396E+002
291.7083,-3.4509E+002
291.7500,-3.4541E+002
291.7917,-3.4501E+002
291.8333,-3.4457E+002
291.8750,-3.4443E+002
291.9167,-3.4419E+002
291.9583,-3.4362E+002
292.0000,-3.4381E+002
292.0417,-3.4291E+002
292.0833,-3.4286E+002
292.1250,-3.4287E+002
292.1667,-3.4198E+002
292.2083,-3.4128E+002
292.2500,-3.4219E+002
292.2917,-3.4176E+002
292.3333,-3.4120E+002
292.3750,-3.4013E+002
292.4167,-3.4088E+002
292.4583,-3.4324E+002
292.5000,-3.4653E+002
292.5417,-3.4857E+002
292.5833,-3.4887E+002
292.6250,-3.4955E+002
292.6667,-3.4894E+002
292.7083,-3.4963E+002
292.7500,-3.4848E+002
292.7917,-3.4779E+002
292.8333,-3.4493E+002
292.8750,-3.4616E+002
292.9167,-3.4198E+002
292.9583,-3.4365E+002
293.0000,-3.4052E+002
293.0417,-3.3690E+002
293.0833,-3.3727E+002
293.1250,-3.3913E+002
293.1667,-3.3518E+002
293.2083,-3.3641E+002
293.2500,-3.3536E+002
293.2917,-3.3170E+002
293.3333,-3.3506E+002
293.3750,-3.2764E+002
293.4167,-3.3125E+002
293.4583,-3.3391E+002
293.5000,-3.3603E+002
293.5417,-3.4019E+002
293.5833,-3.4505E+002
293.6250,-3.4854E+002
293.6667,-3.5153E+002
293.7083,-3.5248E+002
293.7500,-3.5205E+002
293.7917,-3.5109E+002
293.8333,-3.5003E+002
293.8750,-3.4929E+002
293.9167,-3.4866E+002
293.9583,-3.4806E+002
294.0000,-3.4749E+002
294.0417,-3.4698E+002
294.0833,-3.4660E+002
294.1250,-3.4629E+002
294.1667,-3.4582E+002
294.2083,-3.4510E+002
294.2500,-3.4468E+002
294.2917,-3.4449E+002
294.3333,-3.4457E+002
294.3750,-3.4034E+002
294.4167,-3.4188E+002
294.4583,-3.4494E+002
294.5000,-3.4540E+002
294.5417,-3.4842E+002
294.5833,-3.5255E+002
294.6250,-3.5685E+002
294.6667,-3.5970E+002
294.7083,-3.6105E+002
294.7500,-3.6061E+002
294.7917,-3.5912E+002
294.8333,-3.5719E+002
294.8750,-3.5534E+002
294.9167,-3.5385E+002
294.9583,-3.5256E+002
295.0000,-3.5152E+002
295.0417,-3.5084E+002
295.0833,-3.5036E+002
295.1250,-3.5020E+002
295.1667,-3.4957E+002
295.2083,-3.4903E+002
295.2500,-3.4865E+002
295.2917,-3.4826E+002
295.3333,-3.4788E+002
295.3750,-3.4643E+002
295.4167,-3.4706E+002
295.4583,-3.4904E+002
295.5000,-3.5125E+002
295.5417,-3.5556E+002
295.5833,-3.5947E+002
295.6250,-3.6358E+002
295.6667,-3.6562E+002
295.7083,-3.6702E+002
295.7500,-3.6678E+002
295.7917,-3.6619E+002
295.8333,-3.6556E+002
295.8750,-3.6490E+002
295.9167,-3.6420E+002
295.9583,-3.6378E+002
296.0000,-3.6332E+002
296.0417,-3.6269E+002
296.0833,-3.6214E+002
296.1250,-3.6180E+002
296.1667,-3.6172E+002
296.2083,-3.6135E+002
296.2500,-3.6111E+002
296.2917,-3.6067E+002
296.3333,-3.6037E+002
296.3750,-3.6035E+002
296.4167,-3.6013E+002
296.4583,-3.6178E+002
296.5000,-3.6301E+002
296.5417,-3.6344E+002
296.5833,-3.6222E+002
296.6250,-3.6206E+002
296.6667,-3.6280E+002
296.7083,-3.6377E+002
296.7500,-3.6435E+002
296.7917,-3.6446E+002
296.8333,-3.6448E+002
296.8750,-3.6456E+002
296.9167,-3.6462E+002
296.9583,-3.6465E+002
297.0000,-3.6461E+002
297.0417,-3.6421E+002
297.0833,-3.6337E+002
297.1250,-3.6240E+002
297.1667,-3.6195E+002
297.2083,-3.6136E+002
297.2500,-3.6138E+002
297.2917,-3.6134E+002
297.3333,-3.6135E+002
297.3750,-3.5992E+002
297.4167,-3.5948E+002
297.4583,-3.6057E+002
297.5000,-3.6167E+002
297.5417,-3.6272E+002
297.5833,-3.6389E+002
297.6250,-3.6452E+002
297.6667,-3.6537E+002
297.7083,-3.6581E+002
297.7500,-3.6596E+002
297.7917,-3.6583E+002
297.8333,-3.6568E+002
297.8750,-3.6553E+002
297.9167,-3.6532E+002
297.9583,-3.6504E+002
298.0000,-3.6467E+002
298.0417,-3.6370E+002
298.0833,-3.6384E+002
298.1250,-3.6016E+002
298.1667,-3.5589E+002
298.2083,-3.6009E+002
298.2500,-3.5550E+002
298.2917,-3.5093E+002
298.3333,-3.5212E+002
298.3750,-3.5509E+002
298.4167,-3.5350E+002
298.4583,-3.5429E+002
298.5000,-3.5627E+002
298.5417,-3.5813E+002
298.5833,-3.6036E+002
298.6250,-3.6187E+002
298.6667,-3.6290E+002
298.7083,-3.6335E+002
298.7500,-3.6337E+002
298.7917,-3.6292E+002
298.8333,-3.6211E+002
298.8750,-3.6119E+002
298.9167,-3.6174E+002
298.9583,-3.6200E+002
299.0000,-3.6174E+002
299.0417,-3.6143E+002
299.0833,-3.6109E+002
299.1250,-3.5993E+002
299.1667,-3.6051E+002
299.2083,-3.5972E+002
299.2500,-3.5924E+002
299.2917,-3.5971E+002
299.3333,-3.5932E+002
299.3750,-3.5904E+002
299.4167,-3.5888E+002
299.4583,-3.5877E+002
299.5000,-3.5904E+002
299.5417,-3.5935E+002
299.5833,-3.5971E+002
299.6250,-3.5986E+002
299.6667,-3.5989E+002
299.7083,-3.5957E+002
299.7500,-3.5919E+002
299.7917,-3.5866E+002
299.8333,-3.5753E+002
299.8750,-3.5607E+002
299.9167,-3.5503E+002
299.9583,-3.5316E+002
300.0000,-3.5026E+002
300.0417,-3.5066E+002
300.0833,-3.5229E+002
300.1250,-3.4902E+002
300.1667,-3.5120E+002
300.2083,-3.5043E+002
300.2500,-3.5039E+002
300.2917,-3.4969E+002
300.3333,-3.4977E+002
300.3750,-3.4984E+002
300.4167,-3.4996E+002
300.4583,-3.5021E+002
300.5000,-3.5076E+002
300.5417,-3.5138E+002
300.5833,-3.5229E+002
300.6250,-3.5295E+002
300.6667,-3.5355E+002
300.7083,-3.5373E+002
300.7500,-3.5335E+002
300.7917,-3.5263E+002
300.8333,-3.5087E+002
300.8750,-3.5037E+002
300.9167,-3.4900E+002
300.9583,-3.4871E+002
301.0000,-3.4751E+002
301.0417,-3.4740E+002
301.0833,-3.4766E+002
301.1250,-3.4802E+002
301.1667,-3.4856E+002
301.2083,-3.4895E+002
301.2500,-3.4901E+002
301.2917,-3.4912E+002
301.3333,-3.4938E+002
301.3750,-3.4988E+002
301.4167,-3.4976E+002
301.4583,-3.5049E+002
301.5000,-3.5149E+002
301.5417,-3.5304E+002
301.5833,-3.5441E+002
301.6250,-3.5554E+002
301.6667,-3.5654E+002
301.7083,-3.5671E+002
301.7500,-3.5648E+002
301.7917,-3.5610E+002
301.8333,-3.5566E+002
301.8750,-3.5524E+002
301.9167,-3.5484E+002
301.9583,-3.5475E+002
302.0000,-3.5474E+002
302.0417,-3.5467E+002
302.0833,-3.5460E+002
302.1250,-3.5441E+002
302.1667,-3.5413E+002
302.2083,-3.5373E+002
302.2500,-3.5273E+002
302.2917,-3.5227E+002
302.3333,-3.5140E+002
302.3750,-3.5073E+002
302.4167,-3.5078E+002
302.4583,-3.5122E+002
302.5000,-3.5191E+002
302.5417,-3.5269E+002
302.5833,-3.5393E+002
302.6250,-3.5471E+002
302.6667,-3.5502E+002
302.7083,-3.5516E+002
302.7500,-3.5514E+002
302.7917,-3.5515E+002
302.8333,-3.5517E+002
302.8750,-3.5523E+002
302.9167,-3.5528E+002
302.9583,-3.5534E+002
303.0000,-3.5558E+002
303.0417,-3.5552E+002
303.0833,-3.5569E+002
303.1250,-3.5594E+002
303.1667,-3.5622E+002
303.2083,-3.5635E+002
303.2500,-3.5666E+002
303.2917,-3.5706E+002
303.3333,-3.5746E+002
303.3750,-3.5846E+002
303.4167,-3.5881E+002
303.4583,-3.5889E+002
303.5000,-3.5851E+002
303.5417,-3.5958E+002
303.5833,-3.6146E+002
303.6250,-3.6091E+002
303.6667,-3.6144E+002
303.7083,-3.6163E+002
303.7500,-3.6169E+002
303.7917,-3.6172E+002
303.8333,-3.6170E+002
303.8750,-3.6166E+002
303.9167,-3.6158E+002
303.9583,-3.6138E+002
304.0000,-3.6140E+002
304.0417,-3.6102E+002
304.0833,-3.6103E+002
304.1250,-3.6074E+002
304.1667,-3.6051E+002
304.2083,-3.6050E+002
304.2500,-3.6014E+002
304.2917,-3.5984E+002
304.3333,-3.5891E+002
304.3750,-3.5989E+002
304.4167,-3.5886E+002
304.4583,-3.6022E+002
304.5000,-3.6102E+002
304.5417,-3.6150E+002
304.5833,-3.6277E+002
304.6250,-3.6347E+002
304.6667,-3.6345E+002
304.7083,-3.6307E+002
304.7500,-3.6229E+002
304.7917,-3.5877E+002
304.8333,-3.5923E+002
304.8750,-3.5575E+002
304.9167,-3.5696E+002
304.9583,-3.5092E+002
305.0000,-3.4815E+002
305.0417,-3.5239E+002
305.0833,-3.4601E+002
305.1250,-3.4842E+002
305.1667,-3.4436E+002
305.2083,-3.3791E+002
305.2500,-3.4265E+002
305.2917,-3.3909E+002
305.3333,-3.4056E+002
305.3750,-3.3712E+002
305.4167,-3.4226E+002
305.4583,-3.4394E+002
305.5000,-3.4390E+002
305.5417,-3.4554E+002
305.5833,-3.4733E+002
305.6250,-3.4857E+002
305.6667,-3.5035E+002
305.7083,-3.5206E+002
305.7500,-3.5410E+002
305.7917,-3.5496E+002
305.8333,-3.5517E+002
305.8750,-3.5479E+002
305.9167,-3.5449E+002
305.9583,-3.5380E+002
306.0000,-3.5262E+002
306.0417,-3.5197E+002
306.0833,-3.5152E+002
306.1250,-3.5141E+002
306.1667,-3.5013E+002
306.2083,-3.4971E+002
306.2500,-3.4971E+002
306.2917,-3.4968E+002
306.3333,-3.4925E+002
306.3750,-3.4955E+002
306.4167,-3.5126E+002
306.4583,-3.5508E+002
306.5000,-3.5901E+002
306.5417,-3.6321E+002
306.5833,-3.6759E+002
306.6250,-3.7137E+002
306.6667,-3.7447E+002
306.7083,-3.7619E+002
306.7500,-3.7686E+002
306.7917,-3.7694E+002
306.8333,-3.7678E+002
306.8750,-3.7651E+002
306.9167,-3.7678E+002
306.9583,-3.7650E+002
307.0000,-3.7597E+002
307.0417,-3.7191E+002
307.0833,-3.6768E+002
307.1250,-3.7102E+002
307.1667,-3.6959E+002
307.2083,-3.6848E+002
307.2500,-3.6566E+002
307.2917,-3.6521E+002
307.3333,-3.5829E+002
307.3750,-3.6169E+002
307.4167,-3.5904E+002
307.4583,-3.6033E+002
307.5000,-3.6239E+002
307.5417,-3.6309E+002
307.5833,-3.6383E+002
307.6250,-3.6393E+002
307.6667,-3.6369E+002
307.7083,-3.6343E+002
307.7500,-3.6295E+002
307.7917,-3.6237E+002
307.8333,-3.6163E+002
307.8750,-3.5993E+002
307.9167,-3.5954E+002
307.9583,-3.5907E+002
308.0000,-3.5758E+002
308.0417,-3.5426E+002
308.0833,-3.5172E+002
308.1250,-3.5202E+002
308.1667,-3.4564E+002
308.2083,-3.4520E+002
308.2500,-3.4729E+002
308.2917,-3.4216E+002
308.3333,-3.4347E+002
308.3750,-3.3683E+002
308.4167,-3.3617E+002
308.4583,-3.4109E+002
308.5000,-3.4190E+002
308.5417,-3.4282E+002
308.5833,-3.4355E+002
308.6250,-3.4425E+002
308.6667,-3.4438E+002
308.7083,-3.4400E+002
308.7500,-3.4331E+002
308.7917,-3.4243E+002
308.8333,-3.3968E+002
308.8750,-3.3990E+002
308.9167,-3.3561E+002
308.9583,-3.3257E+002
309.0000,-3.3677E+002
309.0417,-3.3590E+002
309.0833,-3.3480E+002
309.1250,-3.3374E+002
309.1667,-3.3276E+002
309.2083,-3.3166E+002
309.2500,-3.3071E+002
309.2917,-3.2963E+002
309.3333,-3.2879E+002
309.3750,-3.2800E+002
309.4167,-3.2736E+002
309.4583,-3.2783E+002
309.5000,-3.2889E+002
309.5417,-3.2951E+002
309.5833,-3.3080E+002
309.6250,-3.3145E+002
309.6667,-3.3173E+002
309.7083,-3.3160E+002
309.7500,-3.3117E+002
309.7917,-3.3062E+002
309.8333,-3.2986E+002
309.8750,-3.2801E+002
309.9167,-3.2789E+002
309.9583,-3.2464E+002
310.0000,-3.2244E+002
310.0417,-3.2311E+002
310.0833,-3.2410E+002
310.1250,-3.2143E+002
310.1667,-3.1931E+002
310.2083,-3.1773E+002
310.2500,-3.1635E+002
310.2917,-3.1519E+002
310.3333,-3.1438E+002
310.3750,-3.1418E+002
310.4167,-3.1454E+002
310.4583,-3.1735E+002
310.5000,-3.2117E+002
310.5417,-3.2413E+002
310.5833,-3.2628E+002
310.6250,-3.2700E+002
310.6667,-3.2743E+002
310.7083,-3.2763E+002
310.7500,-3.2749E+002
310.7917,-3.2708E+002
310.8333,-3.2637E+002
310.8750,-3.2536E+002
310.9167,-3.2409E+002
310.9583,-3.2042E+002
311.0000,-3.1540E+002
311.0417,-3.1096E+002
311.0833,-3.0716E+002
311.1250,-3.0591E+002
311.1667,-3.0577E+002
311.2083,-3.0563E+002
311.2500,-3.0548E+002
311.2917,-3.0538E+002
311.3333,-3.0563E+002
311.3750,-3.0765E+002
311.4167,-3.1362E+002
311.4583,-3.1503E+002
311.5000,-3.1542E+002
311.5417,-3.1769E+002
311.5833,-3.2011E+002
311.6250,-3.2157E+002
311.6667,-3.2243E+002
311.7083,-3.2269E+002
311.7500,-3.2281E+002
311.7917,-3.2287E+002
311.8333,-3.2282E+002
311.8750,-3.2270E+002
311.9167,-3.2241E+002
311.9583,-3.2195E+002
312.0000,-3.2130E+002
312.0417,-3.2051E+002
312.0833,-3.1967E+002
312.1250,-3.1931E+002
312.1667,-3.1868E+002
312.2083,-3.1804E+002
312.2500,-3.1775E+002
312.2917,-3.1789E+002
312.3333,-3.1821E+002
312.3750,-3.1895E+002
312.4167,-3.1735E+002
312.4583,-3.1857E+002
312.5000,-3.2138E+002
312.5417,-3.2760E+002
312.5833,-3.2850E+002
312.6250,-3.2999E+002
312.6667,-3.3097E+002
312.7083,-3.3114E+002
312.7500,-3.3143E+002
312.7917,-3.3144E+002
312.8333,-3.3128E+002
312.8750,-3.3098E+002
312.9167,-3.3055E+002
312.9583,-3.2912E+002
313.0000,-3.2935E+002
313.0417,-3.2850E+002
313.0833,-3.2723E+002
313.1250,-3.2506E+002
313.1667,-3.2508E+002
313.2083,-3.2087E+002
313.2500,-3.1581E+002
313.2917,-3.1143E+002
313.3333,-3.0758E+002
313.3750,-3.0946E+002
313.4167,-3.0910E+002
313.4583,-3.1617E+002
313.5000,-3.2201E+002
313.5417,-3.2411E+002
313.5833,-3.2678E+002
313.6250,-3.2877E+002
313.6667,-3.3026E+002
313.7083,-3.3030E+002
313.7500,-3.3045E+002
313.7917,-3.3039E+002
313.8333,-3.3023E+002
313.8750,-3.2995E+002
313.9167,-3.2954E+002
313.9583,-3.2901E+002
314.0000,-3.2737E+002
314.0417,-3.2733E+002
314.0833,-3.2400E+002
314.1250,-3.2195E+002
314.1667,-3.2531E+002
314.2083,-3.2217E+002
314.2500,-3.1946E+002
314.2917,-3.1712E+002
314.3333,-3.1497E+002
314.3750,-3.1320E+002
314.4167,-3.1159E+002
314.4583,-3.1662E+002
314.5000,-3.2207E+002
314.5417,-3.2403E+002
314.5833,-3.2489E+002
314.6250,-3.2578E+002
314.6667,-3.2646E+002
314.7083,-3.2681E+002
314.7500,-3.2701E+002
314.7917,-3.2706E+002
314.8333,-3.2710E+002
314.8750,-3.2710E+002
314.9167,-3.2702E+002
314.9583,-3.2685E+002
315.0000,-3.2684E+002
315.0417,-3.2668E+002
315.0833,-3.2653E+002
315.1250,-3.2629E+002
315.1667,-3.2614E+002
315.2083,-3.2594E+002
315.2500,-3.2575E+002
315.2917,-3.2554E+002
315.3333,-3.2534E+002
315.3750,-3.2523E+002
315.4167,-3.2414E+002
315.4583,-3.2485E+002
315.5000,-3.2758E+002
315.5417,-3.2707E+002
315.5833,-3.2812E+002
315.6250,-3.2870E+002
315.6667,-3.2943E+002
315.7083,-3.2967E+002
315.7500,-3.3017E+002
315.7917,-3.3058E+002
315.8333,-3.3036E+002
315.8750,-3.3016E+002
315.9167,-3.3009E+002
315.9583,-3.2977E+002
316.0000,-3.2964E+002
316.0417,-3.2942E+002
316.0833,-3.2905E+002
316.1250,-3.2869E+002
316.1667,-3.2774E+002
316.2083,-3.2769E+002
316.2500,-3.2734E+002
316.2917,-3.2661E+002
316.3333,-3.2598E+002
316.3750,-3.2535E+002
316.4167,-3.2467E+002
316.4583,-3.2555E+002
316.5000,-3.2624E+002
316.5417,-3.2701E+002
316.5833,-3.2766E+002
316.6250,-3.2933E+002
316.6667,-3.3040E+002
316.7083,-3.3120E+002
316.7500,-3.3124E+002
316.7917,-3.3115E+002
316.8333,-3.3091E+002
316.8750,-3.3080E+002
316.9167,-3.3002E+002
316.9583,-3.3033E+002
317.0000,-3.2999E+002
317.0417,-3.2908E+002
317.0833,-3.2921E+002
317.1250,-3.2890E+002
317.1667,-3.2847E+002
317.2083,-3.2799E+002
317.2500,-3.2731E+002
317.2917,-3.2663E+002
317.3333,-3.2635E+002
317.3750,-3.2473E+002
317.4167,-3.2593E+002
317.4583,-3.2636E+002
317.5000,-3.2735E+002
317.5417,-3.2908E+002
317.5833,-3.3192E+002
317.6250,-3.3307E+002
317.6667,-3.3377E+002
317.7083,-3.3456E+002
317.7500,-3.3551E+002
317.7917,-3.3624E+002
317.8333,-3.3645E+002
317.8750,-3.3624E+002
317.9167,-3.3571E+002
317.9583,-3.3481E+002
318.0000,-3.3392E+002
318.0417,-3.3292E+002
318.0833,-3.3356E+002
318.1250,-3.3201E+002
318.1667,-3.2966E+002
318.2083,-3.3188E+002
318.2500,-3.2878E+002
318.2917,-3.3008E+002
318.3333,-3.2706E+002
318.3750,-3.2383E+002
318.4167,-3.2176E+002
318.4583,-3.2821E+002
318.5000,-3.2709E+002
318.5417,-3.3124E+002
318.5833,-3.3413E+002
318.6250,-3.3618E+002
318.6667,-3.3720E+002
318.7083,-3.3793E+002
318.7500,-3.3775E+002
318.7917,-3.3731E+002
318.8333,-3.3673E+002
318.8750,-3.3552E+002
318.9167,-3.3552E+002
318.9583,-3.3201E+002
319.0000,-3.2811E+002
319.0417,-3.2900E+002
319.0833,-3.2962E+002
319.1250,-3.2458E+002
319.1667,-3.2120E+002
319.2083,-3.2718E+002
319.2500,-3.2177E+002
319.2917,-3.1634E+002
319.3333,-3.1164E+002
319.3750,-3.0831E+002
319.4167,-3.0610E+002
319.4583,-3.1168E+002
319.5000,-3.1451E+002
319.5417,-3.2777E+002
319.5833,-3.3100E+002
319.6250,-3.3199E+002
319.6667,-3.3373E+002
319.7083,-3.3425E+002
319.7500,-3.3431E+002
319.7917,-3.3472E+002
319.8333,-3.3512E+002
319.8750,-3.3528E+002
319.9167,-3.3510E+002
319.9583,-3.3547E+002
320.0000,-3.3529E+002
320.0417,-3.3559E+002
320.0833,-3.3530E+002
320.1250,-3.3519E+002
320.1667,-3.3495E+002
320.2083,-3.3461E+002
320.2500,-3.3412E+002
320.2917,-3.3389E+002
320.3333,-3.3379E+002
320.3750,-3.3348E+002
320.4167,-3.3358E+002
320.4583,-3.3487E+002
320.5000,-3.3629E+002
320.5417,-3.3742E+002
320.5833,-3.3924E+002
320.6250,-3.4086E+002
320.6667,-3.4184E+002
320.7083,-3.4239E+002
320.7500,-3.4276E+002
320.7917,-3.4308E+002
320.8333,-3.4338E+002
320.8750,-3.4357E+002
320.9167,-3.4367E+002
320.9583,-3.4375E+002
321.0000,-3.4376E+002
321.0417,-3.4377E+002
321.0833,-3.4382E+002
321.1250,-3.4386E+002
321.1667,-3.4387E+002
321.2083,-3.4388E+002
321.2500,-3.4391E+002
321.2917,-3.4401E+002
321.3333,-3.4396E+002
321.3750,-3.4425E+002
321.4167,-3.4454E+002
321.4583,-3.4401E+002
321.5000,-3.4490E+002
321.5417,-3.4597E+002
321.5833,-3.4748E+002
321.6250,-3.4867E+002
321.6667,-3.4940E+002
321.7083,-3.4951E+002
321.7500,-3.4949E+002
321.7917,-3.4952E+002
321.8333,-3.4925E+002
321.8750,-3.4853E+002
321.9167,-3.4598E+002
321.9583,-3.4743E+002
322.0000,-3.4417E+002
322.0417,-3.4351E+002
322.0833,-3.4397E+002
322.1250,-3.4032E+002
322.1667,-3.4271E+002
322.2083,-3.3987E+002
322.2500,-3.3739E+002
322.2917,-3.4015E+002
322.3333,-3.3698E+002
322.3750,-3.3770E+002
322.4167,-3.3253E+002
322.4583,-3.3695E+002
322.5000,-3.3399E+002
322.5417,-3.3736E+002
322.5833,-3.3823E+002
322.6250,-3.3858E+002
322.6667,-3.3865E+002
322.7083,-3.3843E+002
322.7500,-3.3791E+002
322.7917,-3.3712E+002
322.8333,-3.3314E+002
322.8750,-3.3504E+002
322.9167,-3.3017E+002
322.9583,-3.2563E+002
323.0000,-3.2205E+002
323.0417,-3.2934E+002
323.0833,-3.2563E+002
323.1250,-3.2680E+002
323.1667,-3.2388E+002
323.2083,-3.2165E+002
323.2500,-3.1865E+002
323.2917,-3.1444E+002
323.3333,-3.1075E+002
323.3750,-3.0872E+002
323.4167,-3.1214E+002
323.4583,-3.1580E+002
323.5000,-3.1930E+002
323.5417,-3.2335E+002
323.5833,-3.2367E+002
323.6250,-3.2460E+002
323.6667,-3.2504E+002
323.7083,-3.2586E+002
323.7500,-3.2525E+002
323.7917,-3.2493E+002
323.8333,-3.2445E+002
323.8750,-3.2340E+002
323.9167,-3.2025E+002
323.9583,-3.1654E+002
324.0000,-3.1289E+002
324.0417,-3.0908E+002
324.0833,-3.0655E+002
324.1250,-3.0651E+002
324.1667,-3.0648E+002
324.2083,-3.0646E+002
324.2500,-3.0645E+002
324.2917,-3.0643E+002
324.3333,-3.0642E+002
324.3750,-3.0641E+002
324.4167,-3.0641E+002
324.4583,-3.0660E+002
324.5000,-3.0984E+002
324.5417,-3.1481E+002
324.5833,-3.1956E+002
324.6250,-3.2197E+002
324.6667,-3.2112E+002
324.7083,-3.2056E+002
324.7500,-3.1970E+002
324.7917,-3.1890E+002
324.8333,-3.1699E+002
324.8750,-3.1305E+002
324.9167,-3.0906E+002
324.9583,-3.0647E+002
325.0000,-3.0643E+002
325.0417,-3.0640E+002
325.0833,-3.0637E+002
325.1250,-3.0635E+002
325.1667,-3.0634E+002
325.2083,-3.0632E+002
325.2500,-3.0631E+002
325.2917,-3.0630E+002
325.3333,-3.0629E+002
325.3750,-3.0629E+002
325.4167,-3.0630E+002
325.4583,-3.0765E+002
325.5000,-3.0760E+002
325.5417,-3.0777E+002
325.5833,-3.1024E+002
325.6250,-3.1222E+002
325.6667,-3.1255E+002
325.7083,-3.1198E+002
325.7500,-3.1104E+002
325.7917,-3.1014E+002
325.8333,-3.0924E+002
325.8750,-3.0835E+002
325.9167,-3.0752E+002
325.9583,-3.0676E+002
326.0000,-3.0631E+002
326.0417,-3.0611E+002
326.0833,-3.0607E+002
326.1250,-3.0605E+002
326.1667,-3.0601E+002
326.2083,-3.0602E+002
326.2500,-3.0602E+002
326.2917,-3.0605E+002
326.3333,-3.0605E+002
326.3750,-3.0620E+002
326.4167,-3.0658E+002
326.4583,-3.0631E+002
326.5000,-3.0799E+002
326.5417,-3.1152E+002
326.5833,-3.1452E+002
326.6250,-3.1746E+002
326.6667,-3.1518E+002
326.7083,-3.1557E+002
326.7500,-3.1561E+002
326.7917,-3.1585E+002
326.8333,-3.1608E+002
326.8750,-3.1638E+002
326.9167,-3.1658E+002
326.9583,-3.1675E+002
327.0000,-3.1754E+002
327.0417,-3.1720E+002
327.0833,-3.1817E+002
327.1250,-3.1767E+002
327.1667,-3.1851E+002
327.2083,-3.1918E+002
327.2500,-3.1846E+002
327.2917,-3.1942E+002
327.3333,-3.1894E+002
327.3750,-3.1958E+002
327.4167,-3.1885E+002
327.4583,-3.2108E+002
327.5000,-3.2316E+002
327.5417,-3.2132E+002
327.5833,-3.2361E+002
327.6250,-3.2356E+002
327.6667,-3.2400E+002
327.7083,-3.2500E+002
327.7500,-3.2469E+002
327.7917,-3.2475E+002
327.8333,-3.2454E+002
327.8750,-3.2423E+002
327.9167,-3.2374E+002
327.9583,-3.2287E+002
328.0000,-3.2069E+002
328.0417,-3.1836E+002
328.0833,-3.1602E+002
328.1250,-3.1362E+002
328.1667,-3.1125E+002
328.2083,-3.0916E+002
328.2500,-3.0709E+002
328.2917,-3.0861E+002
328.3333,-3.1600E+002
328.3750,-3.1529E+002
328.4167,-3.1419E+002
328.4583,-3.1469E+002
328.5000,-3.1536E+002
328.5417,-3.1625E+002
328.5833,-3.1699E+002
328.6250,-3.1764E+002
328.6667,-3.1810E+002
328.7083,-3.1843E+002
328.7500,-3.1867E+002
328.7917,-3.1882E+002
328.8333,-3.1883E+002
328.8750,-3.1794E+002
328.9167,-3.1619E+002
328.9583,-3.1452E+002
329.0000,-3.1357E+002
329.0417,-3.1279E+002
329.0833,-3.1202E+002
329.1250,-3.1124E+002
329.1667,-3.1032E+002
329.2083,-3.0934E+002
329.2500,-3.0832E+002
329.2917,-3.1099E+002
329.3333,-3.1415E+002
329.3750,-3.1345E+002
329.4167,-3.1252E+002
329.4583,-3.1290E+002
329.5000,-3.1358E+002
329.5417,-3.1442E+002
329.5833,-3.1558E+002
329.6250,-3.1629E+002
329.6667,-3.1668E+002
329.7083,-3.1679E+002
329.7500,-3.1665E+002
329.7917,-3.1623E+002
329.8333,-3.1514E+002
329.8750,-3.1217E+002
329.9167,-3.0882E+002
329.9583,-3.0875E+002
330.0000,-3.0866E+002
330.0417,-3.0702E+002
330.0833,-3.0631E+002
330.1250,-3.0629E+002
330.1667,-3.0627E+002
330.2083,-3.0626E+002
330.2500,-3.0624E+002
330.2917,-3.0623E+002
330.3333,-3.0622E+002
330.3750,-3.0622E+002
330.4167,-3.0623E+002
330.4583,-3.0752E+002
330.5000,-3.0913E+002
330.5417,-3.1107E+002
330.5833,-3.1174E+002
330.6250,-3.1149E+002
330.6667,-3.1178E+002
330.7083,-3.1190E+002
330.7500,-3.1195E+002
330.7917,-3.1197E+002
330.8333,-3.1192E+002
330.8750,-3.1176E+002
330.9167,-3.1168E+002
330.9583,-3.1160E+002
331.0000,-3.1162E+002
331.0417,-3.1172E+002
331.0833,-3.1187E+002
331.1250,-3.1190E+002
331.1667,-3.1195E+002
331.2083,-3.1194E+002
331.2500,-3.1185E+002
331.2917,-3.1185E+002
331.3333,-3.1172E+002
331.3750,-3.1162E+002
331.4167,-3.1196E+002
331.4583,-3.1254E+002
331.5000,-3.1308E+002
331.5417,-3.1422E+002
331.5833,-3.1483E+002
331.6250,-3.1483E+002
331.6667,-3.1521E+002
331.7083,-3.1528E+002
331.7500,-3.1525E+002
331.7917,-3.1502E+002
331.8333,-3.1371E+002
331.8750,-3.1138E+002
331.9167,-3.0899E+002
331.9583,-3.0678E+002
332.0000,-3.0600E+002
332.0417,-3.0594E+002
332.0833,-3.0583E+002
332.1250,-3.0568E+002
332.1667,-3.0558E+002
332.2083,-3.0549E+002
332.2500,-3.0536E+002
332.2917,-3.0529E+002
332.3333,-3.0524E+002
332.3750,-3.0517E+002
332.4167,-3.0554E+002
332.4583,-3.0598E+002
332.5000,-3.0783E+002
332.5417,-3.1031E+002
332.5833,-3.1176E+002
332.6250,-3.1273E+002
332.6667,-3.1284E+002
332.7083,-3.1283E+002
332.7500,-3.1250E+002
332.7917,-3.1160E+002
332.8333,-3.1174E+002
332.8750,-3.1009E+002
332.9167,-3.0867E+002
332.9583,-3.0796E+002
333.0000,-3.0760E+002
333.0417,-3.0778E+002
333.0833,-3.0847E+002
333.1250,-3.1010E+002
333.1667,-3.0993E+002
333.2083,-3.0965E+002
333.2500,-3.0925E+002
333.2917,-3.0876E+002
333.3333,-3.0827E+002
333.3750,-3.0774E+002
333.4167,-3.0634E+002
333.4583,-3.0655E+002
333.5000,-3.0678E+002
333.5417,-3.0744E+002
333.5833,-3.0783E+002
333.6250,-3.0832E+002
333.6667,-3.0860E+002
333.7083,-3.0827E+002
333.7500,-3.0712E+002
333.7917,-3.0706E+002
333.8333,-3.0669E+002
333.8750,-3.0627E+002
333.9167,-3.0617E+002
333.9583,-3.0576E+002
334.0000,-3.0615E+002
334.0417,-3.0616E+002
334.0833,-3.0616E+002
334.1250,-3.0617E+002
334.1667,-3.0617E+002
334.2083,-3.0535E+002
334.2500,-3.0617E+002
334.2917,-3.0617E+002
334.3333,-3.0614E+002
334.3750,-3.0427E+002
334.4167,-3.0617E+002
334.4583,-3.0606E+002
334.5000,-3.0618E+002
334.5417,-3.0627E+002
334.5833,-3.0733E+002
334.6250,-3.0747E+002
334.6667,-3.0738E+002
334.7083,-3.0686E+002
334.7500,-3.0632E+002
334.7917,-3.0619E+002
334.8333,-3.0625E+002
334.8750,-3.0615E+002
334.9167,-3.0617E+002
334.9583,-3.0575E+002
335.0000,-3.0613E+002
335.0417,-3.0616E+002
335.0833,-3.0617E+002
335.1250,-3.0600E+002
335.1667,-3.0613E+002
335.2083,-3.0616E+002
335.2500,-3.0617E+002
335.2917,-3.0533E+002
335.3333,-3.0616E+002
335.3750,-3.0440E+002
335.4167,-3.0616E+002
335.4583,-3.0649E+002
335.5000,-3.0707E+002
335.5417,-3.0818E+002
335.5833,-3.0769E+002
335.6250,-3.0846E+002
335.6667,-3.0916E+002
335.7083,-3.0887E+002
335.7500,-3.0809E+002
335.7917,-3.0720E+002
335.8333,-3.0587E+002
335.8750,-3.0572E+002
335.9167,-3.0558E+002
335.9583,-3.0544E+002
336.0000,-3.0533E+002
336.0417,-3.0521E+002
336.0833,-3.0510E+002
336.1250,-3.0501E+002
336.1667,-3.0492E+002
336.2083,-3.0483E+002
336.2500,-3.0476E+002
336.2917,-3.0468E+002
336.3333,-3.0461E+002
336.3750,-3.0458E+002
336.4167,-3.0604E+002
336.4583,-3.0718E+002
336.5000,-3.0798E+002
336.5417,-3.0832E+002
336.5833,-3.0824E+002
336.6250,-3.0842E+002
336.6667,-3.0853E+002
336.7083,-3.0860E+002
336.7500,-3.0863E+002
336.7917,-3.0866E+002
336.8333,-3.0866E+002
336.8750,-3.0862E+002
336.9167,-3.0847E+002
336.9583,-3.0820E+002
337.0000,-3.0821E+002
337.0417,-3.0805E+002
337.0833,-3.0780E+002
337.1250,-3.0749E+002
337.1667,-3.0723E+002
337.2083,-3.0703E+002
337.2500,-3.0692E+002
337.2917,-3.0673E+002
337.3333,-3.0651E+002
337.3750,-3.0644E+002
337.4167,-3.0711E+002
337.4583,-3.0853E+002
337.5000,-3.0970E+002
337.5417,-3.0942E+002
337.5833,-3.1057E+002
337.6250,-3.1129E+002
337.6667,-3.1172E+002
337.7083,-3.1203E+002
337.7500,-3.1203E+002
337.7917,-3.1210E+002
337.8333,-3.1175E+002
337.8750,-3.1097E+002
337.9167,-3.1049E+002
337.9583,-3.1047E+002
338.0000,-3.1050E+002
338.0417,-3.1064E+002
338.0833,-3.1067E+002
338.1250,-3.1073E+002
338.1667,-3.1095E+002
338.2083,-3.1118E+002
338.2500,-3.1141E+002
338.2917,-3.1175E+002
338.3333,-3.1174E+002
338.3750,-3.1180E+002
338.4167,-3.0881E+002
338.4583,-3.1091E+002
338.5000,-3.1250E+002
338.5417,-3.1424E+002
338.5833,-3.1451E+002
338.6250,-3.1512E+002
338.6667,-3.1372E+002
338.7083,-3.1399E+002
338.7500,-3.1437E+002
338.7917,-3.1423E+002
338.8333,-3.1423E+002
338.8750,-3.1409E+002
338.9167,-3.1372E+002
338.9583,-3.1353E+002
339.0000,-3.1263E+002
339.0417,-3.1331E+002
339.0833,-3.1283E+002
339.1250,-3.1225E+002
339.1667,-3.1073E+002
339.2083,-3.0890E+002
339.2500,-3.0718E+002
339.2917,-3.0634E+002
339.3333,-3.0633E+002
339.3750,-3.0633E+002
339.4167,-3.0674E+002
339.4583,-3.0736E+002
339.5000,-3.1044E+002
339.5417,-3.1345E+002
339.5833,-3.1580E+002
339.6250,-3.1582E+002
339.6667,-3.1362E+002
339.7083,-3.1366E+002
339.7500,-3.1355E+002
339.7917,-3.1252E+002
339.8333,-3.1056E+002
339.8750,-3.0816E+002
339.9167,-3.0635E+002
339.9583,-3.0632E+002
340.0000,-3.0630E+002
340.0417,-3.0629E+002
340.0833,-3.0628E+002
340.1250,-3.0627E+002
340.1667,-3.0627E+002
340.2083,-3.0824E+002
340.2500,-3.0766E+002
340.2917,-3.0616E+002
340.3333,-3.0613E+002
340.3750,-3.0616E+002
340.4167,-3.0606E+002
340.4583,-3.0742E+002
340.5000,-3.0754E+002
340.5417,-3.0896E+002
340.5833,-3.1148E+002
340.6250,-3.0936E+002
340.6667,-3.1052E+002
340.7083,-3.1146E+002
340.7500,-3.1004E+002
340.7917,-3.1051E+002
340.8333,-3.1030E+002
340.8750,-3.1030E+002
340.9167,-3.1026E+002
340.9583,-3.1001E+002
341.0000,-3.0959E+002
341.0417,-3.0896E+002
341.0833,-3.0823E+002
341.1250,-3.0747E+002
341.1667,-3.0665E+002
341.2083,-3.0608E+002
341.2500,-3.0604E+002
341.2917,-3.0596E+002
341.3333,-3.0591E+002
341.3750,-3.0598E+002
341.4167,-3.0703E+002
341.4583,-3.0776E+002
341.5000,-3.0835E+002
341.5417,-3.0926E+002
341.5833,-3.0987E+002
341.6250,-3.1029E+002
341.6667,-3.1066E+002
341.7083,-3.1092E+002
341.7500,-3.1141E+002
341.7917,-3.1100E+002
341.8333,-3.1077E+002
341.8750,-3.1026E+002
341.9167,-3.0955E+002
341.9583,-3.0867E+002
342.0000,-3.0777E+002
342.0417,-3.0675E+002
342.0833,-3.0629E+002
342.1250,-3.0627E+002
342.1667,-3.0626E+002
342.2083,-3.0625E+002
342.2500,-3.0624E+002
342.2917,-3.0623E+002
342.3333,-3.0623E+002
342.3750,-3.0623E+002
342.4167,-3.0625E+002
342.4583,-3.0620E+002
342.5000,-3.0742E+002
342.5417,-3.0928E+002
342.5833,-3.1084E+002
342.6250,-3.1149E+002
342.6667,-3.1156E+002
342.7083,-3.1166E+002
342.7500,-3.1152E+002
342.7917,-3.1098E+002
342.8333,-3.1057E+002
342.8750,-3.1016E+002
342.9167,-3.0998E+002
342.9583,-3.0972E+002
343.0000,-3.0934E+002
343.0417,-3.0927E+002
343.0833,-3.0931E+002
343.1250,-3.0932E+002
343.1667,-3.0920E+002
343.2083,-3.0934E+002
343.2500,-3.0957E+002
343.2917,-3.0986E+002
343.3333,-3.1007E+002
343.3750,-3.1039E+002
343.4167,-3.1106E+002
343.4583,-3.1154E+002
343.5000,-3.1232E+002
343.5417,-3.1266E+002
343.5833,-3.1297E+002
343.6250,-3.1303E+002
343.6667,-3.1290E+002
343.7083,-3.1304E+002
343.7500,-3.1285E+002
343.7917,-3.1200E+002
343.8333,-3.1157E+002
343.8750,-3.1141E+002
343.9167,-3.1138E+002
343.9583,-3.1134E+002
344.0000,-3.1129E+002
344.0417,-3.1124E+002
344.0833,-3.1119E+002
344.1250,-3.1099E+002
344.1667,-3.1082E+002
344.2083,-3.1066E+002
344.2500,-3.1048E+002
344.2917,-3.1033E+002
344.3333,-3.1022E+002
344.3750,-3.1028E+002
344.4167,-3.1076E+002
344.4583,-3.1138E+002
344.5000,-3.1215E+002
344.5417,-3.1246E+002
344.5833,-3.1277E+002
344.6250,-3.1287E+002
344.6667,-3.1296E+002
344.7083,-3.1295E+002
344.7500,-3.1291E+002
344.7917,-3.1275E+002
344.8333,-3.1246E+002
344.8750,-3.1205E+002
344.9167,-3.1162E+002
344.9583,-3.1124E+002
345.0000,-3.1083E+002
345.0417,-3.1010E+002
345.0833,-3.0896E+002
345.1250,-3.0745E+002
345.1667,-3.0608E+002
345.2083,-3.0606E+002
345.2500,-3.0605E+002
345.2917,-3.0607E+002
345.3333,-3.0607E+002
345.3750,-3.0613E+002
345.4167,-3.0613E+002
345.4583,-3.0717E+002
345.5000,-3.0832E+002
345.5417,-3.1041E+002
345.5833,-3.1122E+002
345.6250,-3.1177E+002
345.6667,-3.1191E+002
345.7083,-3.1196E+002
345.7500,-3.1202E+002
345.7917,-3.1211E+002
345.8333,-3.1220E+002
345.8750,-3.1230E+002
345.9167,-3.1241E+002
345.9583,-3.1254E+002
346.0000,-3.1272E+002
346.0417,-3.1292E+002
346.0833,-3.1306E+002
346.1250,-3.1332E+002
346.1667,-3.1328E+002
346.2083,-3.1342E+002
346.2500,-3.1369E+002
346.2917,-3.1392E+002
346.3333,-3.1395E+002
346.3750,-3.1458E+002
346.4167,-3.1439E+002
346.4583,-3.1577E+002
346.5000,-3.1570E+002
346.5417,-3.1692E+002
346.5833,-3.1873E+002
346.6250,-3.1708E+002
346.6667,-3.1888E+002
346.7083,-3.1789E+002
346.7500,-3.1866E+002
346.7917,-3.1849E+002
346.8333,-3.1908E+002
346.8750,-3.1889E+002
346.9167,-3.1953E+002
346.9583,-3.1945E+002
347.0000,-3.2038E+002
347.0417,-3.1977E+002
347.0833,-3.2058E+002
347.1250,-3.2019E+002
347.1667,-3.2088E+002
347.2083,-3.2089E+002
347.2500,-3.2101E+002
347.2917,-3.2159E+002
347.3333,-3.2115E+002
347.3750,-3.2131E+002
347.4167,-3.2224E+002
347.4583,-3.2234E+002
347.5000,-3.2437E+002
347.5417,-3.2330E+002
347.5833,-3.2446E+002
347.6250,-3.2463E+002
347.6667,-3.2452E+002
347.7083,-3.2453E+002
347.7500,-3.2445E+002
347.7917,-3.2434E+002
347.8333,-3.2426E+002
347.8750,-3.2404E+002
347.9167,-3.2365E+002
347.9583,-3.2255E+002
348.0000,-3.2088E+002
348.0417,-3.1944E+002
348.0833,-3.1858E+002
348.1250,-3.1759E+002
348.1667,-3.1642E+002
348.2083,-3.1564E+002
348.2500,-3.1527E+002
348.2917,-3.1520E+002
348.3333,-3.1537E+002
348.3750,-3.1573E+002
348.4167,-3.1650E+002
348.4583,-3.1609E+002
348.5000,-3.1681E+002
348.5417,-3.1977E+002
348.5833,-3.2301E+002
348.6250,-3.2348E+002
348.6667,-3.2392E+002
348.7083,-3.2404E+002
348.7500,-3.2412E+002
348.7917,-3.2417E+002
348.8333,-3.2420E+002
348.8750,-3.2416E+002
348.9167,-3.2389E+002
348.9583,-3.2294E+002
349.0000,-3.2172E+002
349.0417,-3.2085E+002
349.0833,-3.2075E+002
349.1250,-3.2106E+002
349.1667,-3.2153E+002
349.2083,-3.2204E+002
349.2500,-3.2256E+002
349.2917,-3.2315E+002
349.3333,-3.2332E+002
349.3750,-3.2374E+002
349.4167,-3.2446E+002
349.4583,-3.2395E+002
349.5000,-3.2418E+002
349.5417,-3.2458E+002
349.5833,-3.2519E+002
349.6250,-3.2650E+002
349.6667,-3.2767E+002
349.7083,-3.2831E+002
349.7500,-3.2865E+002
349.7917,-3.2899E+002
349.8333,-3.2938E+002
349.8750,-3.2974E+002
349.9167,-3.3010E+002
349.9583,-3.3040E+002
350.0000,-3.3053E+002
350.0417,-3.3068E+002
350.0833,-3.3054E+002
350.1250,-3.3050E+002
350.1667,-3.3063E+002
350.2083,-3.3077E+002
350.2500,-3.3094E+002
350.2917,-3.3113E+002
350.3333,-3.3132E+002
350.3750,-3.3153E+002
350.4167,-3.3199E+002
350.4583,-3.3102E+002
350.5000,-3.3380E+002
350.5417,-3.3299E+002
350.5833,-3.3106E+002
350.6250,-3.3147E+002
350.6667,-3.3231E+002
350.7083,-3.3310E+002
350.7500,-3.3249E+002
350.7917,-3.3260E+002
350.8333,-3.3265E+002
350.8750,-3.3257E+002
350.9167,-3.3205E+002
350.9583,-3.3154E+002
351.0000,-3.3212E+002
351.0417,-3.3185E+002
351.0833,-3.3144E+002
351.1250,-3.3097E+002
351.1667,-3.3051E+002
351.2083,-3.2902E+002
351.2500,-3.2868E+002
351.2917,-3.2623E+002
351.3333,-3.2457E+002
351.3750,-3.2795E+002
351.4167,-3.2766E+002
351.4583,-3.2826E+002
351.5000,-3.2997E+002
351.5417,-3.3229E+002
351.5833,-3.3478E+002
351.6250,-3.3630E+002
351.6667,-3.3679E+002
351.7083,-3.3575E+002
351.7500,-3.3298E+002
351.7917,-3.3044E+002
351.8333,-3.3004E+002
351.8750,-3.2951E+002
351.9167,-3.2904E+002
351.9583,-3.2751E+002
352.0000,-3.2707E+002
352.0417,-3.2456E+002
352.0833,-3.2594E+002
352.1250,-3.2386E+002
352.1667,-3.2124E+002
352.2083,-3.1935E+002
352.2500,-3.1789E+002
352.2917,-3.1664E+002
352.3333,-3.1546E+002
352.3750,-3.1432E+002
352.4167,-3.1383E+002
352.4583,-3.1333E+002
352.5000,-3.1390E+002
352.5417,-3.1730E+002
352.5833,-3.2097E+002
352.6250,-3.2265E+002
352.6667,-3.2323E+002
352.7083,-3.2329E+002
352.7500,-3.2329E+002
352.7917,-3.2324E+002
352.8333,-3.2318E+002
352.8750,-3.2288E+002
352.9167,-3.2285E+002
352.9583,-3.2270E+002
353.0000,-3.2257E+002
353.0417,-3.2241E+002
353.0833,-3.2248E+002
353.1250,-3.2259E+002
353.1667,-3.2261E+002
353.2083,-3.2198E+002
353.2500,-3.2082E+002
353.2917,-3.2015E+002
353.3333,-3.1902E+002
353.3750,-3.1835E+002
353.4167,-3.1882E+002
353.4583,-3.1978E+002
353.5000,-3.2177E+002
353.5417,-3.2360E+002
353.5833,-3.2444E+002
353.6250,-3.2583E+002
353.6667,-3.2659E+002
353.7083,-3.2682E+002
353.7500,-3.2644E+002
353.7917,-3.2496E+002
353.8333,-3.2431E+002
353.8750,-3.2429E+002
353.9167,-3.2395E+002
353.9583,-3.2360E+002
354.0000,-3.2381E+002
354.0417,-3.2387E+002
354.0833,-3.2405E+002
354.1250,-3.2430E+002
354.1667,-3.2464E+002
354.2083,-3.2501E+002
354.2500,-3.2533E+002
354.2917,-3.2515E+002
354.3333,-3.2479E+002
354.3750,-3.2498E+002
354.4167,-3.2559E+002
354.4583,-3.2676E+002
354.5000,-3.2763E+002
354.5417,-3.2726E+002
354.5833,-3.2933E+002
354.6250,-3.2885E+002
354.6667,-3.2949E+002
354.7083,-3.2981E+002
354.7500,-3.3018E+002
354.7917,-3.3076E+002
354.8333,-3.3132E+002
354.8750,-3.3176E+002
354.9167,-3.3201E+002
354.9583,-3.3237E+002
355.0000,-3.3268E+002
355.0417,-3.3327E+002
355.0833,-3.3360E+002
355.1250,-3.3382E+002
355.1667,-3.3393E+002
355.2083,-3.3374E+002
355.2500,-3.3342E+002
355.2917,-3.3330E+002
355.3333,-3.3326E+002
355.3750,-3.3318E+002
355.4167,-3.3346E+002
355.4583,-3.3414E+002
355.5000,-3.3523E+002
355.5417,-3.3691E+002
355.5833,-3.3733E+002
355.6250,-3.3480E+002
355.6667,-3.3506E+002
355.7083,-3.3517E+002
355.7500,-3.3527E+002
355.7917,-3.3543E+002
355.8333,-3.3557E+002
355.8750,-3.3589E+002
355.9167,-3.3655E+002
355.9583,-3.3720E+002
356.0000,-3.3748E+002
356.0417,-3.3788E+002
356.0833,-3.3893E+002
356.1250,-3.4002E+002
356.1667,-3.4100E+002
356.2083,-3.4267E+002
356.2500,-3.4365E+002
356.2917,-3.4459E+002
356.3333,-3.4559E+002
356.3750,-3.4686E+002
356.4167,-3.4777E+002
356.4583,-3.4889E+002
356.5000,-3.5028E+002
356.5417,-3.5149E+002
356.5833,-3.5246E+002
356.6250,-3.5319E+002
356.6667,-3.5369E+002
356.7083,-3.5410E+002
356.7500,-3.5448E+002
356.7917,-3.5514E+002
356.8333,-3.5560E+002
356.8750,-3.5699E+002
356.9167,-3.5718E+002
356.9583,-3.5770E+002
357.0000,-3.5813E+002
357.0417,-3.5838E+002
357.0833,-3.5877E+002
357.1250,-3.5897E+002
357.1667,-3.5914E+002
357.2083,-3.5946E+002
357.2500,-3.5985E+002
357.2917,-3.5957E+002
357.3333,-3.5967E+002
357.3750,-3.5978E+002
357.4167,-3.5999E+002
357.4583,-3.5995E+002
357.5000,-3.6061E+002
357.5417,-3.6188E+002
357.5833,-3.6264E+002
357.6250,-3.6251E+002
357.6667,-3.6138E+002
357.7083,-3.6139E+002
357.7500,-3.6131E+002
357.7917,-3.6126E+002
357.8333,-3.6103E+002
357.8750,-3.6089E+002
357.9167,-3.6059E+002
357.9583,-3.6028E+002
358.0000,-3.6005E+002
358.0417,-3.5957E+002
358.0833,-3.5933E+002
358.1250,-3.5883E+002
358.1667,-3.5793E+002
358.2083,-3.5719E+002
358.2500,-3.5540E+002
358.2917,-3.5544E+002
358.3333,-3.5472E+002
358.3750,-3.5310E+002
358.4167,-3.5200E+002
358.4583,-3.5083E+002
358.5000,-3.5017E+002
358.5417,-3.5000E+002
358.5833,-3.5013E+002
358.6250,-3.5024E+002
358.6667,-3.5009E+002
358.7083,-3.4949E+002
358.7500,-3.4863E+002
358.7917,-3.4345E+002
358.8333,-3.4267E+002
358.8750,-3.4331E+002
358.9167,-3.4217E+002
358.9583,-3.4117E+002
359.0000,-3.4033E+002
359.0417,-3.3946E+002
359.0833,-3.3858E+002
359.1250,-3.3589E+002
359.1667,-3.3639E+002
359.2083,-3.3523E+002
359.2500,-3.3252E+002
359.2917,-3.3022E+002
359.3333,-3.3403E+002
359.3750,-3.3246E+002
359.4167,-3.3296E+002
359.4583,-3.3257E+002
359.5000,-3.3227E+002
359.5417,-3.3155E+002
359.5833,-3.3138E+002
359.6250,-3.3101E+002
359.6667,-3.3050E+002
359.7083,-3.2968E+002
359.7500,-3.2870E+002
359.7917,-3.2739E+002
359.8333,-3.2517E+002
359.8750,-3.2433E+002
359.9167,-3.2410E+002
359.9583,-3.2095E+002
360.0000,-3.1838E+002
360.0417,-3.1626E+002
360.0833,-3.1495E+002
360.1250,-3.1395E+002
360.1667,-3.1265E+002
360.2083,-3.1155E+002
360.2500,-3.1113E+002
360.2917,-3.1101E+002
360.3333,-3.1093E+002
360.3750,-3.1070E+002
360.4167,-3.1108E+002
360.4583,-3.0990E+002
360.5000,-3.1183E+002
360.5417,-3.1432E+002
360.5833,-3.1625E+002
360.6250,-3.1655E+002
360.6667,-3.1640E+002
360.7083,-3.1584E+002
360.7500,-3.1581E+002
360.7917,-3.1758E+002
360.8333,-3.1908E+002
360.8750,-3.1871E+002
360.9167,-3.1829E+002
360.9583,-3.1729E+002
361.0000,-3.1759E+002
361.0417,-3.1713E+002
361.0833,-3.1650E+002
361.1250,-3.1595E+002
361.1667,-3.1543E+002
361.2083,-3.1475E+002
361.2500,-3.1435E+002
361.2917,-3.1404E+002
361.3333,-3.1359E+002
361.3750,-3.1246E+002
361.4167,-3.1259E+002
361.4583,-3.1197E+002
361.5000,-3.1250E+002
361.5417,-3.1277E+002
361.5833,-3.1312E+002
361.6250,-3.1332E+002
361.6667,-3.1353E+002
361.7083,-3.1366E+002
361.7500,-3.1388E+002
361.7917,-3.1410E+002
361.8333,-3.1435E+002
361.8750,-3.1455E+002
361.9167,-3.1476E+002
361.9583,-3.1498E+002
362.0000,-3.1518E+002
362.0417,-3.1605E+002
362.0833,-3.1685E+002
362.1250,-3.1727E+002
362.1667,-3.1725E+002
362.2083,-3.1631E+002
362.2500,-3.1654E+002
362.2917,-3.1667E+002
362.3333,-3.1682E+002
362.3750,-3.1693E+002
362.4167,-3.1717E+002
362.4583,-3.1784E+002
362.5000,-3.1798E+002
362.5417,-3.1830E+002
362.5833,-3.1876E+002
362.6250,-3.1935E+002
362.6667,-3.1979E+002
362.7083,-3.1999E+002
362.7500,-3.1988E+002
362.7917,-3.1972E+002
362.8333,-3.1926E+002
362.8750,-3.1820E+002
362.9167,-3.1708E+002
362.9583,-3.1631E+002
363.0000,-3.1571E+002
363.0417,-3.1778E+002
363.0833,-3.1740E+002
363.1250,-3.1717E+002
363.1667,-3.1660E+002
363.2083,-3.1685E+002
363.2500,-3.1663E+002
363.2917,-3.1653E+002
363.3333,-3.1640E+002
363.3750,-3.1628E+002
363.4167,-3.1629E+002
363.4583,-3.1636E+002
363.5000,-3.1658E+002
363.5417,-3.1706E+002
363.5833,-3.1762E+002
363.6250,-3.1804E+002
363.6667,-3.1832E+002
363.7083,-3.1840E+002
363.7500,-3.1845E+002
363.7917,-3.1845E+002
363.8333,-3.1792E+002
363.8750,-3.1754E+002
363.9167,-3.1733E+002
363.9583,-3.1718E+002
364.0000,-3.1677E+002
364.0417,-3.1603E+002
364.0833,-3.1572E+002
364.1250,-3.1575E+002
364.1667,-3.1592E+002
364.2083,-3.1626E+002
364.2500,-3.1679E+002
364.2917,-3.1722E+002
364.3333,-3.1754E+002
364.3750,-3.1782E+002
364.4167,-3.1682E+002
364.4583,-3.1680E+002
364.5000,-3.1725E+002
364.5417,-3.1792E+002
364.5833,-3.1856E+002
364.6250,-3.1923E+002
364.6667,-3.1966E+002
364.7083,-3.1978E+002
364.7500,-3.1981E+002
364.7917,-3.1967E+002
364.8333,-3.1942E+002
364.8750,-3.1845E+002
364.9167,-3.1601E+002
364.9583,-3.1387E+002
365.0000,-3.1248E+002
365.0417,-3.1180E+002
365.0833,-3.1115E+002
365.1250,-3.1011E+002
365.1667,-3.0887E+002
365.2083,-3.0750E+002
365.2500,-3.0608E+002
365.2917,-3.0598E+002
365.3333,-3.0588E+002
365.3750,-3.0586E+002
365.4167,-3.0636E+002
365.4583,-3.0788E+002
365.5000,-3.0961E+002
365.5417,-3.1105E+002
365.5833,-3.1332E+002
365.6250,-3.1342E+002
365.6667,-3.1354E+002
365.7083,-3.1352E+002
365.7500,-3.1342E+002
365.7917,-3.1327E+002
365.8333,-3.1312E+002
365.8750,-3.1301E+002
365.9167,-3.1294E+002
365.9583,-3.1294E+002
366.0000,-3.1302E+002
366.0417,-3.1307E+002
366.0833,-3.1256E+002
366.1250,-3.1232E+002
366.1667,-3.1188E+002
366.2083,-3.1152E+002
366.2500,-3.1140E+002
366.2917,-3.1142E+002
366.3333,-3.1150E+002
366.3750,-3.1161E+002
366.4167,-3.1216E+002
366.4583,-3.1195E+002
366.5000,-3.1333E+002
366.5417,-3.1476E+002
366.5833,-3.1616E+002
366.6250,-3.1589E+002
366.6667,-3.1517E+002
366.7083,-3.1484E+002
366.7500,-3.1470E+002
366.7917,-3.1443E+002
366.8333,-3.1379E+002
366.8750,-3.1325E+002
366.9167,-3.1241E+002
366.9583,-3.1166E+002
367.0000,-3.1110E+002
367.0417,-3.1089E+002
367.0833,-3.1080E+002
367.1250,-3.1077E+002
367.1667,-3.1071E+002
367.2083,-3.1066E+002
367.2500,-3.1061E+002
367.2917,-3.1058E+002
367.3333,-3.1057E+002
367.3750,-3.1057E+002
367.4167,-3.1097E+002
367.4583,-3.1181E+002
367.5000,-3.1297E+002
367.5417,-3.1415E+002
367.5833,-3.1441E+002
367.6250,-3.1441E+002
367.6667,-3.1456E+002
367.7083,-3.1439E+002
367.7500,-3.1421E+002
367.7917,-3.1414E+002
367.8333,-3.1363E+002
367.8750,-3.1371E+002
367.9167,-3.1367E+002
367.9583,-3.1314E+002
368.0000,-3.1328E+002
368.0417,-3.1295E+002
368.0833,-3.1258E+002
368.1250,-3.1228E+002
368.1667,-3.1202E+002
368.2083,-3.1178E+002
368.2500,-3.1154E+002
368.2917,-3.1132E+002
368.3333,-3.1119E+002
368.3750,-3.1112E+002
368.4167,-3.1145E+002
368.4583,-3.1161E+002
368.5000,-3.1273E+002
368.5417,-3.1348E+002
368.5833,-3.1373E+002
368.6250,-3.1369E+002
368.6667,-3.1380E+002
368.7083,-3.1374E+002
368.7500,-3.1349E+002
368.7917,-3.1313E+002
368.8333,-3.1277E+002
368.8750,-3.1243E+002
368.9167,-3.1219E+002
368.9583,-3.1198E+002
369.0000,-3.1182E+002
369.0417,-3.1172E+002
369.0833,-3.1160E+002
369.1250,-3.1148E+002
369.1667,-3.1140E+002
369.2083,-3.1134E+002
369.2500,-3.1133E+002
369.2917,-3.1133E+002
369.3333,-3.1137E+002
369.3750,-3.1143E+002
369.4167,-3.0908E+002
369.4583,-3.1012E+002
369.5000,-3.1122E+002
369.5417,-3.1221E+002
369.5833,-3.1297E+002
369.6250,-3.1319E+002
369.6667,-3.1339E+002
369.7083,-3.1358E+002
369.7500,-3.1376E+002
369.7917,-3.1393E+002
369.8333,-3.1409E+002
369.8750,-3.1424E+002
369.9167,-3.1438E+002
369.9583,-3.1450E+002
370.0000,-3.1462E+002
370.0417,-3.1472E+002
370.0833,-3.1481E+002
370.1250,-3.1489E+002
370.1667,-3.1496E+002
370.2083,-3.1502E+002
370.2500,-3.1506E+002
370.2917,-3.1510E+002
370.3333,-3.1512E+002
370.3750,-3.1514E+002
370.4167,-3.1514E+002
370.4583,-3.1523E+002
370.5000,-3.1541E+002
370.5417,-3.1551E+002
370.5833,-3.1553E+002
370.6250,-3.1553E+002
370.6667,-3.1549E+002
370.7083,-3.1541E+002
370.7500,-3.1534E+002
370.7917,-3.1525E+002
370.8333,-3.1522E+002
370.8750,-3.1524E+002
370.9167,-3.1520E+002
370.9583,-3.1516E+002
371.0000,-3.1509E+002
371.0417,-3.1490E+002
371.0833,-3.1482E+002
371.1250,-3.1483E+002
371.1667,-3.1476E+002
371.2083,-3.1466E+002
371.2500,-3.1458E+002
371.2917,-3.1443E+002
371.3333,-3.1431E+002
371.3750,-3.1434E+002
371.4167,-3.1289E+002
371.4583,-3.1337E+002
371.5000,-3.1388E+002
371.5417,-3.1421E+002
371.5833,-3.1443E+002
371.6250,-3.1479E+002
371.6667,-3.1469E+002
371.7083,-3.1468E+002
371.7500,-3.1461E+002
371.7917,-3.1445E+002
371.8333,-3.1422E+002
371.8750,-3.1399E+002
371.9167,-3.1377E+002
371.9583,-3.1355E+002
372.0000,-3.1334E+002
372.0417,-3.1313E+002
372.0833,-3.1293E+002
372.1250,-3.1278E+002
372.1667,-3.1258E+002
372.2083,-3.1238E+002
372.2500,-3.1219E+002
372.2917,-3.1194E+002
372.3333,-3.1166E+002
372.3750,-3.1145E+002
372.4167,-3.1174E+002
372.4583,-3.1230E+002
372.5000,-3.1399E+002
372.5417,-3.1482E+002
372.5833,-3.1525E+002
372.6250,-3.1562E+002
372.6667,-3.1583E+002
372.7083,-3.1582E+002
372.7500,-3.1553E+002
372.7917,-3.1527E+002
372.8333,-3.1450E+002
372.8750,-3.1350E+002
372.9167,-3.1242E+002
372.9583,-3.1135E+002
373.0000,-3.1016E+002
373.0417,-3.0898E+002
373.0833,-3.0794E+002
373.1250,-3.0688E+002
373.1667,-3.0614E+002
373.2083,-3.0607E+002
373.2500,-3.0600E+002
373.2917,-3.0594E+002
373.3333,-3.0589E+002
373.3750,-3.0586E+002
373.4167,-3.0596E+002
373.4583,-3.0732E+002
373.5000,-3.0876E+002
373.5417,-3.0965E+002
373.5833,-3.1189E+002
373.6250,-3.1265E+002
373.6667,-3.1269E+002
373.7083,-3.1228E+002
373.7500,-3.1261E+002
373.7917,-3.1223E+002
373.8333,-3.1052E+002
373.8750,-3.0817E+002
373.9167,-3.0633E+002
373.9583,-3.0631E+002
374.0000,-3.0629E+002
374.0417,-3.0628E+002
374.0833,-3.0626E+002
374.1250,-3.0625E+002
374.1667,-3.0625E+002
374.2083,-3.0624E+002
374.2500,-3.0624E+002
374.2917,-3.0673E+002
374.3333,-3.0578E+002
374.3750,-3.0567E+002
374.4167,-3.0614E+002
374.4583,-3.0611E+002
374.5000,-3.0641E+002
374.5417,-3.0711E+002
374.5833,-3.0762E+002
374.6250,-3.0806E+002
374.6667,-3.0827E+002
374.7083,-3.0834E+002
374.7500,-3.0836E+002
374.7917,-3.0833E+002
374.8333,-3.0818E+002
374.8750,-3.0790E+002
374.9167,-3.0748E+002
374.9583,-3.0663E+002
375.0000,-3.0589E+002
375.0417,-3.0628E+002
375.0833,-3.0616E+002
375.1250,-3.0617E+002
375.1667,-3.0612E+002
375.2083,-3.0616E+002
375.2500,-3.0617E+002
375.2917,-3.0598E+002
375.3333,-3.0613E+002
375.3750,-3.0616E+002
375.4167,-3.0589E+002
375.4583,-3.0613E+002
375.5000,-3.0644E+002
375.5417,-3.0627E+002
375.5833,-3.0653E+002
375.6250,-3.0676E+002
375.6667,-3.0676E+002
375.7083,-3.0653E+002
375.7500,-3.0613E+002
375.7917,-3.0616E+002
375.8333,-3.0617E+002
375.8750,-3.0610E+002
375.9167,-3.0615E+002
375.9583,-3.0616E+002
376.0000,-3.0617E+002
376.0417,-3.0616E+002
376.0833,-3.0617E+002
376.1250,-3.0612E+002
376.1667,-3.0615E+002
376.2083,-3.0616E+002
376.2500,-3.0617E+002
376.2917,-3.0616E+002
376.3333,-3.0614E+002
376.3750,-3.0616E+002
376.4167,-3.0604E+002
376.4583,-3.0585E+002
376.5000,-3.0523E+002
376.5417,-3.0643E+002
376.5833,-3.0677E+002
376.6250,-3.0717E+002
376.6667,-3.0727E+002
376.7083,-3.0723E+002
376.7500,-3.0683E+002
376.7917,-3.0633E+002
376.8333,-3.0661E+002
376.8750,-3.0670E+002
376.9167,-3.0656E+002
376.9583,-3.0644E+002
377.0000,-3.0631E+002
377.0417,-3.0617E+002
377.0833,-3.0617E+002
377.1250,-3.0623E+002
377.1667,-3.0641E+002
377.2083,-3.0666E+002
377.2500,-3.0694E+002
377.2917,-3.0725E+002
377.3333,-3.0750E+002
377.3750,-3.0761E+002
377.4167,-3.0773E+002
377.4583,-3.0789E+002
377.5000,-3.0828E+002
377.5417,-3.0879E+002
377.5833,-3.0919E+002
377.6250,-3.0949E+002
377.6667,-3.0968E+002
377.7083,-3.0975E+002
377.7500,-3.0978E+002
377.7917,-3.0978E+002
377.8333,-3.0973E+002
377.8750,-3.0940E+002
377.9167,-3.0849E+002
377.9583,-3.0802E+002
378.0000,-3.0721E+002
378.0417,-3.0639E+002
378.0833,-3.0595E+002
378.1250,-3.0586E+002
378.1667,-3.0578E+002
378.2083,-3.0571E+002
378.2500,-3.0569E+002
378.2917,-3.0563E+002
378.3333,-3.0555E+002
378.3750,-3.0565E+002
378.4167,-3.0579E+002
378.4583,-3.0608E+002
378.5000,-3.0810E+002
378.5417,-3.0992E+002
378.5833,-3.1088E+002
378.6250,-3.1198E+002
378.6667,-3.1127E+002
378.7083,-3.1084E+002
378.7500,-3.1085E+002
378.7917,-3.1087E+002
378.8333,-3.1091E+002
378.8750,-3.1094E+002
378.9167,-3.1098E+002
378.9583,-3.1104E+002
379.0000,-3.1110E+002
379.0417,-3.1113E+002
379.0833,-3.1112E+002
379.1250,-3.1110E+002
379.1667,-3.1106E+002
379.2083,-3.1101E+002
379.2500,-3.1091E+002
379.2917,-3.1067E+002
379.3333,-3.1042E+002
379.3750,-3.1026E+002
379.4167,-3.0707E+002
379.4583,-3.0826E+002
379.5000,-3.0941E+002
379.5417,-3.1029E+002
379.5833,-3.1105E+002
379.6250,-3.1166E+002
379.6667,-3.1183E+002
379.7083,-3.1159E+002
379.7500,-3.1075E+002
379.7917,-3.1042E+002
379.8333,-3.0885E+002
379.8750,-3.0895E+002
379.9167,-3.0839E+002
379.9583,-3.0705E+002
380.0000,-3.0602E+002
380.0417,-3.0615E+002
380.0833,-3.0616E+002
380.1250,-3.0617E+002
380.1667,-3.0608E+002
380.2083,-3.0614E+002
380.2500,-3.0616E+002
380.2917,-3.0617E+002
380.3333,-3.0596E+002
380.3750,-3.0612E+002
380.4167,-3.0584E+002
380.4583,-3.0612E+002
380.5000,-3.0623E+002
380.5417,-3.0626E+002
380.5833,-3.0684E+002
380.6250,-3.0718E+002
380.6667,-3.0734E+002
380.7083,-3.0730E+002
380.7500,-3.0696E+002
380.7917,-3.0706E+002
380.8333,-3.0701E+002
380.8750,-3.0692E+002
380.9167,-3.0673E+002
380.9583,-3.0650E+002
381.0000,-3.0669E+002
381.0417,-3.0649E+002
381.0833,-3.0619E+002
381.1250,-3.0618E+002
381.1667,-3.0618E+002
381.2083,-3.0618E+002
381.2500,-3.0617E+002
381.2917,-3.0617E+002
381.3333,-3.0617E+002
381.3750,-3.0617E+002
381.4167,-3.0618E+002
381.4583,-3.0633E+002
381.5000,-3.0724E+002
381.5417,-3.0770E+002
381.5833,-3.0812E+002
381.6250,-3.0807E+002
381.6667,-3.0815E+002
381.7083,-3.0777E+002
381.7500,-3.0724E+002
381.7917,-3.0669E+002
381.8333,-3.0603E+002
381.8750,-3.0615E+002
381.9167,-3.0617E+002
381.9583,-3.0617E+002
382.0000,-3.0616E+002
382.0417,-3.0617E+002
382.0833,-3.0614E+002
382.1250,-3.0616E+002
382.1667,-3.0617E+002
382.2083,-3.0617E+002
382.2500,-3.0616E+002
382.2917,-3.0617E+002
382.3333,-3.0617E+002
382.3750,-3.0615E+002
382.4167,-3.0613E+002
382.4583,-3.0632E+002
382.5000,-3.0687E+002
382.5417,-3.0809E+002
382.5833,-3.0938E+002
382.6250,-3.0924E+002
382.6667,-3.0836E+002
382.7083,-3.0860E+002
382.7500,-3.0857E+002
382.7917,-3.0836E+002
382.8333,-3.0838E+002
382.8750,-3.0835E+002
382.9167,-3.0838E+002
382.9583,-3.0841E+002
383.0000,-3.0843E+002
383.0417,-3.0846E+002
383.0833,-3.0848E+002
383.1250,-3.0840E+002
383.1667,-3.0852E+002
383.2083,-3.0856E+002
383.2500,-3.0857E+002
383.2917,-3.0859E+002
383.3333,-3.0858E+002
383.3750,-3.0861E+002
383.4167,-3.0695E+002
383.4583,-3.0811E+002
383.5000,-3.0990E+002
383.5417,-3.0997E+002
383.5833,-3.1122E+002
383.6250,-3.1255E+002
383.6667,-3.1168E+002
383.7083,-3.1154E+002
383.7500,-3.1150E+002
383.7917,-3.1146E+002
383.8333,-3.1137E+002
383.8750,-3.1093E+002
383.9167,-3.1030E+002
383.9583,-3.1000E+002
384.0000,-3.1083E+002
384.0417,-3.1083E+002
384.0833,-3.1075E+002
384.1250,-3.1082E+002
384.1667,-3.1087E+002
384.2083,-3.1091E+002
384.2500,-3.1094E+002
384.2917,-3.1098E+002
384.3333,-3.1099E+002
384.3750,-3.1105E+002
384.4167,-3.1034E+002
384.4583,-3.1101E+002
384.5000,-3.1197E+002
384.5417,-3.1264E+002
384.5833,-3.1316E+002
384.6250,-3.1354E+002
384.6667,-3.1394E+002
384.7083,-3.1421E+002
384.7500,-3.1436E+002
384.7917,-3.1429E+002
384.8333,-3.1399E+002
384.8750,-3.1357E+002
384.9167,-3.1310E+002
384.9583,-3.1255E+002
385.0000,-3.1199E+002
385.0417,-3.1144E+002
385.0833,-3.1086E+002
385.1250,-3.1035E+002
385.1667,-3.0989E+002
385.2083,-3.0944E+002
385.2500,-3.0904E+002
385.2917,-3.0873E+002
385.3333,-3.0828E+002
385.3750,-3.0760E+002
385.4167,-3.0632E+002
385.4583,-3.0686E+002
385.5000,-3.0776E+002
385.5417,-3.0869E+002
385.5833,-3.1025E+002
385.6250,-3.1122E+002
385.6667,-3.1237E+002
385.7083,-3.1292E+002
385.7500,-3.1287E+002
385.7917,-3.1257E+002
385.8333,-3.1200E+002
385.8750,-3.1111E+002
385.9167,-3.1009E+002
385.9583,-3.0858E+002
386.0000,-3.0561E+002
386.0417,-3.0539E+002
386.0833,-3.0531E+002
386.1250,-3.0704E+002
386.1667,-3.0623E+002
386.2083,-3.0612E+002
386.2500,-3.0616E+002
386.2917,-3.0622E+002
386.3333,-3.0664E+002
386.3750,-3.0616E+002
386.4167,-3.0754E+002
386.4583,-3.0879E+002
386.5000,-3.0959E+002
386.5417,-3.1120E+002
386.5833,-3.1276E+002
386.6250,-3.1387E+002
386.6667,-3.1457E+002
386.7083,-3.1536E+002
386.7500,-3.1561E+002
386.7917,-3.1610E+002
386.8333,-3.1639E+002
386.8750,-3.1698E+002
386.9167,-3.1785E+002
386.9583,-3.1883E+002
387.0000,-3.2009E+002
387.0417,-3.2111E+002
387.0833,-3.2279E+002
387.1250,-3.2429E+002
387.1667,-3.2538E+002
387.2083,-3.2756E+002
387.2500,-3.2920E+002
387.2917,-3.3052E+002
387.3333,-3.3141E+002
387.3750,-3.3152E+002
387.4167,-3.3174E+002
387.4583,-3.3209E+002
387.5000,-3.3146E+002
387.5417,-3.2788E+002
387.5833,-3.2787E+002
387.6250,-3.3027E+002
387.6667,-3.3000E+002
387.7083,-3.2982E+002
387.7500,-3.2956E+002
387.7917,-3.2927E+002
387.8333,-3.2896E+002
387.8750,-3.2863E+002
387.9167,-3.2830E+002
387.9583,-3.2797E+002
388.0000,-3.2702E+002
388.0417,-3.2715E+002
388.0833,-3.2690E+002
388.1250,-3.2656E+002
388.1667,-3.2617E+002
388.2083,-3.2572E+002
388.2500,-3.2531E+002
388.2917,-3.2502E+002
388.3333,-3.2462E+002
388.3750,-3.2453E+002
388.4167,-3.2441E+002
388.4583,-3.2432E+002
388.5000,-3.2459E+002
388.5417,-3.2499E+002
388.5833,-3.2559E+002
388.6250,-3.2601E+002
388.6667,-3.2618E+002
388.7083,-3.2615E+002
388.7500,-3.2606E+002
388.7917,-3.2590E+002
388.8333,-3.2542E+002
388.8750,-3.2552E+002
388.9167,-3.2472E+002
388.9583,-3.2508E+002
389.0000,-3.2485E+002
389.0417,-3.2454E+002
389.0833,-3.2423E+002
389.1250,-3.2391E+002
389.1667,-3.2351E+002
389.2083,-3.2297E+002
389.2500,-3.2240E+002
389.2917,-3.2190E+002
389.3333,-3.2138E+002
389.3750,-3.2090E+002
389.4167,-3.2053E+002
389.4583,-3.2042E+002
389.5000,-3.2047E+002
389.5417,-3.2092E+002
389.5833,-3.2152E+002
389.6250,-3.2173E+002
389.6667,-3.2181E+002
389.7083,-3.2151E+002
389.7500,-3.2105E+002
389.7917,-3.2003E+002
389.8333,-3.1876E+002
389.8750,-3.1737E+002
389.9167,-3.1616E+002
389.9583,-3.1490E+002
390.0000,-3.1407E+002
390.0417,-3.1354E+002
390.0833,-3.1331E+002
390.1250,-3.1321E+002
390.1667,-3.1310E+002
390.2083,-3.1631E+002
390.2500,-3.1613E+002
390.2917,-3.1561E+002
390.3333,-3.1528E+002
390.3750,-3.1457E+002
390.4167,-3.1364E+002
390.4583,-3.1373E+002
390.5000,-3.1454E+002
390.5417,-3.1672E+002
390.5833,-3.1774E+002
390.6250,-3.1710E+002
390.6667,-3.1741E+002
390.7083,-3.1725E+002
390.7500,-3.1650E+002
390.7917,-3.1539E+002
390.8333,-3.1463E+002
390.8750,-3.1390E+002
390.9167,-3.1301E+002
390.9583,-3.1200E+002
391.0000,-3.1120E+002
391.0417,-3.1039E+002
391.0833,-3.0997E+002
391.1250,-3.0991E+002
391.1667,-3.1003E+002
391.2083,-3.1013E+002
391.2500,-3.1022E+002
391.2917,-3.1303E+002
391.3333,-3.1369E+002
391.3750,-3.1356E+002
391.4167,-3.1346E+002
391.4583,-3.1346E+002
391.5000,-3.1394E+002
391.5417,-3.1459E+002
391.5833,-3.1529E+002
391.6250,-3.1606E+002
391.6667,-3.1657E+002
391.7083,-3.1652E+002
391.7500,-3.1615E+002
391.7917,-3.1567E+002
391.8333,-3.1503E+002
391.8750,-3.1444E+002
391.9167,-3.1427E+002
391.9583,-3.1328E+002
392.0000,-3.1219E+002
392.0417,-3.1122E+002
392.0833,-3.1035E+002
392.1250,-3.0927E+002
392.1667,-3.0856E+002
392.2083,-3.0822E+002
392.2500,-3.0810E+002
392.2917,-3.0814E+002
392.3333,-3.0835E+002
392.3750,-3.0858E+002
392.4167,-3.0892E+002
392.4583,-3.0961E+002
392.5000,-3.1062E+002
392.5417,-3.1180E+002
392.5833,-3.1255E+002
392.6250,-3.1273E+002
392.6667,-3.1280E+002
392.7083,-3.1278E+002
392.7500,-3.1270E+002
392.7917,-3.1261E+002
392.8333,-3.1252E+002
392.8750,-3.1243E+002
392.9167,-3.1241E+002
392.9583,-3.1231E+002
393.0000,-3.1227E+002
393.0417,-3.1231E+002
393.0833,-3.1233E+002
393.1250,-3.1233E+002
393.1667,-3.1230E+002
393.2083,-3.1227E+002
393.2500,-3.1223E+002
393.2917,-3.1222E+002
393.3333,-3.1217E+002
393.3750,-3.1166E+002
393.4167,-3.1195E+002
393.4583,-3.1209E+002
393.5000,-3.1237E+002
393.5417,-3.1290E+002
393.5833,-3.1373E+002
393.6250,-3.1474E+002
393.6667,-3.1574E+002
393.7083,-3.1646E+002
393.7500,-3.1725E+002
393.7917,-3.1798E+002
393.8333,-3.1887E+002
393.8750,-3.1965E+002
393.9167,-3.2039E+002
393.9583,-3.2105E+002
394.0000,-3.2166E+002
394.0417,-3.2215E+002
394.0833,-3.2257E+002
394.1250,-3.2308E+002
394.1667,-3.2354E+002
394.2083,-3.2514E+002
394.2500,-3.2672E+002
394.2917,-3.2845E+002
394.3333,-3.2926E+002
394.3750,-3.2989E+002
394.4167,-3.3006E+002
394.4583,-3.3122E+002
394.5000,-3.3235E+002
394.5417,-3.3337E+002
394.5833,-3.3535E+002
394.6250,-3.3574E+002
394.6667,-3.3625E+002
394.7083,-3.3651E+002
394.7500,-3.3655E+002
394.7917,-3.3658E+002
394.8333,-3.3661E+002
394.8750,-3.3667E+002
394.9167,-3.3672E+002
394.9583,-3.3679E+002
395.0000,-3.3681E+002
395.0417,-3.3678E+002
395.0833,-3.3676E+002
395.1250,-3.3666E+002
395.1667,-3.3668E+002
395.2083,-3.3664E+002
395.2500,-3.3661E+002
395.2917,-3.3654E+002
395.3333,-3.3646E+002
395.3750,-3.3642E+002
395.4167,-3.3610E+002
395.4583,-3.3661E+002
395.5000,-3.3702E+002
395.5417,-3.3756E+002
395.5833,-3.3831E+002
395.6250,-3.3807E+002
395.6667,-3.3816E+002
395.7083,-3.3807E+002
395.7500,-3.3781E+002
395.7917,-3.3737E+002
395.8333,-3.3661E+002
395.8750,-3.3582E+002
395.9167,-3.3498E+002
395.9583,-3.3402E+002
396.0000,-3.3309E+002
396.0417,-3.3236E+002
396.0833,-3.3172E+002
396.1250,-3.3099E+002
396.1667,-3.3026E+002
396.2083,-3.2966E+002
396.2500,-3.2903E+002
396.2917,-3.2827E+002
396.3333,-3.2748E+002
396.3750,-3.2618E+002
396.4167,-3.2555E+002
396.4583,-3.2518E+002
396.5000,-3.2486E+002
396.5417,-3.2454E+002
396.5833,-3.2440E+002
396.6250,-3.2428E+002
396.6667,-3.2411E+002
396.7083,-3.2386E+002
396.7500,-3.2357E+002
396.7917,-3.2330E+002
396.8333,-3.2308E+002
396.8750,-3.2268E+002
396.9167,-3.2270E+002
396.9583,-3.2253E+002
397.0000,-3.2236E+002
397.0417,-3.2225E+002
397.0833,-3.2210E+002
397.1250,-3.2194E+002
397.1667,-3.2179E+002
397.2083,-3.2167E+002
397.2500,-3.2183E+002
397.2917,-3.2174E+002
397.3333,-3.2179E+002
397.3750,-3.1795E+002
397.4167,-3.1916E+002
397.4583,-3.2096E+002
397.5000,-3.2276E+002
397.5417,-3.2529E+002
397.5833,-3.2617E+002
397.6250,-3.2443E+002
397.6667,-3.2581E+002
397.7083,-3.2740E+002
397.7500,-3.2815E+002
397.7917,-3.2859E+002
397.8333,-3.2894E+002
397.8750,-3.2925E+002
397.9167,-3.2947E+002
397.9583,-3.2965E+002
398.0000,-3.2982E+002
398.0417,-3.2995E+002
398.0833,-3.3006E+002
398.1250,-3.3016E+002
398.1667,-3.2925E+002
398.2083,-3.2720E+002
398.2500,-3.2720E+002
398.2917,-3.2723E+002
398.3333,-3.2726E+002
398.3750,-3.2734E+002
398.4167,-3.2749E+002
398.4583,-3.2828E+002
398.5000,-3.2836E+002
398.5417,-3.2989E+002
398.5833,-3.3020E+002
398.6250,-3.3137E+002
398.6667,-3.3221E+002
398.7083,-3.3286E+002
398.7500,-3.3345E+002
398.7917,-3.3404E+002
398.8333,-3.3487E+002
398.8750,-3.3481E+002
398.9167,-3.3526E+002
398.9583,-3.3588E+002
399.0000,-3.3624E+002
399.0417,-3.3667E+002
399.0833,-3.3715E+002
399.1250,-3.3792E+002
399.1667,-3.3861E+002
399.2083,-3.3876E+002
399.2500,-3.3903E+002
399.2917,-3.3930E+002
399.3333,-3.3960E+002
399.3750,-3.3988E+002
399.4167,-3.4009E+002
399.4583,-3.4098E+002
399.5000,-3.4158E+002
399.5417,-3.4346E+002
399.5833,-3.4375E+002
399.6250,-3.4457E+002
399.6667,-3.4549E+002
399.7083,-3.4634E+002
399.7500,-3.4676E+002
399.7917,-3.4716E+002
399.8333,-3.4741E+002
399.8750,-3.4735E+002
399.9167,-3.4692E+002
399.9583,-3.4620E+002
400.0000,-3.4528E+002
400.0417,-3.4433E+002
400.0833,-3.4319E+002
400.1250,-3.4211E+002
400.1667,-3.4095E+002
400.2083,-3.3849E+002
400.2500,-3.3793E+002
400.2917,-3.3656E+002
400.3333,-3.3497E+002
400.3750,-3.3383E+002
400.4167,-3.3355E+002
400.4583,-3.3441E+002
400.5000,-3.3488E+002
400.5417,-3.3605E+002
400.5833,-3.3761E+002
400.6250,-3.3903E+002
400.6667,-3.4005E+002
400.7083,-3.4033E+002
400.7500,-3.4038E+002
400.7917,-3.4023E+002
400.8333,-3.3998E+002
400.8750,-3.3949E+002
400.9167,-3.3876E+002
400.9583,-3.3841E+002
401.0000,-3.3644E+002
401.0417,-3.3491E+002
401.0833,-3.3697E+002
401.1250,-3.3665E+002
401.1667,-3.3609E+002
401.2083,-3.3605E+002
401.2500,-3.3550E+002
401.2917,-3.3565E+002
401.3333,-3.3544E+002
401.3750,-3.3515E+002
401.4167,-3.3521E+002
401.4583,-3.3570E+002
401.5000,-3.3578E+002
401.5417,-3.3653E+002
401.5833,-3.3775E+002
401.6250,-3.3775E+002
401.6667,-3.3818E+002
401.7083,-3.3856E+002
401.7500,-3.3870E+002
401.7917,-3.3876E+002
401.8333,-3.3876E+002
401.8750,-3.3883E+002
401.9167,-3.3885E+002
401.9583,-3.3885E+002
402.0000,-3.3886E+002
402.0417,-3.3890E+002
402.0833,-3.3894E+002
402.1250,-3.3897E+002
402.1667,-3.3898E+002
402.2083,-3.3901E+002
402.2500,-3.3903E+002
402.2917,-3.3904E+002
402.3333,-3.3904E+002
402.3750,-3.3818E+002
402.4167,-3.3838E+002
402.4583,-3.3858E+002
402.5000,-3.3882E+002
402.5417,-3.3912E+002
402.5833,-3.3936E+002
402.6250,-3.3967E+002
402.6667,-3.3954E+002
402.7083,-3.3955E+002
402.7500,-3.3953E+002
402.7917,-3.3938E+002
402.8333,-3.3938E+002
402.8750,-3.3934E+002
402.9167,-3.3928E+002
402.9583,-3.3918E+002
403.0000,-3.3901E+002
403.0417,-3.3882E+002
403.0833,-3.3850E+002
403.1250,-3.3817E+002
403.1667,-3.3781E+002
403.2083,-3.3759E+002
403.2500,-3.3725E+002
403.2917,-3.3711E+002
403.3333,-3.3687E+002
403.3750,-3.3657E+002
403.4167,-3.3642E+002
403.4583,-3.3648E+002
403.5000,-3.3728E+002
403.5417,-3.3763E+002
403.5833,-3.3859E+002
403.6250,-3.3929E+002
403.6667,-3.3935E+002
403.7083,-3.3931E+002
403.7500,-3.3902E+002
403.7917,-3.3734E+002
403.8333,-3.3811E+002
403.8750,-3.3616E+002
403.9167,-3.3637E+002
403.9583,-3.3574E+002
404.0000,-3.3538E+002
404.0417,-3.3380E+002
404.0833,-3.3319E+002
404.1250,-3.3336E+002
404.1667,-3.3220E+002
404.2083,-3.3071E+002
404.2500,-3.2857E+002
404.2917,-3.2660E+002
404.3333,-3.2502E+002
404.3750,-3.2318E+002
404.4167,-3.2138E+002
404.4583,-3.2017E+002
404.5000,-3.1931E+002
404.5417,-3.1865E+002
404.5833,-3.1792E+002
404.6250,-3.1725E+002
404.6667,-3.1660E+002
404.7083,-3.1597E+002
404.7500,-3.1530E+002
404.7917,-3.1442E+002
404.8333,-3.1307E+002
404.8750,-3.1169E+002
404.9167,-3.0992E+002
404.9583,-3.0803E+002
405.0000,-3.0662E+002
405.0417,-3.0611E+002
405.0833,-3.0616E+002
405.1250,-3.0617E+002
405.1667,-3.0568E+002
405.2083,-3.0606E+002
405.2500,-3.0614E+002
405.2917,-3.0617E+002
405.3333,-3.0617E+002
405.3750,-3.0595E+002
405.4167,-3.0615E+002
405.4583,-3.0613E+002
405.5000,-3.0606E+002
405.5417,-3.0599E+002
405.5833,-3.0613E+002
405.6250,-3.0614E+002
405.6667,-3.0608E+002
405.7083,-3.0617E+002
405.7500,-3.0605E+002
405.7917,-3.0614E+002
405.8333,-3.0616E+002
405.8750,-3.0617E+002
405.9167,-3.0605E+002
405.9583,-3.0614E+002
406.0000,-3.0616E+002
406.0417,-3.0617E+002
406.0833,-3.0602E+002
406.1250,-3.0613E+002
406.1667,-3.0616E+002
406.2083,-3.0617E+002
406.2500,-3.0592E+002
406.2917,-3.0611E+002
406.3333,-3.0615E+002
406.3750,-3.0593E+002
406.4167,-3.0618E+002
406.4583,-3.0615E+002
406.5000,-3.0618E+002
406.5417,-3.0588E+002
406.5833,-3.0602E+002
406.6250,-3.0609E+002
406.6667,-3.0607E+002
406.7083,-3.0597E+002
406.7500,-3.0612E+002
406.7917,-3.0616E+002
406.8333,-3.0617E+002
406.8750,-3.0572E+002
406.9167,-3.0608E+002
406.9583,-3.0614E+002
407.0000,-3.0616E+002
407.0417,-3.0617E+002
407.0833,-3.0602E+002
407.1250,-3.0614E+002
407.1667,-3.0615E+002
407.2083,-3.0616E+002
407.2500,-3.0617E+002
407.2917,-3.0603E+002
407.3333,-3.0617E+002
407.3750,-3.0615E+002
407.4167,-3.0612E+002
407.4583,-3.0618E+002
407.5000,-3.0630E+002
407.5417,-3.0619E+002
407.5833,-3.0633E+002
407.6250,-3.0604E+002
407.6667,-3.0618E+002
407.7083,-3.0613E+002
407.7500,-3.0616E+002
407.7917,-3.0617E+002
407.8333,-3.0606E+002
407.8750,-3.0615E+002
407.9167,-3.0616E+002
407.9583,-3.0617E+002
408.0000,-3.0594E+002
408.0417,-3.0611E+002
408.0833,-3.0615E+002
408.1250,-3.0617E+002
408.1667,-3.0576E+002
408.2083,-3.0608E+002
408.2500,-3.0615E+002
408.2917,-3.0616E+002
408.3333,-3.0617E+002
408.3750,-3.0608E+002
408.4167,-3.0617E+002
408.4583,-3.0612E+002
408.5000,-3.0618E+002
408.5417,-3.0631E+002
408.5833,-3.0622E+002
408.6250,-3.0619E+002
408.6667,-3.0615E+002
408.7083,-3.0615E+002
408.7500,-3.0617E+002
408.7917,-3.0609E+002
408.8333,-3.0615E+002
408.8750,-3.0616E+002
408.9167,-3.0617E+002
408.9583,-3.0605E+002
409.0000,-3.0614E+002
409.0417,-3.0616E+002
409.0833,-3.0617E+002
409.1250,-3.0599E+002
409.1667,-3.0612E+002
409.2083,-3.0615E+002
409.2500,-3.0616E+002
409.2917,-3.0617E+002
409.3333,-3.0608E+002
409.3750,-3.0616E+002
409.4167,-3.0605E+002
409.4583,-3.0588E+002
409.5000,-3.0619E+002
409.5417,-3.0634E+002
409.5833,-3.0620E+002
409.6250,-3.0618E+002
409.6667,-3.0598E+002
409.7083,-3.0615E+002
409.7500,-3.0617E+002
409.7917,-3.0613E+002
409.8333,-3.0616E+002
409.8750,-3.0617E+002
409.9167,-3.0616E+002
409.9583,-3.0617E+002
410.0000,-3.0613E+002
410.0417,-3.0615E+002
410.0833,-3.0616E+002
410.1250,-3.0617E+002
410.1667,-3.0612E+002
410.2083,-3.0617E+002
410.2500,-3.0615E+002
410.2917,-3.0617E+002
410.3333,-3.0617E+002
410.3750,-3.0607E+002
410.4167,-3.0572E+002
410.4583,-3.0606E+002
410.5000,-3.0616E+002
410.5417,-3.0632E+002
410.5833,-3.0690E+002
410.6250,-3.0724E+002
410.6667,-3.0739E+002
410.7083,-3.0766E+002
410.7500,-3.0764E+002
410.7917,-3.0743E+002
410.8333,-3.0690E+002
410.8750,-3.0659E+002
410.9167,-3.0623E+002
410.9583,-3.0620E+002
411.0000,-3.0619E+002
411.0417,-3.0618E+002
411.0833,-3.0617E+002
411.1250,-3.0617E+002
411.1667,-3.0617E+002
411.2083,-3.0616E+002
411.2500,-3.0612E+002
411.2917,-3.0616E+002
411.3333,-3.0616E+002
411.3750,-3.0619E+002
411.4167,-3.0604E+002
411.4583,-3.0641E+002
411.5000,-3.0666E+002
411.5417,-3.0712E+002
411.5833,-3.0746E+002
411.6250,-3.0816E+002
411.6667,-3.0870E+002
411.7083,-3.0901E+002
411.7500,-3.0912E+002
411.7917,-3.0910E+002
411.8333,-3.0903E+002
411.8750,-3.0906E+002
411.9167,-3.0911E+002
411.9583,-3.0917E+002
412.0000,-3.0924E+002
412.0417,-3.0930E+002
412.0833,-3.0938E+002
412.1250,-3.0945E+002
412.1667,-3.0951E+002
412.2083,-3.0953E+002
412.2500,-3.0963E+002
412.2917,-3.0969E+002
412.3333,-3.0966E+002
412.3750,-3.1021E+002
412.4167,-3.0993E+002
412.4583,-3.1047E+002
412.5000,-3.1377E+002
412.5417,-3.1587E+002
412.5833,-3.1604E+002
412.6250,-3.1762E+002
412.6667,-3.1860E+002
412.7083,-3.1932E+002
412.7500,-3.1945E+002
412.7917,-3.1908E+002
412.8333,-3.1852E+002
412.8750,-3.1801E+002
412.9167,-3.1751E+002
412.9583,-3.1710E+002
413.0000,-3.1699E+002
413.0417,-3.1705E+002
413.0833,-3.1720E+002
413.1250,-3.1718E+002
413.1667,-3.1711E+002
413.2083,-3.1703E+002
413.2500,-3.1701E+002
413.2917,-3.1694E+002
413.3333,-3.1684E+002
413.3750,-3.1683E+002
413.4167,-3.1743E+002
413.4583,-3.1888E+002
413.5000,-3.2116E+002
413.5417,-3.2311E+002
413.5833,-3.2540E+002
413.6250,-3.2751E+002
413.6667,-3.2877E+002
413.7083,-3.2987E+002
413.7500,-3.3021E+002
413.7917,-3.3002E+002
413.8333,-3.2950E+002
413.8750,-3.2833E+002
413.9167,-3.2682E+002
413.9583,-3.2495E+002
414.0000,-3.2273E+002
414.0417,-3.2055E+002
414.0833,-3.1818E+002
414.1250,-3.1232E+002
414.1667,-3.1333E+002
414.2083,-3.1089E+002
414.2500,-3.0607E+002
414.2917,-3.0463E+002
414.3333,-3.0445E+002
414.3750,-3.0596E+002
414.4167,-3.0595E+002
414.4583,-3.0866E+002
414.5000,-3.1317E+002
414.5417,-3.1685E+002
414.5833,-3.1561E+002
414.6250,-3.1770E+002
414.6667,-3.1894E+002
414.7083,-3.1987E+002
414.7500,-3.2016E+002
414.7917,-3.2019E+002
414.8333,-3.2009E+002
414.8750,-3.1994E+002
414.9167,-3.2065E+002
414.9583,-3.2285E+002
415.0000,-3.2207E+002
415.0417,-3.2239E+002
415.0833,-3.2251E+002
415.1250,-3.2261E+002
415.1667,-3.2257E+002
415.2083,-3.2157E+002
415.2500,-3.2123E+002
415.2917,-3.2129E+002
415.3333,-3.2069E+002
415.3750,-3.2046E+002
415.4167,-3.2019E+002
415.4583,-3.2101E+002
415.5000,-3.2237E+002
415.5417,-3.2454E+002
415.5833,-3.2675E+002
415.6250,-3.2946E+002
415.6667,-3.3161E+002
415.7083,-3.3242E+002
415.7500,-3.3260E+002
415.7917,-3.3248E+002
415.8333,-3.3216E+002
415.8750,-3.3167E+002
415.9167,-3.3106E+002
415.9583,-3.3058E+002
416.0000,-3.3033E+002
416.0417,-3.2980E+002
416.0833,-3.2917E+002
416.1250,-3.2847E+002
416.1667,-3.2774E+002
416.2083,-3.2708E+002
416.2500,-3.2627E+002
416.2917,-3.2557E+002
416.3333,-3.2482E+002
416.3750,-3.2445E+002
416.4167,-3.2438E+002
416.4583,-3.2487E+002
416.5000,-3.2719E+002
416.5417,-3.2962E+002
416.5833,-3.3347E+002
416.6250,-3.3666E+002
416.6667,-3.3905E+002
416.7083,-3.3985E+002
416.7500,-3.3992E+002
416.7917,-3.3956E+002
416.8333,-3.3913E+002
416.8750,-3.3848E+002
416.9167,-3.3759E+002
416.9583,-3.3660E+002
417.0000,-3.3550E+002
417.0417,-3.3431E+002
417.0833,-3.3335E+002
417.1250,-3.3226E+002
417.1667,-3.3105E+002
417.2083,-3.2969E+002
417.2500,-3.2855E+002
417.2917,-3.2754E+002
417.3333,-3.2667E+002
417.3750,-3.2528E+002
417.4167,-3.2490E+002
417.4583,-3.2520E+002
417.5000,-3.2671E+002
417.5417,-3.3005E+002
417.5833,-3.3332E+002
417.6250,-3.3602E+002
417.6667,-3.3750E+002
417.7083,-3.3791E+002
417.7500,-3.3792E+002
417.7917,-3.3751E+002
417.8333,-3.3679E+002
417.8750,-3.3588E+002
417.9167,-3.3491E+002
417.9583,-3.3395E+002
418.0000,-3.3292E+002
418.0417,-3.3168E+002
418.0833,-3.3064E+002
418.1250,-3.2942E+002
418.1667,-3.2813E+002
418.2083,-3.2694E+002
418.2500,-3.2564E+002
418.2917,-3.2445E+002
418.3333,-3.2347E+002
418.3750,-3.2289E+002
418.4167,-3.2251E+002
418.4583,-3.2378E+002
418.5000,-3.2560E+002
418.5417,-3.2823E+002
418.5833,-3.3132E+002
418.6250,-3.3381E+002
418.6667,-3.3575E+002
418.7083,-3.3702E+002
418.7500,-3.3738E+002
418.7917,-3.3739E+002
418.8333,-3.3734E+002
418.8750,-3.3712E+002
418.9167,-3.3674E+002
418.9583,-3.3614E+002
419.0000,-3.3537E+002
419.0417,-3.3461E+002
419.0833,-3.3348E+002
419.1250,-3.3298E+002
419.1667,-3.3220E+002
419.2083,-3.3158E+002
419.2500,-3.3077E+002
419.2917,-3.2987E+002
419.3333,-3.2866E+002
419.3750,-3.2742E+002
419.4167,-3.2833E+002
419.4583,-3.3139E+002
419.5000,-3.3175E+002
419.5417,-3.3547E+002
419.5833,-3.4046E+002
419.6250,-3.4478E+002
419.6667,-3.4792E+002
419.7083,-3.4930E+002
419.7500,-3.4966E+002
419.7917,-3.4957E+002
419.8333,-3.4921E+002
419.8750,-3.4844E+002
419.9167,-3.4767E+002
419.9583,-3.4660E+002
420.0000,-3.4542E+002
420.0417,-3.4406E+002
420.0833,-3.4255E+002
420.1250,-3.4106E+002
420.1667,-3.3952E+002
420.2083,-3.3805E+002
420.2500,-3.3649E+002
420.2917,-3.3498E+002
420.3333,-3.3347E+002
420.3750,-3.3169E+002
420.4167,-3.3216E+002
420.4583,-3.3388E+002
420.5000,-3.3729E+002
420.5417,-3.4134E+002
420.5833,-3.4560E+002
420.6250,-3.4909E+002
420.6667,-3.5120E+002
420.7083,-3.5286E+002
420.7500,-3.5326E+002
420.7917,-3.5248E+002
420.8333,-3.5203E+002
420.8750,-3.5108E+002
420.9167,-3.5025E+002
420.9583,-3.4908E+002
421.0000,-3.4772E+002
421.0417,-3.4641E+002
421.0833,-3.4505E+002
421.1250,-3.4369E+002
421.1667,-3.4223E+002
421.2083,-3.4063E+002
421.2500,-3.3907E+002
421.2917,-3.3728E+002
421.3333,-3.3559E+002
421.3750,-3.3341E+002
421.4167,-3.3343E+002
421.4583,-3.3459E+002
421.5000,-3.3666E+002
421.5417,-3.3932E+002
421.5833,-3.4219E+002
421.6250,-3.4468E+002
421.6667,-3.4643E+002
421.7083,-3.4701E+002
421.7500,-3.4720E+002
421.7917,-3.4665E+002
421.8333,-3.4573E+002
421.8750,-3.4448E+002
421.9167,-3.4292E+002
421.9583,-3.4120E+002
422.0000,-3.3935E+002
422.0417,-3.3755E+002
422.0833,-3.3570E+002
422.1250,-3.3390E+002
422.1667,-3.3203E+002
422.2083,-3.3031E+002
422.2500,-3.2873E+002
422.2917,-3.2716E+002
422.3333,-3.2563E+002
422.3750,-3.2506E+002
422.4167,-3.2550E+002
422.4583,-3.2702E+002
422.5000,-3.3044E+002
422.5417,-3.3256E+002
422.5833,-3.3359E+002
422.6250,-3.3399E+002
422.6667,-3.3406E+002
422.7083,-3.3393E+002
422.7500,-3.3378E+002
422.7917,-3.3369E+002
422.8333,-3.3357E+002
422.8750,-3.3339E+002
422.9167,-3.3312E+002
422.9583,-3.3263E+002
423.0000,-3.3177E+002
423.0417,-3.3068E+002
423.0833,-3.2949E+002
423.1250,-3.2832E+002
423.1667,-3.2714E+002
423.2083,-3.2610E+002
423.2500,-3.2502E+002
423.2917,-3.2385E+002
423.3333,-3.2273E+002
423.3750,-3.2106E+002
423.4167,-3.2064E+002
423.4583,-3.2176E+002
423.5000,-3.2376E+002
423.5417,-3.2553E+002
423.5833,-3.2742E+002
423.6250,-3.2903E+002
423.6667,-3.2964E+002
423.7083,-3.2992E+002
423.7500,-3.2999E+002
423.7917,-3.2943E+002
423.8333,-3.2841E+002
423.8750,-3.2718E+002
423.9167,-3.2591E+002
423.9583,-3.2483E+002
424.0000,-3.2370E+002
424.0417,-3.2277E+002
424.0833,-3.2205E+002
424.1250,-3.2118E+002
424.1667,-3.2055E+002
424.2083,-3.1986E+002
424.2500,-3.1915E+002
424.2917,-3.1832E+002
424.3333,-3.1759E+002
424.3750,-3.1701E+002
424.4167,-3.1681E+002
424.4583,-3.1743E+002
424.5000,-3.1934E+002
424.5417,-3.2154E+002
424.5833,-3.2379E+002
424.6250,-3.2570E+002
424.6667,-3.2677E+002
424.7083,-3.2733E+002
424.7500,-3.2746E+002
424.7917,-3.2720E+002
424.8333,-3.2673E+002
424.8750,-3.2608E+002
424.9167,-3.2533E+002
424.9583,-3.2444E+002
425.0000,-3.2075E+002
425.0417,-3.2117E+002
425.0833,-3.2107E+002
425.1250,-3.2014E+002
425.1667,-3.1921E+002
425.2083,-3.1821E+002
425.2500,-3.1739E+002
425.2917,-3.1614E+002
425.3333,-3.1598E+002
425.3750,-3.1541E+002
425.4167,-3.1520E+002
425.4583,-3.1579E+002
425.5000,-3.1837E+002
425.5417,-3.1987E+002
425.5833,-3.2239E+002
425.6250,-3.2468E+002
425.6667,-3.2618E+002
425.7083,-3.2716E+002
425.7500,-3.2738E+002
425.7917,-3.2731E+002
425.8333,-3.2683E+002
425.8750,-3.2626E+002
425.9167,-3.2559E+002
425.9583,-3.2488E+002
426.0000,-3.2418E+002
426.0417,-3.2340E+002
426.0833,-3.2244E+002
426.1250,-3.2165E+002
426.1667,-3.2079E+002
426.2083,-3.1993E+002
426.2500,-3.1911E+002
426.2917,-3.1772E+002
426.3333,-3.1607E+002
426.3750,-3.1463E+002
426.4167,-3.1441E+002
426.4583,-3.1709E+002
426.5000,-3.2520E+002
426.5417,-3.2597E+002
426.5833,-3.2727E+002
426.6250,-3.2942E+002
426.6667,-3.3095E+002
426.7083,-3.3203E+002
426.7500,-3.3229E+002
426.7917,-3.3207E+002
426.8333,-3.3149E+002
426.8750,-3.3064E+002
426.9167,-3.2964E+002
426.9583,-3.2854E+002
427.0000,-3.2738E+002
427.0417,-3.2616E+002
427.0833,-3.2493E+002
427.1250,-3.2373E+002
427.1667,-3.2277E+002
427.2083,-3.2194E+002
427.2500,-3.2097E+002
427.2917,-3.2020E+002
427.3333,-3.1945E+002
427.3750,-3.1814E+002
427.4167,-3.1880E+002
427.4583,-3.1979E+002
427.5000,-3.2189E+002
427.5417,-3.2498E+002
427.5833,-3.2808E+002
427.6250,-3.3118E+002
427.6667,-3.3288E+002
427.7083,-3.3440E+002
427.7500,-3.3523E+002
427.7917,-3.3538E+002
427.8333,-3.3553E+002
427.8750,-3.3568E+002
427.9167,-3.3578E+002
427.9583,-3.3583E+002
428.0000,-3.3575E+002
428.0417,-3.3559E+002
428.0833,-3.3539E+002
428.1250,-3.3503E+002
428.1667,-3.3458E+002
428.2083,-3.3388E+002
428.2500,-3.3329E+002
428.2917,-3.3172E+002
428.3333,-3.3296E+002
428.3750,-3.2899E+002
428.4167,-3.3293E+002
428.4583,-3.3714E+002
428.5000,-3.3615E+002
428.5417,-3.3838E+002
428.5833,-3.4012E+002
428.6250,-3.4179E+002
428.6667,-3.4309E+002
428.7083,-3.4382E+002
428.7500,-3.4406E+002
428.7917,-3.4384E+002
428.8333,-3.4354E+002
428.8750,-3.4321E+002
428.9167,-3.4277E+002
428.9583,-3.4242E+002
429.0000,-3.3931E+002
429.0417,-3.3751E+002
429.0833,-3.3834E+002
429.1250,-3.3682E+002
429.1667,-3.3621E+002
429.2083,-3.3556E+002
429.2500,-3.3507E+002
429.2917,-3.3439E+002
429.3333,-3.3223E+002
429.3750,-3.3089E+002
429.4167,-3.3050E+002
429.4583,-3.3008E+002
429.5000,-3.2988E+002
429.5417,-3.3015E+002
429.5833,-3.3085E+002
429.6250,-3.3113E+002
429.6667,-3.3089E+002
429.7083,-3.3074E+002
429.7500,-3.3038E+002
429.7917,-3.3000E+002
429.8333,-3.2949E+002
429.8750,-3.2864E+002
429.9167,-3.2771E+002
429.9583,-3.2695E+002
430.0000,-3.2561E+002
430.0417,-3.2397E+002
430.0833,-3.2243E+002
430.1250,-3.2103E+002
430.1667,-3.1970E+002
430.2083,-3.1845E+002
430.2500,-3.1723E+002
430.2917,-3.1581E+002
430.3333,-3.1448E+002
430.3750,-3.1372E+002
430.4167,-3.1334E+002
430.4583,-3.1336E+002
430.5000,-3.1495E+002
430.5417,-3.1641E+002
430.5833,-3.1775E+002
430.6250,-3.1898E+002
430.6667,-3.1952E+002
430.7083,-3.1950E+002
430.7500,-3.1956E+002
430.7917,-3.1901E+002
430.8333,-3.1808E+002
430.8750,-3.1705E+002
430.9167,-3.1602E+002
430.9583,-3.1486E+002
431.0000,-3.1367E+002
431.0417,-3.1264E+002
431.0833,-3.1178E+002
431.1250,-3.1085E+002
431.1667,-3.0991E+002
431.2083,-3.0898E+002
431.2500,-3.0803E+002
431.2917,-3.0702E+002
431.3333,-3.0632E+002
431.3750,-3.0616E+002
431.4167,-3.0626E+002
431.4583,-3.0700E+002
431.5000,-3.0890E+002
431.5417,-3.1137E+002
431.5833,-3.1400E+002
431.6250,-3.1630E+002
431.6667,-3.1735E+002
431.7083,-3.1797E+002
431.7500,-3.1818E+002
431.7917,-3.1783E+002
431.8333,-3.1719E+002
431.8750,-3.1633E+002
431.9167,-3.1531E+002
431.9583,-3.1387E+002
432.0000,-3.1226E+002
432.0417,-3.1141E+002
432.0833,-3.1065E+002
432.1250,-3.0955E+002
432.1667,-3.0861E+002
432.2083,-3.0721E+002
432.2500,-3.0665E+002
432.2917,-3.0660E+002
432.3333,-3.0614E+002
432.3750,-3.0612E+002
432.4167,-3.0631E+002
432.4583,-3.0750E+002
432.5000,-3.0941E+002
432.5417,-3.1169E+002
432.5833,-3.1433E+002
432.6250,-3.1616E+002
432.6667,-3.1753E+002
432.7083,-3.1833E+002
432.7500,-3.1866E+002
432.7917,-3.1842E+002
432.8333,-3.1763E+002
432.8750,-3.1674E+002
432.9167,-3.1564E+002
432.9583,-3.1457E+002
433.0000,-3.1349E+002
433.0417,-3.1232E+002
433.0833,-3.1108E+002
433.1250,-3.0982E+002
433.1667,-3.0863E+002
433.2083,-3.0694E+002
433.2500,-3.0631E+002
433.2917,-3.0613E+002
433.3333,-3.0617E+002
433.3750,-3.0615E+002
433.4167,-3.0670E+002
433.4583,-3.0818E+002
433.5000,-3.1028E+002
433.5417,-3.1264E+002
433.5833,-3.1493E+002
433.6250,-3.1649E+002
433.6667,-3.1786E+002
433.7083,-3.1870E+002
433.7500,-3.1907E+002
433.7917,-3.1948E+002
433.8333,-3.1955E+002
433.8750,-3.1956E+002
433.9167,-3.1954E+002
433.9583,-3.1944E+002
434.0000,-3.1895E+002
434.0417,-3.1677E+002
434.0833,-3.1781E+002
434.1250,-3.1719E+002
434.1667,-3.1664E+002
434.2083,-3.1613E+002
434.2500,-3.1558E+002
434.2917,-3.1512E+002
434.3333,-3.1481E+002
434.3750,-3.1388E+002
434.4167,-3.1484E+002
434.4583,-3.1681E+002
434.5000,-3.1916E+002
434.5417,-3.2159E+002
434.5833,-3.2350E+002
434.6250,-3.2504E+002
434.6667,-3.2669E+002
434.7083,-3.2762E+002
434.7500,-3.2826E+002
434.7917,-3.2847E+002
434.8333,-3.2846E+002
434.8750,-3.2835E+002
434.9167,-3.2816E+002
434.9583,-3.2788E+002
435.0000,-3.2758E+002
435.0417,-3.2762E+002
435.0833,-3.2766E+002
435.1250,-3.2792E+002
435.1667,-3.2835E+002
435.2083,-3.2890E+002
435.2500,-3.2926E+002
435.2917,-3.2938E+002
435.3333,-3.2989E+002
435.3750,-3.3118E+002
435.4167,-3.3234E+002
435.4583,-3.3349E+002
435.5000,-3.3491E+002
435.5417,-3.3679E+002
435.5833,-3.3901E+002
435.6250,-3.4093E+002
435.6667,-3.4293E+002
435.7083,-3.4424E+002
435.7500,-3.4511E+002
435.7917,-3.4518E+002
435.8333,-3.4461E+002
435.8750,-3.4444E+002
435.9167,-3.4394E+002
435.9583,-3.4332E+002
436.0000,-3.4268E+002
436.0417,-3.4185E+002
436.0833,-3.4089E+002
436.1250,-3.3961E+002
436.1667,-3.3871E+002
436.2083,-3.3782E+002
436.2500,-3.3690E+002
436.2917,-3.3569E+002
436.3333,-3.3470E+002
436.3750,-3.3335E+002
436.4167,-3.3343E+002
436.4583,-3.3406E+002
436.5000,-3.3553E+002
436.5417,-3.3713E+002
436.5833,-3.3868E+002
436.6250,-3.3974E+002
436.6667,-3.4041E+002
436.7083,-3.4076E+002
436.7500,-3.4062E+002
436.7917,-3.4027E+002
436.8333,-3.3992E+002
436.8750,-3.3950E+002
436.9167,-3.3899E+002
436.9583,-3.3846E+002
437.0000,-3.3790E+002
437.0417,-3.3743E+002
437.0833,-3.3707E+002
437.1250,-3.3681E+002
437.1667,-3.3626E+002
437.2083,-3.3588E+002
437.2500,-3.3561E+002
437.2917,-3.3546E+002
437.3333,-3.3540E+002
437.3750,-3.3544E+002
437.4167,-3.3577E+002
437.4583,-3.3613E+002
437.5000,-3.3646E+002
437.5417,-3.3657E+002
437.5833,-3.3625E+002
437.6250,-3.3633E+002
437.6667,-3.3670E+002
437.7083,-3.3664E+002
437.7500,-3.3627E+002
437.7917,-3.3567E+002
437.8333,-3.3483E+002
437.8750,-3.3410E+002
437.9167,-3.3274E+002
437.9583,-3.3156E+002
438.0000,-3.3010E+002
438.0417,-3.2871E+002
438.0833,-3.2736E+002
438.1250,-3.2561E+002
438.1667,-3.2381E+002
438.2083,-3.2200E+002
438.2500,-3.2011E+002
438.2917,-3.1613E+002
438.3333,-3.1703E+002
438.3750,-3.1730E+002
438.4167,-3.1777E+002
438.4583,-3.1872E+002
438.5000,-3.1906E+002
438.5417,-3.1932E+002
438.5833,-3.1997E+002
438.6250,-3.2031E+002
438.6667,-3.2124E+002
438.7083,-3.2175E+002
438.7500,-3.2223E+002
438.7917,-3.2188E+002
438.8333,-3.2154E+002
438.8750,-3.2125E+002
438.9167,-3.2093E+002
438.9583,-3.2060E+002
439.0000,-3.2018E+002
439.0417,-3.1976E+002
439.0833,-3.1924E+002
439.1250,-3.1935E+002
439.1667,-3.1939E+002
439.2083,-3.1950E+002
439.2500,-3.1960E+002
439.2917,-3.1957E+002
439.3333,-3.1959E+002
439.3750,-3.1971E+002
439.4167,-3.2003E+002
439.4583,-3.2153E+002
439.5000,-3.2365E+002
439.5417,-3.2517E+002
439.5833,-3.2796E+002
439.6250,-3.2995E+002
439.6667,-3.3061E+002
439.7083,-3.3099E+002
439.7500,-3.3059E+002
439.7917,-3.2999E+002
439.8333,-3.2958E+002
439.8750,-3.2862E+002
439.9167,-3.2781E+002
439.9583,-3.2713E+002
440.0000,-3.2633E+002
440.0417,-3.2565E+002
440.0833,-3.2357E+002
440.1250,-3.2453E+002
440.1667,-3.2421E+002
440.2083,-3.2381E+002
440.2500,-3.2344E+002
440.2917,-3.2311E+002
440.3333,-3.2298E+002
440.3750,-3.2277E+002
440.4167,-3.2373E+002
440.4583,-3.2469E+002
440.5000,-3.2640E+002
440.5417,-3.2814E+002
440.5833,-3.3019E+002
440.6250,-3.3190E+002
440.6667,-3.3277E+002
440.7083,-3.3314E+002
440.7500,-3.3323E+002
440.7917,-3.3307E+002
440.8333,-3.3261E+002
440.8750,-3.3235E+002
440.9167,-3.3220E+002
440.9583,-3.3195E+002
441.0000,-3.3163E+002
441.0417,-3.3135E+002
441.0833,-3.3103E+002
441.1250,-3.3066E+002
441.1667,-3.2991E+002
441.2083,-3.2944E+002
441.2500,-3.2807E+002
441.2917,-3.2912E+002
441.3333,-3.2810E+002
441.3750,-3.2801E+002
441.4167,-3.2832E+002
441.4583,-3.2885E+002
441.5000,-3.2958E+002
441.5417,-3.3160E+002
441.5833,-3.3336E+002
441.6250,-3.3367E+002
441.6667,-3.3410E+002
441.7083,-3.3377E+002
441.7500,-3.3338E+002
441.7917,-3.3300E+002
441.8333,-3.3209E+002
441.8750,-3.3199E+002
441.9167,-3.3147E+002
441.9583,-3.3053E+002
442.0000,-3.2945E+002
442.0417,-3.2716E+002
442.0833,-3.2666E+002
442.1250,-3.2549E+002
442.1667,-3.2439E+002
442.2083,-3.2301E+002
442.2500,-3.2040E+002
442.2917,-3.2117E+002
442.3333,-3.2025E+002
442.3750,-3.1924E+002
442.4167,-3.1954E+002
442.4583,-3.2117E+002
442.5000,-3.2268E+002
442.5417,-3.2350E+002
442.5833,-3.2517E+002
442.6250,-3.2656E+002
442.6667,-3.2737E+002
442.7083,-3.2814E+002
442.7500,-3.2851E+002
442.7917,-3.2832E+002
442.8333,-3.2793E+002
442.8750,-3.2755E+002
442.9167,-3.2716E+002
442.9583,-3.2675E+002
443.0000,-3.2634E+002
443.0417,-3.2582E+002
443.0833,-3.2531E+002
443.1250,-3.2478E+002
443.1667,-3.2427E+002
443.2083,-3.2285E+002
443.2500,-3.2187E+002
443.2917,-3.2292E+002
443.3333,-3.2264E+002
443.3750,-3.2183E+002
443.4167,-3.2202E+002
443.4583,-3.2209E+002
443.5000,-3.2239E+002
443.5417,-3.2426E+002
443.5833,-3.2462E+002
443.6250,-3.2573E+002
443.6667,-3.2601E+002
443.7083,-3.2598E+002
443.7500,-3.2550E+002
443.7917,-3.2464E+002
443.8333,-3.2435E+002
443.8750,-3.2349E+002
443.9167,-3.2245E+002
443.9583,-3.2094E+002
444.0000,-3.1909E+002
444.0417,-3.1686E+002
444.0833,-3.1558E+002
444.1250,-3.1540E+002
444.1667,-3.1353E+002
444.2083,-3.1228E+002
444.2500,-3.1082E+002
444.2917,-3.0948E+002
444.3333,-3.0946E+002
444.3750,-3.1057E+002
444.4167,-3.1207E+002
444.4583,-3.1327E+002
444.5000,-3.1789E+002
444.5417,-3.2020E+002
444.5833,-3.2154E+002
444.6250,-3.2287E+002
444.6667,-3.2354E+002
444.7083,-3.2398E+002
444.7500,-3.2410E+002
444.7917,-3.2391E+002
444.8333,-3.2351E+002
444.8750,-3.2285E+002
444.9167,-3.2262E+002
444.9583,-3.2196E+002
445.0000,-3.2149E+002
445.0417,-3.2087E+002
445.0833,-3.2039E+002
445.1250,-3.1969E+002
445.1667,-3.1946E+002
445.2083,-3.1881E+002
445.2500,-3.1849E+002
445.2917,-3.1805E+002
445.3333,-3.1782E+002
445.3750,-3.1762E+002
445.4167,-3.1840E+002
445.4583,-3.1932E+002
445.5000,-3.2104E+002
445.5417,-3.2235E+002
445.5833,-3.2339E+002
445.6250,-3.2555E+002
445.6667,-3.2701E+002
445.7083,-3.2835E+002
445.7500,-3.2882E+002
445.7917,-3.2883E+002
445.8333,-3.2850E+002
445.8750,-3.2809E+002
445.9167,-3.2749E+002
445.9583,-3.2702E+002
446.0000,-3.2629E+002
446.0417,-3.2553E+002
446.0833,-3.2508E+002
446.1250,-3.2427E+002
446.1667,-3.2390E+002
446.2083,-3.2347E+002
446.2500,-3.2320E+002
446.2917,-3.2294E+002
446.3333,-3.2285E+002
446.3750,-3.2312E+002
446.4167,-3.2380E+002
446.4583,-3.2434E+002
446.5000,-3.2507E+002
446.5417,-3.2587E+002
446.5833,-3.2671E+002
446.6250,-3.2734E+002
446.6667,-3.2783E+002
446.7083,-3.2815E+002
446.7500,-3.2829E+002
446.7917,-3.2836E+002
446.8333,-3.2805E+002
446.8750,-3.2741E+002
446.9167,-3.2618E+002
446.9583,-3.2512E+002
447.0000,-3.2354E+002
447.0417,-3.2125E+002
447.0833,-3.1769E+002
447.1250,-3.1096E+002
447.1667,-3.0657E+002
447.2083,-3.0652E+002
447.2500,-3.0657E+002
447.2917,-3.0654E+002
447.3333,-3.0688E+002
447.3750,-3.1504E+002
447.4167,-3.1706E+002
447.4583,-3.1882E+002
447.5000,-3.2079E+002
447.5417,-3.2293E+002
447.5833,-3.2505E+002
447.6250,-3.2705E+002
447.6667,-3.2884E+002
447.7083,-3.2988E+002
447.7500,-3.3038E+002
447.7917,-3.3027E+002
447.8333,-3.2963E+002
447.8750,-3.2865E+002
447.9167,-3.2727E+002
447.9583,-3.2571E+002
448.0000,-3.2404E+002
448.0417,-3.2250E+002
448.0833,-3.1944E+002
448.1250,-3.1833E+002
448.1667,-3.1593E+002
448.2083,-3.1408E+002
448.2500,-3.1236E+002
448.2917,-3.0949E+002
448.3333,-3.0826E+002
448.3750,-3.0839E+002
448.4167,-3.0927E+002
448.4583,-3.1446E+002
448.5000,-3.1676E+002
448.5417,-3.2118E+002
448.5833,-3.2574E+002
448.6250,-3.2981E+002
448.6667,-3.3225E+002
448.7083,-3.3347E+002
448.7500,-3.3443E+002
448.7917,-3.3409E+002
448.8333,-3.3384E+002
448.8750,-3.3337E+002
448.9167,-3.3262E+002
448.9583,-3.3149E+002
449.0000,-3.3113E+002
449.0417,-3.2980E+002
449.0833,-3.2850E+002
449.1250,-3.2714E+002
449.1667,-3.2584E+002
449.2083,-3.2448E+002
449.2500,-3.2314E+002
449.2917,-3.2193E+002
449.3333,-3.2134E+002
449.3750,-3.2124E+002
449.4167,-3.2259E+002
449.4583,-3.2511E+002
449.5000,-3.2864E+002
449.5417,-3.3237E+002
449.5833,-3.3626E+002
449.6250,-3.3993E+002
449.6667,-3.4247E+002
449.7083,-3.4455E+002
449.7500,-3.4486E+002
449.7917,-3.4495E+002
449.8333,-3.4461E+002
449.8750,-3.4392E+002
449.9167,-3.4194E+002
449.9583,-3.4085E+002
450.0000,-3.3946E+002
450.0417,-3.3835E+002
450.0833,-3.3651E+002
450.1250,-3.3475E+002
450.1667,-3.3261E+002
450.2083,-3.3046E+002
450.2500,-3.2819E+002
450.2917,-3.2607E+002
450.3333,-3.2389E+002
450.3750,-3.2404E+002
450.4167,-3.2529E+002
450.4583,-3.2866E+002
450.5000,-3.3221E+002
450.5417,-3.3634E+002
450.5833,-3.4107E+002
450.6250,-3.4300E+002
450.6667,-3.4554E+002
450.7083,-3.4750E+002
450.7500,-3.4889E+002
450.7917,-3.4960E+002
450.8333,-3.4895E+002
450.8750,-3.4798E+002
450.9167,-3.4666E+002
450.9583,-3.4481E+002
451.0000,-3.4268E+002
451.0417,-3.4032E+002
451.0833,-3.3794E+002
451.1250,-3.3573E+002
451.1667,-3.3377E+002
451.2083,-3.3170E+002
451.2500,-3.2933E+002
451.2917,-3.2695E+002
451.3333,-3.2552E+002
451.3750,-3.2553E+002
451.4167,-3.2645E+002
451.4583,-3.2820E+002
451.5000,-3.3051E+002
451.5417,-3.3219E+002
451.5833,-3.3514E+002
451.6250,-3.3726E+002
451.6667,-3.3768E+002
451.7083,-3.3829E+002
451.7500,-3.3878E+002
451.7917,-3.3884E+002
451.8333,-3.3874E+002
451.8750,-3.3856E+002
451.9167,-3.3817E+002
451.9583,-3.3766E+002
452.0000,-3.3693E+002
452.0417,-3.3607E+002
452.0833,-3.3533E+002
452.1250,-3.3458E+002
452.1667,-3.3395E+002
452.2083,-3.3341E+002
452.2500,-3.3285E+002
452.2917,-3.3217E+002
452.3333,-3.3110E+002
452.3750,-3.3065E+002
452.4167,-3.3049E+002
452.4583,-3.3178E+002
452.5000,-3.3419E+002
452.5417,-3.3736E+002
452.5833,-3.4053E+002
452.6250,-3.4351E+002
452.6667,-3.4589E+002
452.7083,-3.4764E+002
452.7500,-3.4892E+002
452.7917,-3.4967E+002
452.8333,-3.4988E+002
452.8750,-3.4948E+002
452.9167,-3.4903E+002
452.9583,-3.4832E+002
453.0000,-3.4726E+002
453.0417,-3.4625E+002
453.0833,-3.4553E+002
453.1250,-3.4466E+002
453.1667,-3.4379E+002
453.2083,-3.4276E+002
453.2500,-3.4148E+002
453.2917,-3.4050E+002
453.3333,-3.3902E+002
453.3750,-3.3817E+002
453.4167,-3.3782E+002
453.4583,-3.3926E+002
453.5000,-3.4193E+002
453.5417,-3.4551E+002
453.5833,-3.4920E+002
453.6250,-3.5215E+002
453.6667,-3.5458E+002
453.7083,-3.5620E+002
453.7500,-3.5706E+002
453.7917,-3.5780E+002
453.8333,-3.5729E+002
453.8750,-3.5639E+002
453.9167,-3.5508E+002
453.9583,-3.5358E+002
454.0000,-3.5146E+002
454.0417,-3.4939E+002
454.0833,-3.4725E+002
454.1250,-3.4532E+002
454.1667,-3.4344E+002
454.2083,-3.4176E+002
454.2500,-3.4001E+002
454.2917,-3.3844E+002
454.3333,-3.3695E+002
454.3750,-3.3599E+002
454.4167,-3.3569E+002
454.4583,-3.3709E+002
454.5000,-3.4068E+002
454.5417,-3.4512E+002
454.5833,-3.4936E+002
454.6250,-3.5319E+002
454.6667,-3.5581E+002
454.7083,-3.5738E+002
454.7500,-3.5812E+002
454.7917,-3.5837E+002
454.8333,-3.5842E+002
454.8750,-3.5772E+002
454.9167,-3.5651E+002
454.9583,-3.5495E+002
455.0000,-3.5338E+002
455.0417,-3.5187E+002
455.0833,-3.5001E+002
455.1250,-3.4840E+002
455.1667,-3.4700E+002
455.2083,-3.4557E+002
455.2500,-3.4404E+002
455.2917,-3.4266E+002
455.3333,-3.4129E+002
455.3750,-3.4093E+002
455.4167,-3.4082E+002
455.4583,-3.4252E+002
455.5000,-3.4586E+002
455.5417,-3.5074E+002
455.5833,-3.5565E+002
455.6250,-3.6078E+002
455.6667,-3.6478E+002
455.7083,-3.6716E+002
455.7500,-3.6862E+002
455.7917,-3.6925E+002
455.8333,-3.6931E+002
455.8750,-3.6880E+002
455.9167,-3.6772E+002
455.9583,-3.6626E+002
456.0000,-3.6468E+002
456.0417,-3.6291E+002
456.0833,-3.6100E+002
456.1250,-3.5916E+002
456.1667,-3.5740E+002
456.2083,-3.5576E+002
456.2500,-3.5397E+002
456.2917,-3.5240E+002
456.3333,-3.5103E+002
456.3750,-3.5020E+002
456.4167,-3.5044E+002
456.4583,-3.5234E+002
456.5000,-3.5565E+002
456.5417,-3.6000E+002
456.5833,-3.6491E+002
456.6250,-3.6830E+002
456.6667,-3.7194E+002
456.7083,-3.7263E+002
456.7500,-3.7370E+002
456.7917,-3.7424E+002
456.8333,-3.7424E+002
456.8750,-3.7346E+002
456.9167,-3.7226E+002
456.9583,-3.7130E+002
457.0000,-3.7062E+002
457.0417,-3.6996E+002
457.0833,-3.6889E+002
457.1250,-3.6751E+002
457.1667,-3.6602E+002
457.2083,-3.6450E+002
457.2500,-3.6264E+002
457.2917,-3.6044E+002
457.3333,-3.5838E+002
457.3750,-3.5639E+002
457.4167,-3.5413E+002
457.4583,-3.5322E+002
457.5000,-3.5331E+002
457.5417,-3.5417E+002
457.5833,-3.5528E+002
457.6250,-3.5655E+002
457.6667,-3.5746E+002
457.7083,-3.5766E+002
457.7500,-3.5693E+002
457.7917,-3.5594E+002
457.8333,-3.5520E+002
457.8750,-3.5381E+002
457.9167,-3.4991E+002
457.9583,-3.4697E+002
458.0000,-3.4404E+002
458.0417,-3.4206E+002
458.0833,-3.4083E+002
458.1250,-3.3953E+002
458.1667,-3.3827E+002
458.2083,-3.3692E+002
458.2500,-3.3589E+002
458.2917,-3.3505E+002
458.3333,-3.3423E+002
458.3750,-3.3405E+002
458.4167,-3.3404E+002
458.4583,-3.3439E+002
458.5000,-3.3490E+002
458.5417,-3.3747E+002
458.5833,-3.3876E+002
458.6250,-3.4059E+002
458.6667,-3.4228E+002
458.7083,-3.4300E+002
458.7500,-3.4297E+002
458.7917,-3.4286E+002
458.8333,-3.4289E+002
458.8750,-3.4225E+002
458.9167,-3.4125E+002
458.9583,-3.4002E+002
459.0000,-3.3865E+002
459.0417,-3.3743E+002
459.0833,-3.3578E+002
459.1250,-3.3389E+002
459.1667,-3.3220E+002
459.2083,-3.3048E+002
459.2500,-3.2886E+002
459.2917,-3.2721E+002
459.3333,-3.2629E+002
459.3750,-3.2554E+002
459.4167,-3.2544E+002
459.4583,-3.2696E+002
459.5000,-3.2843E+002
459.5417,-3.3271E+002
459.5833,-3.3547E+002
459.6250,-3.3862E+002
459.6667,-3.4121E+002
459.7083,-3.4293E+002
459.7500,-3.4365E+002
459.7917,-3.4405E+002
459.8333,-3.4407E+002
459.8750,-3.4348E+002
459.9167,-3.4253E+002
459.9583,-3.4142E+002
460.0000,-3.4010E+002
460.0417,-3.3862E+002
460.0833,-3.3694E+002
460.1250,-3.3547E+002
460.1667,-3.3370E+002
460.2083,-3.3209E+002
460.2500,-3.3078E+002
460.2917,-3.2983E+002
460.3333,-3.2937E+002
460.3750,-3.2966E+002
460.4167,-3.3033E+002
460.4583,-3.3122E+002
460.5000,-3.3177E+002
460.5417,-3.3226E+002
460.5833,-3.3268E+002
460.6250,-3.3326E+002
460.6667,-3.3356E+002
460.7083,-3.3133E+002
460.7500,-3.2674E+002
460.7917,-3.2958E+002
460.8333,-3.2951E+002
460.8750,-3.2881E+002
460.9167,-3.2768E+002
460.9583,-3.2683E+002
461.0000,-3.2558E+002
461.0417,-3.2431E+002
461.0833,-3.2317E+002
461.1250,-3.1925E+002
461.1667,-3.2037E+002
461.2083,-3.1912E+002
461.2500,-3.1791E+002
461.2917,-3.1674E+002
461.3333,-3.1624E+002
461.3750,-3.1565E+002
461.4167,-3.1600E+002
461.4583,-3.1710E+002
461.5000,-3.1860E+002
461.5417,-3.2069E+002
461.5833,-3.2278E+002
461.6250,-3.2572E+002
461.6667,-3.2764E+002
461.7083,-3.2821E+002
461.7500,-3.2757E+002
461.7917,-3.2734E+002
461.8333,-3.2689E+002
461.8750,-3.2602E+002
461.9167,-3.2510E+002
461.9583,-3.2422E+002
462.0000,-3.2335E+002
462.0417,-3.2249E+002
462.0833,-3.2182E+002
462.1250,-3.2098E+002
462.1667,-3.2042E+002
462.2083,-3.1973E+002
462.2500,-3.1910E+002
462.2917,-3.1827E+002
462.3333,-3.1622E+002
462.3750,-3.1739E+002
462.4167,-3.1776E+002
462.4583,-3.1841E+002
462.5000,-3.1974E+002
462.5417,-3.2099E+002
462.5833,-3.2209E+002
462.6250,-3.2299E+002
462.6667,-3.2291E+002
462.7083,-3.2316E+002
462.7500,-3.2362E+002
462.7917,-3.2401E+002
462.8333,-3.2403E+002
462.8750,-3.2382E+002
462.9167,-3.2353E+002
462.9583,-3.2315E+002
463.0000,-3.2262E+002
463.0417,-3.2180E+002
463.0833,-3.2100E+002
463.1250,-3.2013E+002
463.1667,-3.1939E+002
463.2083,-3.1869E+002
463.2500,-3.1781E+002
463.2917,-3.1673E+002
463.3333,-3.1613E+002
463.3750,-3.1599E+002
463.4167,-3.1638E+002
463.4583,-3.1763E+002
463.5000,-3.1895E+002
463.5417,-3.2164E+002
463.5833,-3.2378E+002
463.6250,-3.2668E+002
463.6667,-3.2875E+002
463.7083,-3.3033E+002
463.7500,-3.3089E+002
463.7917,-3.3122E+002
463.8333,-3.3098E+002
463.8750,-3.3026E+002
463.9167,-3.2928E+002
463.9583,-3.2769E+002
464.0000,-3.2678E+002
464.0417,-3.2566E+002
464.0833,-3.2422E+002
464.1250,-3.2314E+002
464.1667,-3.2185E+002
464.2083,-3.2064E+002
464.2500,-3.1949E+002
464.2917,-3.1849E+002
464.3333,-3.1761E+002
464.3750,-3.1764E+002
464.4167,-3.1847E+002
464.4583,-3.2091E+002
464.5000,-3.2403E+002
464.5417,-3.2777E+002
464.5833,-3.3187E+002
464.6250,-3.3579E+002
464.6667,-3.3943E+002
464.7083,-3.4231E+002
464.7500,-3.4408E+002
464.7917,-3.4544E+002
464.8333,-3.4525E+002
464.8750,-3.4550E+002
464.9167,-3.4548E+002
464.9583,-3.4529E+002
465.0000,-3.4493E+002
465.0417,-3.4417E+002
465.0833,-3.4389E+002
465.1250,-3.4347E+002
465.1667,-3.4349E+002
465.2083,-3.4416E+002
465.2500,-3.4469E+002
465.2917,-3.4488E+002
465.3333,-3.4487E+002
465.3750,-3.4477E+002
465.4167,-3.4479E+002
465.4583,-3.4508E+002
465.5000,-3.4622E+002
465.5417,-3.4705E+002
465.5833,-3.4864E+002
465.6250,-3.5044E+002
465.6667,-3.5193E+002
465.7083,-3.5345E+002
465.7500,-3.5452E+002
465.7917,-3.5520E+002
465.8333,-3.5553E+002
465.8750,-3.5552E+002
465.9167,-3.5534E+002
465.9583,-3.5497E+002
466.0000,-3.5455E+002
466.0417,-3.5411E+002
466.0833,-3.5335E+002
466.1250,-3.5276E+002
466.1667,-3.5217E+002
466.2083,-3.5166E+002
466.2500,-3.5119E+002
466.2917,-3.5065E+002
466.3333,-3.5041E+002
466.3750,-3.5082E+002
466.4167,-3.5226E+002
466.4583,-3.5390E+002
466.5000,-3.5460E+002
466.5417,-3.5505E+002
466.5833,-3.5624E+002
466.6250,-3.5716E+002
466.6667,-3.5804E+002
466.7083,-3.5842E+002
466.7500,-3.5841E+002
466.7917,-3.5797E+002
466.8333,-3.4756E+002
466.8750,-3.4755E+002
466.9167,-3.4855E+002
466.9583,-3.4630E+002
467.0000,-3.4444E+002
467.0417,-3.4299E+002
467.0833,-3.4196E+002
467.1250,-3.4094E+002
467.1667,-3.4016E+002
467.2083,-3.3928E+002
467.2500,-3.3842E+002
467.2917,-3.3700E+002
467.3333,-3.3620E+002
467.3750,-3.3551E+002
467.4167,-3.3705E+002
467.4583,-3.3695E+002
467.5000,-3.3860E+002
467.5417,-3.3972E+002
467.5833,-3.4098E+002
467.6250,-3.4162E+002
467.6667,-3.4225E+002
467.7083,-3.4193E+002
467.7500,-3.4161E+002
467.7917,-3.4093E+002
467.8333,-3.4045E+002
467.8750,-3.3946E+002
467.9167,-3.3821E+002
467.9583,-3.3703E+002
468.0000,-3.3424E+002
468.0417,-3.3053E+002
468.0833,-3.3226E+002
468.1250,-3.3155E+002
468.1667,-3.3025E+002
468.2083,-3.2903E+002
468.2500,-3.2777E+002
468.2917,-3.2649E+002
468.3333,-3.2530E+002
468.3750,-3.2421E+002
468.4167,-3.2384E+002
468.4583,-3.2512E+002
468.5000,-3.2762E+002
468.5417,-3.2995E+002
468.5833,-3.3227E+002
468.6250,-3.3401E+002
468.6667,-3.3537E+002
468.7083,-3.3650E+002
468.7500,-3.3653E+002
468.7917,-3.3629E+002
468.8333,-3.3589E+002
468.8750,-3.3486E+002
468.9167,-3.3336E+002
468.9583,-3.3143E+002
469.0000,-3.2940E+002
469.0417,-3.2757E+002
469.0833,-3.2508E+002
469.1250,-3.2363E+002
469.1667,-3.2204E+002
469.2083,-3.2079E+002
469.2500,-3.1994E+002
469.2917,-3.1820E+002
469.3333,-3.1833E+002
469.3750,-3.1811E+002
469.4167,-3.1888E+002
469.4583,-3.1955E+002
469.5000,-3.2095E+002
469.5417,-3.2544E+002
469.5833,-3.2501E+002
469.6250,-3.2554E+002
469.6667,-3.2729E+002
469.7083,-3.2859E+002
469.7500,-3.2861E+002
469.7917,-3.2908E+002
469.8333,-3.2905E+002
469.8750,-3.2846E+002
469.9167,-3.2756E+002
469.9583,-3.2353E+002
470.0000,-3.2504E+002
470.0417,-3.2320E+002
470.0833,-3.2135E+002
470.1250,-3.1936E+002
470.1667,-3.1768E+002
470.2083,-3.1673E+002
470.2500,-3.1597E+002
470.2917,-3.1498E+002
470.3333,-3.1430E+002
470.3750,-3.1358E+002
470.4167,-3.1398E+002
470.4583,-3.1521E+002
470.5000,-3.1656E+002
470.5417,-3.1804E+002
470.5833,-3.2009E+002
470.6250,-3.2203E+002
470.6667,-3.2393E+002
470.7083,-3.2559E+002
470.7500,-3.2637E+002
470.7917,-3.2675E+002
470.8333,-3.2675E+002
470.8750,-3.2622E+002
470.9167,-3.2542E+002
470.9583,-3.2464E+002
471.0000,-3.2343E+002
471.0417,-3.2206E+002
471.0833,-3.2066E+002
471.1250,-3.1947E+002
471.1667,-3.1842E+002
471.2083,-3.1765E+002
471.2500,-3.1686E+002
471.2917,-3.1611E+002
471.3333,-3.1566E+002
471.3750,-3.1581E+002
471.4167,-3.1709E+002
471.4583,-3.1786E+002
471.5000,-3.1917E+002
471.5417,-3.2074E+002
471.5833,-3.2173E+002
471.6250,-3.2281E+002
471.6667,-3.2401E+002
471.7083,-3.2518E+002
471.7500,-3.2626E+002
471.7917,-3.2658E+002
471.8333,-3.2661E+002
471.8750,-3.2663E+002
471.9167,-3.2655E+002
471.9583,-3.2645E+002
472.0000,-3.2633E+002
472.0417,-3.2611E+002
472.0833,-3.2592E+002
472.1250,-3.2573E+002
472.1667,-3.2533E+002
472.2083,-3.2467E+002
472.2500,-3.2426E+002
472.2917,-3.2284E+002
472.3333,-3.2284E+002
472.3750,-3.2351E+002
472.4167,-3.2510E+002
472.4583,-3.2659E+002
472.5000,-3.2926E+002
472.5417,-3.3210E+002
472.5833,-3.3496E+002
472.6250,-3.3774E+002
472.6667,-3.3980E+002
472.7083,-3.4101E+002
472.7500,-3.4173E+002
472.7917,-3.4167E+002
472.8333,-3.4135E+002
472.8750,-3.4077E+002
472.9167,-3.4030E+002
472.9583,-3.4006E+002
473.0000,-3.3970E+002
473.0417,-3.3930E+002
473.0833,-3.3891E+002
473.1250,-3.3849E+002
473.1667,-3.3799E+002
473.2083,-3.3727E+002
473.2500,-3.3727E+002
473.2917,-3.3622E+002
473.3333,-3.3646E+002
473.3750,-3.3706E+002
473.4167,-3.3759E+002
473.4583,-3.3917E+002
473.5000,-3.4095E+002
473.5417,-3.4266E+002
473.5833,-3.4336E+002
473.6250,-3.4419E+002
473.6667,-3.4516E+002
473.7083,-3.4586E+002
473.7500,-3.4689E+002
473.7917,-3.4745E+002
473.8333,-3.4721E+002
473.8750,-3.4691E+002
473.9167,-3.4628E+002
473.9583,-3.4558E+002
474.0000,-3.4473E+002
474.0417,-3.4389E+002
474.0833,-3.4335E+002
474.1250,-3.4266E+002
474.1667,-3.4203E+002
474.2083,-3.4152E+002
474.2500,-3.4114E+002
474.2917,-3.4067E+002
474.3333,-3.4049E+002
474.3750,-3.4088E+002
474.4167,-3.4215E+002
474.4583,-3.4317E+002
474.5000,-3.4473E+002
474.5417,-3.4610E+002
474.5833,-3.4680E+002
474.6250,-3.4731E+002
474.6667,-3.4787E+002
474.7083,-3.4890E+002
474.7500,-3.4973E+002
474.7917,-3.5055E+002
474.8333,-3.5046E+002
474.8750,-3.5011E+002
474.9167,-3.4961E+002
474.9583,-3.4897E+002
475.0000,-3.4779E+002
475.0417,-3.4727E+002
475.0833,-3.4300E+002
475.1250,-3.4422E+002
475.1667,-3.4079E+002
475.2083,-3.3625E+002
475.2500,-3.3339E+002
475.2917,-3.4006E+002
475.3333,-3.3576E+002
475.3750,-3.3540E+002
475.4167,-3.3898E+002
475.4583,-3.4121E+002
475.5000,-3.4511E+002
475.5417,-3.4940E+002
475.5833,-3.5361E+002
475.6250,-3.5715E+002
475.6667,-3.5968E+002
475.7083,-3.6061E+002
475.7500,-3.6140E+002
475.7917,-3.6125E+002
475.8333,-3.6068E+002
475.8750,-3.5953E+002
475.9167,-3.5794E+002
475.9583,-3.5656E+002
476.0000,-3.5501E+002
476.0417,-3.5281E+002
476.0833,-3.5150E+002
476.1250,-3.4953E+002
476.1667,-3.4753E+002
476.2083,-3.4487E+002
476.2500,-3.4387E+002
476.2917,-3.4237E+002
476.3333,-3.4125E+002
476.3750,-3.4090E+002
476.4167,-3.4143E+002
476.4583,-3.4436E+002
476.5000,-3.4796E+002
476.5417,-3.4993E+002
476.5833,-3.5330E+002
476.6250,-3.5497E+002
476.6667,-3.5817E+002
476.7083,-3.6022E+002
476.7500,-3.6142E+002
476.7917,-3.6235E+002
476.8333,-3.6270E+002
476.8750,-3.6181E+002
476.9167,-3.6139E+002
476.9583,-3.5909E+002
477.0000,-3.5978E+002
477.0417,-3.5675E+002
477.0833,-3.5459E+002
477.1250,-3.5530E+002
477.1667,-3.5625E+002
477.2083,-3.5501E+002
477.2500,-3.5291E+002
477.2917,-3.4886E+002
477.3333,-3.5154E+002
477.3750,-3.5016E+002
477.4167,-3.4907E+002
477.4583,-3.4948E+002
477.5000,-3.5061E+002
477.5417,-3.5219E+002
477.5833,-3.5444E+002
477.6250,-3.5620E+002
477.6667,-3.5779E+002
477.7083,-3.5931E+002
477.7500,-3.5867E+002
477.7917,-3.5838E+002
477.8333,-3.5826E+002
477.8750,-3.5734E+002
477.9167,-3.5516E+002
477.9583,-3.5446E+002
478.0000,-3.4770E+002
478.0417,-3.4359E+002
478.0833,-3.4898E+002
478.1250,-3.4638E+002
478.1667,-3.4519E+002
478.2083,-3.4346E+002
478.2500,-3.4127E+002
478.2917,-3.3862E+002
478.3333,-3.3732E+002
478.3750,-3.3651E+002
478.4167,-3.3657E+002
478.4583,-3.3834E+002
478.5000,-3.4144E+002
478.5417,-3.4509E+002
478.5833,-3.4873E+002
478.6250,-3.5205E+002
478.6667,-3.5448E+002
478.7083,-3.5635E+002
478.7500,-3.5690E+002
478.7917,-3.5729E+002
478.8333,-3.5727E+002
478.8750,-3.5644E+002
478.9167,-3.5403E+002
478.9583,-3.5394E+002
479.0000,-3.4770E+002
479.0417,-3.4992E+002
479.0833,-3.4761E+002
479.1250,-3.4591E+002
479.1667,-3.3806E+002
479.2083,-3.3423E+002
479.2500,-3.3410E+002
479.2917,-3.4002E+002
479.3333,-3.3849E+002
479.3750,-3.3755E+002
479.4167,-3.3793E+002
479.4583,-3.4032E+002
479.5000,-3.4378E+002
479.5417,-3.4780E+002
479.5833,-3.5168E+002
479.6250,-3.5530E+002
479.6667,-3.5818E+002
479.7083,-3.6018E+002
479.7500,-3.6076E+002
479.7917,-3.6045E+002
479.8333,-3.6013E+002
479.8750,-3.5970E+002
479.9167,-3.5892E+002
479.9583,-3.5771E+002
480.0000,-3.5547E+002
480.0417,-3.5400E+002
480.0833,-3.5259E+002
480.1250,-3.5094E+002
480.1667,-3.4936E+002
480.2083,-3.4768E+002
480.2500,-3.4390E+002
480.2917,-3.4380E+002
480.3333,-3.4212E+002
480.3750,-3.4095E+002
480.4167,-3.4063E+002
480.4583,-3.4230E+002
480.5000,-3.4493E+002
480.5417,-3.4778E+002
480.5833,-3.5024E+002
480.6250,-3.5320E+002
480.6667,-3.5559E+002
480.7083,-3.5708E+002
480.7500,-3.5754E+002
480.7917,-3.5778E+002
480.8333,-3.5750E+002
480.8750,-3.5679E+002
480.9167,-3.5611E+002
480.9583,-3.5513E+002
481.0000,-3.5332E+002
481.0417,-3.5233E+002
481.0833,-3.4982E+002
481.1250,-3.4797E+002
481.1667,-3.4266E+002
481.2083,-3.4619E+002
481.2500,-3.4000E+002
481.2917,-3.4148E+002
481.3333,-3.3628E+002
481.3750,-3.3646E+002
481.4167,-3.4115E+002
481.4583,-3.4271E+002
481.5000,-3.4530E+002
481.5417,-3.4838E+002
481.5833,-3.5145E+002
481.6250,-3.5416E+002
481.6667,-3.5624E+002
481.7083,-3.5814E+002
481.7500,-3.5780E+002
481.7917,-3.5797E+002
481.8333,-3.5809E+002
481.8750,-3.5741E+002
481.9167,-3.5618E+002
481.9583,-3.5208E+002
482.0000,-3.5192E+002
482.0417,-3.4207E+002
482.0833,-3.3649E+002
482.1250,-3.3864E+002
482.1667,-3.4531E+002
482.2083,-3.4371E+002
482.2500,-3.4189E+002
482.2917,-3.3749E+002
482.3333,-3.3832E+002
482.3750,-3.3875E+002
482.4167,-3.3903E+002
482.4583,-3.4077E+002
482.5000,-3.4342E+002
482.5417,-3.4692E+002
482.5833,-3.4970E+002
482.6250,-3.5284E+002
482.6667,-3.5488E+002
482.7083,-3.5647E+002
482.7500,-3.5723E+002
482.7917,-3.5763E+002
482.8333,-3.5831E+002
482.8750,-3.5733E+002
482.9167,-3.5629E+002
482.9583,-3.5175E+002
483.0000,-3.5336E+002
483.0417,-3.4903E+002
483.0833,-3.4408E+002
483.1250,-3.4253E+002
483.1667,-3.4512E+002
483.2083,-3.4675E+002
483.2500,-3.4357E+002
483.2917,-3.4115E+002
483.3333,-3.3696E+002
483.3750,-3.3555E+002
483.4167,-3.3875E+002
483.4583,-3.4495E+002
483.5000,-3.4850E+002
483.5417,-3.5270E+002
483.5833,-3.5688E+002
483.6250,-3.6097E+002
483.6667,-3.6342E+002
483.7083,-3.6511E+002
483.7500,-3.6582E+002
483.7917,-3.6605E+002
483.8333,-3.6559E+002
483.8750,-3.6548E+002
483.9167,-3.6508E+002
483.9583,-3.6457E+002
484.0000,-3.6349E+002
484.0417,-3.6356E+002
484.0833,-3.6145E+002
484.1250,-3.6126E+002
484.1667,-3.6185E+002
484.2083,-3.6143E+002
484.2500,-3.5996E+002
484.2917,-3.5593E+002
484.3333,-3.5824E+002
484.3750,-3.5987E+002
484.4167,-3.6005E+002
484.4583,-3.6101E+002
484.5000,-3.6326E+002
484.5417,-3.6611E+002
484.5833,-3.6804E+002
484.6250,-3.6947E+002
484.6667,-3.7123E+002
484.7083,-3.7227E+002
484.7500,-3.7269E+002
484.7917,-3.7276E+002
484.8333,-3.7100E+002
484.8750,-3.7066E+002
484.9167,-3.6918E+002
484.9583,-3.6626E+002
485.0000,-3.6390E+002
485.0417,-3.6348E+002
485.0833,-3.5659E+002
485.1250,-3.5187E+002
485.1667,-3.5761E+002
485.2083,-3.5382E+002
485.2500,-3.5260E+002
485.2917,-3.4993E+002
485.3333,-3.4847E+002
485.3750,-3.4762E+002
485.4167,-3.4771E+002
485.4583,-3.4819E+002
485.5000,-3.4817E+002
485.5417,-3.4819E+002
485.5833,-3.4822E+002
485.6250,-3.4810E+002
485.6667,-3.4801E+002
485.7083,-3.4829E+002
485.7500,-3.4855E+002
485.7917,-3.4866E+002
485.8333,-3.4858E+002
485.8750,-3.4842E+002
485.9167,-3.4783E+002
485.9583,-3.4664E+002
486.0000,-3.4427E+002
486.0417,-3.4453E+002
486.0833,-3.3991E+002
486.1250,-3.3620E+002
486.1667,-3.3340E+002
486.2083,-3.3950E+002
486.2500,-3.3619E+002
486.2917,-3.3125E+002
486.3333,-3.2989E+002
486.3750,-3.3311E+002
486.4167,-3.3909E+002
486.4583,-3.4114E+002
486.5000,-3.4280E+002
486.5417,-3.4510E+002
486.5833,-3.4714E+002
486.6250,-3.4992E+002
486.6667,-3.5141E+002
486.7083,-3.5253E+002
486.7500,-3.5311E+002
486.7917,-3.5369E+002
486.8333,-3.5416E+002
486.8750,-3.5412E+002
486.9167,-3.5386E+002
486.9583,-3.5343E+002
487.0000,-3.5291E+002
487.0417,-3.5227E+002
487.0833,-3.5128E+002
487.1250,-3.5091E+002
487.1667,-3.4867E+002
487.2083,-3.4603E+002
487.2500,-3.4479E+002
487.2917,-3.4528E+002
487.3333,-3.4705E+002
487.3750,-3.4656E+002
487.4167,-3.4704E+002
487.4583,-3.4840E+002
487.5000,-3.4976E+002
487.5417,-3.5119E+002
487.5833,-3.5322E+002
487.6250,-3.5625E+002
487.6667,-3.5735E+002
487.7083,-3.5809E+002
487.7500,-3.5829E+002
487.7917,-3.5875E+002
487.8333,-3.5873E+002
487.8750,-3.5751E+002
487.9167,-3.5715E+002
487.9583,-3.5558E+002
488.0000,-3.5345E+002
488.0417,-3.4678E+002
488.0833,-3.4422E+002
488.1250,-3.4922E+002
488.1667,-3.4179E+002
488.2083,-3.4575E+002
488.2500,-3.3891E+002
488.2917,-3.3357E+002
488.3333,-3.3066E+002
488.3750,-3.3744E+002
488.4167,-3.4134E+002
488.4583,-3.4481E+002
488.5000,-3.4856E+002
488.5417,-3.4814E+002
488.5833,-3.4939E+002
488.6250,-3.5176E+002
488.6667,-3.5341E+002
488.7083,-3.5500E+002
488.7500,-3.5586E+002
488.7917,-3.5652E+002
488.8333,-3.5704E+002
488.8750,-3.5684E+002
488.9167,-3.5587E+002
488.9583,-3.5183E+002
489.0000,-3.5292E+002
489.0417,-3.4833E+002
489.0833,-3.4528E+002
489.1250,-3.4835E+002
489.1667,-3.4229E+002
489.2083,-3.3803E+002
489.2500,-3.4430E+002
489.2917,-3.4128E+002
489.3333,-3.4337E+002
489.3750,-3.4436E+002
489.4167,-3.4543E+002
489.4583,-3.4695E+002
489.5000,-3.4877E+002
489.5417,-3.5097E+002
489.5833,-3.5181E+002
489.6250,-3.5258E+002
489.6667,-3.5324E+002
489.7083,-3.5348E+002
489.7500,-3.5343E+002
489.7917,-3.5325E+002
489.8333,-3.5294E+002
489.8750,-3.5208E+002
489.9167,-3.5152E+002
489.9583,-3.5106E+002
490.0000,-3.5062E+002
490.0417,-3.5024E+002
490.0833,-3.4980E+002
490.1250,-3.4944E+002
490.1667,-3.4924E+002
490.2083,-3.4880E+002
490.2500,-3.4800E+002
490.2917,-3.4608E+002
490.3333,-3.4590E+002
490.3750,-3.4657E+002
490.4167,-3.4692E+002
490.4583,-3.4717E+002
490.5000,-3.4835E+002
490.5417,-3.4988E+002
490.5833,-3.5159E+002
490.6250,-3.5428E+002
490.6667,-3.5691E+002
490.7083,-3.5797E+002
490.7500,-3.5832E+002
490.7917,-3.5730E+002
490.8333,-3.5639E+002
490.8750,-3.5550E+002
490.9167,-3.5422E+002
490.9583,-3.5309E+002
491.0000,-3.5147E+002
491.0417,-3.5118E+002
491.0833,-3.5009E+002
491.1250,-3.4870E+002
491.1667,-3.4485E+002
491.2083,-3.4624E+002
491.2500,-3.4233E+002
491.2917,-3.4013E+002
491.3333,-3.4169E+002
491.3750,-3.4418E+002
491.4167,-3.4442E+002
491.4583,-3.4582E+002
491.5000,-3.4655E+002
491.5417,-3.4721E+002
491.5833,-3.4763E+002
491.6250,-3.4793E+002
491.6667,-3.4828E+002
491.7083,-3.4858E+002
491.7500,-3.4864E+002
491.7917,-3.4841E+002
491.8333,-3.4823E+002
491.8750,-3.4811E+002
491.9167,-3.4797E+002
491.9583,-3.4777E+002
492.0000,-3.4740E+002
492.0417,-3.4707E+002
492.0833,-3.4670E+002
492.1250,-3.4619E+002
492.1667,-3.4496E+002
492.2083,-3.4312E+002
492.2500,-3.4487E+002
492.2917,-3.4278E+002
492.3333,-3.4174E+002
492.3750,-3.4375E+002
492.4167,-3.4428E+002
492.4583,-3.4575E+002
492.5000,-3.4758E+002
492.5417,-3.4926E+002
492.5833,-3.5159E+002
492.6250,-3.5458E+002
492.6667,-3.5688E+002
492.7083,-3.5790E+002
492.7500,-3.5822E+002
492.7917,-3.5810E+002
492.8333,-3.5767E+002
492.8750,-3.5676E+002
492.9167,-3.5527E+002
492.9583,-3.5111E+002
493.0000,-3.4643E+002
493.0417,-3.5090E+002
493.0833,-3.4377E+002
493.1250,-3.4210E+002
493.1667,-3.4544E+002
493.2083,-3.4259E+002
493.2500,-3.4230E+002
493.2917,-3.4068E+002
493.3333,-3.3903E+002
493.3750,-3.3854E+002
493.4167,-3.4067E+002
493.4583,-3.4312E+002
493.5000,-3.4526E+002
493.5417,-3.4840E+002
493.5833,-3.5143E+002
493.6250,-3.5421E+002
493.6667,-3.5718E+002
493.7083,-3.5952E+002
493.7500,-3.6115E+002
493.7917,-3.6195E+002
493.8333,-3.6240E+002
493.8750,-3.6209E+002
493.9167,-3.6137E+002
493.9583,-3.6000E+002
494.0000,-3.5767E+002
494.0417,-3.5706E+002
494.0833,-3.5250E+002
494.1250,-3.4924E+002
494.1667,-3.5284E+002
494.2083,-3.5312E+002
494.2500,-3.5017E+002
494.2917,-3.5241E+002
494.3333,-3.5144E+002
494.3750,-3.5186E+002
494.4167,-3.5449E+002
494.4583,-3.5722E+002
494.5000,-3.6334E+002
494.5417,-3.6992E+002
494.5833,-3.7632E+002
494.6250,-3.8137E+002
494.6667,-3.8612E+002
494.7083,-3.8956E+002
494.7500,-3.9168E+002
494.7917,-3.9330E+002
494.8333,-3.9375E+002
494.8750,-3.9361E+002
494.9167,-3.9247E+002
494.9583,-3.9225E+002
495.0000,-3.8956E+002
495.0417,-3.8893E+002
495.0833,-3.8861E+002
495.1250,-3.8764E+002
495.1667,-3.8309E+002
495.2083,-3.8536E+002
495.2500,-3.8424E+002
495.2917,-3.8328E+002
495.3333,-3.8286E+002
495.3750,-3.8351E+002
495.4167,-3.8404E+002
495.4583,-3.8468E+002
495.5000,-3.8503E+002
495.5417,-3.8554E+002
495.5833,-3.8625E+002
495.6250,-3.8660E+002
495.6667,-3.8666E+002
495.7083,-3.8682E+002
495.7500,-3.8662E+002
495.7917,-3.8606E+002
495.8333,-3.8526E+002
495.8750,-3.8268E+002
495.9167,-3.8370E+002
495.9583,-3.8195E+002
496.0000,-3.7922E+002
496.0417,-3.8170E+002
496.0833,-3.7930E+002
496.1250,-3.8035E+002
496.1667,-3.7701E+002
496.2083,-3.7867E+002
496.2500,-3.7602E+002
496.2917,-3.7656E+002
496.3333,-3.7609E+002
496.3750,-3.7501E+002
496.4167,-3.7675E+002
496.4583,-3.7713E+002
496.5000,-3.7703E+002
496.5417,-3.7805E+002
496.5833,-3.7841E+002
496.6250,-3.7989E+002
496.6667,-3.8130E+002
496.7083,-3.8097E+002
496.7500,-3.8035E+002
496.7917,-3.7964E+002
496.8333,-3.7868E+002
496.8750,-3.7711E+002
496.9167,-3.7786E+002
496.9583,-3.7618E+002
497.0000,-3.7398E+002
497.0417,-3.7525E+002
497.0833,-3.7432E+002
497.1250,-3.7135E+002
497.1667,-3.7362E+002
497.2083,-3.7158E+002
497.2500,-3.6911E+002
497.2917,-3.6907E+002
497.3333,-3.7139E+002
497.3750,-3.7039E+002
497.4167,-3.7107E+002
497.4583,-3.7200E+002
497.5000,-3.7684E+002
497.5417,-3.8130E+002
497.5833,-3.7818E+002
497.6250,-3.7955E+002
497.6667,-3.8185E+002
497.7083,-3.8290E+002
497.7500,-3.8279E+002
497.7917,-3.8290E+002
497.8333,-3.8219E+002
497.8750,-3.8090E+002
497.9167,-3.7725E+002
497.9583,-3.7641E+002
498.0000,-3.6976E+002
498.0417,-3.7412E+002
498.0833,-3.6786E+002
498.1250,-3.6261E+002
498.1667,-3.6917E+002
498.2083,-3.6135E+002
498.2500,-3.6078E+002
498.2917,-3.6303E+002
498.3333,-3.5725E+002
498.3750,-3.6103E+002
498.4167,-3.6356E+002
498.4583,-3.6890E+002
498.5000,-3.6849E+002
498.5417,-3.6822E+002
498.5833,-3.7068E+002
498.6250,-3.7207E+002
498.6667,-3.7431E+002
498.7083,-3.7601E+002
498.7500,-3.7699E+002
498.7917,-3.7668E+002
498.8333,-3.7665E+002
498.8750,-3.7612E+002
498.9167,-3.7464E+002
498.9583,-3.6939E+002
499.0000,-3.7041E+002
499.0417,-3.6601E+002
499.0833,-3.6074E+002
499.1250,-3.5653E+002
499.1667,-3.6508E+002
499.2083,-3.5833E+002
499.2500,-3.5303E+002
499.2917,-3.4979E+002
499.3333,-3.4805E+002
499.3750,-3.4803E+002
499.4167,-3.5937E+002
499.4583,-3.6278E+002
499.5000,-3.6508E+002
499.5417,-3.6775E+002
499.5833,-3.7000E+002
499.6250,-3.7086E+002
499.6667,-3.7259E+002
499.7083,-3.7241E+002
499.7500,-3.7269E+002
499.7917,-3.7215E+002
499.8333,-3.7205E+002
499.8750,-3.7096E+002
499.9167,-3.6939E+002
499.9583,-3.6765E+002
500.0000,-3.6713E+002
500.0417,-3.6258E+002
500.0833,-3.6130E+002
500.1250,-3.6411E+002
500.1667,-3.5880E+002
500.2083,-3.5620E+002
500.2500,-3.6088E+002
500.2917,-3.6117E+002
500.3333,-3.6143E+002
500.3750,-3.6122E+002
500.4167,-3.6148E+002
500.4583,-3.6286E+002
500.5000,-3.6405E+002
500.5417,-3.6594E+002
500.5833,-3.6719E+002
500.6250,-3.6785E+002
500.6667,-3.6842E+002
500.7083,-3.6900E+002
500.7500,-3.6919E+002
500.7917,-3.6938E+002
500.8333,-3.6925E+002
500.8750,-3.6845E+002
500.9167,-3.6758E+002
500.9583,-3.6650E+002
501.0000,-3.6548E+002
501.0417,-3.6149E+002
501.0833,-3.5866E+002
501.1250,-3.6260E+002
501.1667,-3.6067E+002
501.2083,-3.6008E+002
501.2500,-3.6066E+002
501.2917,-3.5977E+002
501.3333,-3.6050E+002
501.3750,-3.6111E+002
501.4167,-3.6176E+002
501.4583,-3.6406E+002
501.5000,-3.6597E+002
501.5417,-3.6787E+002
501.5833,-3.7051E+002
501.6250,-3.7242E+002
501.6667,-3.7524E+002
501.7083,-3.7677E+002
501.7500,-3.7743E+002
501.7917,-3.7712E+002
501.8333,-3.7633E+002
501.8750,-3.7496E+002
501.9167,-3.7385E+002
501.9583,-3.7273E+002
502.0000,-3.7140E+002
502.0417,-3.7065E+002
502.0833,-3.6993E+002
502.1250,-3.6884E+002
502.1667,-3.6805E+002
502.2083,-3.6723E+002
502.2500,-3.6645E+002
502.2917,-3.6554E+002
502.3333,-3.6462E+002
502.3750,-3.6413E+002
502.4167,-3.6407E+002
502.4583,-3.6450E+002
502.5000,-3.6605E+002
502.5417,-3.6709E+002
502.5833,-3.6709E+002
502.6250,-3.6926E+002
502.6667,-3.7153E+002
502.7083,-3.7333E+002
502.7500,-3.7383E+002
502.7917,-3.7369E+002
502.8333,-3.7316E+002
502.8750,-3.7179E+002
502.9167,-3.7063E+002
502.9583,-3.6903E+002
503.0000,-3.6551E+002
503.0417,-3.6374E+002
503.0833,-3.6726E+002
503.1250,-3.6423E+002
503.1667,-3.6494E+002
503.2083,-3.6441E+002
503.2500,-3.6326E+002
503.2917,-3.6324E+002
503.3333,-3.6201E+002
503.3750,-3.6362E+002
503.4167,-3.6414E+002
503.4583,-3.6562E+002
503.5000,-3.6806E+002
503.5417,-3.7073E+002
503.5833,-3.7247E+002
503.6250,-3.7587E+002
503.6667,-3.7860E+002
503.7083,-3.7876E+002
503.7500,-3.7924E+002
503.7917,-3.7830E+002
503.8333,-3.7716E+002
503.8750,-3.7567E+002
503.9167,-3.7414E+002
503.9583,-3.6980E+002
504.0000,-3.7112E+002
504.0417,-3.6952E+002
504.0833,-3.6805E+002
504.1250,-3.6638E+002
504.1667,-3.6136E+002
504.2083,-3.6181E+002
504.2500,-3.5949E+002
504.2917,-3.5536E+002
504.3333,-3.5463E+002
504.3750,-3.5774E+002
504.4167,-3.6146E+002
504.4583,-3.6398E+002
504.5000,-3.6674E+002
504.5417,-3.6988E+002
504.5833,-3.7244E+002
504.6250,-3.7400E+002
504.6667,-3.7517E+002
504.7083,-3.7588E+002
504.7500,-3.7673E+002
504.7917,-3.7531E+002
504.8333,-3.7500E+002
504.8750,-3.7447E+002
504.9167,-3.7312E+002
504.9583,-3.7148E+002
505.0000,-3.6599E+002
505.0417,-3.6730E+002
505.0833,-3.6065E+002
505.1250,-3.6038E+002
505.1667,-3.6367E+002
505.2083,-3.5810E+002
505.2500,-3.5768E+002
505.2917,-3.6011E+002
505.3333,-3.5880E+002
505.3750,-3.6102E+002
505.4167,-3.6241E+002
505.4583,-3.6370E+002
505.5000,-3.6567E+002
505.5417,-3.6702E+002
505.5833,-3.6902E+002
505.6250,-3.7094E+002
505.6667,-3.7308E+002
505.7083,-3.7464E+002
505.7500,-3.7512E+002
505.7917,-3.7549E+002
505.8333,-3.7575E+002
505.8750,-3.7537E+002
505.9167,-3.7442E+002
505.9583,-3.7355E+002
506.0000,-3.6999E+002
506.0417,-3.7110E+002
506.0833,-3.6595E+002
506.1250,-3.6182E+002
506.1667,-3.6325E+002
506.2083,-3.6478E+002
506.2500,-3.6021E+002
506.2917,-3.5911E+002
506.3333,-3.6318E+002
506.3750,-3.6468E+002
506.4167,-3.6512E+002
506.4583,-3.6581E+002
506.5000,-3.6755E+002
506.5417,-3.6948E+002
506.5833,-3.7125E+002
506.6250,-3.7200E+002
506.6667,-3.7241E+002
506.7083,-3.7303E+002
506.7500,-3.7299E+002
506.7917,-3.7238E+002
506.8333,-3.7148E+002
506.8750,-3.7080E+002
506.9167,-3.6940E+002
506.9583,-3.6919E+002
507.0000,-3.6855E+002
507.0417,-3.6791E+002
507.0833,-3.6685E+002
507.1250,-3.6567E+002
507.1667,-3.6462E+002
507.2083,-3.6312E+002
507.2500,-3.6164E+002
507.2917,-3.6043E+002
507.3333,-3.5943E+002
507.3750,-3.5873E+002
507.4167,-3.5892E+002
507.4583,-3.6011E+002
507.5000,-3.6109E+002
507.5417,-3.6306E+002
507.5833,-3.6484E+002
507.6250,-3.6736E+002
507.6667,-3.6938E+002
507.7083,-3.7080E+002
507.7500,-3.7179E+002
507.7917,-3.7172E+002
507.8333,-3.7160E+002
507.8750,-3.7114E+002
507.9167,-3.7017E+002
507.9583,-3.6912E+002
508.0000,-3.6755E+002
508.0417,-3.6620E+002
508.0833,-3.6379E+002
508.1250,-3.6322E+002
508.1667,-3.6198E+002
508.2083,-3.5849E+002
508.2500,-3.6114E+002
508.2917,-3.5760E+002
508.3333,-3.5722E+002
508.3750,-3.6065E+002
508.4167,-3.6102E+002
508.4583,-3.6208E+002
508.5000,-3.6370E+002
508.5417,-3.6624E+002
508.5833,-3.6720E+002
508.6250,-3.7028E+002
508.6667,-3.7271E+002
508.7083,-3.7371E+002
508.7500,-3.7392E+002
508.7917,-3.7410E+002
508.8333,-3.7416E+002
508.8750,-3.7335E+002
508.9167,-3.7206E+002
508.9583,-3.6920E+002
509.0000,-3.6900E+002
509.0417,-3.6269E+002
509.0833,-3.6431E+002
509.1250,-3.6085E+002
509.1667,-3.5829E+002
509.2083,-3.5930E+002
509.2500,-3.5256E+002
509.2917,-3.4895E+002
509.3333,-3.5426E+002
509.3750,-3.5644E+002
509.4167,-3.5945E+002
509.4583,-3.6172E+002
509.5000,-3.6531E+002
509.5417,-3.6882E+002
509.5833,-3.7291E+002
509.6250,-3.7460E+002
509.6667,-3.7566E+002
509.7083,-3.7613E+002
509.7500,-3.7613E+002
509.7917,-3.7637E+002
509.8333,-3.7624E+002
509.8750,-3.7551E+002
509.9167,-3.7213E+002
509.9583,-3.6741E+002
510.0000,-3.7006E+002
510.0417,-3.6910E+002
510.0833,-3.6632E+002
510.1250,-3.6366E+002
510.1667,-3.6155E+002
510.2083,-3.5924E+002
510.2500,-3.5706E+002
510.2917,-3.5530E+002
510.3333,-3.5362E+002
510.3750,-3.5238E+002
510.4167,-3.5146E+002
510.4583,-3.5130E+002
510.5000,-3.5196E+002
510.5417,-3.5285E+002
510.5833,-3.5543E+002
510.6250,-3.5953E+002
510.6667,-3.6226E+002
510.7083,-3.6421E+002
510.7500,-3.6499E+002
510.7917,-3.6494E+002
510.8333,-3.6496E+002
510.8750,-3.6458E+002
510.9167,-3.6390E+002
510.9583,-3.6321E+002
511.0000,-3.6142E+002
511.0417,-3.5887E+002
511.0833,-3.6097E+002
511.1250,-3.5993E+002
511.1667,-3.5896E+002
511.2083,-3.5823E+002
511.2500,-3.5747E+002
511.2917,-3.5675E+002
511.3333,-3.5710E+002
511.3750,-3.5718E+002
511.4167,-3.5751E+002
511.4583,-3.5781E+002
511.5000,-3.5816E+002
511.5417,-3.5847E+002
511.5833,-3.5907E+002
511.6250,-3.5972E+002
511.6667,-3.6064E+002
511.7083,-3.6261E+002
511.7500,-3.6294E+002
511.7917,-3.6494E+002
511.8333,-3.6462E+002
511.8750,-3.6349E+002
511.9167,-3.6094E+002
511.9583,-3.6195E+002
512.0000,-3.5828E+002
512.0417,-3.5995E+002
512.0833,-3.5667E+002
512.1250,-3.5671E+002
512.1667,-3.5725E+002
512.2083,-3.5523E+002
512.2500,-3.5543E+002
512.2917,-3.5642E+002
512.3333,-3.5624E+002
512.3750,-3.5712E+002
512.4167,-3.5843E+002
512.4583,-3.6010E+002
512.5000,-3.6201E+002
512.5417,-3.6442E+002
512.5833,-3.6726E+002
512.6250,-3.7019E+002
512.6667,-3.7238E+002
512.7083,-3.7426E+002
512.7500,-3.7493E+002
512.7917,-3.7574E+002
512.8333,-3.7571E+002
512.8750,-3.7505E+002
512.9167,-3.7388E+002
512.9583,-3.7353E+002
513.0000,-3.7076E+002
513.0417,-3.7180E+002
513.0833,-3.7020E+002
513.1250,-3.6718E+002
513.1667,-3.6244E+002
513.2083,-3.6697E+002
513.2500,-3.6398E+002
513.2917,-3.6353E+002
513.3333,-3.6260E+002
513.3750,-3.6394E+002
513.4167,-3.6456E+002
513.4583,-3.6578E+002
513.5000,-3.6755E+002
513.5417,-3.7064E+002
513.5833,-3.7258E+002
513.6250,-3.7444E+002
513.6667,-3.7642E+002
513.7083,-3.7809E+002
513.7500,-3.7933E+002
513.7917,-3.8020E+002
513.8333,-3.8001E+002
513.8750,-3.7946E+002
513.9167,-3.7843E+002
513.9583,-3.7621E+002
514.0000,-3.7211E+002
514.0417,-3.7518E+002
514.0833,-3.7115E+002
514.1250,-3.6754E+002
514.1667,-3.7031E+002
514.2083,-3.6815E+002
514.2500,-3.6108E+002
514.2917,-3.6710E+002
514.3333,-3.6328E+002
514.3750,-3.6138E+002
514.4167,-3.6549E+002
514.4583,-3.6932E+002
514.5000,-3.7260E+002
514.5417,-3.7614E+002
514.5833,-3.7866E+002
514.6250,-3.8099E+002
514.6667,-3.8249E+002
514.7083,-3.8383E+002
514.7500,-3.8428E+002
514.7917,-3.8409E+002
514.8333,-3.8331E+002
514.8750,-3.8236E+002
514.9167,-3.8081E+002
514.9583,-3.7769E+002
515.0000,-3.7738E+002
515.0417,-3.6979E+002
515.0833,-3.7084E+002
515.1250,-3.7137E+002
515.1667,-3.6975E+002
515.2083,-3.6793E+002
515.2500,-3.6589E+002
515.2917,-3.6263E+002
515.3333,-3.6292E+002
515.3750,-3.6262E+002
515.4167,-3.6373E+002
515.4583,-3.6608E+002
515.5000,-3.6942E+002
515.5417,-3.7351E+002
515.5833,-3.7665E+002
515.6250,-3.8105E+002
515.6667,-3.8339E+002
515.7083,-3.8619E+002
515.7500,-3.8698E+002
515.7917,-3.8684E+002
515.8333,-3.8696E+002
515.8750,-3.8633E+002
515.9167,-3.8503E+002
515.9583,-3.8313E+002
516.0000,-3.8096E+002
516.0417,-3.7834E+002
516.0833,-3.7567E+002
516.1250,-3.7324E+002
516.1667,-3.7088E+002
516.2083,-3.6846E+002
516.2500,-3.6592E+002
516.2917,-3.6352E+002
516.3333,-3.6175E+002
516.3750,-3.6114E+002
516.4167,-3.6224E+002
516.4583,-3.6496E+002
516.5000,-3.6820E+002
516.5417,-3.7204E+002
516.5833,-3.7558E+002
516.6250,-3.7907E+002
516.6667,-3.8204E+002
516.7083,-3.8420E+002
516.7500,-3.8549E+002
516.7917,-3.8618E+002
516.8333,-3.8620E+002
516.8750,-3.8564E+002
516.9167,-3.8378E+002
516.9583,-3.8233E+002
517.0000,-3.7994E+002
517.0417,-3.7748E+002
517.0833,-3.7558E+002
517.1250,-3.7354E+002
517.1667,-3.7146E+002
517.2083,-3.6775E+002
517.2500,-3.6744E+002
517.2917,-3.6641E+002
517.3333,-3.6476E+002
517.3750,-3.6423E+002
517.4167,-3.6539E+002
517.4583,-3.6830E+002
517.5000,-3.7184E+002
517.5417,-3.7627E+002
517.5833,-3.7985E+002
517.6250,-3.8360E+002
517.6667,-3.8704E+002
517.7083,-3.8967E+002
517.7500,-3.9111E+002
517.7917,-3.9172E+002
517.8333,-3.9207E+002
517.8750,-3.9153E+002
517.9167,-3.8933E+002
517.9583,-3.8766E+002
518.0000,-3.8531E+002
518.0417,-3.8346E+002
518.0833,-3.8155E+002
518.1250,-3.7965E+002
518.1667,-3.7780E+002
518.2083,-3.7090E+002
518.2500,-3.6389E+002
518.2917,-3.6071E+002
518.3333,-3.6129E+002
518.3750,-3.7139E+002
518.4167,-3.7438E+002
518.4583,-3.8123E+002
518.5000,-3.8552E+002
518.5417,-3.8352E+002
518.5833,-3.8633E+002
518.6250,-3.9035E+002
518.6667,-3.9393E+002
518.7083,-3.9687E+002
518.7500,-4.0059E+002
518.7917,-4.0082E+002
518.8333,-4.0112E+002
518.8750,-4.0076E+002
518.9167,-4.0015E+002
518.9583,-3.9829E+002
519.0000,-3.9874E+002
519.0417,-3.9792E+002
519.0833,-3.9675E+002
519.1250,-3.9515E+002
519.1667,-3.9235E+002
519.2083,-3.9187E+002
519.2500,-3.8985E+002
519.2917,-3.8891E+002
519.3333,-3.9093E+002
519.3750,-3.9389E+002
519.4167,-3.9900E+002
519.4583,-4.0436E+002
519.5000,-4.0967E+002
519.5417,-4.0429E+002
519.5833,-4.0689E+002
519.6250,-4.1056E+002
519.6667,-4.1301E+002
519.7083,-4.1286E+002
519.7500,-4.1468E+002
519.7917,-4.1513E+002
519.8333,-4.1383E+002
519.8750,-4.1212E+002
519.9167,-4.0741E+002
519.9583,-4.0755E+002
520.0000,-4.0974E+002
520.0417,-4.0753E+002
520.0833,-4.0243E+002
520.1250,-4.0393E+002
520.1667,-3.9711E+002
520.2083,-3.9271E+002
520.2500,-3.9725E+002
520.2917,-3.9781E+002
520.3333,-3.9830E+002
520.3750,-3.9772E+002
520.4167,-4.0098E+002
520.4583,-4.0659E+002
520.5000,-4.1233E+002
520.5417,-4.0910E+002
520.5833,-4.1217E+002
520.6250,-4.1505E+002
520.6667,-4.1812E+002
520.7083,-4.2071E+002
520.7500,-4.2169E+002
520.7917,-4.2234E+002
520.8333,-4.2204E+002
520.8750,-4.2069E+002
520.9167,-4.1913E+002
520.9583,-4.1675E+002
521.0000,-4.1276E+002
521.0417,-4.1225E+002
521.0833,-4.0544E+002
521.1250,-4.1025E+002
521.1667,-4.0436E+002
521.2083,-3.9877E+002
521.2500,-4.0061E+002
521.2917,-4.0101E+002
521.3333,-3.9882E+002
521.3750,-3.9915E+002
521.4167,-4.0090E+002
521.4583,-4.0234E+002
521.5000,-4.0586E+002
521.5417,-4.1055E+002
521.5833,-4.0848E+002
521.6250,-4.1034E+002
521.6667,-4.1230E+002
521.7083,-4.1534E+002
521.7500,-4.1738E+002
521.7917,-4.1650E+002
521.8333,-4.1238E+002
521.8750,-4.0738E+002
521.9167,-4.0514E+002
521.9583,-4.0358E+002
522.0000,-4.0850E+002
522.0417,-4.0872E+002
522.0833,-4.0460E+002
522.1250,-4.0461E+002
522.1667,-4.0334E+002
522.2083,-3.9932E+002
522.2500,-4.0311E+002
522.2917,-3.9811E+002
522.3333,-3.9514E+002
522.3750,-3.9430E+002
522.4167,-3.9937E+002
522.4583,-3.9886E+002
522.5000,-3.9854E+002
522.5417,-3.9974E+002
522.5833,-4.0065E+002
522.6250,-4.0212E+002
522.6667,-4.0313E+002
522.7083,-4.0374E+002
522.7500,-4.0332E+002
522.7917,-4.0232E+002
522.8333,-4.0151E+002
522.8750,-4.0072E+002
522.9167,-3.9982E+002
522.9583,-3.9887E+002
523.0000,-3.9730E+002
523.0417,-3.9313E+002
523.0833,-3.9598E+002
523.1250,-3.9295E+002
523.1667,-3.9187E+002
523.2083,-3.9328E+002
523.2500,-3.9249E+002
523.2917,-3.9209E+002
523.3333,-3.9166E+002
523.3750,-3.9142E+002
523.4167,-3.9116E+002
523.4583,-3.9116E+002
523.5000,-3.9144E+002
523.5417,-3.9210E+002
523.5833,-3.9288E+002
523.6250,-3.9362E+002
523.6667,-3.9446E+002
523.7083,-3.9489E+002
523.7500,-3.9523E+002
523.7917,-3.9509E+002
523.8333,-3.9526E+002
523.8750,-3.9505E+002
523.9167,-3.9483E+002
523.9583,-3.9442E+002
524.0000,-3.9399E+002
524.0417,-3.9210E+002
524.0833,-3.9202E+002
524.1250,-3.9257E+002
524.1667,-3.9205E+002
524.2083,-3.9101E+002
524.2500,-3.9028E+002
524.2917,-3.9026E+002
524.3333,-3.9069E+002
524.3750,-3.9238E+002
524.4167,-3.9268E+002
524.4583,-3.9481E+002
524.5000,-3.9767E+002
524.5417,-4.0089E+002
524.5833,-4.0364E+002
524.6250,-4.0641E+002
524.6667,-4.0935E+002
524.7083,-4.1115E+002
524.7500,-4.1074E+002
524.7917,-4.1069E+002
524.8333,-4.1035E+002
524.8750,-4.0772E+002
524.9167,-4.0925E+002
524.9583,-4.0538E+002
525.0000,-4.0196E+002
525.0417,-3.9916E+002
525.0833,-4.0482E+002
525.1250,-4.0028E+002
525.1667,-4.0211E+002
525.2083,-3.9771E+002
525.2500,-3.9340E+002
525.2917,-3.9767E+002
525.3333,-3.9773E+002
525.3750,-3.9810E+002
525.4167,-4.0077E+002
525.4583,-4.0568E+002
525.5000,-4.0783E+002
525.5417,-4.1547E+002
525.5833,-4.2052E+002
525.6250,-4.1321E+002
525.6667,-4.1614E+002
525.7083,-4.1843E+002
525.7500,-4.1942E+002
525.7917,-4.2011E+002
525.8333,-4.1962E+002
525.8750,-4.1824E+002
525.9167,-4.1445E+002
525.9583,-4.1490E+002
526.0000,-4.0836E+002
526.0417,-4.0235E+002
526.0833,-4.0587E+002
526.1250,-4.0500E+002
526.1667,-3.9809E+002
526.2083,-3.9886E+002
526.2500,-4.0103E+002
526.2917,-3.9463E+002
526.3333,-3.9386E+002
526.3750,-4.0073E+002
526.4167,-4.0319E+002
526.4583,-4.0837E+002
526.5000,-4.1343E+002
526.5417,-4.0686E+002
526.5833,-4.0910E+002
526.6250,-4.1087E+002
526.6667,-4.1488E+002
526.7083,-4.1723E+002
526.7500,-4.1955E+002
526.7917,-4.1951E+002
526.8333,-4.1899E+002
526.8750,-4.1692E+002
526.9167,-4.1403E+002
526.9583,-4.0687E+002
527.0000,-4.1109E+002
527.0417,-4.0462E+002
527.0833,-3.9713E+002
527.1250,-3.9355E+002
527.1667,-4.0415E+002
527.2083,-3.9510E+002
527.2500,-3.8851E+002
527.2917,-3.9150E+002
527.3333,-3.9660E+002
527.3750,-3.9383E+002
527.4167,-3.9738E+002
527.4583,-4.0124E+002
527.5000,-4.0470E+002
527.5417,-4.0834E+002
527.5833,-4.1230E+002
527.6250,-4.1448E+002
527.6667,-4.1898E+002
527.7083,-4.1833E+002
527.7500,-4.1847E+002
527.7917,-4.1907E+002
527.8333,-4.1884E+002
527.8750,-4.1768E+002
527.9167,-4.1626E+002
527.9583,-4.1410E+002
528.0000,-4.1197E+002
528.0417,-4.1036E+002
528.0833,-4.0826E+002
528.1250,-4.0593E+002
528.1667,-4.0128E+002
528.2083,-3.9656E+002
528.2500,-4.0030E+002
528.2917,-4.0001E+002
528.3333,-3.9916E+002
528.3750,-3.9901E+002
528.4167,-4.0039E+002
528.4583,-4.0334E+002
528.5000,-4.0646E+002
528.5417,-4.1025E+002
528.5833,-4.1417E+002
528.6250,-4.1666E+002
528.6667,-4.1905E+002
528.7083,-4.1994E+002
528.7500,-4.1976E+002
528.7917,-4.1960E+002
528.8333,-4.1897E+002
528.8750,-4.1810E+002
528.9167,-4.1650E+002
528.9583,-4.1436E+002
529.0000,-4.0567E+002
529.0417,-3.9965E+002
529.0833,-4.0803E+002
529.1250,-3.9810E+002
529.1667,-3.9120E+002
529.2083,-4.0046E+002
529.2500,-3.9041E+002
529.2917,-3.8396E+002
529.3333,-3.8964E+002
529.3750,-3.9225E+002
529.4167,-3.9299E+002
529.4583,-3.9470E+002
529.5000,-3.9717E+002
529.5417,-3.9994E+002
529.5833,-4.0193E+002
529.6250,-4.0384E+002
529.6667,-4.0543E+002
529.7083,-4.0682E+002
529.7500,-4.0778E+002
529.7917,-4.0781E+002
529.8333,-4.0663E+002
529.8750,-4.0390E+002
529.9167,-4.0295E+002
529.9583,-3.9567E+002
530.0000,-3.8794E+002
