"",0.300
203.0000,0.0000E+000
203.0069,0.0000E+000
203.0139,0.0000E+000
203.0208,0.0000E+000
203.0278,0.0000E+000
203.0347,0.0000E+000
203.0417,0.0000E+000
203.0486,0.0000E+000
203.0556,0.0000E+000
203.0625,0.0000E+000
203.0694,0.0000E+000
203.0764,0.0000E+000
203.0833,0.0000E+000
203.0903,0.0000E+000
203.0972,0.0000E+000
203.1042,0.0000E+000
203.1111,0.0000E+000
203.1181,0.0000E+000
203.1250,0.0000E+000
203.1319,0.0000E+000
203.1389,0.0000E+000
203.1458,0.0000E+000
203.1528,0.0000E+000
203.1597,0.0000E+000
203.1667,0.0000E+000
203.1736,0.0000E+000
203.1806,0.0000E+000
203.1875,0.0000E+000
203.1944,0.0000E+000
203.2014,0.0000E+000
203.2083,0.0000E+000
203.2153,0.0000E+000
203.2222,0.0000E+000
203.2292,0.0000E+000
203.2361,2.6614E-013
203.2431,1.6257E-002
203.2500,7.8878E-001
203.2569,2.1127E+000
203.2639,3.6226E+000
203.2708,5.1144E+000
203.2778,6.2361E+000
203.2847,8.1745E+000
203.2917,9.3931E+000
203.2986,1.0759E+001
203.3056,1.2138E+001
203.3125,1.3501E+001
203.3194,1.4670E+001
203.3264,1.6530E+001
203.3333,1.8127E+001
203.3403,1.9549E+001
203.3472,2.1192E+001
203.3542,2.2880E+001
203.3611,2.4215E+001
203.3681,2.6355E+001
203.3750,6.7686E+001
203.3819,7.9738E+001
203.3889,3.2199E+001
203.3958,1.4905E+002
203.4028,3.4280E+002
203.4097,3.5244E+002
203.4167,3.6732E+002
203.4236,3.8353E+002
203.4306,3.9709E+002
203.4375,4.0817E+002
203.4444,4.2937E+002
203.4514,4.4199E+002
203.4583,4.5470E+002
203.4653,4.6883E+002
203.4722,4.7483E+002
203.4792,4.6640E+002
203.4861,4.9439E+002
203.4931,4.8712E+002
203.5000,5.1636E+002
203.5069,5.2879E+002
203.5139,5.3964E+002
203.5208,5.4816E+002
203.5278,5.5423E+002
203.5347,5.4682E+002
203.5417,5.6058E+002
203.5486,5.6776E+002
203.5556,5.6605E+002
203.5625,5.6954E+002
203.5694,5.6896E+002
203.5764,5.6410E+002
203.5833,5.6500E+002
203.5903,5.7504E+002
203.5972,5.6686E+002
203.6042,5.4311E+002
203.6111,5.1446E+002
203.6181,5.3943E+002
203.6250,4.6205E+002
203.6319,4.2296E+002
203.6389,4.8325E+002
203.6458,4.9725E+002
203.6528,4.6954E+002
203.6597,4.6246E+002
203.6667,4.5303E+002
203.6736,4.4065E+002
203.6806,2.6380E+002
203.6875,2.9004E+002
203.6944,3.9060E+002
203.7014,3.1351E+002
203.7083,3.5076E+002
203.7153,3.4826E+002
203.7222,3.2271E+002
203.7292,3.2274E+002
203.7361,2.4750E+002
203.7431,2.7251E+002
203.7500,1.0765E+002
203.7569,5.3837E+001
203.7639,6.9067E+001
203.7708,9.0035E+001
203.7778,9.7980E+001
203.7847,9.4273E+001
203.7917,8.7405E+001
203.7986,7.8739E+001
203.8056,7.3921E+001
203.8125,6.5966E+001
203.8194,5.5494E+001
203.8264,5.2974E+001
203.8333,4.6408E+001
203.8403,3.8835E+001
203.8472,3.4369E+001
203.8542,3.1510E+001
203.8611,2.5049E+001
203.8681,1.0216E+001
203.8750,1.6983E+000
203.8819,0.0000E+000
203.8889,0.0000E+000
203.8958,0.0000E+000
203.9028,0.0000E+000
203.9097,0.0000E+000
203.9167,0.0000E+000
203.9236,0.0000E+000
203.9306,0.0000E+000
203.9375,0.0000E+000
203.9444,0.0000E+000
203.9514,0.0000E+000
203.9583,0.0000E+000
203.9653,0.0000E+000
203.9722,0.0000E+000
203.9792,0.0000E+000
203.9861,0.0000E+000
203.9931,0.0000E+000
204.0000,0.0000E+000
204.0069,0.0000E+000
204.0139,0.0000E+000
204.0208,0.0000E+000
204.0278,0.0000E+000
204.0347,0.0000E+000
204.0417,0.0000E+000
204.0486,0.0000E+000
204.0556,0.0000E+000
204.0625,0.0000E+000
204.0694,0.0000E+000
204.0764,0.0000E+000
204.0833,0.0000E+000
204.0903,0.0000E+000
204.0972,0.0000E+000
204.1042,0.0000E+000
204.1111,0.0000E+000
204.1181,0.0000E+000
204.1250,0.0000E+000
204.1319,0.0000E+000
204.1389,0.0000E+000
204.1458,0.0000E+000
204.1528,0.0000E+000
204.1597,0.0000E+000
204.1667,0.0000E+000
204.1736,0.0000E+000
204.1806,0.0000E+000
204.1875,0.0000E+000
204.1944,0.0000E+000
204.2014,0.0000E+000
204.2083,0.0000E+000
204.2153,0.0000E+000
204.2222,0.0000E+000
204.2292,0.0000E+000
204.2361,1.9371E-012
204.2431,1.1833E-001
204.2500,6.5536E-001
204.2569,1.9765E+000
204.2639,3.1331E+000
204.2708,4.2838E+000
204.2778,5.6245E+000
204.2847,7.3382E+000
204.2917,9.1008E+000
204.2986,1.0759E+001
204.3056,1.1868E+001
204.3125,1.3416E+001
204.3194,1.4919E+001
204.3264,1.6272E+001
204.3333,1.7951E+001
204.3403,1.9648E+001
204.3472,2.1682E+001
204.3542,2.3925E+001
204.3611,2.5887E+001
204.3681,2.6353E+001
204.3750,4.8376E+001
204.3819,7.3899E+001
204.3889,3.6391E+001
204.3958,1.4790E+002
204.4028,3.3821E+002
204.4097,3.5132E+002
204.4167,3.6250E+002
204.4236,3.7991E+002
204.4306,3.9269E+002
204.4375,4.0299E+002
204.4444,4.0752E+002
204.4514,4.2635E+002
204.4583,4.3971E+002
204.4653,4.5070E+002
204.4722,4.5564E+002
204.4792,4.6099E+002
204.4861,4.8025E+002
204.4931,4.9691E+002
204.5000,5.1865E+002
204.5069,5.2720E+002
204.5139,5.3533E+002
204.5208,5.4506E+002
204.5278,5.3917E+002
204.5347,5.5690E+002
204.5417,5.5711E+002
204.5486,5.6234E+002
204.5556,5.6555E+002
204.5625,5.4484E+002
204.5694,5.3255E+002
204.5764,5.1829E+002
204.5833,4.8007E+002
204.5903,4.8247E+002
204.5972,5.6428E+002
204.6042,5.9849E+002
204.6111,5.1367E+002
204.6181,2.5118E+002
204.6250,3.5791E+002
204.6319,4.3986E+002
204.6389,4.7601E+002
204.6458,3.4895E+002
204.6528,1.4868E+002
204.6597,4.8518E+002
204.6667,4.7662E+002
204.6736,3.4584E+002
204.6806,3.8653E+002
204.6875,4.3668E+002
204.6944,4.0009E+002
204.7014,3.8592E+002
204.7083,3.8450E+002
204.7153,3.8916E+002
204.7222,3.6585E+002
204.7292,3.3692E+002
204.7361,3.2515E+002
204.7431,2.9834E+002
204.7500,1.0873E+002
204.7569,5.5328E+001
204.7639,4.6094E+001
204.7708,3.5832E+001
204.7778,3.5849E+001
204.7847,3.3094E+001
204.7917,2.5489E+001
204.7986,2.2121E+001
204.8056,2.0095E+001
204.8125,1.4674E+001
204.8194,1.4491E+001
204.8264,1.5956E+001
204.8333,1.6538E+001
204.8403,1.6279E+001
204.8472,1.1197E+001
204.8542,9.1792E+000
204.8611,6.3728E+000
204.8681,2.4833E+000
204.8750,5.4932E-001
204.8819,3.3154E-002
204.8889,5.4276E-013
204.8958,0.0000E+000
204.9028,0.0000E+000
204.9097,0.0000E+000
204.9167,0.0000E+000
204.9236,0.0000E+000
204.9306,0.0000E+000
204.9375,0.0000E+000
204.9444,0.0000E+000
204.9514,0.0000E+000
204.9583,0.0000E+000
204.9653,0.0000E+000
204.9722,0.0000E+000
204.9792,0.0000E+000
204.9861,0.0000E+000
204.9931,0.0000E+000
205.0000,0.0000E+000
205.0069,0.0000E+000
205.0139,0.0000E+000
205.0208,0.0000E+000
205.0278,0.0000E+000
205.0347,0.0000E+000
205.0417,0.0000E+000
205.0486,0.0000E+000
205.0556,0.0000E+000
205.0625,0.0000E+000
205.0694,0.0000E+000
205.0764,0.0000E+000
205.0833,0.0000E+000
205.0903,0.0000E+000
205.0972,0.0000E+000
205.1042,0.0000E+000
205.1111,0.0000E+000
205.1181,0.0000E+000
205.1250,0.0000E+000
205.1319,0.0000E+000
205.1389,0.0000E+000
205.1458,0.0000E+000
205.1528,0.0000E+000
205.1597,0.0000E+000
205.1667,0.0000E+000
205.1736,0.0000E+000
205.1806,0.0000E+000
205.1875,0.0000E+000
205.1944,0.0000E+000
205.2014,0.0000E+000
205.2083,0.0000E+000
205.2153,0.0000E+000
205.2222,0.0000E+000
205.2292,0.0000E+000
205.2361,0.0000E+000
205.2431,0.0000E+000
205.2500,1.6576E-001
205.2569,2.1835E+000
205.2639,7.3136E+000
205.2708,1.3919E+001
205.2778,1.4387E+001
205.2847,1.7366E+001
205.2917,2.6835E+001
205.2986,3.5855E+001
205.3056,4.4240E+001
205.3125,5.6286E+001
205.3194,5.2554E+001
205.3264,5.7087E+001
205.3333,5.9883E+001
205.3403,7.1717E+001
205.3472,7.9320E+001
205.3542,8.5669E+001
205.3611,1.0839E+002
205.3681,1.1249E+002
205.3750,1.0990E+002
205.3819,1.0894E+002
205.3889,1.0859E+002
205.3958,1.4899E+002
205.4028,1.5532E+002
205.4097,1.7225E+002
205.4167,1.7534E+002
205.4236,1.5498E+002
205.4306,1.3915E+002
205.4375,1.5242E+002
205.4444,1.7431E+002
205.4514,1.8999E+002
205.4583,1.6814E+002
205.4653,1.7415E+002
205.4722,1.8256E+002
205.4792,1.3244E+002
205.4861,1.3022E+002
205.4931,1.2287E+002
205.5000,1.1553E+002
205.5069,1.0996E+002
205.5139,1.2407E+002
205.5208,1.6210E+002
205.5278,1.7494E+002
205.5347,1.9371E+002
205.5417,2.2956E+002
205.5486,3.1476E+002
205.5556,4.2941E+002
205.5625,4.8937E+002
205.5694,5.5958E+002
205.5764,5.4906E+002
205.5833,5.4543E+002
205.5903,5.4907E+002
205.5972,5.4709E+002
205.6042,5.4022E+002
205.6111,5.4093E+002
205.6181,5.0872E+002
205.6250,5.2629E+002
205.6319,5.2046E+002
205.6389,4.9871E+002
205.6458,1.6675E+002
205.6528,3.3432E+002
205.6597,3.4057E+002
205.6667,3.9589E+002
205.6736,4.4193E+002
205.6806,1.4809E+002
205.6875,1.3004E+002
205.6944,1.5120E+002
205.7014,2.1514E+002
205.7083,1.6491E+002
205.7153,1.1074E+002
205.7222,1.7917E+002
205.7292,3.9014E+002
205.7361,2.8808E+002
205.7431,2.3663E+002
205.7500,7.9936E+001
205.7569,4.4835E+001
205.7639,5.4983E+001
205.7708,5.3084E+001
205.7778,7.1849E+001
205.7847,5.1062E+001
205.7917,5.2916E+001
205.7986,6.6306E+001
205.8056,4.8869E+001
205.8125,3.7620E+001
205.8194,2.6143E+001
205.8264,3.5708E+001
205.8333,1.0114E+001
205.8403,7.7580E+000
205.8472,7.2192E+000
205.8542,4.8306E+000
205.8611,2.8189E+000
205.8681,1.5976E+000
205.8750,7.3186E-001
205.8819,6.0447E-002
205.8889,9.8956E-013
205.8958,0.0000E+000
205.9028,0.0000E+000
205.9097,0.0000E+000
205.9167,0.0000E+000
205.9236,0.0000E+000
205.9306,0.0000E+000
205.9375,0.0000E+000
205.9444,0.0000E+000
205.9514,0.0000E+000
205.9583,0.0000E+000
205.9653,0.0000E+000
205.9722,0.0000E+000
205.9792,0.0000E+000
205.9861,0.0000E+000
205.9931,0.0000E+000
206.0000,0.0000E+000
206.0069,0.0000E+000
206.0139,0.0000E+000
206.0208,0.0000E+000
206.0278,0.0000E+000
206.0347,0.0000E+000
206.0417,0.0000E+000
206.0486,0.0000E+000
206.0556,0.0000E+000
206.0625,0.0000E+000
206.0694,0.0000E+000
206.0764,0.0000E+000
206.0833,0.0000E+000
206.0903,0.0000E+000
206.0972,0.0000E+000
206.1042,0.0000E+000
206.1111,0.0000E+000
206.1181,0.0000E+000
206.1250,0.0000E+000
206.1319,0.0000E+000
206.1389,0.0000E+000
206.1458,0.0000E+000
206.1528,0.0000E+000
206.1597,0.0000E+000
206.1667,0.0000E+000
206.1736,0.0000E+000
206.1806,0.0000E+000
206.1875,0.0000E+000
206.1944,0.0000E+000
206.2014,0.0000E+000
206.2083,0.0000E+000
206.2153,0.0000E+000
206.2222,0.0000E+000
206.2292,0.0000E+000
206.2361,0.0000E+000
206.2431,0.0000E+000
206.2500,1.0594E-001
206.2569,7.6236E-001
206.2639,2.0732E+000
206.2708,3.3510E+000
206.2778,4.5930E+000
206.2847,1.0972E+001
206.2917,2.5301E+001
206.2986,2.6240E+001
206.3056,3.4507E+001
206.3125,3.6293E+001
206.3194,3.8050E+001
206.3264,4.4420E+001
206.3333,5.6595E+001
206.3403,6.3717E+001
206.3472,7.6187E+001
206.3542,9.4212E+001
206.3611,1.0599E+002
206.3681,1.0711E+002
206.3750,8.8782E+001
206.3819,1.3494E+002
206.3889,1.2128E+002
206.3958,1.2714E+002
206.4028,2.8539E+002
206.4097,2.4872E+002
206.4167,1.8150E+002
206.4236,3.5743E+002
206.4306,2.7973E+002
206.4375,2.3028E+002
206.4444,3.2345E+002
206.4514,2.8161E+002
206.4583,4.0286E+002
206.4653,4.2534E+002
206.4722,1.5780E+002
206.4792,1.7179E+002
206.4861,1.8620E+002
206.4931,9.3460E+001
206.5000,1.2284E+002
206.5069,1.9710E+002
206.5139,2.7804E+002
206.5208,4.8916E+002
206.5278,2.7947E+002
206.5347,3.7952E+002
206.5417,5.6824E+002
206.5486,2.6253E+002
206.5556,2.1773E+002
206.5625,2.2475E+002
206.5694,3.3023E+002
206.5764,4.8615E+002
206.5833,2.6379E+002
206.5903,3.8484E+002
206.5972,6.4905E+002
206.6042,2.7687E+002
206.6111,1.8179E+002
206.6181,1.9047E+002
206.6250,2.5815E+002
206.6319,2.8888E+002
206.6389,2.3836E+002
206.6458,1.4982E+002
206.6528,3.9517E+002
206.6597,1.5676E+002
206.6667,3.8841E+002
206.6736,1.1043E+002
206.6806,1.1967E+002
206.6875,2.5459E+002
206.6944,4.3612E+002
206.7014,2.7921E+002
206.7083,1.1681E+002
206.7153,2.3776E+002
206.7222,1.1407E+002
206.7292,1.1825E+002
206.7361,2.0667E+002
206.7431,2.2568E+002
206.7500,9.4936E+001
206.7569,6.2819E+001
206.7639,5.4441E+001
206.7708,5.0815E+001
206.7778,5.0995E+001
206.7847,5.4964E+001
206.7917,5.5765E+001
206.7986,4.9412E+001
206.8056,4.2315E+001
206.8125,3.0398E+001
206.8194,2.1365E+001
206.8264,1.6573E+001
206.8333,1.4616E+001
206.8403,1.3551E+001
206.8472,1.6505E+001
206.8542,1.5785E+001
206.8611,1.1721E+001
206.8681,3.6125E+000
206.8750,2.1705E-001
206.8819,0.0000E+000
206.8889,0.0000E+000
206.8958,0.0000E+000
206.9028,0.0000E+000
206.9097,0.0000E+000
206.9167,0.0000E+000
206.9236,0.0000E+000
206.9306,0.0000E+000
206.9375,0.0000E+000
206.9444,0.0000E+000
206.9514,0.0000E+000
206.9583,0.0000E+000
206.9653,0.0000E+000
206.9722,0.0000E+000
206.9792,0.0000E+000
206.9861,0.0000E+000
206.9931,0.0000E+000
207.0000,0.0000E+000
207.0069,0.0000E+000
207.0139,0.0000E+000
207.0208,0.0000E+000
207.0278,0.0000E+000
207.0347,0.0000E+000
207.0417,0.0000E+000
207.0486,0.0000E+000
207.0556,0.0000E+000
207.0625,0.0000E+000
207.0694,0.0000E+000
207.0764,0.0000E+000
207.0833,0.0000E+000
207.0903,0.0000E+000
207.0972,0.0000E+000
207.1042,0.0000E+000
207.1111,0.0000E+000
207.1181,0.0000E+000
207.1250,0.0000E+000
207.1319,0.0000E+000
207.1389,0.0000E+000
207.1458,0.0000E+000
207.1528,0.0000E+000
207.1597,0.0000E+000
207.1667,0.0000E+000
207.1736,0.0000E+000
207.1806,0.0000E+000
207.1875,0.0000E+000
207.1944,0.0000E+000
207.2014,0.0000E+000
207.2083,0.0000E+000
207.2153,0.0000E+000
207.2222,0.0000E+000
207.2292,0.0000E+000
207.2361,0.0000E+000
207.2431,0.0000E+000
207.2500,1.6765E-001
207.2569,5.1205E-001
207.2639,1.2762E+000
207.2708,1.8298E+000
207.2778,1.6128E+000
207.2847,5.0574E+000
207.2917,1.9024E+001
207.2986,1.9092E+001
207.3056,2.5098E+001
207.3125,2.7762E+001
207.3194,4.2788E+001
207.3264,5.5517E+001
207.3333,5.1215E+001
207.3403,7.0942E+001
207.3472,7.7503E+001
207.3542,7.7508E+001
207.3611,9.2725E+001
207.3681,8.8523E+001
207.3750,9.7539E+001
207.3819,1.3024E+002
207.3889,9.0893E+001
207.3958,1.5722E+002
207.4028,3.7529E+002
207.4097,2.3489E+002
207.4167,1.3098E+002
207.4236,1.7971E+002
207.4306,2.9096E+002
207.4375,2.8128E+002
207.4444,3.5978E+002
207.4514,2.1554E+002
207.4583,7.0037E+001
207.4653,6.6155E+001
207.4722,7.1159E+001
207.4792,7.8977E+001
207.4861,3.1695E+002
207.4931,4.1292E+002
207.5000,1.5624E+002
207.5069,3.6892E+002
207.5139,4.4288E+002
207.5208,4.6073E+002
207.5278,3.7938E+002
207.5347,3.3990E+002
207.5417,2.9415E+002
207.5486,8.1866E+001
207.5556,7.9227E+001
207.5625,6.9252E+001
207.5694,1.5140E+002
207.5764,2.1134E+002
207.5833,1.2777E+002
207.5903,1.8984E+002
207.5972,2.6853E+002
207.6042,3.3663E+002
207.6111,3.5626E+002
207.6181,5.3149E+002
207.6250,5.6935E+002
207.6319,5.1511E+002
207.6389,3.8869E+002
207.6458,3.1861E+002
207.6528,5.0957E+002
207.6597,3.3236E+002
207.6667,2.9422E+002
207.6736,2.3165E+002
207.6806,2.6995E+002
207.6875,3.5290E+002
207.6944,2.5977E+002
207.7014,5.3442E+002
207.7083,3.9276E+002
207.7153,2.7467E+002
207.7222,2.3920E+002
207.7292,2.9112E+002
207.7361,4.2316E+002
207.7431,3.3375E+002
207.7500,1.3451E+002
207.7569,8.7965E+001
207.7639,5.4217E+001
207.7708,5.7330E+001
207.7778,3.0169E+001
207.7847,2.8657E+001
207.7917,4.2900E+001
207.7986,5.6468E+001
207.8056,5.3129E+001
207.8125,5.5052E+001
207.8194,4.8417E+001
207.8264,2.8082E+001
207.8333,1.6031E+001
207.8403,1.1570E+001
207.8472,1.2576E+001
207.8542,9.8344E+000
207.8611,8.3692E+000
207.8681,1.0974E+000
207.8750,0.0000E+000
207.8819,0.0000E+000
207.8889,0.0000E+000
207.8958,0.0000E+000
207.9028,0.0000E+000
207.9097,0.0000E+000
207.9167,0.0000E+000
207.9236,0.0000E+000
207.9306,0.0000E+000
207.9375,0.0000E+000
207.9444,0.0000E+000
207.9514,0.0000E+000
207.9583,0.0000E+000
207.9653,0.0000E+000
207.9722,0.0000E+000
207.9792,0.0000E+000
207.9861,0.0000E+000
207.9931,0.0000E+000
208.0000,0.0000E+000
208.0069,0.0000E+000
208.0139,0.0000E+000
208.0208,0.0000E+000
208.0278,0.0000E+000
208.0347,0.0000E+000
208.0417,0.0000E+000
208.0486,0.0000E+000
208.0556,0.0000E+000
208.0625,0.0000E+000
208.0694,0.0000E+000
208.0764,0.0000E+000
208.0833,0.0000E+000
208.0903,0.0000E+000
208.0972,0.0000E+000
208.1042,0.0000E+000
208.1111,0.0000E+000
208.1181,0.0000E+000
208.1250,0.0000E+000
208.1319,0.0000E+000
208.1389,0.0000E+000
208.1458,0.0000E+000
208.1528,0.0000E+000
208.1597,0.0000E+000
208.1667,0.0000E+000
208.1736,0.0000E+000
208.1806,0.0000E+000
208.1875,0.0000E+000
208.1944,0.0000E+000
208.2014,0.0000E+000
208.2083,0.0000E+000
208.2153,0.0000E+000
208.2222,0.0000E+000
208.2292,0.0000E+000
208.2361,0.0000E+000
208.2431,0.0000E+000
208.2500,5.1975E-002
208.2569,2.1641E+000
208.2639,8.9540E+000
208.2708,1.6463E+001
208.2778,1.2711E+001
208.2847,9.9142E+000
208.2917,3.0600E+000
208.2986,4.3002E+000
208.3056,8.2152E+000
208.3125,1.0084E+001
208.3194,1.4394E+001
208.3264,3.4731E+001
208.3333,2.2246E+001
208.3403,1.2812E+001
208.3472,1.5728E+001
208.3542,1.7385E+001
208.3611,1.9001E+001
208.3681,2.1095E+001
208.3750,2.4543E+001
208.3819,4.7507E+001
208.3889,1.0122E+002
208.3958,1.1673E+002
208.4028,3.1543E+002
208.4097,3.4284E+002
208.4167,3.5814E+002
208.4236,2.6312E+002
208.4306,2.3110E+002
208.4375,2.8852E+002
208.4444,3.9586E+002
208.4514,4.4475E+002
208.4583,3.6834E+002
208.4653,4.6790E+002
208.4722,5.0329E+002
208.4792,3.7142E+002
208.4861,4.9787E+002
208.4931,4.9455E+002
208.5000,5.2943E+002
208.5069,5.2649E+002
208.5139,5.0801E+002
208.5208,5.4093E+002
208.5278,5.0698E+002
208.5347,5.6486E+002
208.5417,5.6343E+002
208.5486,5.7042E+002
208.5556,5.6939E+002
208.5625,5.7029E+002
208.5694,5.5723E+002
208.5764,5.7795E+002
208.5833,4.8927E+002
208.5903,5.3382E+002
208.5972,5.4309E+002
208.6042,5.4044E+002
208.6111,5.4651E+002
208.6181,5.2349E+002
208.6250,5.1937E+002
208.6319,4.9763E+002
208.6389,4.8350E+002
208.6458,5.1902E+002
208.6528,5.0075E+002
208.6597,4.5663E+002
208.6667,3.4854E+002
208.6736,3.8063E+002
208.6806,4.0352E+002
208.6875,3.4560E+002
208.6944,4.1868E+002
208.7014,3.1795E+002
208.7083,3.2422E+002
208.7153,3.2419E+002
208.7222,3.4220E+002
208.7292,3.2114E+002
208.7361,2.9503E+002
208.7431,2.6484E+002
208.7500,4.0150E+001
208.7569,3.0974E+001
208.7639,2.8544E+001
208.7708,1.9278E+001
208.7778,1.6949E+001
208.7847,1.3434E+001
208.7917,1.1487E+001
208.7986,1.1517E+001
208.8056,1.1103E+001
208.8125,1.0610E+001
208.8194,8.5172E+000
208.8264,8.0352E+000
208.8333,7.1932E+000
208.8403,6.2974E+000
208.8472,4.9709E+000
208.8542,3.7801E+000
208.8611,2.1996E+000
208.8681,1.2200E+000
208.8750,1.7215E-001
208.8819,0.0000E+000
208.8889,0.0000E+000
208.8958,0.0000E+000
208.9028,0.0000E+000
208.9097,0.0000E+000
208.9167,0.0000E+000
208.9236,0.0000E+000
208.9306,0.0000E+000
208.9375,0.0000E+000
208.9444,0.0000E+000
208.9514,0.0000E+000
208.9583,0.0000E+000
208.9653,0.0000E+000
208.9722,0.0000E+000
208.9792,0.0000E+000
208.9861,0.0000E+000
208.9931,0.0000E+000
209.0000,0.0000E+000
209.0069,0.0000E+000
209.0139,0.0000E+000
209.0208,0.0000E+000
209.0278,0.0000E+000
209.0347,0.0000E+000
209.0417,0.0000E+000
209.0486,0.0000E+000
209.0556,0.0000E+000
209.0625,0.0000E+000
209.0694,0.0000E+000
209.0764,0.0000E+000
209.0833,0.0000E+000
209.0903,0.0000E+000
209.0972,0.0000E+000
209.1042,0.0000E+000
209.1111,0.0000E+000
209.1181,0.0000E+000
209.1250,0.0000E+000
209.1319,0.0000E+000
209.1389,0.0000E+000
209.1458,0.0000E+000
209.1528,0.0000E+000
209.1597,0.0000E+000
209.1667,0.0000E+000
209.1736,0.0000E+000
209.1806,0.0000E+000
209.1875,0.0000E+000
209.1944,0.0000E+000
209.2014,0.0000E+000
209.2083,0.0000E+000
209.2153,0.0000E+000
209.2222,0.0000E+000
209.2292,0.0000E+000
209.2361,0.0000E+000
209.2431,0.0000E+000
209.2500,0.0000E+000
209.2569,1.6369E-001
209.2639,1.2420E+000
209.2708,3.8169E+000
209.2778,4.6529E+000
209.2847,7.8630E+000
209.2917,1.4175E+001
209.2986,3.1943E+001
209.3056,3.8003E+001
209.3125,5.1373E+001
209.3194,5.8272E+001
209.3264,7.0464E+001
209.3333,6.9647E+001
209.3403,6.8898E+001
209.3472,6.4616E+001
209.3542,1.0080E+002
209.3611,7.9799E+001
209.3681,7.9173E+001
209.3750,5.5520E+001
209.3819,6.2264E+001
209.3889,1.4485E+002
209.3958,1.3812E+002
209.4028,1.5600E+002
209.4097,2.8990E+002
209.4167,2.4915E+002
209.4236,1.0756E+002
209.4306,1.2635E+002
209.4375,1.2338E+002
209.4444,1.3138E+002
209.4514,2.2869E+002
209.4583,1.4960E+002
209.4653,1.5280E+002
209.4722,1.8320E+002
209.4792,3.7944E+002
209.4861,4.0661E+002
209.4931,2.8191E+002
209.5000,2.1654E+002
209.5069,2.2440E+002
209.5139,2.6882E+002
209.5208,3.6654E+002
209.5278,1.5130E+002
209.5347,2.7289E+002
209.5417,1.9627E+002
209.5486,1.3039E+002
209.5556,3.8030E+002
209.5625,4.2500E+002
209.5694,4.0052E+002
209.5764,4.0618E+002
209.5833,4.8546E+002
209.5903,4.4363E+002
209.5972,3.8717E+002
209.6042,2.7391E+002
209.6111,3.3040E+002
209.6181,5.8827E+002
209.6250,3.3944E+002
209.6319,2.1671E+002
209.6389,4.4981E+002
209.6458,2.0339E+002
209.6528,5.2532E+002
209.6597,4.0732E+002
209.6667,3.1054E+002
209.6736,4.2639E+002
209.6806,2.4023E+002
209.6875,3.2746E+002
209.6944,2.1723E+002
209.7014,1.9649E+002
209.7083,2.0401E+002
209.7153,1.6530E+002
209.7222,1.6676E+002
209.7292,1.5906E+002
209.7361,1.4059E+002
209.7431,1.2611E+002
209.7500,1.1507E+002
209.7569,9.1200E+001
209.7639,8.5177E+001
209.7708,9.6722E+001
209.7778,7.9180E+001
209.7847,7.9350E+001
209.7917,6.5619E+001
209.7986,6.1721E+001
209.8056,4.9862E+001
209.8125,4.5225E+001
209.8194,3.8412E+001
209.8264,2.9568E+001
209.8333,2.2001E+001
209.8403,1.0727E+001
209.8472,8.1649E+000
209.8542,5.9475E+000
209.8611,4.6757E+000
209.8681,5.9234E-001
209.8750,2.2603E-001
209.8819,3.6372E-002
209.8889,5.9544E-013
209.8958,0.0000E+000
209.9028,0.0000E+000
209.9097,0.0000E+000
209.9167,0.0000E+000
209.9236,0.0000E+000
209.9306,0.0000E+000
209.9375,0.0000E+000
209.9444,0.0000E+000
209.9514,0.0000E+000
209.9583,0.0000E+000
209.9653,0.0000E+000
209.9722,0.0000E+000
209.9792,0.0000E+000
209.9861,0.0000E+000
209.9931,0.0000E+000
210.0000,0.0000E+000
210.0069,1.5736E-012
210.0139,2.4031E-002
210.0208,0.0000E+000
210.0278,0.0000E+000
210.0347,6.5922E-013
210.0417,2.0134E-002
210.0486,0.0000E+000
210.0556,0.0000E+000
210.0625,0.0000E+000
210.0694,0.0000E+000
210.0764,0.0000E+000
210.0833,0.0000E+000
210.0903,0.0000E+000
210.0972,0.0000E+000
210.1042,0.0000E+000
210.1111,0.0000E+000
210.1181,0.0000E+000
210.1250,0.0000E+000
210.1319,0.0000E+000
210.1389,0.0000E+000
210.1458,0.0000E+000
210.1528,0.0000E+000
210.1597,0.0000E+000
210.1667,0.0000E+000
210.1736,0.0000E+000
210.1806,0.0000E+000
210.1875,0.0000E+000
210.1944,0.0000E+000
210.2014,0.0000E+000
210.2083,0.0000E+000
210.2153,0.0000E+000
210.2222,0.0000E+000
210.2292,0.0000E+000
210.2361,0.0000E+000
210.2431,0.0000E+000
210.2500,0.0000E+000
210.2569,5.5723E-001
210.2639,1.8555E+000
210.2708,3.2745E+000
210.2778,4.7527E+000
210.2847,6.0444E+000
210.2917,7.2180E+000
210.2986,8.4526E+000
210.3056,9.6053E+000
210.3125,1.0270E+001
210.3194,1.1894E+001
210.3264,1.3614E+001
210.3333,1.5915E+001
210.3403,1.7221E+001
210.3472,2.0654E+001
210.3542,2.3940E+001
210.3611,2.4225E+001
210.3681,2.8023E+001
210.3750,4.4481E+001
210.3819,4.2559E+001
210.3889,3.7048E+001
210.3958,1.9936E+002
210.4028,3.3217E+002
210.4097,3.1589E+002
210.4167,3.7108E+002
210.4236,3.9350E+002
210.4306,4.1410E+002
210.4375,4.0031E+002
210.4444,4.4202E+002
210.4514,4.5212E+002
210.4583,4.5237E+002
210.4653,4.6156E+002
210.4722,4.7377E+002
210.4792,4.7926E+002
210.4861,4.9562E+002
210.4931,5.0148E+002
210.5000,5.2495E+002
210.5069,5.2076E+002
210.5139,5.3002E+002
210.5208,5.4039E+002
210.5278,5.6248E+002
210.5347,5.6659E+002
210.5417,5.6792E+002
210.5486,5.7447E+002
210.5556,5.8248E+002
210.5625,5.7710E+002
210.5694,5.8006E+002
210.5764,5.7750E+002
210.5833,5.7592E+002
210.5903,5.6516E+002
210.5972,5.5666E+002
210.6042,5.5552E+002
210.6111,5.5539E+002
210.6181,5.3311E+002
210.6250,5.4016E+002
210.6319,5.2783E+002
210.6389,5.1094E+002
210.6458,4.9434E+002
210.6528,4.8509E+002
210.6597,4.7504E+002
210.6667,4.6139E+002
210.6736,4.4852E+002
210.6806,4.4213E+002
210.6875,4.2032E+002
210.6944,4.0066E+002
210.7014,3.8918E+002
210.7083,3.7152E+002
210.7153,3.5528E+002
210.7222,3.3916E+002
210.7292,3.1755E+002
210.7361,3.0338E+002
210.7431,2.0975E+002
210.7500,1.3424E+001
210.7569,1.8373E+001
210.7639,1.6275E+001
210.7708,1.5784E+001
210.7778,1.4142E+001
210.7847,1.2601E+001
210.7917,1.1670E+001
210.7986,1.1688E+001
210.8056,9.7779E+000
210.8125,9.2440E+000
210.8194,9.6155E+000
210.8264,9.0687E+000
210.8333,9.5947E+000
210.8403,7.6199E+000
210.8472,5.1042E+000
210.8542,3.0898E+000
210.8611,1.3650E+000
210.8681,8.3251E-001
210.8750,1.2273E-001
210.8819,0.0000E+000
210.8889,0.0000E+000
210.8958,0.0000E+000
210.9028,0.0000E+000
210.9097,0.0000E+000
210.9167,0.0000E+000
210.9236,0.0000E+000
210.9306,0.0000E+000
210.9375,0.0000E+000
210.9444,0.0000E+000
210.9514,0.0000E+000
210.9583,0.0000E+000
210.9653,0.0000E+000
210.9722,0.0000E+000
210.9792,0.0000E+000
210.9861,0.0000E+000
210.9931,0.0000E+000
211.0000,0.0000E+000
211.0069,0.0000E+000
211.0139,0.0000E+000
211.0208,0.0000E+000
211.0278,0.0000E+000
211.0347,0.0000E+000
211.0417,0.0000E+000
211.0486,0.0000E+000
211.0556,0.0000E+000
211.0625,0.0000E+000
211.0694,0.0000E+000
211.0764,0.0000E+000
211.0833,0.0000E+000
211.0903,0.0000E+000
211.0972,0.0000E+000
211.1042,0.0000E+000
211.1111,0.0000E+000
211.1181,0.0000E+000
211.1250,0.0000E+000
211.1319,0.0000E+000
211.1389,0.0000E+000
211.1458,0.0000E+000
211.1528,0.0000E+000
211.1597,0.0000E+000
211.1667,0.0000E+000
211.1736,0.0000E+000
211.1806,0.0000E+000
211.1875,0.0000E+000
211.1944,0.0000E+000
211.2014,0.0000E+000
211.2083,0.0000E+000
211.2153,0.0000E+000
211.2222,0.0000E+000
211.2292,0.0000E+000
211.2361,0.0000E+000
211.2431,0.0000E+000
211.2500,0.0000E+000
211.2569,1.8636E-001
211.2639,1.4175E+000
211.2708,2.9545E+000
211.2778,4.4875E+000
211.2847,5.4570E+000
211.2917,6.8901E+000
211.2986,7.9952E+000
211.3056,9.1069E+000
211.3125,1.0108E+001
211.3194,1.0953E+001
211.3264,1.2064E+001
211.3333,1.3395E+001
211.3403,1.4936E+001
211.3472,1.6635E+001
211.3542,1.8095E+001
211.3611,2.0045E+001
211.3681,2.1303E+001
211.3750,3.8057E+001
211.3819,3.5219E+001
211.3889,2.5755E+001
211.3958,1.5434E+002
211.4028,3.3119E+002
211.4097,2.9552E+002
211.4167,3.5434E+002
211.4236,3.7083E+002
211.4306,3.8412E+002
211.4375,3.9561E+002
211.4444,4.0954E+002
211.4514,4.2012E+002
211.4583,4.4247E+002
211.4653,4.5979E+002
211.4722,4.7963E+002
211.4792,4.8928E+002
211.4861,4.9348E+002
211.4931,5.0515E+002
211.5000,5.1876E+002
211.5069,5.2943E+002
211.5139,5.4193E+002
211.5208,5.4585E+002
211.5278,5.5454E+002
211.5347,5.6342E+002
211.5417,5.6830E+002
211.5486,5.6708E+002
211.5556,5.6201E+002
211.5625,5.5760E+002
211.5694,5.5835E+002
211.5764,5.6364E+002
211.5833,5.6503E+002
211.5903,5.5271E+002
211.5972,5.4636E+002
211.6042,5.5110E+002
211.6111,5.3717E+002
211.6181,5.3953E+002
211.6250,5.1994E+002
211.6319,5.1565E+002
211.6389,4.9279E+002
211.6458,4.8982E+002
211.6528,4.7667E+002
211.6597,4.6390E+002
211.6667,4.5478E+002
211.6736,4.3592E+002
211.6806,4.2689E+002
211.6875,4.1238E+002
211.6944,3.9497E+002
211.7014,3.7914E+002
211.7083,3.6449E+002
211.7153,3.4457E+002
211.7222,3.3264E+002
211.7292,2.9425E+002
211.7361,2.6805E+002
211.7431,1.7698E+002
211.7500,2.1157E+001
211.7569,1.8079E+001
211.7639,1.9819E+001
211.7708,1.6159E+001
211.7778,1.4341E+001
211.7847,1.4225E+001
211.7917,1.3386E+001
211.7986,1.3404E+001
211.8056,1.1613E+001
211.8125,9.6014E+000
211.8194,7.2205E+000
211.8264,7.0524E+000
211.8333,6.0466E+000
211.8403,4.9669E+000
211.8472,3.5989E+000
211.8542,2.4328E+000
211.8611,1.2589E+000
211.8681,2.9087E-001
211.8750,0.0000E+000
211.8819,0.0000E+000
211.8889,0.0000E+000
211.8958,0.0000E+000
211.9028,0.0000E+000
211.9097,0.0000E+000
211.9167,0.0000E+000
211.9236,0.0000E+000
211.9306,0.0000E+000
211.9375,0.0000E+000
211.9444,0.0000E+000
211.9514,0.0000E+000
211.9583,0.0000E+000
211.9653,0.0000E+000
211.9722,0.0000E+000
211.9792,0.0000E+000
211.9861,0.0000E+000
211.9931,0.0000E+000
212.0000,0.0000E+000
212.0069,0.0000E+000
212.0139,0.0000E+000
212.0208,0.0000E+000
212.0278,0.0000E+000
212.0347,0.0000E+000
212.0417,0.0000E+000
212.0486,0.0000E+000
212.0556,0.0000E+000
212.0625,0.0000E+000
212.0694,0.0000E+000
212.0764,0.0000E+000
212.0833,0.0000E+000
212.0903,0.0000E+000
212.0972,0.0000E+000
212.1042,0.0000E+000
212.1111,0.0000E+000
212.1181,0.0000E+000
212.1250,0.0000E+000
212.1319,0.0000E+000
212.1389,0.0000E+000
212.1458,0.0000E+000
212.1528,0.0000E+000
212.1597,0.0000E+000
212.1667,0.0000E+000
212.1736,0.0000E+000
212.1806,0.0000E+000
212.1875,0.0000E+000
212.1944,0.0000E+000
212.2014,0.0000E+000
212.2083,0.0000E+000
212.2153,0.0000E+000
212.2222,0.0000E+000
212.2292,0.0000E+000
212.2361,0.0000E+000
212.2431,0.0000E+000
212.2500,0.0000E+000
212.2569,6.4273E-002
212.2639,1.1348E+000
212.2708,2.3190E+000
212.2778,3.5006E+000
212.2847,4.8672E+000
212.2917,6.0883E+000
212.2986,7.4991E+000
212.3056,8.7287E+000
212.3125,1.0078E+001
212.3194,1.1320E+001
212.3264,1.2227E+001
212.3333,1.3474E+001
212.3403,1.4455E+001
212.3472,1.6056E+001
212.3542,1.7413E+001
212.3611,1.9068E+001
212.3681,2.0451E+001
212.3750,2.9809E+001
212.3819,3.8560E+001
212.3889,2.3768E+001
212.3958,1.1345E+002
212.4028,3.0932E+002
212.4097,2.3279E+002
212.4167,3.5391E+002
212.4236,3.6125E+002
212.4306,3.8584E+002
212.4375,3.9735E+002
212.4444,4.1281E+002
212.4514,4.3278E+002
212.4583,4.4447E+002
212.4653,4.5632E+002
212.4722,4.6811E+002
212.4792,4.8238E+002
212.4861,4.8546E+002
212.4931,4.8442E+002
212.5000,4.8900E+002
212.5069,5.0369E+002
212.5139,5.1194E+002
212.5208,5.2615E+002
212.5278,5.4075E+002
212.5347,5.4181E+002
212.5417,5.4743E+002
212.5486,5.5579E+002
212.5556,5.5785E+002
212.5625,5.6220E+002
212.5694,5.6509E+002
212.5764,5.6556E+002
212.5833,5.5765E+002
212.5903,5.5904E+002
212.5972,5.5180E+002
212.6042,5.4705E+002
212.6111,5.4677E+002
212.6181,5.2669E+002
212.6250,5.2766E+002
212.6319,5.1708E+002
212.6389,5.0792E+002
212.6458,5.0263E+002
212.6528,4.8741E+002
212.6597,4.7686E+002
212.6667,4.6018E+002
212.6736,4.4199E+002
212.6806,4.3003E+002
212.6875,4.1074E+002
212.6944,4.0185E+002
212.7014,3.7668E+002
212.7083,3.6112E+002
212.7153,3.4226E+002
212.7222,3.2760E+002
212.7292,2.6715E+002
212.7361,2.1170E+002
212.7431,1.4837E+002
212.7500,6.9720E+000
212.7569,1.1560E+001
212.7639,1.1650E+001
212.7708,1.1034E+001
212.7778,1.1515E+001
212.7847,1.1196E+001
212.7917,1.0755E+001
212.7986,9.2466E+000
212.8056,9.5595E+000
212.8125,8.5903E+000
212.8194,8.7896E+000
212.8264,7.1115E+000
212.8333,6.9388E+000
212.8403,5.5600E+000
212.8472,4.0695E+000
212.8542,3.1088E+000
212.8611,1.9650E+000
212.8681,3.0575E-001
212.8750,0.0000E+000
212.8819,0.0000E+000
212.8889,0.0000E+000
212.8958,0.0000E+000
212.9028,0.0000E+000
212.9097,0.0000E+000
212.9167,0.0000E+000
212.9236,0.0000E+000
212.9306,0.0000E+000
212.9375,0.0000E+000
212.9444,0.0000E+000
212.9514,0.0000E+000
212.9583,0.0000E+000
212.9653,0.0000E+000
212.9722,0.0000E+000
212.9792,0.0000E+000
212.9861,0.0000E+000
212.9931,0.0000E+000
213.0000,0.0000E+000
213.0069,0.0000E+000
213.0139,0.0000E+000
213.0208,0.0000E+000
213.0278,0.0000E+000
213.0347,0.0000E+000
213.0417,0.0000E+000
213.0486,0.0000E+000
213.0556,0.0000E+000
213.0625,0.0000E+000
213.0694,0.0000E+000
213.0764,0.0000E+000
213.0833,0.0000E+000
213.0903,0.0000E+000
213.0972,0.0000E+000
213.1042,0.0000E+000
213.1111,0.0000E+000
213.1181,0.0000E+000
213.1250,0.0000E+000
213.1319,0.0000E+000
213.1389,0.0000E+000
213.1458,0.0000E+000
213.1528,0.0000E+000
213.1597,0.0000E+000
213.1667,0.0000E+000
213.1736,0.0000E+000
213.1806,0.0000E+000
213.1875,0.0000E+000
213.1944,0.0000E+000
213.2014,0.0000E+000
213.2083,0.0000E+000
213.2153,0.0000E+000
213.2222,0.0000E+000
213.2292,0.0000E+000
213.2361,0.0000E+000
213.2431,0.0000E+000
213.2500,0.0000E+000
213.2569,7.5634E-001
213.2639,2.0158E+000
213.2708,4.2284E+000
213.2778,1.1999E+001
213.2847,2.0883E+001
213.2917,2.9836E+001
213.2986,3.6993E+001
213.3056,3.7702E+001
213.3125,3.8254E+001
213.3194,4.1213E+001
213.3264,4.8485E+001
213.3333,5.5669E+001
213.3403,5.4748E+001
213.3472,4.4599E+001
213.3542,5.5065E+001
213.3611,6.0454E+001
213.3681,5.9415E+001
213.3750,9.2494E+001
213.3819,1.1833E+002
213.3889,1.3276E+002
213.3958,1.5888E+002
213.4028,1.7004E+002
213.4097,9.6741E+001
213.4167,8.2126E+001
213.4236,1.1906E+002
213.4306,9.3202E+001
213.4375,8.4786E+001
213.4444,8.9740E+001
213.4514,4.2539E+001
213.4583,5.3048E+001
213.4653,6.8593E+001
213.4722,6.8034E+001
213.4792,5.5985E+001
213.4861,4.7526E+001
213.4931,1.2705E+002
213.5000,2.3541E+002
213.5069,2.3315E+002
213.5139,2.2914E+002
213.5208,1.2631E+002
213.5278,7.3878E+001
213.5347,6.6839E+001
213.5417,8.1862E+001
213.5486,9.6366E+001
213.5556,1.0228E+002
213.5625,1.3372E+002
213.5694,1.1876E+002
213.5764,1.6239E+002
213.5833,2.4082E+002
213.5903,1.5797E+002
213.5972,1.6195E+002
213.6042,1.8940E+002
213.6111,1.8118E+002
213.6181,1.9172E+002
213.6250,2.2526E+002
213.6319,2.1956E+002
213.6389,3.4633E+002
213.6458,5.1846E+002
213.6528,4.5044E+002
213.6597,4.5088E+002
213.6667,4.1981E+002
213.6736,3.9936E+002
213.6806,3.7936E+002
213.6875,3.9410E+002
213.6944,2.3714E+002
213.7014,2.0945E+002
213.7083,1.9375E+002
213.7153,2.4343E+002
213.7222,3.2310E+002
213.7292,2.5863E+002
213.7361,1.4464E+002
213.7431,1.3240E+002
213.7500,3.2524E+001
213.7569,3.2433E+001
213.7639,2.6656E+001
213.7708,2.1901E+001
213.7778,2.0405E+001
213.7847,1.9740E+001
213.7917,1.8749E+001
213.7986,1.4139E+001
213.8056,9.0823E+000
213.8125,1.0200E+001
213.8194,1.0028E+001
213.8264,1.2558E+001
213.8333,1.2558E+001
213.8403,9.0862E+000
213.8472,4.0884E+000
213.8542,1.5560E+000
213.8611,2.2266E-001
213.8681,1.4580E-011
213.8750,0.0000E+000
213.8819,0.0000E+000
213.8889,0.0000E+000
213.8958,0.0000E+000
213.9028,0.0000E+000
213.9097,0.0000E+000
213.9167,0.0000E+000
213.9236,0.0000E+000
213.9306,0.0000E+000
213.9375,0.0000E+000
213.9444,0.0000E+000
213.9514,0.0000E+000
213.9583,0.0000E+000
213.9653,0.0000E+000
213.9722,0.0000E+000
213.9792,0.0000E+000
213.9861,0.0000E+000
213.9931,0.0000E+000
214.0000,0.0000E+000
214.0069,0.0000E+000
214.0139,0.0000E+000
214.0208,0.0000E+000
214.0278,0.0000E+000
214.0347,0.0000E+000
214.0417,0.0000E+000
214.0486,0.0000E+000
214.0556,0.0000E+000
214.0625,0.0000E+000
214.0694,0.0000E+000
214.0764,0.0000E+000
214.0833,0.0000E+000
214.0903,0.0000E+000
214.0972,0.0000E+000
214.1042,0.0000E+000
214.1111,0.0000E+000
214.1181,0.0000E+000
214.1250,0.0000E+000
214.1319,0.0000E+000
214.1389,0.0000E+000
214.1458,0.0000E+000
214.1528,0.0000E+000
214.1597,0.0000E+000
214.1667,0.0000E+000
214.1736,0.0000E+000
214.1806,0.0000E+000
214.1875,0.0000E+000
214.1944,0.0000E+000
214.2014,0.0000E+000
214.2083,0.0000E+000
214.2153,0.0000E+000
214.2222,0.0000E+000
214.2292,0.0000E+000
214.2361,0.0000E+000
214.2431,0.0000E+000
214.2500,0.0000E+000
214.2569,4.6086E-002
214.2639,8.8992E-001
214.2708,2.6646E+000
214.2778,5.1857E+000
214.2847,7.6698E+000
214.2917,1.1403E+001
214.2986,1.7496E+001
214.3056,2.7469E+001
214.3125,3.5694E+001
214.3194,3.3334E+001
214.3264,3.4337E+001
214.3333,4.0409E+001
214.3403,4.6033E+001
214.3472,4.4386E+001
214.3542,2.7067E+001
214.3611,4.8267E+001
214.3681,9.2399E+001
214.3750,1.0769E+002
214.3819,9.6364E+001
214.3889,7.0107E+001
214.3958,5.6014E+001
214.4028,4.2459E+001
214.4097,8.3265E+001
214.4167,8.8848E+001
214.4236,1.1306E+002
214.4306,1.1019E+002
214.4375,1.1917E+002
214.4444,1.0331E+002
214.4514,1.2398E+002
214.4583,8.4998E+001
214.4653,1.1844E+002
214.4722,1.5243E+002
214.4792,1.3512E+002
214.4861,1.4192E+002
214.4931,1.7911E+002
214.5000,2.2788E+002
214.5069,1.7097E+002
214.5139,1.9425E+002
214.5208,4.6451E+002
214.5278,2.0560E+002
214.5347,1.4503E+002
214.5417,7.9833E+001
214.5486,3.5198E+001
214.5556,6.0016E+001
214.5625,9.4051E+001
214.5694,6.6908E+001
214.5764,3.7650E+001
214.5833,5.5229E+001
214.5903,1.3697E+002
214.5972,2.2049E+002
214.6042,2.9539E+002
214.6111,3.8804E+002
214.6181,4.8656E+002
214.6250,1.9898E+002
214.6319,2.1230E+002
214.6389,3.4737E+002
214.6458,4.9792E+002
214.6528,1.7373E+002
214.6597,2.6970E+002
214.6667,2.4897E+002
214.6736,1.8162E+002
214.6806,2.9802E+002
214.6875,3.3278E+002
214.6944,3.0103E+002
214.7014,3.5797E+002
214.7083,3.3702E+002
214.7153,2.7962E+002
214.7222,3.0387E+002
214.7292,2.5739E+002
214.7361,9.0546E+001
214.7431,7.5796E+001
214.7500,5.9120E+001
214.7569,5.4256E+001
214.7639,4.6305E+001
214.7708,3.2568E+001
214.7778,3.2130E+001
214.7847,2.6479E+001
214.7917,2.9862E+001
214.7986,3.1115E+001
214.8056,3.5276E+001
214.8125,3.0569E+001
214.8194,2.5063E+001
214.8264,2.5056E+001
214.8333,1.7136E+001
214.8403,1.2288E+001
214.8472,1.2413E+001
214.8542,9.6927E+000
214.8611,8.9521E+000
214.8681,5.2617E+000
214.8750,1.3915E+000
214.8819,1.8432E-001
214.8889,3.0176E-012
214.8958,0.0000E+000
214.9028,0.0000E+000
214.9097,0.0000E+000
214.9167,0.0000E+000
214.9236,0.0000E+000
214.9306,0.0000E+000
214.9375,0.0000E+000
214.9444,0.0000E+000
214.9514,0.0000E+000
214.9583,0.0000E+000
214.9653,0.0000E+000
214.9722,0.0000E+000
214.9792,0.0000E+000
214.9861,0.0000E+000
214.9931,0.0000E+000
215.0000,0.0000E+000
215.0069,0.0000E+000
215.0139,0.0000E+000
215.0208,0.0000E+000
215.0278,0.0000E+000
215.0347,0.0000E+000
215.0417,0.0000E+000
215.0486,0.0000E+000
215.0556,0.0000E+000
215.0625,0.0000E+000
215.0694,0.0000E+000
215.0764,0.0000E+000
215.0833,0.0000E+000
215.0903,0.0000E+000
215.0972,0.0000E+000
215.1042,0.0000E+000
215.1111,0.0000E+000
215.1181,0.0000E+000
215.1250,0.0000E+000
215.1319,0.0000E+000
215.1389,0.0000E+000
215.1458,0.0000E+000
215.1528,0.0000E+000
215.1597,0.0000E+000
215.1667,0.0000E+000
215.1736,0.0000E+000
215.1806,0.0000E+000
215.1875,0.0000E+000
215.1944,0.0000E+000
215.2014,0.0000E+000
215.2083,0.0000E+000
215.2153,0.0000E+000
215.2222,0.0000E+000
215.2292,0.0000E+000
215.2361,0.0000E+000
215.2431,0.0000E+000
215.2500,0.0000E+000
215.2569,0.0000E+000
215.2639,0.0000E+000
215.2708,3.4742E-012
215.2778,7.0739E-002
215.2847,1.2843E+000
215.2917,3.5480E+000
215.2986,5.6740E+000
215.3056,6.3672E+000
215.3125,1.0303E+001
215.3194,1.8251E+001
215.3264,2.5753E+001
215.3333,3.2142E+001
215.3403,3.7443E+001
215.3472,3.7746E+001
215.3542,4.7066E+001
215.3611,6.5003E+001
215.3681,7.3607E+001
215.3750,7.8600E+001
215.3819,8.5024E+001
215.3889,1.0164E+002
215.3958,7.6314E+001
215.4028,6.8174E+001
215.4097,7.9654E+001
215.4167,7.8621E+001
215.4236,9.2863E+001
215.4306,7.8961E+001
215.4375,6.9231E+001
215.4444,6.6339E+001
215.4514,5.8818E+001
215.4583,7.4964E+001
215.4653,9.0844E+001
215.4722,9.9501E+001
215.4792,1.1377E+002
215.4861,1.1090E+002
215.4931,1.3411E+002
215.5000,1.5918E+002
215.5069,1.7612E+002
215.5139,2.7604E+002
215.5208,3.1674E+002
215.5278,4.3642E+002
215.5347,3.4521E+002
215.5417,2.7903E+002
215.5486,2.3172E+002
215.5556,2.6197E+002
215.5625,2.7947E+002
215.5694,2.9174E+002
215.5764,3.5241E+002
215.5833,3.6821E+002
215.5903,1.9785E+002
215.5972,1.7398E+002
215.6042,1.4585E+002
215.6111,1.4322E+002
215.6181,1.7226E+002
215.6250,1.7471E+002
215.6319,2.1060E+002
215.6389,1.6776E+002
215.6458,3.0792E+002
215.6528,2.6947E+002
215.6597,1.8615E+002
215.6667,2.6176E+002
215.6736,2.0069E+002
215.6806,1.3141E+002
215.6875,9.7421E+001
215.6944,4.1457E+001
215.7014,9.2253E+000
215.7083,7.6983E+000
215.7153,3.1363E+000
215.7222,4.2038E+000
215.7292,3.8352E+000
215.7361,4.2330E+000
215.7431,4.0253E+000
215.7500,2.7223E+000
215.7569,2.3634E+000
215.7639,2.3400E+000
215.7708,2.4750E+000
215.7778,2.6833E+000
215.7847,3.6411E+000
215.7917,5.5807E+000
215.7986,8.9902E+000
215.8056,1.0815E+001
215.8125,1.0395E+001
215.8194,7.9558E+000
215.8264,7.2647E+000
215.8333,6.4567E+000
215.8403,7.7572E+000
215.8472,5.3114E+000
215.8542,3.1421E+000
215.8611,1.0590E+000
215.8681,2.3491E-001
215.8750,0.0000E+000
215.8819,0.0000E+000
215.8889,0.0000E+000
215.8958,0.0000E+000
215.9028,0.0000E+000
215.9097,0.0000E+000
215.9167,0.0000E+000
215.9236,0.0000E+000
215.9306,0.0000E+000
215.9375,0.0000E+000
215.9444,0.0000E+000
215.9514,0.0000E+000
215.9583,0.0000E+000
215.9653,0.0000E+000
215.9722,0.0000E+000
215.9792,0.0000E+000
215.9861,0.0000E+000
215.9931,0.0000E+000
216.0000,0.0000E+000
216.0069,0.0000E+000
216.0139,0.0000E+000
216.0208,0.0000E+000
216.0278,0.0000E+000
216.0347,0.0000E+000
216.0417,0.0000E+000
216.0486,0.0000E+000
216.0556,0.0000E+000
216.0625,0.0000E+000
216.0694,0.0000E+000
216.0764,0.0000E+000
216.0833,0.0000E+000
216.0903,0.0000E+000
216.0972,0.0000E+000
216.1042,0.0000E+000
216.1111,0.0000E+000
216.1181,0.0000E+000
216.1250,0.0000E+000
216.1319,0.0000E+000
216.1389,0.0000E+000
216.1458,0.0000E+000
216.1528,0.0000E+000
216.1597,0.0000E+000
216.1667,0.0000E+000
216.1736,0.0000E+000
216.1806,0.0000E+000
216.1875,0.0000E+000
216.1944,0.0000E+000
216.2014,0.0000E+000
216.2083,0.0000E+000
216.2153,0.0000E+000
216.2222,0.0000E+000
216.2292,0.0000E+000
216.2361,0.0000E+000
216.2431,0.0000E+000
216.2500,0.0000E+000
216.2569,2.5111E-001
216.2639,1.4606E+000
216.2708,2.4352E+000
216.2778,3.8199E+000
216.2847,8.6325E+000
216.2917,1.3627E+001
216.2986,2.2419E+001
216.3056,3.4178E+001
216.3125,4.2989E+001
216.3194,4.7016E+001
216.3264,5.2699E+001
216.3333,7.2422E+001
216.3403,8.0908E+001
216.3472,7.4318E+001
216.3542,6.8379E+001
216.3611,7.4372E+001
216.3681,9.9526E+001
216.3750,1.1744E+002
216.3819,1.1820E+002
216.3889,1.1851E+002
216.3958,1.2720E+002
216.4028,1.3029E+002
216.4097,1.4081E+002
216.4167,1.9165E+002
216.4236,2.4216E+002
216.4306,2.8701E+002
216.4375,3.2187E+002
216.4444,2.7253E+002
216.4514,3.3657E+002
216.4583,3.8856E+002
216.4653,4.8135E+002
216.4722,5.0254E+002
216.4792,3.8571E+002
216.4861,4.6620E+002
216.4931,5.6599E+002
216.5000,5.2102E+002
216.5069,4.4949E+002
216.5139,4.0180E+002
216.5208,3.1882E+002
216.5278,4.2305E+002
216.5347,4.2274E+002
216.5417,2.3618E+002
216.5486,1.3382E+002
216.5556,6.7709E+001
216.5625,4.6004E+001
216.5694,5.4326E+001
216.5764,7.0740E+001
216.5833,8.3154E+001
216.5903,8.5350E+001
216.5972,6.7582E+001
216.6042,6.7999E+001
216.6111,8.5269E+001
216.6181,1.2640E+002
216.6250,1.6185E+002
216.6319,1.7954E+002
216.6389,1.8767E+002
216.6458,1.8205E+002
216.6528,1.8135E+002
216.6597,1.7053E+002
216.6667,2.0330E+002
216.6736,3.0584E+002
216.6806,3.2160E+002
216.6875,4.1252E+002
216.6944,2.9638E+002
216.7014,3.5644E+002
216.7083,9.6761E+001
216.7153,7.9264E+001
216.7222,1.1944E+002
216.7292,1.8849E+002
216.7361,8.3600E+001
216.7431,4.3365E+001
216.7500,5.6054E+001
216.7569,8.1119E+001
216.7639,7.8263E+001
216.7708,5.8820E+001
216.7778,5.5511E+001
216.7847,5.1530E+001
216.7917,3.9823E+001
216.7986,2.7705E+001
216.8056,2.1300E+001
216.8125,1.8030E+001
216.8194,1.6347E+001
216.8264,1.2247E+001
216.8333,8.8691E+000
216.8403,6.2668E+000
216.8472,3.6528E+000
216.8542,1.8932E+000
216.8611,2.4654E-001
216.8681,1.6145E-011
216.8750,0.0000E+000
216.8819,0.0000E+000
216.8889,0.0000E+000
216.8958,0.0000E+000
216.9028,0.0000E+000
216.9097,0.0000E+000
216.9167,0.0000E+000
216.9236,0.0000E+000
216.9306,0.0000E+000
216.9375,0.0000E+000
216.9444,0.0000E+000
216.9514,0.0000E+000
216.9583,0.0000E+000
216.9653,0.0000E+000
216.9722,0.0000E+000
216.9792,0.0000E+000
216.9861,0.0000E+000
216.9931,0.0000E+000
217.0000,0.0000E+000
217.0069,0.0000E+000
217.0139,0.0000E+000
217.0208,0.0000E+000
217.0278,0.0000E+000
217.0347,0.0000E+000
217.0417,0.0000E+000
217.0486,0.0000E+000
217.0556,0.0000E+000
217.0625,0.0000E+000
217.0694,0.0000E+000
217.0764,0.0000E+000
217.0833,0.0000E+000
217.0903,0.0000E+000
217.0972,0.0000E+000
217.1042,0.0000E+000
217.1111,0.0000E+000
217.1181,0.0000E+000
217.1250,0.0000E+000
217.1319,0.0000E+000
217.1389,0.0000E+000
217.1458,0.0000E+000
217.1528,0.0000E+000
217.1597,0.0000E+000
217.1667,0.0000E+000
217.1736,0.0000E+000
217.1806,0.0000E+000
217.1875,0.0000E+000
217.1944,0.0000E+000
217.2014,0.0000E+000
217.2083,0.0000E+000
217.2153,0.0000E+000
217.2222,0.0000E+000
217.2292,0.0000E+000
217.2361,0.0000E+000
217.2431,0.0000E+000
217.2500,1.2002E-001
217.2569,7.4088E-001
217.2639,2.0475E+000
217.2708,3.5967E+000
217.2778,5.2782E+000
217.2847,6.8274E+000
217.2917,8.4376E+000
217.2986,9.8084E+000
217.3056,1.1070E+001
217.3125,1.2643E+001
217.3194,1.3895E+001
217.3264,1.4913E+001
217.3333,1.5927E+001
217.3403,1.7443E+001
217.3472,1.8588E+001
217.3542,2.0208E+001
217.3611,2.2057E+001
217.3681,2.3982E+001
217.3750,2.5392E+001
217.3819,2.6233E+001
217.3889,2.8176E+001
217.3958,7.6724E+001
217.4028,8.5841E+001
217.4097,1.1651E+002
217.4167,1.3370E+002
217.4236,3.6562E+002
217.4306,3.7846E+002
217.4375,3.9157E+002
217.4444,4.1705E+002
217.4514,4.3864E+002
217.4583,4.5116E+002
217.4653,4.6238E+002
217.4722,4.7011E+002
217.4792,4.7919E+002
217.4861,4.8428E+002
217.4931,4.9571E+002
217.5000,5.0379E+002
217.5069,5.1940E+002
217.5139,5.2707E+002
217.5208,5.3766E+002
217.5278,5.4428E+002
217.5347,5.4944E+002
217.5417,5.5213E+002
217.5486,5.5931E+002
217.5556,5.5650E+002
217.5625,5.5958E+002
217.5694,5.6083E+002
217.5764,5.5943E+002
217.5833,5.4641E+002
217.5903,5.4871E+002
217.5972,5.2683E+002
217.6042,5.4103E+002
217.6111,5.2369E+002
217.6181,5.1405E+002
217.6250,5.1607E+002
217.6319,4.9884E+002
217.6389,4.8676E+002
217.6458,4.6555E+002
217.6528,4.5644E+002
217.6597,4.4434E+002
217.6667,4.3527E+002
217.6736,4.2238E+002
217.6806,4.1437E+002
217.6875,3.9479E+002
217.6944,3.7889E+002
217.7014,3.6244E+002
217.7083,3.5132E+002
217.7153,3.3721E+002
217.7222,3.0997E+002
217.7292,1.6048E+002
217.7361,3.6355E+001
217.7431,2.2213E+001
217.7500,2.3731E+001
217.7569,2.0948E+001
217.7639,1.8500E+001
217.7708,1.6505E+001
217.7778,1.5249E+001
217.7847,1.4550E+001
217.7917,1.2226E+001
217.7986,1.2468E+001
217.8056,1.1237E+001
217.8125,1.0348E+001
217.8194,8.7365E+000
217.8264,7.7239E+000
217.8333,6.1975E+000
217.8403,4.9650E+000
217.8472,3.2460E+000
217.8542,1.7774E+000
217.8611,6.8112E-001
217.8681,4.4602E-011
217.8750,0.0000E+000
217.8819,0.0000E+000
217.8889,0.0000E+000
217.8958,0.0000E+000
217.9028,0.0000E+000
217.9097,0.0000E+000
217.9167,0.0000E+000
217.9236,0.0000E+000
217.9306,0.0000E+000
217.9375,0.0000E+000
217.9444,0.0000E+000
217.9514,0.0000E+000
217.9583,0.0000E+000
217.9653,0.0000E+000
217.9722,0.0000E+000
217.9792,0.0000E+000
217.9861,0.0000E+000
217.9931,0.0000E+000
218.0000,0.0000E+000
218.0069,0.0000E+000
218.0139,0.0000E+000
218.0208,0.0000E+000
218.0278,0.0000E+000
218.0347,0.0000E+000
218.0417,0.0000E+000
218.0486,0.0000E+000
218.0556,0.0000E+000
218.0625,0.0000E+000
218.0694,0.0000E+000
218.0764,0.0000E+000
218.0833,0.0000E+000
218.0903,0.0000E+000
218.0972,0.0000E+000
218.1042,0.0000E+000
218.1111,0.0000E+000
218.1181,0.0000E+000
218.1250,0.0000E+000
218.1319,0.0000E+000
218.1389,0.0000E+000
218.1458,0.0000E+000
218.1528,0.0000E+000
218.1597,0.0000E+000
218.1667,0.0000E+000
218.1736,0.0000E+000
218.1806,0.0000E+000
218.1875,0.0000E+000
218.1944,0.0000E+000
218.2014,0.0000E+000
218.2083,0.0000E+000
218.2153,0.0000E+000
218.2222,0.0000E+000
218.2292,0.0000E+000
218.2361,0.0000E+000
218.2431,0.0000E+000
218.2500,0.0000E+000
218.2569,9.8593E-002
218.2639,8.4193E-001
218.2708,2.0348E+000
218.2778,3.0401E+000
218.2847,4.3432E+000
218.2917,5.5776E+000
218.2986,6.6083E+000
218.3056,7.5371E+000
218.3125,8.6501E+000
218.3194,9.4051E+000
218.3264,1.0134E+001
218.3333,1.1249E+001
218.3403,1.2620E+001
218.3472,1.4128E+001
218.3542,1.5887E+001
218.3611,1.7964E+001
218.3681,1.9791E+001
218.3750,2.1100E+001
218.3819,2.2232E+001
218.3889,2.3184E+001
218.3958,7.3755E+001
218.4028,6.2789E+001
218.4097,1.0138E+002
218.4167,1.3871E+002
218.4236,3.6320E+002
218.4306,3.7640E+002
218.4375,3.9351E+002
218.4444,4.0687E+002
218.4514,4.2433E+002
218.4583,4.3941E+002
218.4653,4.4591E+002
218.4722,4.4727E+002
218.4792,4.6496E+002
218.4861,4.7876E+002
218.4931,4.8529E+002
218.5000,4.9939E+002
218.5069,5.0699E+002
218.5139,5.1197E+002
218.5208,5.2235E+002
218.5278,5.2989E+002
218.5347,5.2872E+002
218.5417,5.4001E+002
218.5486,5.3525E+002
218.5556,5.3251E+002
218.5625,5.3870E+002
218.5694,5.4712E+002
218.5764,5.4415E+002
218.5833,5.3752E+002
218.5903,5.3895E+002
218.5972,5.3551E+002
218.6042,5.2398E+002
218.6111,5.1373E+002
218.6181,5.0673E+002
218.6250,5.0422E+002
218.6319,4.8756E+002
218.6389,4.7334E+002
218.6458,4.6737E+002
218.6528,4.5714E+002
218.6597,4.4374E+002
218.6667,4.3130E+002
218.6736,4.1403E+002
218.6806,4.0326E+002
218.6875,3.9147E+002
218.6944,3.6430E+002
218.7014,3.3746E+002
218.7083,3.3579E+002
218.7153,2.9588E+002
218.7222,2.6507E+002
218.7292,1.6155E+002
218.7361,5.1680E+001
218.7431,4.1226E+001
218.7500,3.6474E+001
218.7569,3.7370E+001
218.7639,3.8010E+001
218.7708,3.4557E+001
218.7778,2.6501E+001
218.7847,1.7974E+001
218.7917,1.2143E+001
218.7986,1.5572E+001
218.8056,1.8812E+001
218.8125,2.2627E+001
218.8194,2.1818E+001
218.8264,1.6913E+001
218.8333,1.0732E+001
218.8403,5.5368E+000
218.8472,3.2565E+000
218.8542,2.0229E+000
218.8611,6.0706E-001
218.8681,3.9752E-011
218.8750,0.0000E+000
218.8819,0.0000E+000
218.8889,0.0000E+000
218.8958,0.0000E+000
218.9028,0.0000E+000
218.9097,0.0000E+000
218.9167,0.0000E+000
218.9236,0.0000E+000
218.9306,0.0000E+000
218.9375,0.0000E+000
218.9444,0.0000E+000
218.9514,0.0000E+000
218.9583,0.0000E+000
218.9653,0.0000E+000
218.9722,0.0000E+000
218.9792,0.0000E+000
218.9861,0.0000E+000
218.9931,0.0000E+000
219.0000,0.0000E+000
219.0069,0.0000E+000
219.0139,0.0000E+000
219.0208,0.0000E+000
219.0278,0.0000E+000
219.0347,0.0000E+000
219.0417,0.0000E+000
219.0486,0.0000E+000
219.0556,0.0000E+000
219.0625,0.0000E+000
219.0694,0.0000E+000
219.0764,0.0000E+000
219.0833,0.0000E+000
219.0903,0.0000E+000
219.0972,0.0000E+000
219.1042,0.0000E+000
219.1111,0.0000E+000
219.1181,0.0000E+000
219.1250,0.0000E+000
219.1319,0.0000E+000
219.1389,0.0000E+000
219.1458,0.0000E+000
219.1528,0.0000E+000
219.1597,0.0000E+000
219.1667,0.0000E+000
219.1736,0.0000E+000
219.1806,0.0000E+000
219.1875,0.0000E+000
219.1944,0.0000E+000
219.2014,0.0000E+000
219.2083,0.0000E+000
219.2153,0.0000E+000
219.2222,0.0000E+000
219.2292,0.0000E+000
219.2361,0.0000E+000
219.2431,0.0000E+000
219.2500,0.0000E+000
219.2569,1.0960E-001
219.2639,9.0533E-001
219.2708,1.7244E+000
219.2778,3.1077E+000
219.2847,4.1687E+000
219.2917,5.5442E+000
219.2986,6.7348E+000
219.3056,7.8833E+000
219.3125,8.7783E+000
219.3194,9.8444E+000
219.3264,1.0916E+001
219.3333,1.2350E+001
219.3403,1.3719E+001
219.3472,1.5267E+001
219.3542,1.7233E+001
219.3611,1.9150E+001
219.3681,2.0828E+001
219.3750,2.2733E+001
219.3819,2.4475E+001
219.3889,2.4952E+001
219.3958,9.0713E+001
219.4028,5.2704E+001
219.4097,9.5864E+001
219.4167,1.2047E+002
219.4236,3.5460E+002
219.4306,3.6280E+002
219.4375,3.7694E+002
219.4444,3.8790E+002
219.4514,3.9917E+002
219.4583,4.1455E+002
219.4653,4.2709E+002
219.4722,4.4000E+002
219.4792,4.4417E+002
219.4861,4.5595E+002
219.4931,4.6552E+002
219.5000,4.7626E+002
219.5069,4.8696E+002
219.5139,4.9029E+002
219.5208,4.9503E+002
219.5278,4.9639E+002
219.5347,5.1610E+002
219.5417,5.1660E+002
219.5486,5.1638E+002
219.5556,5.2375E+002
219.5625,5.2600E+002
219.5694,5.2949E+002
219.5764,5.3188E+002
219.5833,5.2755E+002
219.5903,5.2541E+002
219.5972,5.1906E+002
219.6042,5.1860E+002
219.6111,5.0299E+002
219.6181,5.0281E+002
219.6250,4.9168E+002
219.6319,4.7367E+002
219.6389,4.6207E+002
219.6458,4.4812E+002
219.6528,4.4173E+002
219.6597,4.2994E+002
219.6667,4.2044E+002
219.6736,3.9860E+002
219.6806,3.9045E+002
219.6875,3.7412E+002
219.6944,3.6224E+002
219.7014,3.4580E+002
219.7083,3.2150E+002
219.7153,3.1278E+002
219.7222,2.9789E+002
219.7292,1.6722E+002
219.7361,3.1491E+001
219.7431,2.6184E+001
219.7500,2.7102E+001
219.7569,2.3859E+001
219.7639,2.1561E+001
219.7708,2.0076E+001
219.7778,1.8877E+001
219.7847,1.7782E+001
219.7917,1.6252E+001
219.7986,1.5192E+001
219.8056,1.4020E+001
219.8125,1.2522E+001
219.8194,1.0768E+001
219.8264,9.2437E+000
219.8333,7.9176E+000
219.8403,5.9748E+000
219.8472,4.1858E+000
219.8542,2.2196E+000
219.8611,6.5364E-001
219.8681,4.2802E-011
219.8750,0.0000E+000
219.8819,0.0000E+000
219.8889,0.0000E+000
219.8958,0.0000E+000
219.9028,0.0000E+000
219.9097,0.0000E+000
219.9167,0.0000E+000
219.9236,0.0000E+000
219.9306,0.0000E+000
219.9375,0.0000E+000
219.9444,0.0000E+000
219.9514,0.0000E+000
219.9583,0.0000E+000
219.9653,0.0000E+000
219.9722,0.0000E+000
219.9792,0.0000E+000
219.9861,0.0000E+000
219.9931,0.0000E+000
220.0000,0.0000E+000
220.0069,0.0000E+000
220.0139,0.0000E+000
220.0208,0.0000E+000
220.0278,0.0000E+000
220.0347,0.0000E+000
220.0417,0.0000E+000
220.0486,0.0000E+000
220.0556,0.0000E+000
220.0625,0.0000E+000
220.0694,0.0000E+000
220.0764,0.0000E+000
220.0833,0.0000E+000
220.0903,0.0000E+000
220.0972,0.0000E+000
220.1042,0.0000E+000
220.1111,0.0000E+000
220.1181,0.0000E+000
220.1250,0.0000E+000
220.1319,0.0000E+000
220.1389,0.0000E+000
220.1458,0.0000E+000
220.1528,0.0000E+000
220.1597,0.0000E+000
220.1667,0.0000E+000
220.1736,0.0000E+000
220.1806,0.0000E+000
220.1875,0.0000E+000
220.1944,0.0000E+000
220.2014,0.0000E+000
220.2083,0.0000E+000
220.2153,0.0000E+000
220.2222,0.0000E+000
220.2292,0.0000E+000
220.2361,0.0000E+000
220.2431,0.0000E+000
220.2500,0.0000E+000
220.2569,4.4158E-011
220.2639,6.7434E-001
220.2708,1.9251E+000
220.2778,3.4073E+000
220.2847,4.7430E+000
220.2917,6.4418E+000
220.2986,8.3014E+000
220.3056,9.7136E+000
220.3125,1.0813E+001
220.3194,1.2501E+001
220.3264,1.4102E+001
220.3333,1.5599E+001
220.3403,1.6955E+001
220.3472,1.8581E+001
220.3542,2.0833E+001
220.3611,2.3135E+001
220.3681,2.5580E+001
220.3750,2.7845E+001
220.3819,3.0503E+001
220.3889,3.1805E+001
220.3958,7.2167E+001
220.4028,4.3608E+001
220.4097,7.9752E+001
220.4167,8.6123E+001
220.4236,3.3950E+002
220.4306,3.5206E+002
220.4375,3.6415E+002
220.4444,3.7623E+002
220.4514,3.8819E+002
220.4583,4.0556E+002
220.4653,4.2427E+002
220.4722,4.4089E+002
220.4792,4.5010E+002
220.4861,4.5758E+002
220.4931,4.6977E+002
220.5000,4.7766E+002
220.5069,4.8598E+002
220.5139,4.8804E+002
220.5208,4.9401E+002
220.5278,5.0754E+002
220.5347,5.1038E+002
220.5417,5.2091E+002
220.5486,5.1880E+002
220.5556,5.2601E+002
220.5625,5.3031E+002
220.5694,5.2889E+002
220.5764,5.2696E+002
220.5833,5.2300E+002
220.5903,5.1201E+002
220.5972,5.1053E+002
220.6042,5.1013E+002
220.6111,5.0343E+002
220.6181,4.8481E+002
220.6250,4.7601E+002
220.6319,4.6608E+002
220.6389,4.5487E+002
220.6458,4.3963E+002
220.6528,4.3278E+002
220.6597,4.2056E+002
220.6667,4.1280E+002
220.6736,3.8836E+002
220.6806,3.8225E+002
220.6875,3.6211E+002
220.6944,3.4756E+002
220.7014,3.3473E+002
220.7083,3.2031E+002
220.7153,2.9684E+002
220.7222,2.7786E+002
220.7292,1.7678E+002
220.7361,2.3728E+001
220.7431,2.7454E+001
220.7500,3.0048E+001
220.7569,2.5398E+001
220.7639,2.3798E+001
220.7708,2.2172E+001
220.7778,2.0281E+001
220.7847,1.8594E+001
220.7917,1.5544E+001
220.7986,1.4522E+001
220.8056,1.2615E+001
220.8125,1.1375E+001
220.8194,1.0174E+001
220.8264,9.1921E+000
220.8333,7.4267E+000
220.8403,5.9446E+000
220.8472,4.0288E+000
220.8542,2.1207E+000
220.8611,4.7652E-001
220.8681,3.1205E-011
220.8750,0.0000E+000
220.8819,0.0000E+000
220.8889,0.0000E+000
220.8958,0.0000E+000
220.9028,0.0000E+000
220.9097,0.0000E+000
220.9167,0.0000E+000
220.9236,0.0000E+000
220.9306,0.0000E+000
220.9375,0.0000E+000
220.9444,0.0000E+000
220.9514,0.0000E+000
220.9583,0.0000E+000
220.9653,0.0000E+000
220.9722,0.0000E+000
220.9792,0.0000E+000
220.9861,0.0000E+000
220.9931,0.0000E+000
221.0000,0.0000E+000
221.0069,0.0000E+000
221.0139,0.0000E+000
221.0208,0.0000E+000
221.0278,0.0000E+000
221.0347,0.0000E+000
221.0417,0.0000E+000
221.0486,0.0000E+000
221.0556,0.0000E+000
221.0625,0.0000E+000
221.0694,0.0000E+000
221.0764,0.0000E+000
221.0833,0.0000E+000
221.0903,0.0000E+000
221.0972,0.0000E+000
221.1042,0.0000E+000
221.1111,0.0000E+000
221.1181,0.0000E+000
221.1250,0.0000E+000
221.1319,0.0000E+000
221.1389,0.0000E+000
221.1458,0.0000E+000
221.1528,0.0000E+000
221.1597,0.0000E+000
221.1667,0.0000E+000
221.1736,0.0000E+000
221.1806,0.0000E+000
221.1875,0.0000E+000
221.1944,0.0000E+000
221.2014,0.0000E+000
221.2083,0.0000E+000
221.2153,0.0000E+000
221.2222,0.0000E+000
221.2292,0.0000E+000
221.2361,0.0000E+000
221.2431,0.0000E+000
221.2500,0.0000E+000
221.2569,2.1651E-011
221.2639,3.3063E-001
221.2708,1.9086E+000
221.2778,3.8806E+000
221.2847,6.0401E+000
221.2917,8.1061E+000
221.2986,1.0407E+001
221.3056,1.2611E+001
221.3125,1.4831E+001
221.3194,1.6878E+001
221.3264,1.8694E+001
221.3333,2.0823E+001
221.3403,2.3211E+001
221.3472,2.5337E+001
221.3542,2.7917E+001
221.3611,3.0895E+001
221.3681,3.4215E+001
221.3750,3.7290E+001
221.3819,4.0380E+001
221.3889,4.2370E+001
221.3958,5.4488E+001
221.4028,4.9500E+001
221.4097,6.9540E+001
221.4167,1.2004E+002
221.4236,3.2499E+002
221.4306,3.3213E+002
221.4375,3.4056E+002
221.4444,3.5277E+002
221.4514,3.6332E+002
221.4583,3.7777E+002
221.4653,3.9007E+002
221.4722,4.0828E+002
221.4792,4.2670E+002
221.4861,4.3787E+002
221.4931,4.5456E+002
221.5000,4.6582E+002
221.5069,4.7203E+002
221.5139,4.8105E+002
221.5208,4.8919E+002
221.5278,4.9570E+002
221.5347,5.0264E+002
221.5417,5.0699E+002
221.5486,5.0669E+002
221.5556,5.1085E+002
221.5625,5.1754E+002
221.5694,5.1793E+002
221.5764,5.1536E+002
221.5833,5.0659E+002
221.5903,4.9594E+002
221.5972,4.9553E+002
221.6042,4.8804E+002
221.6111,4.8851E+002
221.6181,4.7743E+002
221.6250,4.6338E+002
221.6319,4.5296E+002
221.6389,4.3158E+002
221.6458,4.2243E+002
221.6528,4.2361E+002
221.6597,4.2029E+002
221.6667,4.0225E+002
221.6736,3.8746E+002
221.6806,3.7519E+002
221.6875,3.6422E+002
221.6944,3.3984E+002
221.7014,3.2602E+002
221.7083,3.0978E+002
221.7153,2.9803E+002
221.7222,2.6895E+002
221.7292,1.8737E+002
221.7361,3.1918E+001
221.7431,3.4334E+001
221.7500,3.6744E+001
221.7569,3.3029E+001
221.7639,3.2288E+001
221.7708,3.0804E+001
221.7778,2.8519E+001
221.7847,2.5547E+001
221.7917,2.3995E+001
221.7986,2.2830E+001
221.8056,2.0812E+001
221.8125,1.8541E+001
221.8194,1.6389E+001
221.8264,1.3137E+001
221.8333,1.0368E+001
221.8403,8.9811E+000
221.8472,6.1257E+000
221.8542,2.9546E+000
221.8611,8.3555E-001
221.8681,1.0371E-002
221.8750,0.0000E+000
221.8819,0.0000E+000
221.8889,0.0000E+000
221.8958,0.0000E+000
221.9028,0.0000E+000
221.9097,0.0000E+000
221.9167,0.0000E+000
221.9236,0.0000E+000
221.9306,0.0000E+000
221.9375,0.0000E+000
221.9444,0.0000E+000
221.9514,0.0000E+000
221.9583,0.0000E+000
221.9653,0.0000E+000
221.9722,0.0000E+000
221.9792,0.0000E+000
221.9861,0.0000E+000
221.9931,0.0000E+000
222.0000,0.0000E+000
222.0069,0.0000E+000
222.0139,0.0000E+000
222.0208,0.0000E+000
222.0278,0.0000E+000
222.0347,0.0000E+000
222.0417,0.0000E+000
222.0486,0.0000E+000
222.0556,0.0000E+000
222.0625,0.0000E+000
222.0694,0.0000E+000
222.0764,0.0000E+000
222.0833,0.0000E+000
222.0903,0.0000E+000
222.0972,0.0000E+000
222.1042,0.0000E+000
222.1111,0.0000E+000
222.1181,0.0000E+000
222.1250,0.0000E+000
222.1319,0.0000E+000
222.1389,0.0000E+000
222.1458,0.0000E+000
222.1528,0.0000E+000
222.1597,0.0000E+000
222.1667,0.0000E+000
222.1736,0.0000E+000
222.1806,0.0000E+000
222.1875,0.0000E+000
222.1944,0.0000E+000
222.2014,0.0000E+000
222.2083,0.0000E+000
222.2153,0.0000E+000
222.2222,0.0000E+000
222.2292,0.0000E+000
222.2361,0.0000E+000
222.2431,0.0000E+000
222.2500,0.0000E+000
222.2569,5.9762E-011
222.2639,9.1262E-001
222.2708,3.0399E+000
222.2778,6.0364E+000
222.2847,9.2487E+000
222.2917,1.2987E+001
222.2986,1.5522E+001
222.3056,2.0017E+001
222.3125,2.4236E+001
222.3194,2.9753E+001
222.3264,2.9543E+001
222.3333,2.8073E+001
222.3403,3.2705E+001
222.3472,3.7903E+001
222.3542,4.1990E+001
222.3611,4.5198E+001
222.3681,5.1468E+001
222.3750,7.6485E+001
222.3819,8.5578E+001
222.3889,9.2570E+001
222.3958,1.4613E+002
222.4028,1.6956E+002
222.4097,1.3727E+002
222.4167,1.2345E+002
222.4236,1.8708E+002
222.4306,4.0349E+002
222.4375,2.0224E+002
222.4444,2.9149E+002
222.4514,2.3549E+002
222.4583,2.8143E+002
222.4653,2.2001E+002
222.4722,2.1255E+002
222.4792,2.1696E+002
222.4861,1.7360E+002
222.4931,1.5188E+002
222.5000,1.5216E+002
222.5069,1.8209E+002
222.5139,2.9651E+002
222.5208,4.5220E+002
222.5278,5.5343E+002
222.5347,3.6466E+002
222.5417,4.6159E+002
222.5486,3.2704E+002
222.5556,2.9097E+002
222.5625,3.4372E+002
222.5694,4.9326E+002
222.5764,4.3351E+002
222.5833,4.1248E+002
222.5903,4.2859E+002
222.5972,4.3107E+002
222.6042,4.2022E+002
222.6111,4.1802E+002
222.6181,4.1896E+002
222.6250,4.5125E+002
222.6319,4.2414E+002
222.6389,3.9221E+002
222.6458,3.7911E+002
222.6528,3.6849E+002
222.6597,3.6004E+002
222.6667,3.1457E+002
222.6736,3.2719E+002
222.6806,3.4653E+002
222.6875,3.0413E+002
222.6944,1.3303E+002
222.7014,1.8218E+002
222.7083,1.5365E+002
222.7153,1.5136E+002
222.7222,2.1541E+002
222.7292,2.2276E+002
222.7361,1.0731E+002
222.7431,8.6925E+001
222.7500,6.3930E+001
222.7569,5.8349E+001
222.7639,5.0367E+001
222.7708,4.2760E+001
222.7778,3.6067E+001
222.7847,3.4236E+001
222.7917,3.0087E+001
222.7986,3.3062E+001
222.8056,2.9483E+001
222.8125,2.1270E+001
222.8194,1.3748E+001
222.8264,1.0696E+001
222.8333,8.2717E+000
222.8403,6.2224E+000
222.8472,3.8938E+000
222.8542,1.2515E+000
222.8611,1.5684E-001
222.8681,1.0270E-011
222.8750,0.0000E+000
222.8819,0.0000E+000
222.8889,0.0000E+000
222.8958,0.0000E+000
222.9028,0.0000E+000
222.9097,0.0000E+000
222.9167,0.0000E+000
222.9236,0.0000E+000
222.9306,0.0000E+000
222.9375,0.0000E+000
222.9444,0.0000E+000
222.9514,0.0000E+000
222.9583,0.0000E+000
222.9653,0.0000E+000
222.9722,0.0000E+000
222.9792,0.0000E+000
222.9861,0.0000E+000
222.9931,0.0000E+000
223.0000,0.0000E+000
223.0069,0.0000E+000
223.0139,0.0000E+000
223.0208,0.0000E+000
223.0278,0.0000E+000
223.0347,0.0000E+000
223.0417,0.0000E+000
223.0486,0.0000E+000
223.0556,0.0000E+000
223.0625,0.0000E+000
223.0694,0.0000E+000
223.0764,0.0000E+000
223.0833,0.0000E+000
223.0903,0.0000E+000
223.0972,0.0000E+000
223.1042,0.0000E+000
223.1111,0.0000E+000
223.1181,0.0000E+000
223.1250,0.0000E+000
223.1319,0.0000E+000
223.1389,0.0000E+000
223.1458,0.0000E+000
223.1528,0.0000E+000
223.1597,0.0000E+000
223.1667,0.0000E+000
223.1736,0.0000E+000
223.1806,0.0000E+000
223.1875,0.0000E+000
223.1944,0.0000E+000
223.2014,0.0000E+000
223.2083,0.0000E+000
223.2153,0.0000E+000
223.2222,0.0000E+000
223.2292,0.0000E+000
223.2361,0.0000E+000
223.2431,0.0000E+000
223.2500,0.0000E+000
223.2569,2.5038E-011
223.2639,3.8235E-001
223.2708,1.9785E+000
223.2778,4.7522E+000
223.2847,8.1855E+000
223.2917,1.1467E+001
223.2986,1.4011E+001
223.3056,1.6878E+001
223.3125,2.0820E+001
223.3194,2.4002E+001
223.3264,2.6151E+001
223.3333,2.8274E+001
223.3403,3.2430E+001
223.3472,3.5576E+001
223.3542,3.9148E+001
223.3611,4.1160E+001
223.3681,4.2342E+001
223.3750,4.4559E+001
223.3819,4.7018E+001
223.3889,4.9192E+001
223.3958,5.1470E+001
223.4028,5.5784E+001
223.4097,6.1103E+001
223.4167,1.3848E+002
223.4236,3.1288E+002
223.4306,3.2336E+002
223.4375,3.4669E+002
223.4444,3.7402E+002
223.4514,3.4309E+002
223.4583,3.7962E+002
223.4653,3.2857E+002
223.4722,3.0519E+002
223.4792,3.9498E+002
223.4861,4.7119E+002
223.4931,4.3414E+002
223.5000,4.5395E+002
223.5069,4.6251E+002
223.5139,4.7333E+002
223.5208,4.7804E+002
223.5278,4.8694E+002
223.5347,4.9310E+002
223.5417,5.0245E+002
223.5486,5.1196E+002
223.5556,5.0111E+002
223.5625,4.8878E+002
223.5694,4.3852E+002
223.5764,5.3260E+002
223.5833,5.4716E+002
223.5903,5.5524E+002
223.5972,4.6582E+002
223.6042,4.3561E+002
223.6111,2.6719E+002
223.6181,2.7715E+002
223.6250,4.5400E+002
223.6319,4.7568E+002
223.6389,4.5744E+002
223.6458,4.9145E+002
223.6528,4.6280E+002
223.6597,4.2434E+002
223.6667,3.9004E+002
223.6736,2.4278E+002
223.6806,1.3547E+002
223.6875,2.2520E+002
223.6944,2.4327E+002
223.7014,1.9069E+002
223.7083,2.3886E+002
223.7153,2.5268E+002
223.7222,1.6714E+002
223.7292,1.7944E+002
223.7361,5.7767E+001
223.7431,3.4806E+001
223.7500,2.4402E+001
223.7569,2.3898E+001
223.7639,2.2963E+001
223.7708,1.5375E+001
223.7778,7.8556E+000
223.7847,4.5904E+000
223.7917,3.8264E+000
223.7986,1.8254E+000
223.8056,3.4343E-001
223.8125,1.9440E-002
223.8194,1.4191E-001
223.8264,5.0284E-001
223.8333,6.5900E-001
223.8403,1.5072E+000
223.8472,3.0792E+000
223.8542,3.9035E+000
223.8611,1.5487E+000
223.8681,1.0141E-010
223.8750,0.0000E+000
223.8819,0.0000E+000
223.8889,0.0000E+000
223.8958,0.0000E+000
223.9028,0.0000E+000
223.9097,0.0000E+000
223.9167,0.0000E+000
223.9236,0.0000E+000
223.9306,0.0000E+000
223.9375,0.0000E+000
223.9444,0.0000E+000
223.9514,0.0000E+000
223.9583,0.0000E+000
223.9653,0.0000E+000
223.9722,0.0000E+000
223.9792,0.0000E+000
223.9861,0.0000E+000
223.9931,0.0000E+000
224.0000,0.0000E+000
224.0069,0.0000E+000
224.0139,0.0000E+000
224.0208,0.0000E+000
224.0278,0.0000E+000
224.0347,0.0000E+000
224.0417,0.0000E+000
224.0486,0.0000E+000
224.0556,0.0000E+000
224.0625,0.0000E+000
224.0694,0.0000E+000
224.0764,0.0000E+000
224.0833,0.0000E+000
224.0903,0.0000E+000
224.0972,0.0000E+000
224.1042,0.0000E+000
224.1111,0.0000E+000
224.1181,0.0000E+000
224.1250,0.0000E+000
224.1319,0.0000E+000
224.1389,0.0000E+000
224.1458,0.0000E+000
224.1528,0.0000E+000
224.1597,0.0000E+000
224.1667,0.0000E+000
224.1736,0.0000E+000
224.1806,0.0000E+000
224.1875,0.0000E+000
224.1944,0.0000E+000
224.2014,0.0000E+000
224.2083,0.0000E+000
224.2153,0.0000E+000
224.2222,0.0000E+000
224.2292,0.0000E+000
224.2361,0.0000E+000
224.2431,0.0000E+000
224.2500,0.0000E+000
224.2569,8.0616E-012
224.2639,1.2311E-001
224.2708,1.1527E+000
224.2778,3.2656E+000
224.2847,5.8165E+000
224.2917,7.8666E+000
224.2986,1.0174E+001
224.3056,1.2438E+001
224.3125,1.4646E+001
224.3194,1.7228E+001
224.3264,1.9349E+001
224.3333,2.2247E+001
224.3403,2.4969E+001
224.3472,2.7637E+001
224.3542,2.9762E+001
224.3611,3.3080E+001
224.3681,3.6811E+001
224.3750,4.0368E+001
224.3819,4.2259E+001
224.3889,4.3964E+001
224.3958,4.6989E+001
224.4028,5.2169E+001
224.4097,6.1473E+001
224.4167,1.1067E+002
224.4236,3.0939E+002
224.4306,3.1751E+002
224.4375,3.3064E+002
224.4444,3.4399E+002
224.4514,3.5939E+002
224.4583,3.7183E+002
224.4653,3.9373E+002
224.4722,4.1357E+002
224.4792,4.2140E+002
224.4861,4.3450E+002
224.4931,4.4266E+002
224.5000,4.5110E+002
224.5069,4.5837E+002
224.5139,4.6803E+002
224.5208,4.8199E+002
224.5278,4.8441E+002
224.5347,4.8968E+002
224.5417,4.9594E+002
224.5486,5.0370E+002
224.5556,4.9860E+002
224.5625,4.9754E+002
224.5694,4.9734E+002
224.5764,4.9429E+002
224.5833,4.9263E+002
224.5903,4.8322E+002
224.5972,4.8585E+002
224.6042,4.8080E+002
224.6111,4.7474E+002
224.6181,4.6606E+002
224.6250,4.6043E+002
224.6319,4.4942E+002
224.6389,4.4826E+002
224.6458,2.8789E+002
224.6528,3.1491E+002
224.6597,1.8619E+002
224.6667,2.6303E+002
224.6736,2.5119E+002
224.6806,2.4266E+002
224.6875,1.5362E+002
224.6944,1.3366E+002
224.7014,1.1957E+002
224.7083,1.0869E+002
224.7153,8.5082E+001
224.7222,8.0679E+001
224.7292,1.0119E+002
224.7361,1.0684E+002
224.7431,1.0139E+002
224.7500,9.8658E+001
224.7569,9.7335E+001
224.7639,9.2764E+001
224.7708,6.4337E+001
224.7778,4.3514E+001
224.7847,2.9761E+001
224.7917,2.6351E+001
224.7986,2.1127E+001
224.8056,2.3253E+001
224.8125,2.0893E+001
224.8194,1.5603E+001
224.8264,1.7203E+001
224.8333,1.5663E+001
224.8403,1.1925E+001
224.8472,7.5146E+000
224.8542,1.3223E+000
224.8611,0.0000E+000
224.8681,0.0000E+000
224.8750,0.0000E+000
224.8819,0.0000E+000
224.8889,0.0000E+000
224.8958,0.0000E+000
224.9028,0.0000E+000
224.9097,0.0000E+000
224.9167,0.0000E+000
224.9236,0.0000E+000
224.9306,0.0000E+000
224.9375,0.0000E+000
224.9444,0.0000E+000
224.9514,0.0000E+000
224.9583,0.0000E+000
224.9653,0.0000E+000
224.9722,0.0000E+000
224.9792,0.0000E+000
224.9861,0.0000E+000
224.9931,0.0000E+000
225.0000,0.0000E+000
225.0069,0.0000E+000
225.0139,0.0000E+000
225.0208,0.0000E+000
225.0278,0.0000E+000
225.0347,0.0000E+000
225.0417,0.0000E+000
225.0486,0.0000E+000
225.0556,0.0000E+000
225.0625,0.0000E+000
225.0694,0.0000E+000
225.0764,0.0000E+000
225.0833,0.0000E+000
225.0903,0.0000E+000
225.0972,0.0000E+000
225.1042,0.0000E+000
225.1111,0.0000E+000
225.1181,0.0000E+000
225.1250,0.0000E+000
225.1319,0.0000E+000
225.1389,0.0000E+000
225.1458,0.0000E+000
225.1528,0.0000E+000
225.1597,0.0000E+000
225.1667,0.0000E+000
225.1736,0.0000E+000
225.1806,0.0000E+000
225.1875,0.0000E+000
225.1944,0.0000E+000
225.2014,0.0000E+000
225.2083,0.0000E+000
225.2153,0.0000E+000
225.2222,0.0000E+000
225.2292,0.0000E+000
225.2361,0.0000E+000
225.2431,0.0000E+000
225.2500,0.0000E+000
225.2569,6.5329E-012
225.2639,9.9764E-002
225.2708,1.1343E+000
225.2778,5.5453E+000
225.2847,9.1161E+000
225.2917,1.0841E+001
225.2986,1.0686E+001
225.3056,1.3401E+001
225.3125,1.1369E+001
225.3194,1.6432E+001
225.3264,4.5556E+001
225.3333,5.6724E+001
225.3403,5.2104E+001
225.3472,5.3068E+001
225.3542,6.1840E+001
225.3611,6.1717E+001
225.3681,4.6064E+001
225.3750,3.6428E+001
225.3819,3.5816E+001
225.3889,4.0050E+001
225.3958,4.0087E+001
225.4028,4.5172E+001
225.4097,5.3451E+001
225.4167,4.6294E+001
225.4236,4.5285E+001
225.4306,5.0878E+001
225.4375,5.8506E+001
225.4444,1.2423E+002
225.4514,2.0264E+002
225.4583,2.3826E+002
225.4653,3.6616E+002
225.4722,2.0699E+002
225.4792,1.7557E+002
225.4861,1.5453E+002
225.4931,1.5917E+002
225.5000,1.6499E+002
225.5069,1.4644E+002
225.5139,1.1237E+002
225.5208,8.0310E+001
225.5278,6.4898E+001
225.5347,4.8951E+001
225.5417,6.0857E+001
225.5486,6.6778E+001
225.5556,6.2540E+001
225.5625,4.6995E+001
225.5694,4.0566E+001
225.5764,5.2174E+001
225.5833,4.6072E+001
225.5903,5.4270E+001
225.5972,6.6870E+001
225.6042,8.2309E+001
225.6111,1.1491E+002
225.6181,1.5355E+002
225.6250,1.8666E+002
225.6319,1.7131E+002
225.6389,1.5178E+002
225.6458,1.4142E+002
225.6528,1.4175E+002
225.6597,1.1030E+002
225.6667,6.6414E+001
225.6736,5.0816E+001
225.6806,5.3258E+001
225.6875,5.5690E+001
225.6944,5.8396E+001
225.7014,7.7662E+001
225.7083,8.9209E+001
225.7153,7.5467E+001
225.7222,6.7847E+001
225.7292,7.5178E+001
225.7361,7.3989E+001
225.7431,7.8667E+001
225.7500,8.2320E+001
225.7569,8.9420E+001
225.7639,9.6139E+001
225.7708,7.6138E+001
225.7778,5.7167E+001
225.7847,4.7200E+001
225.7917,4.7170E+001
225.7986,4.6908E+001
225.8056,4.0512E+001
225.8125,3.4310E+001
225.8194,2.6591E+001
225.8264,1.9552E+001
225.8333,1.5827E+001
225.8403,1.0805E+001
225.8472,5.9632E+000
225.8542,1.8688E+000
225.8611,5.1820E-002
225.8681,3.3934E-012
225.8750,0.0000E+000
225.8819,0.0000E+000
225.8889,0.0000E+000
225.8958,0.0000E+000
225.9028,0.0000E+000
225.9097,0.0000E+000
225.9167,0.0000E+000
225.9236,0.0000E+000
225.9306,0.0000E+000
225.9375,0.0000E+000
225.9444,0.0000E+000
225.9514,0.0000E+000
225.9583,0.0000E+000
225.9653,0.0000E+000
225.9722,0.0000E+000
225.9792,0.0000E+000
225.9861,0.0000E+000
225.9931,0.0000E+000
226.0000,0.0000E+000
226.0069,0.0000E+000
226.0139,0.0000E+000
226.0208,0.0000E+000
226.0278,0.0000E+000
226.0347,0.0000E+000
226.0417,0.0000E+000
226.0486,0.0000E+000
226.0556,0.0000E+000
226.0625,0.0000E+000
226.0694,0.0000E+000
226.0764,0.0000E+000
226.0833,0.0000E+000
226.0903,0.0000E+000
226.0972,0.0000E+000
226.1042,0.0000E+000
226.1111,0.0000E+000
226.1181,0.0000E+000
226.1250,0.0000E+000
226.1319,0.0000E+000
226.1389,0.0000E+000
226.1458,0.0000E+000
226.1528,0.0000E+000
226.1597,0.0000E+000
226.1667,0.0000E+000
226.1736,0.0000E+000
226.1806,0.0000E+000
226.1875,0.0000E+000
226.1944,0.0000E+000
226.2014,0.0000E+000
226.2083,0.0000E+000
226.2153,0.0000E+000
226.2222,0.0000E+000
226.2292,0.0000E+000
226.2361,0.0000E+000
226.2431,0.0000E+000
226.2500,0.0000E+000
226.2569,0.0000E+000
226.2639,0.0000E+000
226.2708,5.1168E-002
226.2778,8.1286E-001
226.2847,3.0435E+000
226.2917,4.4691E+000
226.2986,6.1318E+000
226.3056,9.8424E+000
226.3125,1.6993E+001
226.3194,2.5505E+001
226.3264,3.2610E+001
226.3333,4.2337E+001
226.3403,5.4540E+001
226.3472,7.0586E+001
226.3542,8.0107E+001
226.3611,8.5706E+001
226.3681,8.6227E+001
226.3750,7.9256E+001
226.3819,8.9423E+001
226.3889,9.0081E+001
226.3958,7.9379E+001
226.4028,7.6636E+001
226.4097,8.8458E+001
226.4167,1.1000E+002
226.4236,1.2012E+002
226.4306,1.3711E+002
226.4375,3.5170E+002
226.4444,2.8182E+002
226.4514,3.6579E+002
226.4583,4.0561E+002
226.4653,1.9475E+002
226.4722,3.5436E+002
226.4792,2.5845E+002
226.4861,2.1898E+002
226.4931,2.6674E+002
226.5000,4.1644E+002
226.5069,3.5132E+002
226.5139,3.5544E+002
226.5208,4.1315E+002
226.5278,2.8700E+002
226.5347,4.7268E+002
226.5417,3.9274E+002
226.5486,4.8365E+002
226.5556,4.5031E+002
226.5625,4.2588E+002
226.5694,3.8677E+002
226.5764,2.7991E+002
226.5833,2.6418E+002
226.5903,2.7656E+002
226.5972,3.7322E+002
226.6042,3.0226E+002
226.6111,3.4404E+002
226.6181,3.9170E+002
226.6250,5.3492E+002
226.6319,4.7322E+002
226.6389,4.0052E+002
226.6458,4.6804E+002
226.6528,4.3845E+002
226.6597,4.3054E+002
226.6667,4.2814E+002
226.6736,3.3289E+002
226.6806,2.9456E+002
226.6875,3.7932E+002
226.6944,2.6589E+002
226.7014,2.8459E+002
226.7083,2.9811E+002
226.7153,1.3918E+002
226.7222,3.0200E+002
226.7292,1.6888E+002
226.7361,9.2920E+001
226.7431,8.9458E+001
226.7500,6.7955E+001
226.7569,6.0971E+001
226.7639,2.7026E+001
226.7708,1.7446E+001
226.7778,1.0673E+001
226.7847,1.1579E+001
226.7917,2.3036E+001
226.7986,3.5608E+001
226.8056,4.3173E+001
226.8125,4.0479E+001
226.8194,2.8334E+001
226.8264,1.9368E+001
226.8333,1.1928E+001
226.8403,8.2042E+000
226.8472,4.6332E+000
226.8542,2.4539E+000
226.8611,1.6515E-001
226.8681,1.0814E-011
226.8750,0.0000E+000
226.8819,0.0000E+000
226.8889,0.0000E+000
226.8958,0.0000E+000
226.9028,0.0000E+000
226.9097,0.0000E+000
226.9167,0.0000E+000
226.9236,0.0000E+000
226.9306,0.0000E+000
226.9375,0.0000E+000
226.9444,0.0000E+000
226.9514,0.0000E+000
226.9583,0.0000E+000
226.9653,0.0000E+000
226.9722,0.0000E+000
226.9792,0.0000E+000
226.9861,0.0000E+000
226.9931,0.0000E+000
227.0000,0.0000E+000
227.0069,0.0000E+000
227.0139,0.0000E+000
227.0208,0.0000E+000
227.0278,0.0000E+000
227.0347,0.0000E+000
227.0417,0.0000E+000
227.0486,0.0000E+000
227.0556,0.0000E+000
227.0625,0.0000E+000
227.0694,0.0000E+000
227.0764,0.0000E+000
227.0833,0.0000E+000
227.0903,0.0000E+000
227.0972,0.0000E+000
227.1042,0.0000E+000
227.1111,0.0000E+000
227.1181,0.0000E+000
227.1250,0.0000E+000
227.1319,0.0000E+000
227.1389,0.0000E+000
227.1458,0.0000E+000
227.1528,0.0000E+000
227.1597,0.0000E+000
227.1667,0.0000E+000
227.1736,0.0000E+000
227.1806,0.0000E+000
227.1875,0.0000E+000
227.1944,0.0000E+000
227.2014,0.0000E+000
227.2083,0.0000E+000
227.2153,0.0000E+000
227.2222,0.0000E+000
227.2292,0.0000E+000
227.2361,0.0000E+000
227.2431,0.0000E+000
227.2500,0.0000E+000
227.2569,0.0000E+000
227.2639,0.0000E+000
227.2708,1.4247E-001
227.2778,1.2213E+000
227.2847,3.2412E+000
227.2917,4.8931E+000
227.2986,6.0827E+000
227.3056,7.7820E+000
227.3125,9.4372E+000
227.3194,1.1638E+001
227.3264,1.3414E+001
227.3333,1.7516E+001
227.3403,2.0721E+001
227.3472,1.9608E+001
227.3542,2.0381E+001
227.3611,2.1509E+001
227.3681,2.3822E+001
227.3750,2.6306E+001
227.3819,2.9047E+001
227.3889,3.2336E+001
227.3958,3.3340E+001
227.4028,3.5328E+001
227.4097,3.9666E+001
227.4167,1.6219E+002
227.4236,3.1331E+002
227.4306,3.2826E+002
227.4375,3.5266E+002
227.4444,3.7510E+002
227.4514,3.8291E+002
227.4583,4.0419E+002
227.4653,4.2215E+002
227.4722,4.5971E+002
227.4792,4.3972E+002
227.4861,4.8330E+002
227.4931,4.3295E+002
227.5000,5.4704E+002
227.5069,4.8572E+002
227.5139,2.7295E+002
227.5208,2.2099E+002
227.5278,1.4371E+002
227.5347,4.1901E+002
227.5417,1.6039E+002
227.5486,2.6864E+002
227.5556,4.2057E+002
227.5625,4.8887E+002
227.5694,1.6564E+002
227.5764,1.8447E+002
227.5833,1.7233E+002
227.5903,1.7748E+002
227.5972,1.9767E+002
227.6042,4.0982E+002
227.6111,3.6948E+002
227.6181,2.2637E+002
227.6250,1.2056E+002
227.6319,2.4705E+002
227.6389,5.4175E+002
227.6458,4.8006E+002
227.6528,5.7316E+001
227.6597,5.6700E+001
227.6667,9.9091E+001
227.6736,1.1525E+002
227.6806,9.9541E+001
227.6875,9.3911E+001
227.6944,7.5553E+001
227.7014,5.9915E+001
227.7083,5.9016E+001
227.7153,5.7093E+001
227.7222,5.4833E+001
227.7292,5.6153E+001
227.7361,5.7318E+001
227.7431,6.7226E+001
227.7500,8.4785E+001
227.7569,9.1802E+001
227.7639,9.7196E+001
227.7708,7.9393E+001
227.7778,6.3638E+001
227.7847,4.3139E+001
227.7917,2.6620E+001
227.7986,1.5581E+001
227.8056,1.4329E+001
227.8125,1.2953E+001
227.8194,1.0865E+001
227.8264,7.9341E+000
227.8333,6.2738E+000
227.8403,3.8858E+000
227.8472,1.3112E+000
227.8542,2.0332E-001
227.8611,0.0000E+000
227.8681,0.0000E+000
227.8750,0.0000E+000
227.8819,0.0000E+000
227.8889,0.0000E+000
227.8958,0.0000E+000
227.9028,0.0000E+000
227.9097,0.0000E+000
227.9167,0.0000E+000
227.9236,0.0000E+000
227.9306,0.0000E+000
227.9375,0.0000E+000
227.9444,0.0000E+000
227.9514,0.0000E+000
227.9583,0.0000E+000
227.9653,0.0000E+000
227.9722,0.0000E+000
227.9792,0.0000E+000
227.9861,0.0000E+000
227.9931,0.0000E+000
228.0000,0.0000E+000
228.0069,0.0000E+000
228.0139,0.0000E+000
228.0208,0.0000E+000
228.0278,0.0000E+000
228.0347,0.0000E+000
228.0417,0.0000E+000
228.0486,0.0000E+000
228.0556,0.0000E+000
228.0625,0.0000E+000
228.0694,0.0000E+000
228.0764,0.0000E+000
228.0833,0.0000E+000
228.0903,0.0000E+000
228.0972,0.0000E+000
228.1042,0.0000E+000
228.1111,0.0000E+000
228.1181,0.0000E+000
228.1250,0.0000E+000
228.1319,0.0000E+000
228.1389,0.0000E+000
228.1458,0.0000E+000
228.1528,0.0000E+000
228.1597,0.0000E+000
228.1667,0.0000E+000
228.1736,0.0000E+000
228.1806,0.0000E+000
228.1875,0.0000E+000
228.1944,0.0000E+000
228.2014,0.0000E+000
228.2083,0.0000E+000
228.2153,0.0000E+000
228.2222,0.0000E+000
228.2292,0.0000E+000
228.2361,0.0000E+000
228.2431,0.0000E+000
228.2500,0.0000E+000
228.2569,1.7807E-012
228.2639,2.7194E-002
228.2708,6.1315E-001
228.2778,1.9923E+000
228.2847,3.3629E+000
228.2917,4.4895E+000
228.2986,7.6796E+000
228.3056,1.0852E+001
228.3125,1.0936E+001
228.3194,1.3371E+001
228.3264,1.3164E+001
228.3333,1.5006E+001
228.3403,1.6644E+001
228.3472,1.9087E+001
228.3542,2.1992E+001
228.3611,2.2858E+001
228.3681,2.6410E+001
228.3750,2.9309E+001
228.3819,3.5454E+001
228.3889,4.9104E+001
228.3958,7.4545E+001
228.4028,7.3722E+001
228.4097,6.4551E+001
228.4167,1.9120E+002
228.4236,2.8497E+002
228.4306,1.9401E+002
228.4375,2.3356E+002
228.4444,3.4951E+002
228.4514,4.4957E+002
228.4583,4.3647E+002
228.4653,4.0717E+002
228.4722,4.2742E+002
228.4792,4.2166E+002
228.4861,3.7794E+002
228.4931,4.3325E+002
228.5000,4.2772E+002
228.5069,4.4237E+002
228.5139,4.5246E+002
228.5208,4.6772E+002
228.5278,4.4399E+002
228.5347,5.1225E+002
228.5417,5.3205E+002
228.5486,5.3539E+002
228.5556,5.5173E+002
228.5625,5.5678E+002
228.5694,5.4340E+002
228.5764,5.3021E+002
228.5833,5.5179E+002
228.5903,5.3188E+002
228.5972,4.7590E+002
228.6042,5.1109E+002
228.6111,4.9125E+002
228.6181,3.3212E+002
228.6250,3.8027E+002
228.6319,4.4032E+002
228.6389,2.9538E+002
228.6458,2.6304E+002
228.6528,4.4490E+002
228.6597,4.1301E+002
228.6667,1.8690E+002
228.6736,3.7794E+002
228.6806,1.1610E+002
228.6875,2.2684E+002
228.6944,9.6026E+001
228.7014,1.1945E+002
228.7083,8.5783E+001
228.7153,7.9658E+001
228.7222,7.1634E+001
228.7292,6.3605E+001
228.7361,6.2327E+001
228.7431,6.4735E+001
228.7500,5.9103E+001
228.7569,5.5929E+001
228.7639,6.3029E+001
228.7708,5.1882E+001
228.7778,4.0474E+001
228.7847,3.9724E+001
228.7917,4.6135E+001
228.7986,5.3100E+001
228.8056,4.3560E+001
228.8125,2.5429E+001
228.8194,2.0540E+001
228.8264,1.9018E+001
228.8333,1.4436E+001
228.8403,5.4589E+000
228.8472,4.8749E-001
228.8542,2.2465E-001
228.8611,0.0000E+000
228.8681,0.0000E+000
228.8750,0.0000E+000
228.8819,0.0000E+000
228.8889,0.0000E+000
228.8958,0.0000E+000
228.9028,0.0000E+000
228.9097,0.0000E+000
228.9167,0.0000E+000
228.9236,0.0000E+000
228.9306,0.0000E+000
228.9375,0.0000E+000
228.9444,0.0000E+000
228.9514,0.0000E+000
228.9583,0.0000E+000
228.9653,0.0000E+000
228.9722,0.0000E+000
228.9792,0.0000E+000
228.9861,0.0000E+000
228.9931,0.0000E+000
229.0000,0.0000E+000
229.0069,0.0000E+000
229.0139,0.0000E+000
229.0208,0.0000E+000
229.0278,0.0000E+000
229.0347,0.0000E+000
229.0417,0.0000E+000
229.0486,2.2991E-012
229.0556,1.4044E-001
229.0625,0.0000E+000
229.0694,0.0000E+000
229.0764,0.0000E+000
229.0833,0.0000E+000
229.0903,0.0000E+000
229.0972,0.0000E+000
229.1042,0.0000E+000
229.1111,0.0000E+000
229.1181,0.0000E+000
229.1250,0.0000E+000
229.1319,0.0000E+000
229.1389,0.0000E+000
229.1458,0.0000E+000
229.1528,0.0000E+000
229.1597,0.0000E+000
229.1667,0.0000E+000
229.1736,0.0000E+000
229.1806,0.0000E+000
229.1875,0.0000E+000
229.1944,0.0000E+000
229.2014,0.0000E+000
229.2083,0.0000E+000
229.2153,0.0000E+000
229.2222,0.0000E+000
229.2292,0.0000E+000
229.2361,0.0000E+000
229.2431,0.0000E+000
229.2500,0.0000E+000
229.2569,0.0000E+000
229.2639,0.0000E+000
229.2708,9.4932E-001
229.2778,4.3434E+000
229.2847,1.0522E+001
229.2917,1.7381E+001
229.2986,2.5890E+001
229.3056,3.4062E+001
229.3125,3.8789E+001
229.3194,3.6130E+001
229.3264,3.1301E+001
229.3333,3.5265E+001
229.3403,4.9336E+001
229.3472,5.7177E+001
229.3542,6.5623E+001
229.3611,7.6338E+001
229.3681,8.6070E+001
229.3750,9.8188E+001
229.3819,1.0179E+002
229.3889,1.1048E+002
229.3958,1.1129E+002
229.4028,1.1134E+002
229.4097,1.3092E+002
229.4167,1.5900E+002
229.4236,1.7282E+002
229.4306,2.0235E+002
229.4375,2.0598E+002
229.4444,1.6244E+002
229.4514,2.1109E+002
229.4583,1.7883E+002
229.4653,1.5107E+002
229.4722,1.6321E+002
229.4792,2.2345E+002
229.4861,2.0938E+002
229.4931,2.6284E+002
229.5000,2.3925E+002
229.5069,2.3553E+002
229.5139,1.8235E+002
229.5208,2.1226E+002
229.5278,3.5417E+002
229.5347,2.9947E+002
229.5417,4.9506E+002
229.5486,5.4408E+002
229.5556,3.2556E+002
229.5625,4.2579E+002
229.5694,2.8341E+002
229.5764,4.1745E+002
229.5833,4.0992E+002
229.5903,3.4306E+002
229.5972,5.0784E+002
229.6042,2.3972E+002
229.6111,2.7135E+002
229.6181,2.1869E+002
229.6250,4.5794E+002
229.6319,1.3089E+002
229.6389,3.3163E+002
229.6458,2.5732E+002
229.6528,3.6216E+002
229.6597,3.2504E+002
229.6667,3.6219E+002
229.6736,3.2280E+002
229.6806,4.0645E+002
229.6875,3.0917E+002
229.6944,2.3007E+002
229.7014,3.6556E+002
229.7083,3.1920E+002
229.7153,3.2566E+002
229.7222,3.1498E+002
229.7292,9.2264E+001
229.7361,4.2822E+001
229.7431,3.5280E+001
229.7500,2.5813E+001
229.7569,2.2602E+001
229.7639,3.4179E+001
229.7708,3.5620E+001
229.7778,3.0498E+001
229.7847,2.8980E+001
229.7917,3.0487E+001
229.7986,1.9127E+001
229.8056,9.1673E+000
229.8125,3.6721E+000
229.8194,5.7734E+000
229.8264,1.4832E+001
229.8333,7.6585E+000
229.8403,6.7547E+000
229.8472,1.2956E+001
229.8542,9.5391E+000
229.8611,3.0852E+000
229.8681,2.0203E-010
229.8750,0.0000E+000
229.8819,0.0000E+000
229.8889,0.0000E+000
229.8958,0.0000E+000
229.9028,0.0000E+000
229.9097,0.0000E+000
229.9167,0.0000E+000
229.9236,0.0000E+000
229.9306,0.0000E+000
229.9375,0.0000E+000
229.9444,0.0000E+000
229.9514,0.0000E+000
229.9583,0.0000E+000
229.9653,0.0000E+000
229.9722,0.0000E+000
229.9792,0.0000E+000
229.9861,0.0000E+000
229.9931,0.0000E+000
230.0000,0.0000E+000
230.0069,0.0000E+000
230.0139,0.0000E+000
230.0208,0.0000E+000
230.0278,0.0000E+000
230.0347,0.0000E+000
230.0417,0.0000E+000
230.0486,0.0000E+000
230.0556,0.0000E+000
230.0625,0.0000E+000
230.0694,0.0000E+000
230.0764,0.0000E+000
230.0833,0.0000E+000
230.0903,0.0000E+000
230.0972,0.0000E+000
230.1042,0.0000E+000
230.1111,0.0000E+000
230.1181,0.0000E+000
230.1250,0.0000E+000
230.1319,0.0000E+000
230.1389,0.0000E+000
230.1458,0.0000E+000
230.1528,0.0000E+000
230.1597,0.0000E+000
230.1667,0.0000E+000
230.1736,0.0000E+000
230.1806,0.0000E+000
230.1875,0.0000E+000
230.1944,0.0000E+000
230.2014,0.0000E+000
230.2083,0.0000E+000
230.2153,0.0000E+000
230.2222,0.0000E+000
230.2292,0.0000E+000
230.2361,0.0000E+000
230.2431,0.0000E+000
230.2500,0.0000E+000
230.2569,5.0403E-012
230.2639,7.6971E-002
230.2708,1.1015E+000
230.2778,5.8174E+000
230.2847,8.9712E+000
230.2917,1.0383E+001
230.2986,1.5655E+001
230.3056,1.5844E+001
230.3125,1.4534E+001
230.3194,1.0149E+001
230.3264,1.2596E+001
230.3333,2.5317E+001
230.3403,2.7236E+001
230.3472,2.6365E+001
230.3542,3.4936E+001
230.3611,4.7335E+001
230.3681,4.2448E+001
230.3750,2.4503E+001
230.3819,3.6234E+001
230.3889,4.7434E+001
230.3958,3.9830E+001
230.4028,4.3724E+001
230.4097,8.3964E+001
230.4167,1.8085E+002
230.4236,2.0428E+002
230.4306,3.0820E+002
230.4375,3.8433E+002
230.4444,4.0873E+002
230.4514,3.2555E+002
230.4583,3.3992E+002
230.4653,2.7790E+002
230.4722,4.0367E+002
230.4792,3.2640E+002
230.4861,3.1186E+002
230.4931,3.3818E+002
230.5000,5.4218E+002
230.5069,3.3872E+002
230.5139,3.6354E+002
230.5208,5.5714E+002
230.5278,5.1382E+002
230.5347,5.3587E+002
230.5417,2.8854E+002
230.5486,1.9852E+002
230.5556,2.8220E+002
230.5625,4.4610E+002
230.5694,3.0282E+002
230.5764,3.4816E+002
230.5833,5.6081E+002
230.5903,7.4838E+001
230.5972,4.1450E+002
230.6042,5.1264E+002
230.6111,4.9846E+002
230.6181,5.1340E+002
230.6250,5.3157E+002
230.6319,4.2879E+002
230.6389,1.1945E+002
230.6458,4.7693E+002
230.6528,4.5860E+002
230.6597,4.6318E+002
230.6667,4.3531E+002
230.6736,1.0729E+002
230.6806,1.3761E+002
230.6875,2.2426E+002
230.6944,1.9681E+002
230.7014,2.2964E+002
230.7083,2.6549E+002
230.7153,2.2923E+002
230.7222,1.5710E+002
230.7292,4.6119E+001
230.7361,4.6384E+001
230.7431,6.4663E+001
230.7500,3.3177E+001
230.7569,9.0843E+000
230.7639,8.5579E+000
230.7708,1.1608E+001
230.7778,3.7968E+001
230.7847,8.2653E+001
230.7917,6.7046E+001
230.7986,4.4182E+001
230.8056,2.6248E+001
230.8125,1.7269E+001
230.8194,1.1944E+001
230.8264,1.1763E+001
230.8333,9.0019E+000
230.8403,4.9746E+000
230.8472,2.9150E+000
230.8542,7.9795E-001
230.8611,0.0000E+000
230.8681,0.0000E+000
230.8750,0.0000E+000
230.8819,0.0000E+000
230.8889,0.0000E+000
230.8958,0.0000E+000
230.9028,0.0000E+000
230.9097,0.0000E+000
230.9167,0.0000E+000
230.9236,0.0000E+000
230.9306,0.0000E+000
230.9375,0.0000E+000
230.9444,0.0000E+000
230.9514,0.0000E+000
230.9583,0.0000E+000
230.9653,0.0000E+000
230.9722,0.0000E+000
230.9792,0.0000E+000
230.9861,0.0000E+000
230.9931,0.0000E+000
231.0000,0.0000E+000
231.0069,0.0000E+000
231.0139,0.0000E+000
231.0208,0.0000E+000
231.0278,0.0000E+000
231.0347,0.0000E+000
231.0417,0.0000E+000
231.0486,0.0000E+000
231.0556,0.0000E+000
231.0625,0.0000E+000
231.0694,0.0000E+000
231.0764,0.0000E+000
231.0833,0.0000E+000
231.0903,0.0000E+000
231.0972,0.0000E+000
231.1042,0.0000E+000
231.1111,0.0000E+000
231.1181,0.0000E+000
231.1250,0.0000E+000
231.1319,0.0000E+000
231.1389,0.0000E+000
231.1458,0.0000E+000
231.1528,0.0000E+000
231.1597,0.0000E+000
231.1667,0.0000E+000
231.1736,0.0000E+000
231.1806,0.0000E+000
231.1875,0.0000E+000
231.1944,0.0000E+000
231.2014,0.0000E+000
231.2083,0.0000E+000
231.2153,0.0000E+000
231.2222,0.0000E+000
231.2292,0.0000E+000
231.2361,0.0000E+000
231.2431,0.0000E+000
231.2500,0.0000E+000
231.2569,7.0701E-012
231.2639,1.0797E-001
231.2708,1.1676E+000
231.2778,2.7813E+000
231.2847,4.1712E+000
231.2917,5.9019E+000
231.2986,7.5434E+000
231.3056,1.0619E+001
231.3125,1.6510E+001
231.3194,2.1724E+001
231.3264,2.8773E+001
231.3333,2.4978E+001
231.3403,1.6765E+001
231.3472,1.5978E+001
231.3542,2.5307E+001
231.3611,2.7358E+001
231.3681,3.2269E+001
231.3750,3.5142E+001
231.3819,3.7046E+001
231.3889,3.3737E+001
231.3958,3.4159E+001
231.4028,3.1918E+001
231.4097,3.7087E+001
231.4167,6.5864E+001
231.4236,1.6870E+002
231.4306,3.1711E+002
231.4375,3.3657E+002
231.4444,3.6118E+002
231.4514,3.8915E+002
231.4583,4.0497E+002
231.4653,3.9131E+002
231.4722,4.5581E+002
231.4792,3.9144E+002
231.4861,2.7486E+002
231.4931,2.7776E+002
231.5000,4.0569E+002
231.5069,2.6580E+002
231.5139,2.6396E+002
231.5208,3.4957E+002
231.5278,3.2521E+002
231.5347,2.8351E+002
231.5417,3.7805E+002
231.5486,4.5007E+002
231.5556,4.9258E+002
231.5625,4.5301E+002
231.5694,3.5323E+002
231.5764,3.2333E+002
231.5833,2.4695E+002
231.5903,3.3223E+002
231.5972,2.7366E+002
231.6042,3.6734E+002
231.6111,3.5998E+002
231.6181,4.9259E+002
231.6250,3.2552E+002
231.6319,2.3406E+002
231.6389,2.5959E+002
231.6458,2.9817E+002
231.6528,3.0676E+002
231.6597,3.2977E+002
231.6667,2.6708E+002
231.6736,1.9817E+002
231.6806,2.6968E+002
231.6875,2.2358E+002
231.6944,2.5789E+002
231.7014,1.9441E+002
231.7083,1.8554E+002
231.7153,2.5598E+002
231.7222,1.2257E+002
231.7292,1.1341E+002
231.7361,8.8708E+001
231.7431,9.5651E+001
231.7500,9.0051E+001
231.7569,4.7405E+001
231.7639,3.8439E+001
231.7708,4.5965E+001
231.7778,3.4659E+001
231.7847,2.1818E+001
231.7917,1.6044E+001
231.7986,1.4050E+001
231.8056,1.0487E+001
231.8125,6.2088E+000
231.8194,9.3881E+000
231.8264,1.0376E+001
231.8333,5.7485E+000
231.8403,3.7798E+000
231.8472,1.3289E+000
231.8542,6.5264E-011
231.8611,0.0000E+000
231.8681,0.0000E+000
231.8750,0.0000E+000
231.8819,0.0000E+000
231.8889,0.0000E+000
231.8958,0.0000E+000
231.9028,0.0000E+000
231.9097,0.0000E+000
231.9167,0.0000E+000
231.9236,0.0000E+000
231.9306,0.0000E+000
231.9375,0.0000E+000
231.9444,0.0000E+000
231.9514,0.0000E+000
231.9583,0.0000E+000
231.9653,0.0000E+000
231.9722,0.0000E+000
231.9792,0.0000E+000
231.9861,0.0000E+000
231.9931,0.0000E+000
232.0000,0.0000E+000
232.0069,0.0000E+000
232.0139,0.0000E+000
232.0208,0.0000E+000
232.0278,0.0000E+000
232.0347,0.0000E+000
232.0417,0.0000E+000
232.0486,0.0000E+000
232.0556,0.0000E+000
232.0625,0.0000E+000
232.0694,0.0000E+000
232.0764,0.0000E+000
232.0833,0.0000E+000
232.0903,0.0000E+000
232.0972,0.0000E+000
232.1042,0.0000E+000
232.1111,0.0000E+000
232.1181,0.0000E+000
232.1250,0.0000E+000
232.1319,0.0000E+000
232.1389,0.0000E+000
232.1458,0.0000E+000
232.1528,0.0000E+000
232.1597,0.0000E+000
232.1667,0.0000E+000
232.1736,0.0000E+000
232.1806,0.0000E+000
232.1875,0.0000E+000
232.1944,0.0000E+000
232.2014,0.0000E+000
232.2083,0.0000E+000
232.2153,0.0000E+000
232.2222,0.0000E+000
232.2292,0.0000E+000
232.2361,0.0000E+000
232.2431,0.0000E+000
232.2500,0.0000E+000
232.2569,0.0000E+000
232.2639,0.0000E+000
232.2708,9.1402E-012
232.2778,1.8611E-001
232.2847,1.0830E+000
232.2917,4.9919E+000
232.2986,1.1801E+001
232.3056,1.8790E+001
232.3125,3.1101E+001
232.3194,2.5407E+001
232.3264,1.7701E+001
232.3333,1.0908E+001
232.3403,2.9616E+001
232.3472,3.2086E+001
232.3542,3.3997E+001
232.3611,5.4884E+001
232.3681,7.9759E+001
232.3750,8.7956E+001
232.3819,8.4148E+001
232.3889,9.8976E+001
232.3958,1.1599E+002
232.4028,1.0136E+002
232.4097,8.5618E+001
232.4167,9.7147E+001
232.4236,1.2638E+002
232.4306,3.2982E+002
232.4375,3.6902E+002
232.4444,3.6916E+002
232.4514,3.8214E+002
232.4583,4.0215E+002
232.4653,4.1437E+002
232.4722,4.2968E+002
232.4792,4.3532E+002
232.4861,4.4559E+002
232.4931,4.0015E+002
232.5000,3.6929E+002
232.5069,4.6394E+002
232.5139,4.6777E+002
232.5208,4.6988E+002
232.5278,4.7409E+002
232.5347,4.8759E+002
232.5417,4.9006E+002
232.5486,4.8932E+002
232.5556,4.9414E+002
232.5625,4.9409E+002
232.5694,4.9282E+002
232.5764,4.9670E+002
232.5833,4.9471E+002
232.5903,4.1059E+002
232.5972,4.9091E+002
232.6042,4.7863E+002
232.6111,4.7984E+002
232.6181,4.6973E+002
232.6250,4.5994E+002
232.6319,4.5137E+002
232.6389,4.4301E+002
232.6458,3.8279E+002
232.6528,4.1265E+002
232.6597,4.0150E+002
232.6667,3.9450E+002
232.6736,3.9249E+002
232.6806,3.8066E+002
232.6875,3.6415E+002
232.6944,3.4447E+002
232.7014,3.2869E+002
232.7083,3.0860E+002
232.7153,1.9967E+002
232.7222,8.0822E+001
232.7292,2.0884E+001
232.7361,1.8348E+001
232.7431,1.7934E+001
232.7500,1.5949E+001
232.7569,1.4477E+001
232.7639,1.3103E+001
232.7708,1.2567E+001
232.7778,1.1540E+001
232.7847,1.3570E+001
232.7917,1.3437E+001
232.7986,9.0892E+000
232.8056,7.7286E+000
232.8125,6.0230E+000
232.8194,5.2032E+000
232.8264,3.5474E+000
232.8333,1.9381E+000
232.8403,9.5096E-001
232.8472,4.0054E-002
232.8542,1.9671E-012
232.8611,0.0000E+000
232.8681,0.0000E+000
232.8750,0.0000E+000
232.8819,0.0000E+000
232.8889,0.0000E+000
232.8958,0.0000E+000
232.9028,0.0000E+000
232.9097,0.0000E+000
232.9167,0.0000E+000
232.9236,0.0000E+000
232.9306,0.0000E+000
232.9375,0.0000E+000
232.9444,0.0000E+000
232.9514,0.0000E+000
232.9583,0.0000E+000
232.9653,0.0000E+000
232.9722,0.0000E+000
232.9792,0.0000E+000
232.9861,0.0000E+000
232.9931,0.0000E+000
233.0000,0.0000E+000
233.0069,0.0000E+000
233.0139,0.0000E+000
233.0208,0.0000E+000
233.0278,0.0000E+000
233.0347,0.0000E+000
233.0417,0.0000E+000
233.0486,0.0000E+000
233.0556,0.0000E+000
233.0625,0.0000E+000
233.0694,0.0000E+000
233.0764,0.0000E+000
233.0833,0.0000E+000
233.0903,0.0000E+000
233.0972,0.0000E+000
233.1042,0.0000E+000
233.1111,0.0000E+000
233.1181,0.0000E+000
233.1250,0.0000E+000
233.1319,0.0000E+000
233.1389,0.0000E+000
233.1458,0.0000E+000
233.1528,0.0000E+000
233.1597,0.0000E+000
233.1667,0.0000E+000
233.1736,0.0000E+000
233.1806,0.0000E+000
233.1875,0.0000E+000
233.1944,0.0000E+000
233.2014,0.0000E+000
233.2083,0.0000E+000
233.2153,0.0000E+000
233.2222,0.0000E+000
233.2292,0.0000E+000
233.2361,0.0000E+000
233.2431,0.0000E+000
233.2500,0.0000E+000
233.2569,0.0000E+000
233.2639,0.0000E+000
233.2708,1.9541E-011
233.2778,3.9787E-001
233.2847,1.3977E+000
233.2917,2.0359E+000
233.2986,2.9737E+000
233.3056,4.8862E+000
233.3125,6.0597E+000
233.3194,7.1099E+000
233.3264,8.0755E+000
233.3333,9.0514E+000
233.3403,1.0368E+001
233.3472,1.1220E+001
233.3542,1.2463E+001
233.3611,1.5252E+001
233.3681,1.8586E+001
233.3750,1.8040E+001
233.3819,1.5521E+001
233.3889,2.3208E+001
233.3958,2.5815E+001
233.4028,2.8498E+001
233.4097,3.3832E+001
233.4167,7.6665E+001
233.4236,2.1839E+002
233.4306,3.4260E+002
233.4375,3.4769E+002
233.4444,3.6741E+002
233.4514,3.9163E+002
233.4583,4.1190E+002
233.4653,4.1361E+002
233.4722,4.1883E+002
233.4792,4.3282E+002
233.4861,4.4052E+002
233.4931,4.3931E+002
233.5000,4.1818E+002
233.5069,5.5485E+002
233.5139,3.4966E+002
233.5208,2.2249E+002
233.5278,3.6929E+002
233.5347,3.0107E+002
233.5417,4.2487E+002
233.5486,5.0202E+002
233.5556,4.9240E+002
233.5625,3.8822E+002
233.5694,2.5168E+002
233.5764,2.1082E+002
233.5833,2.0645E+002
233.5903,1.9874E+002
233.5972,2.6859E+002
233.6042,2.1754E+002
233.6111,2.4631E+002
233.6181,3.0530E+002
233.6250,3.3863E+002
233.6319,2.9903E+002
233.6389,3.2150E+002
233.6458,4.5474E+002
233.6528,2.9612E+002
233.6597,1.3285E+002
233.6667,1.4983E+002
233.6736,1.5208E+002
233.6806,2.0627E+002
233.6875,1.0579E+002
233.6944,6.6089E+001
233.7014,1.9654E+002
233.7083,3.3802E+002
233.7153,1.6898E+002
233.7222,5.3398E+001
233.7292,5.7114E+001
233.7361,1.0484E+002
233.7431,1.0628E+002
233.7500,8.8629E+001
233.7569,8.8101E+001
233.7639,7.5031E+001
233.7708,3.1422E+001
233.7778,2.1057E+001
233.7847,3.2134E+001
233.7917,6.2646E+001
233.7986,3.3632E+001
233.8056,1.5804E+001
233.8125,1.0104E+001
233.8194,9.2773E+000
233.8264,6.7879E+000
233.8333,2.2781E+000
233.8403,3.8182E+000
233.8472,6.4573E-001
233.8542,3.1713E-011
233.8611,0.0000E+000
233.8681,0.0000E+000
233.8750,0.0000E+000
233.8819,0.0000E+000
233.8889,0.0000E+000
233.8958,0.0000E+000
233.9028,0.0000E+000
233.9097,0.0000E+000
233.9167,0.0000E+000
233.9236,0.0000E+000
233.9306,0.0000E+000
233.9375,0.0000E+000
233.9444,0.0000E+000
233.9514,0.0000E+000
233.9583,0.0000E+000
233.9653,0.0000E+000
233.9722,0.0000E+000
233.9792,0.0000E+000
233.9861,0.0000E+000
233.9931,0.0000E+000
234.0000,0.0000E+000
234.0069,0.0000E+000
234.0139,0.0000E+000
234.0208,1.7282E-011
234.0278,3.5189E-001
234.0347,2.5827E-003
234.0417,2.0016E-002
234.0486,0.0000E+000
234.0556,0.0000E+000
234.0625,0.0000E+000
234.0694,0.0000E+000
234.0764,0.0000E+000
234.0833,0.0000E+000
234.0903,0.0000E+000
234.0972,0.0000E+000
234.1042,0.0000E+000
234.1111,2.3631E-001
234.1181,1.5474E-011
234.1250,0.0000E+000
234.1319,0.0000E+000
234.1389,0.0000E+000
234.1458,0.0000E+000
234.1528,0.0000E+000
234.1597,0.0000E+000
234.1667,0.0000E+000
234.1736,0.0000E+000
234.1806,0.0000E+000
234.1875,0.0000E+000
234.1944,0.0000E+000
234.2014,0.0000E+000
234.2083,0.0000E+000
234.2153,0.0000E+000
234.2222,0.0000E+000
234.2292,0.0000E+000
234.2361,0.0000E+000
234.2431,0.0000E+000
234.2500,0.0000E+000
234.2569,0.0000E+000
234.2639,0.0000E+000
234.2708,6.4560E-003
234.2778,3.2022E-001
234.2847,6.8433E-001
234.2917,1.2867E+000
234.2986,3.7405E+000
234.3056,1.4003E+001
234.3125,1.0736E+001
234.3194,3.4629E+000
234.3264,4.1337E+000
234.3333,9.7282E+000
234.3403,1.3637E+001
234.3472,3.4611E+001
234.3542,2.3729E+001
234.3611,2.2717E+001
234.3681,3.9516E+001
234.3750,2.2007E+001
234.3819,2.2298E+001
234.3889,3.8674E+001
234.3958,6.9864E+001
234.4028,6.4278E+001
234.4097,1.0358E+002
234.4167,1.1021E+002
234.4236,1.2830E+002
234.4306,1.2623E+002
234.4375,1.1978E+002
234.4444,1.3459E+002
234.4514,1.8650E+002
234.4583,3.2941E+002
234.4653,3.4957E+002
234.4722,4.3531E+002
234.4792,4.4353E+002
234.4861,2.6331E+002
234.4931,3.9000E+002
234.5000,4.1613E+002
234.5069,4.5221E+002
234.5139,4.9067E+002
234.5208,4.9838E+002
234.5278,5.0648E+002
234.5347,5.2159E+002
234.5417,5.2893E+002
234.5486,5.3805E+002
234.5556,5.1089E+002
234.5625,5.5110E+002
234.5694,5.9035E+002
234.5764,5.6057E+002
234.5833,5.3154E+002
234.5903,4.8890E+002
234.5972,2.7589E+002
234.6042,3.1007E+002
234.6111,1.9113E+002
234.6181,1.3203E+002
234.6250,1.8220E+002
234.6319,1.9110E+002
234.6389,2.4573E+002
234.6458,2.8342E+002
234.6528,1.2169E+002
234.6597,1.8232E+002
234.6667,1.8737E+002
234.6736,1.3337E+002
234.6806,2.1277E+002
234.6875,2.0406E+002
234.6944,2.7971E+002
234.7014,1.6802E+002
234.7083,2.1560E+002
234.7153,1.6226E+002
234.7222,7.7159E+001
234.7292,9.3940E+001
234.7361,8.8219E+001
234.7431,7.7347E+001
234.7500,4.3416E+001
234.7569,5.7781E+001
234.7639,5.1848E+001
234.7708,5.0263E+001
234.7778,4.0851E+001
234.7847,2.2636E+001
234.7917,3.4213E+001
234.7986,3.1331E+001
234.8056,2.2363E+001
234.8125,1.8973E+001
234.8194,1.7668E+001
234.8264,1.1553E+001
234.8333,7.9549E+000
234.8403,3.0638E+000
234.8472,1.8782E-001
234.8542,9.2242E-012
234.8611,0.0000E+000
234.8681,0.0000E+000
234.8750,0.0000E+000
234.8819,0.0000E+000
234.8889,0.0000E+000
234.8958,0.0000E+000
234.9028,0.0000E+000
234.9097,0.0000E+000
234.9167,0.0000E+000
234.9236,0.0000E+000
234.9306,0.0000E+000
234.9375,0.0000E+000
234.9444,0.0000E+000
234.9514,0.0000E+000
234.9583,0.0000E+000
234.9653,0.0000E+000
234.9722,0.0000E+000
234.9792,0.0000E+000
234.9861,0.0000E+000
234.9931,0.0000E+000
235.0000,0.0000E+000
235.0069,0.0000E+000
235.0139,0.0000E+000
235.0208,0.0000E+000
235.0278,0.0000E+000
235.0347,0.0000E+000
235.0417,0.0000E+000
235.0486,0.0000E+000
235.0556,0.0000E+000
235.0625,0.0000E+000
235.0694,0.0000E+000
235.0764,0.0000E+000
235.0833,0.0000E+000
235.0903,0.0000E+000
235.0972,0.0000E+000
235.1042,0.0000E+000
235.1111,0.0000E+000
235.1181,0.0000E+000
235.1250,0.0000E+000
235.1319,0.0000E+000
235.1389,0.0000E+000
235.1458,0.0000E+000
235.1528,0.0000E+000
235.1597,0.0000E+000
235.1667,0.0000E+000
235.1736,0.0000E+000
235.1806,0.0000E+000
235.1875,0.0000E+000
235.1944,0.0000E+000
235.2014,0.0000E+000
235.2083,0.0000E+000
235.2153,0.0000E+000
235.2222,0.0000E+000
235.2292,0.0000E+000
235.2361,0.0000E+000
235.2431,0.0000E+000
235.2500,0.0000E+000
235.2569,0.0000E+000
235.2639,0.0000E+000
235.2708,1.8698E-012
235.2778,3.8072E-002
235.2847,1.4958E+000
235.2917,5.1158E+000
235.2986,9.0779E+000
235.3056,9.3160E+000
235.3125,8.1080E+000
235.3194,2.0228E+001
235.3264,2.7810E+001
235.3333,2.0162E+001
235.3403,2.7858E+001
235.3472,2.9051E+001
235.3542,3.4004E+001
235.3611,3.2444E+001
235.3681,6.0262E+001
235.3750,7.7192E+001
235.3819,3.1350E+001
235.3889,4.0223E+001
235.3958,7.1305E+001
235.4028,7.7375E+001
235.4097,4.9725E+001
235.4167,6.3922E+001
235.4236,1.6398E+002
235.4306,3.9475E+002
235.4375,3.8160E+002
235.4444,1.6727E+002
235.4514,7.4450E+001
235.4583,3.4756E+001
235.4653,7.6002E+001
235.4722,1.7723E+002
235.4792,3.2346E+002
235.4861,3.3399E+002
235.4931,1.2460E+002
235.5000,2.0588E+002
235.5069,2.5915E+002
235.5139,4.9609E+002
235.5208,3.3318E+002
235.5278,2.9690E+002
235.5347,5.2156E+002
235.5417,4.4849E+002
235.5486,5.2794E+002
235.5556,5.2931E+002
235.5625,4.7178E+002
235.5694,4.7079E+002
235.5764,1.4774E+002
235.5833,7.5955E+001
235.5903,1.8111E+002
235.5972,4.3630E+002
235.6042,4.2702E+002
235.6111,4.3760E+002
235.6181,5.2186E+002
235.6250,4.0497E+002
235.6319,4.3325E+002
235.6389,3.9450E+002
235.6458,4.4437E+002
235.6528,4.6194E+002
235.6597,2.5365E+002
235.6667,3.6305E+002
235.6736,4.0023E+002
235.6806,4.0997E+002
235.6875,2.7018E+002
235.6944,3.3474E+002
235.7014,5.7823E+001
235.7083,1.5838E+002
235.7153,8.6600E+001
235.7222,9.5551E+001
235.7292,8.3479E+001
235.7361,2.9858E+001
235.7431,3.2771E+001
235.7500,3.0576E+001
235.7569,1.9212E+001
235.7639,1.4102E+001
235.7708,1.3060E+001
235.7778,1.1203E+001
235.7847,1.0198E+001
235.7917,9.4248E+000
235.7986,7.6945E+000
235.8056,7.2590E+000
235.8125,5.1294E+000
235.8194,4.6294E+000
235.8264,2.8198E+000
235.8333,1.8251E+000
235.8403,4.0191E-001
235.8472,0.0000E+000
235.8542,0.0000E+000
235.8611,0.0000E+000
235.8681,0.0000E+000
235.8750,0.0000E+000
235.8819,0.0000E+000
235.8889,0.0000E+000
235.8958,0.0000E+000
235.9028,0.0000E+000
235.9097,0.0000E+000
235.9167,0.0000E+000
235.9236,0.0000E+000
235.9306,0.0000E+000
235.9375,0.0000E+000
235.9444,0.0000E+000
235.9514,0.0000E+000
235.9583,0.0000E+000
235.9653,0.0000E+000
235.9722,0.0000E+000
235.9792,0.0000E+000
235.9861,0.0000E+000
235.9931,0.0000E+000
236.0000,0.0000E+000
236.0069,0.0000E+000
236.0139,0.0000E+000
236.0208,0.0000E+000
236.0278,0.0000E+000
236.0347,0.0000E+000
236.0417,0.0000E+000
236.0486,0.0000E+000
236.0556,0.0000E+000
236.0625,0.0000E+000
236.0694,0.0000E+000
236.0764,0.0000E+000
236.0833,0.0000E+000
236.0903,0.0000E+000
236.0972,0.0000E+000
236.1042,0.0000E+000
236.1111,0.0000E+000
236.1181,0.0000E+000
236.1250,0.0000E+000
236.1319,0.0000E+000
236.1389,0.0000E+000
236.1458,0.0000E+000
236.1528,0.0000E+000
236.1597,0.0000E+000
236.1667,0.0000E+000
236.1736,0.0000E+000
236.1806,0.0000E+000
236.1875,0.0000E+000
236.1944,0.0000E+000
236.2014,0.0000E+000
236.2083,0.0000E+000
236.2153,0.0000E+000
236.2222,0.0000E+000
236.2292,0.0000E+000
236.2361,0.0000E+000
236.2431,0.0000E+000
236.2500,0.0000E+000
236.2569,0.0000E+000
236.2639,0.0000E+000
236.2708,0.0000E+000
236.2778,0.0000E+000
236.2847,3.9409E-001
236.2917,3.6558E+000
236.2986,5.6617E+000
236.3056,5.2979E+000
236.3125,6.9019E+000
236.3194,1.2729E+001
236.3264,2.1033E+001
236.3333,2.3943E+001
236.3403,2.6969E+001
236.3472,1.8241E+001
236.3542,1.5055E+001
236.3611,3.4891E+001
236.3681,5.7064E+001
236.3750,1.0656E+002
236.3819,8.3981E+001
236.3889,1.1045E+002
236.3958,1.4084E+002
236.4028,9.4939E+001
236.4097,1.0303E+002
236.4167,7.6349E+001
236.4236,1.2418E+002
236.4306,1.8717E+002
236.4375,1.5444E+002
236.4444,2.2673E+002
236.4514,3.0113E+002
236.4583,2.8474E+002
236.4653,2.3264E+002
236.4722,3.2370E+002
236.4792,3.8135E+002
236.4861,3.6690E+002
236.4931,2.8434E+002
236.5000,4.0332E+002
236.5069,2.8076E+002
236.5139,4.4364E+002
236.5208,2.5361E+002
236.5278,5.1120E+002
236.5347,3.4976E+002
236.5417,7.9083E+001
236.5486,3.2577E+002
236.5556,3.9636E+002
236.5625,3.2780E+002
236.5694,1.2703E+002
236.5764,7.5430E+001
236.5833,3.9136E+002
236.5903,2.0553E+002
236.5972,4.8023E+002
236.6042,2.9279E+002
236.6111,1.6411E+002
236.6181,4.6544E+002
236.6250,4.4522E+002
236.6319,4.0710E+002
236.6389,3.6493E+002
236.6458,4.0371E+002
236.6528,4.5735E+002
236.6597,2.3815E+002
236.6667,3.5738E+002
236.6736,2.5609E+002
236.6806,2.4302E+002
236.6875,2.9481E+002
236.6944,2.6490E+002
236.7014,2.8538E+002
236.7083,1.1441E+002
236.7153,1.1578E+002
236.7222,7.3782E+001
236.7292,5.9938E+001
236.7361,8.2071E+001
236.7431,3.8264E+001
236.7500,2.3327E+001
236.7569,2.4491E+001
236.7639,1.5051E+001
236.7708,1.4102E+001
236.7778,1.1470E+001
236.7847,1.2078E+001
236.7917,1.0996E+001
236.7986,9.5319E+000
236.8056,7.5909E+000
236.8125,6.3277E+000
236.8194,4.7736E+000
236.8264,3.4446E+000
236.8333,1.9912E+000
236.8403,5.2617E-001
236.8472,0.0000E+000
236.8542,0.0000E+000
236.8611,0.0000E+000
236.8681,0.0000E+000
236.8750,0.0000E+000
236.8819,0.0000E+000
236.8889,0.0000E+000
236.8958,0.0000E+000
236.9028,0.0000E+000
236.9097,0.0000E+000
236.9167,0.0000E+000
236.9236,0.0000E+000
236.9306,0.0000E+000
236.9375,0.0000E+000
236.9444,0.0000E+000
236.9514,0.0000E+000
236.9583,0.0000E+000
236.9653,0.0000E+000
236.9722,0.0000E+000
236.9792,0.0000E+000
236.9861,0.0000E+000
236.9931,0.0000E+000
237.0000,0.0000E+000
237.0069,0.0000E+000
237.0139,0.0000E+000
237.0208,0.0000E+000
237.0278,0.0000E+000
237.0347,0.0000E+000
237.0417,0.0000E+000
237.0486,0.0000E+000
237.0556,0.0000E+000
237.0625,0.0000E+000
237.0694,0.0000E+000
237.0764,0.0000E+000
237.0833,0.0000E+000
237.0903,0.0000E+000
237.0972,0.0000E+000
237.1042,0.0000E+000
237.1111,0.0000E+000
237.1181,0.0000E+000
237.1250,0.0000E+000
237.1319,0.0000E+000
237.1389,0.0000E+000
237.1458,0.0000E+000
237.1528,0.0000E+000
237.1597,0.0000E+000
237.1667,0.0000E+000
237.1736,0.0000E+000
237.1806,0.0000E+000
237.1875,0.0000E+000
237.1944,0.0000E+000
237.2014,0.0000E+000
237.2083,0.0000E+000
237.2153,0.0000E+000
237.2222,0.0000E+000
237.2292,0.0000E+000
237.2361,0.0000E+000
237.2431,0.0000E+000
237.2500,0.0000E+000
237.2569,0.0000E+000
237.2639,0.0000E+000
237.2708,2.6174E-001
237.2778,1.3216E+000
237.2847,2.9668E+000
237.2917,7.7091E+000
237.2986,1.3439E+001
237.3056,1.8403E+001
237.3125,2.3959E+001
237.3194,2.6577E+001
237.3264,3.0648E+001
237.3333,3.5542E+001
237.3403,4.0514E+001
237.3472,4.6513E+001
237.3542,4.6339E+001
237.3611,5.3511E+001
237.3681,5.9706E+001
237.3750,6.2330E+001
237.3819,7.3420E+001
237.3889,7.9828E+001
237.3958,9.1404E+001
237.4028,9.0143E+001
237.4097,9.0609E+001
237.4167,8.8507E+001
237.4236,8.8505E+001
237.4306,9.4676E+001
237.4375,8.7390E+001
237.4444,8.4429E+001
237.4514,1.0803E+002
237.4583,1.3825E+002
237.4653,1.9482E+002
237.4722,2.7820E+002
237.4792,2.3850E+002
237.4861,1.7568E+002
237.4931,1.6481E+002
237.5000,1.6026E+002
237.5069,1.9495E+002
237.5139,2.0921E+002
237.5208,2.0197E+002
237.5278,1.4110E+002
237.5347,1.4067E+002
237.5417,1.8821E+002
237.5486,2.0181E+002
237.5556,2.1527E+002
237.5625,2.7408E+002
237.5694,2.5125E+002
237.5764,1.5904E+002
237.5833,1.6061E+002
237.5903,1.4547E+002
237.5972,1.2799E+002
237.6042,1.3851E+002
237.6111,1.5917E+002
237.6181,1.5493E+002
237.6250,2.0061E+002
237.6319,1.5273E+002
237.6389,1.3062E+002
237.6458,8.8415E+001
237.6528,1.1533E+002
237.6597,1.4035E+002
237.6667,1.2988E+002
237.6736,1.1342E+002
237.6806,1.0746E+002
237.6875,1.2105E+002
237.6944,2.2587E+002
237.7014,2.3164E+002
237.7083,2.4939E+002
237.7153,1.5088E+002
237.7222,9.1361E+001
237.7292,6.6288E+001
237.7361,7.7883E+001
237.7431,8.9233E+001
237.7500,3.3967E+001
237.7569,2.9321E+001
237.7639,1.8316E+001
237.7708,1.3746E+001
237.7778,1.9373E+001
237.7847,1.5313E+001
237.7917,1.3514E+001
237.7986,1.5801E+001
237.8056,7.7794E+000
237.8125,5.5506E+000
237.8194,3.7646E+000
237.8264,2.4550E+000
237.8333,8.3723E-001
237.8403,2.0624E-001
237.8472,0.0000E+000
237.8542,0.0000E+000
237.8611,0.0000E+000
237.8681,0.0000E+000
237.8750,0.0000E+000
237.8819,0.0000E+000
237.8889,0.0000E+000
237.8958,0.0000E+000
237.9028,0.0000E+000
237.9097,0.0000E+000
237.9167,0.0000E+000
237.9236,0.0000E+000
237.9306,0.0000E+000
237.9375,0.0000E+000
237.9444,0.0000E+000
237.9514,0.0000E+000
237.9583,0.0000E+000
237.9653,0.0000E+000
237.9722,0.0000E+000
237.9792,0.0000E+000
237.9861,0.0000E+000
237.9931,0.0000E+000
238.0000,0.0000E+000
238.0069,0.0000E+000
238.0139,0.0000E+000
238.0208,0.0000E+000
238.0278,0.0000E+000
238.0347,0.0000E+000
238.0417,0.0000E+000
238.0486,0.0000E+000
238.0556,0.0000E+000
238.0625,0.0000E+000
238.0694,0.0000E+000
238.0764,0.0000E+000
238.0833,0.0000E+000
238.0903,0.0000E+000
238.0972,0.0000E+000
238.1042,0.0000E+000
238.1111,0.0000E+000
238.1181,0.0000E+000
238.1250,0.0000E+000
238.1319,5.3171E-012
238.1389,8.1197E-002
238.1458,0.0000E+000
238.1528,0.0000E+000
238.1597,6.7019E-002
238.1667,3.2915E-012
238.1736,0.0000E+000
238.1806,0.0000E+000
238.1875,0.0000E+000
238.1944,0.0000E+000
238.2014,0.0000E+000
238.2083,0.0000E+000
238.2153,0.0000E+000
238.2222,0.0000E+000
238.2292,0.0000E+000
238.2361,0.0000E+000
238.2431,0.0000E+000
238.2500,0.0000E+000
238.2569,3.4179E-012
238.2639,5.2195E-002
238.2708,1.6140E-012
238.2778,3.2864E-002
238.2847,5.6061E-001
238.2917,4.0177E+000
238.2986,6.5378E+000
238.3056,1.2364E+001
238.3125,1.6160E+001
238.3194,1.5989E+001
238.3264,2.0049E+001
238.3333,3.0018E+001
238.3403,3.6045E+001
238.3472,4.0847E+001
238.3542,4.5590E+001
238.3611,5.5289E+001
238.3681,6.0044E+001
238.3750,6.7941E+001
238.3819,7.5354E+001
238.3889,8.6735E+001
238.3958,7.5800E+001
238.4028,9.1672E+001
238.4097,8.9564E+001
238.4167,1.0294E+002
238.4236,1.8175E+002
238.4306,2.4547E+002
238.4375,2.6336E+002
238.4444,2.3608E+002
238.4514,1.2210E+002
238.4583,2.4735E+002
238.4653,2.0400E+002
238.4722,3.9422E+002
238.4792,2.6190E+002
238.4861,2.9015E+002
238.4931,3.3837E+002
238.5000,2.6882E+002
238.5069,4.4622E+002
238.5139,2.6841E+002
238.5208,2.6318E+002
238.5278,1.7060E+002
238.5347,3.9493E+002
238.5417,2.3978E+002
238.5486,4.0070E+002
238.5556,2.9268E+002
238.5625,2.7421E+002
238.5694,5.1126E+002
238.5764,3.7114E+002
238.5833,3.4338E+002
238.5903,2.1818E+002
238.5972,4.3241E+002
238.6042,2.8586E+002
238.6111,3.4834E+002
238.6181,5.3195E+002
238.6250,3.5013E+002
238.6319,3.3681E+002
238.6389,3.9281E+002
238.6458,3.3704E+002
238.6528,4.5260E+002
238.6597,2.5138E+002
238.6667,3.2730E+002
238.6736,2.8777E+002
238.6806,1.2816E+002
238.6875,1.4485E+002
238.6944,2.6201E+002
238.7014,3.2781E+002
238.7083,2.8176E+002
238.7153,1.2546E+002
238.7222,7.0858E+001
238.7292,5.6179E+001
238.7361,6.6450E+001
238.7431,7.3662E+001
238.7500,6.3218E+001
238.7569,6.0679E+001
238.7639,4.2873E+001
238.7708,3.3597E+001
238.7778,2.6352E+001
238.7847,2.9596E+001
238.7917,2.1992E+001
238.7986,2.0764E+001
238.8056,1.6906E+001
238.8125,9.9010E+000
238.8194,1.0446E+001
238.8264,7.2397E+000
238.8333,2.5008E+000
238.8403,5.9783E-001
238.8472,0.0000E+000
238.8542,0.0000E+000
238.8611,0.0000E+000
238.8681,0.0000E+000
238.8750,0.0000E+000
238.8819,0.0000E+000
238.8889,0.0000E+000
238.8958,0.0000E+000
238.9028,0.0000E+000
238.9097,0.0000E+000
238.9167,0.0000E+000
238.9236,0.0000E+000
238.9306,0.0000E+000
238.9375,0.0000E+000
238.9444,0.0000E+000
238.9514,0.0000E+000
238.9583,0.0000E+000
238.9653,0.0000E+000
238.9722,0.0000E+000
238.9792,0.0000E+000
238.9861,0.0000E+000
238.9931,0.0000E+000
239.0000,0.0000E+000
239.0069,0.0000E+000
239.0139,0.0000E+000
239.0208,0.0000E+000
239.0278,0.0000E+000
239.0347,0.0000E+000
239.0417,0.0000E+000
239.0486,0.0000E+000
239.0556,0.0000E+000
239.0625,0.0000E+000
239.0694,0.0000E+000
239.0764,0.0000E+000
239.0833,0.0000E+000
239.0903,0.0000E+000
239.0972,0.0000E+000
239.1042,0.0000E+000
239.1111,0.0000E+000
239.1181,0.0000E+000
239.1250,0.0000E+000
239.1319,0.0000E+000
239.1389,0.0000E+000
239.1458,0.0000E+000
239.1528,0.0000E+000
239.1597,0.0000E+000
239.1667,0.0000E+000
239.1736,0.0000E+000
239.1806,0.0000E+000
239.1875,0.0000E+000
239.1944,0.0000E+000
239.2014,0.0000E+000
239.2083,0.0000E+000
239.2153,0.0000E+000
239.2222,0.0000E+000
239.2292,0.0000E+000
239.2361,0.0000E+000
239.2431,0.0000E+000
239.2500,0.0000E+000
239.2569,0.0000E+000
239.2639,0.0000E+000
239.2708,0.0000E+000
239.2778,0.0000E+000
239.2847,9.1137E-001
239.2917,3.7711E+000
239.2986,8.6183E+000
239.3056,7.9646E+000
239.3125,9.3203E+000
239.3194,2.2004E+001
239.3264,2.9738E+001
239.3333,3.4291E+001
239.3403,5.0645E+001
239.3472,6.1153E+001
239.3542,6.3101E+001
239.3611,5.5120E+001
239.3681,7.2208E+001
239.3750,9.0698E+001
239.3819,1.1284E+002
239.3889,9.1679E+001
239.3958,8.5934E+001
239.4028,1.3894E+002
239.4097,1.6638E+002
239.4167,1.5213E+002
239.4236,2.1313E+002
239.4306,2.0746E+002
239.4375,2.5831E+002
239.4444,3.1897E+002
239.4514,2.1284E+002
239.4583,4.0412E+002
239.4653,3.1809E+002
239.4722,1.0987E+002
239.4792,9.2818E+001
239.4861,1.2851E+002
239.4931,1.3801E+002
239.5000,1.5453E+002
239.5069,9.3885E+001
239.5139,8.8127E+001
239.5208,1.8154E+002
239.5278,1.4676E+002
239.5347,1.3836E+002
239.5417,1.5564E+002
239.5486,2.1457E+002
239.5556,2.7050E+002
239.5625,2.8947E+002
239.5694,2.8532E+002
239.5764,2.5555E+002
239.5833,2.2493E+002
239.5903,2.4381E+002
239.5972,3.0751E+002
239.6042,2.7280E+002
239.6111,2.6599E+002
239.6181,3.4248E+002
239.6250,4.1915E+002
239.6319,4.0940E+002
239.6389,4.4815E+002
239.6458,4.1627E+002
239.6528,4.0435E+002
239.6597,4.0457E+002
239.6667,3.8895E+002
239.6736,3.7218E+002
239.6806,3.6584E+002
239.6875,3.6174E+002
239.6944,3.5009E+002
239.7014,3.0455E+002
239.7083,3.0484E+002
239.7153,5.7289E+001
239.7222,2.9913E+001
239.7292,2.8612E+001
239.7361,2.5817E+001
239.7431,1.8798E+001
239.7500,1.7395E+001
239.7569,2.2395E+001
239.7639,1.8591E+001
239.7708,1.4002E+001
239.7778,1.4237E+001
239.7847,1.1213E+001
239.7917,1.0449E+001
239.7986,1.0813E+001
239.8056,8.0825E+000
239.8125,6.5905E+000
239.8194,5.2015E+000
239.8264,2.8641E+000
239.8333,9.8969E-001
239.8403,3.5415E-002
239.8472,0.0000E+000
239.8542,0.0000E+000
239.8611,0.0000E+000
239.8681,0.0000E+000
239.8750,0.0000E+000
239.8819,0.0000E+000
239.8889,0.0000E+000
239.8958,0.0000E+000
239.9028,0.0000E+000
239.9097,0.0000E+000
239.9167,0.0000E+000
239.9236,0.0000E+000
239.9306,0.0000E+000
239.9375,0.0000E+000
239.9444,0.0000E+000
239.9514,0.0000E+000
239.9583,0.0000E+000
239.9653,0.0000E+000
239.9722,0.0000E+000
239.9792,0.0000E+000
239.9861,0.0000E+000
239.9931,0.0000E+000
240.0000,0.0000E+000
240.0069,0.0000E+000
240.0139,0.0000E+000
240.0208,0.0000E+000
240.0278,0.0000E+000
240.0347,0.0000E+000
240.0417,0.0000E+000
240.0486,0.0000E+000
240.0556,0.0000E+000
240.0625,0.0000E+000
240.0694,0.0000E+000
240.0764,0.0000E+000
240.0833,0.0000E+000
240.0903,0.0000E+000
240.0972,0.0000E+000
240.1042,0.0000E+000
240.1111,0.0000E+000
240.1181,0.0000E+000
240.1250,0.0000E+000
240.1319,0.0000E+000
240.1389,0.0000E+000
240.1458,0.0000E+000
240.1528,0.0000E+000
240.1597,0.0000E+000
240.1667,0.0000E+000
240.1736,0.0000E+000
240.1806,0.0000E+000
240.1875,0.0000E+000
240.1944,0.0000E+000
240.2014,0.0000E+000
240.2083,0.0000E+000
240.2153,0.0000E+000
240.2222,0.0000E+000
240.2292,0.0000E+000
240.2361,0.0000E+000
240.2431,0.0000E+000
240.2500,0.0000E+000
240.2569,0.0000E+000
240.2639,0.0000E+000
240.2708,0.0000E+000
240.2778,0.0000E+000
240.2847,3.3798E-001
240.2917,2.1232E+000
240.2986,3.9373E+000
240.3056,8.8518E+000
240.3125,1.5566E+001
240.3194,9.9474E+000
240.3264,2.3857E+001
240.3333,1.9137E+001
240.3403,2.0066E+001
240.3472,1.5934E+001
240.3542,2.6355E+001
240.3611,3.6291E+001
240.3681,2.3760E+001
240.3750,6.8449E+001
240.3819,7.5461E+001
240.3889,7.9310E+001
240.3958,8.6891E+001
240.4028,1.3639E+002
240.4097,1.2042E+002
240.4167,9.8670E+001
240.4236,1.6712E+002
240.4306,4.0019E+002
240.4375,2.5553E+002
240.4444,2.9163E+002
240.4514,1.5270E+002
240.4583,1.6459E+002
240.4653,1.2574E+002
240.4722,8.1851E+001
240.4792,1.0312E+002
240.4861,1.8643E+002
240.4931,7.9720E+001
240.5000,1.2334E+002
240.5069,8.0018E+001
240.5139,3.2356E+001
240.5208,7.4730E+001
240.5278,9.7335E+001
240.5347,1.3241E+002
240.5417,1.4086E+002
240.5486,1.0449E+002
240.5556,1.9513E+002
240.5625,2.5624E+002
240.5694,2.3356E+002
240.5764,2.4576E+002
240.5833,2.1388E+002
240.5903,2.6374E+002
240.5972,3.1302E+002
240.6042,3.1202E+002
240.6111,4.6632E+002
240.6181,2.4175E+002
240.6250,1.5219E+002
240.6319,1.5005E+002
240.6389,3.2377E+002
240.6458,2.7486E+002
240.6528,1.7622E+002
240.6597,1.7627E+002
240.6667,1.5037E+002
240.6736,9.4392E+001
240.6806,1.0065E+002
240.6875,9.7378E+001
240.6944,1.2722E+002
240.7014,8.8440E+001
240.7083,6.8087E+001
240.7153,5.5636E+001
240.7222,3.9725E+001
240.7292,5.4097E+001
240.7361,4.2685E+001
240.7431,5.4278E+001
240.7500,5.8159E+001
240.7569,6.4441E+001
240.7639,6.0779E+001
240.7708,4.3009E+001
240.7778,4.0967E+001
240.7847,3.5090E+001
240.7917,4.2325E+001
240.7986,3.9941E+001
240.8056,3.8847E+001
240.8125,2.7421E+001
240.8194,1.9046E+001
240.8264,1.7328E+001
240.8333,7.7941E+000
240.8403,1.4906E+000
240.8472,6.2429E-002
240.8542,3.0661E-012
240.8611,0.0000E+000
240.8681,0.0000E+000
240.8750,0.0000E+000
240.8819,0.0000E+000
240.8889,0.0000E+000
240.8958,0.0000E+000
240.9028,0.0000E+000
240.9097,0.0000E+000
240.9167,0.0000E+000
240.9236,0.0000E+000
240.9306,0.0000E+000
240.9375,0.0000E+000
240.9444,0.0000E+000
240.9514,0.0000E+000
240.9583,0.0000E+000
240.9653,0.0000E+000
240.9722,0.0000E+000
240.9792,0.0000E+000
240.9861,0.0000E+000
240.9931,0.0000E+000
241.0000,0.0000E+000
241.0069,0.0000E+000
241.0139,0.0000E+000
241.0208,0.0000E+000
241.0278,0.0000E+000
241.0347,0.0000E+000
241.0417,0.0000E+000
241.0486,0.0000E+000
241.0556,0.0000E+000
241.0625,0.0000E+000
241.0694,0.0000E+000
241.0764,0.0000E+000
241.0833,0.0000E+000
241.0903,0.0000E+000
241.0972,0.0000E+000
241.1042,0.0000E+000
241.1111,0.0000E+000
241.1181,0.0000E+000
241.1250,0.0000E+000
241.1319,0.0000E+000
241.1389,0.0000E+000
241.1458,0.0000E+000
241.1528,0.0000E+000
241.1597,0.0000E+000
241.1667,0.0000E+000
241.1736,0.0000E+000
241.1806,0.0000E+000
241.1875,0.0000E+000
241.1944,0.0000E+000
241.2014,0.0000E+000
241.2083,0.0000E+000
241.2153,0.0000E+000
241.2222,0.0000E+000
241.2292,0.0000E+000
241.2361,0.0000E+000
241.2431,0.0000E+000
241.2500,0.0000E+000
241.2569,0.0000E+000
241.2639,0.0000E+000
241.2708,0.0000E+000
241.2778,0.0000E+000
241.2847,2.5095E-002
241.2917,1.6473E+000
241.2986,5.4585E+000
241.3056,8.9229E+000
241.3125,1.4423E+001
241.3194,2.1158E+001
241.3264,2.1168E+001
241.3333,2.6015E+001
241.3403,3.1980E+001
241.3472,4.0768E+001
241.3542,5.5504E+001
241.3611,6.2281E+001
241.3681,6.2147E+001
241.3750,6.2428E+001
241.3819,7.3212E+001
241.3889,7.8265E+001
241.3958,8.2619E+001
241.4028,1.0536E+002
241.4097,1.2439E+002
241.4167,1.3750E+002
241.4236,1.2920E+002
241.4306,1.2059E+002
241.4375,1.2871E+002
241.4444,1.2432E+002
241.4514,1.3329E+002
241.4583,1.3564E+002
241.4653,1.5828E+002
241.4722,1.7100E+002
241.4792,1.3753E+002
241.4861,1.3103E+002
241.4931,1.4379E+002
241.5000,1.6142E+002
241.5069,1.6170E+002
241.5139,1.9144E+002
241.5208,1.8389E+002
241.5278,1.6409E+002
241.5347,1.5313E+002
241.5417,1.7908E+002
241.5486,2.2964E+002
241.5556,2.3161E+002
241.5625,2.2837E+002
241.5694,2.1525E+002
241.5764,2.4354E+002
241.5833,2.2675E+002
241.5903,2.3144E+002
241.5972,1.8229E+002
241.6042,1.6104E+002
241.6111,1.3891E+002
241.6181,1.9746E+002
241.6250,1.9892E+002
241.6319,2.0105E+002
241.6389,1.8057E+002
241.6458,1.8791E+002
241.6528,2.4996E+002
241.6597,2.4767E+002
241.6667,2.5165E+002
241.6736,2.4176E+002
241.6806,1.6896E+002
241.6875,1.2885E+002
241.6944,1.2924E+002
241.7014,1.4455E+002
241.7083,1.0500E+002
241.7153,9.0353E+001
241.7222,9.2333E+001
241.7292,1.2569E+002
241.7361,1.4913E+002
241.7431,1.1302E+002
241.7500,7.0823E+001
241.7569,6.4426E+001
241.7639,4.5296E+001
241.7708,4.0886E+001
241.7778,4.1939E+001
241.7847,3.8596E+001
241.7917,3.4127E+001
241.7986,2.9529E+001
241.8056,2.5675E+001
241.8125,2.6081E+001
241.8194,1.7690E+001
241.8264,1.1592E+001
241.8333,1.0102E+001
241.8403,2.1705E+000
241.8472,1.3233E+000
241.8542,6.4989E-011
241.8611,0.0000E+000
241.8681,0.0000E+000
241.8750,0.0000E+000
241.8819,0.0000E+000
241.8889,0.0000E+000
241.8958,0.0000E+000
241.9028,0.0000E+000
241.9097,0.0000E+000
241.9167,0.0000E+000
241.9236,0.0000E+000
241.9306,0.0000E+000
241.9375,0.0000E+000
241.9444,0.0000E+000
241.9514,0.0000E+000
241.9583,0.0000E+000
241.9653,0.0000E+000
241.9722,0.0000E+000
241.9792,0.0000E+000
241.9861,0.0000E+000
241.9931,0.0000E+000
242.0000,0.0000E+000
242.0069,0.0000E+000
242.0139,0.0000E+000
242.0208,0.0000E+000
242.0278,0.0000E+000
242.0347,0.0000E+000
242.0417,0.0000E+000
242.0486,0.0000E+000
242.0556,0.0000E+000
242.0625,0.0000E+000
242.0694,0.0000E+000
242.0764,0.0000E+000
242.0833,0.0000E+000
242.0903,0.0000E+000
242.0972,0.0000E+000
242.1042,0.0000E+000
242.1111,0.0000E+000
242.1181,0.0000E+000
242.1250,0.0000E+000
242.1319,0.0000E+000
242.1389,0.0000E+000
242.1458,0.0000E+000
242.1528,0.0000E+000
242.1597,0.0000E+000
242.1667,0.0000E+000
242.1736,0.0000E+000
242.1806,0.0000E+000
242.1875,0.0000E+000
242.1944,0.0000E+000
242.2014,0.0000E+000
242.2083,0.0000E+000
242.2153,0.0000E+000
242.2222,0.0000E+000
242.2292,0.0000E+000
242.2361,0.0000E+000
242.2431,0.0000E+000
242.2500,0.0000E+000
242.2569,0.0000E+000
242.2639,0.0000E+000
242.2708,0.0000E+000
242.2778,0.0000E+000
242.2847,1.2403E-011
242.2917,3.7882E-001
242.2986,6.7596E-001
242.3056,7.9173E-001
242.3125,3.6100E+000
242.3194,9.4904E+000
242.3264,1.3376E+001
242.3333,2.1845E+001
242.3403,2.7009E+001
242.3472,2.8551E+001
242.3542,1.8881E+001
242.3611,2.1643E+001
242.3681,3.4173E+001
242.3750,3.4232E+001
242.3819,3.6611E+001
242.3889,5.4199E+001
242.3958,6.0995E+001
242.4028,5.9975E+001
242.4097,7.0726E+001
242.4167,7.8501E+001
242.4236,6.5748E+001
242.4306,5.7827E+001
242.4375,6.3673E+001
242.4444,8.5418E+001
242.4514,9.3272E+001
242.4583,1.0135E+002
242.4653,9.1132E+001
242.4722,9.5105E+001
242.4792,9.3069E+001
242.4861,9.7824E+001
242.4931,8.9474E+001
242.5000,9.5907E+001
242.5069,1.0387E+002
242.5139,1.0816E+002
242.5208,1.2031E+002
242.5278,1.3099E+002
242.5347,1.2998E+002
242.5417,1.2098E+002
242.5486,1.2154E+002
242.5556,1.2309E+002
242.5625,1.1311E+002
242.5694,8.6147E+001
242.5764,7.3293E+001
242.5833,7.4198E+001
242.5903,8.1674E+001
242.5972,7.9564E+001
242.6042,5.5265E+001
242.6111,5.0593E+001
242.6181,6.0671E+001
242.6250,6.3203E+001
242.6319,5.2022E+001
242.6389,5.4692E+001
242.6458,7.1089E+001
242.6528,8.8060E+001
242.6597,7.9556E+001
242.6667,6.8301E+001
242.6736,5.6723E+001
242.6806,5.0437E+001
242.6875,4.8322E+001
242.6944,4.5219E+001
242.7014,4.2587E+001
242.7083,4.1045E+001
242.7153,4.0261E+001
242.7222,3.8713E+001
242.7292,3.5962E+001
242.7361,3.1236E+001
242.7431,2.5942E+001
242.7500,2.0226E+001
242.7569,1.5440E+001
242.7639,1.3598E+001
242.7708,1.6298E+001
242.7778,1.5887E+001
242.7847,1.5440E+001
242.7917,1.5424E+001
242.7986,1.3501E+001
242.8056,9.1237E+000
242.8125,5.9890E+000
242.8194,3.6156E+000
242.8264,2.0621E+000
242.8333,5.3433E-001
242.8403,1.7495E-011
242.8472,0.0000E+000
242.8542,0.0000E+000
242.8611,0.0000E+000
242.8681,0.0000E+000
242.8750,0.0000E+000
242.8819,0.0000E+000
242.8889,0.0000E+000
242.8958,0.0000E+000
242.9028,0.0000E+000
242.9097,0.0000E+000
242.9167,0.0000E+000
242.9236,0.0000E+000
242.9306,0.0000E+000
242.9375,0.0000E+000
242.9444,0.0000E+000
242.9514,0.0000E+000
242.9583,0.0000E+000
242.9653,0.0000E+000
242.9722,0.0000E+000
242.9792,0.0000E+000
242.9861,0.0000E+000
242.9931,0.0000E+000
243.0000,0.0000E+000
243.0069,0.0000E+000
243.0139,0.0000E+000
243.0208,0.0000E+000
243.0278,0.0000E+000
243.0347,0.0000E+000
243.0417,0.0000E+000
243.0486,0.0000E+000
243.0556,0.0000E+000
243.0625,0.0000E+000
243.0694,0.0000E+000
243.0764,0.0000E+000
243.0833,0.0000E+000
243.0903,0.0000E+000
243.0972,0.0000E+000
243.1042,0.0000E+000
243.1111,0.0000E+000
243.1181,0.0000E+000
243.1250,0.0000E+000
243.1319,0.0000E+000
243.1389,0.0000E+000
243.1458,0.0000E+000
243.1528,0.0000E+000
243.1597,0.0000E+000
243.1667,0.0000E+000
243.1736,0.0000E+000
243.1806,0.0000E+000
243.1875,0.0000E+000
243.1944,0.0000E+000
243.2014,0.0000E+000
243.2083,0.0000E+000
243.2153,0.0000E+000
243.2222,0.0000E+000
243.2292,0.0000E+000
243.2361,0.0000E+000
243.2431,0.0000E+000
243.2500,0.0000E+000
243.2569,0.0000E+000
243.2639,0.0000E+000
243.2708,0.0000E+000
243.2778,0.0000E+000
243.2847,1.6586E-001
243.2917,2.1864E+000
243.2986,5.6752E+000
243.3056,9.0206E+000
243.3125,1.2672E+001
243.3194,1.6361E+001
243.3264,2.0600E+001
243.3333,2.3728E+001
243.3403,3.6566E+001
243.3472,6.7414E+001
243.3542,7.2900E+001
243.3611,4.2568E+001
243.3681,3.4112E+001
243.3750,4.4925E+001
243.3819,7.5878E+001
243.3889,1.0576E+002
243.3958,1.3538E+002
243.4028,1.4954E+002
243.4097,1.2970E+002
243.4167,1.6443E+002
243.4236,1.3254E+002
243.4306,1.2678E+002
243.4375,1.9911E+002
243.4444,1.6262E+002
243.4514,1.0553E+002
243.4583,1.0375E+002
243.4653,1.4458E+002
243.4722,1.4910E+002
243.4792,1.4535E+002
243.4861,1.9060E+002
243.4931,2.0503E+002
243.5000,1.8525E+002
243.5069,1.2740E+002
243.5139,3.0744E+002
243.5208,2.3148E+002
243.5278,2.3443E+002
243.5347,2.7868E+002
243.5417,2.0848E+002
243.5486,1.9275E+002
243.5556,1.9188E+002
243.5625,2.1193E+002
243.5694,2.6675E+002
243.5764,2.9510E+002
243.5833,2.8613E+002
243.5903,2.1569E+002
243.5972,2.9178E+002
243.6042,2.2193E+002
243.6111,1.4636E+002
243.6181,1.2670E+002
243.6250,1.2942E+002
243.6319,1.1322E+002
243.6389,1.0017E+002
243.6458,1.1102E+002
243.6528,1.2208E+002
243.6597,1.2454E+002
243.6667,1.2165E+002
243.6736,1.3290E+002
243.6806,1.4938E+002
243.6875,1.6182E+002
243.6944,1.0686E+002
243.7014,9.7645E+001
243.7083,6.7472E+001
243.7153,3.8389E+001
243.7222,2.6940E+001
243.7292,1.6312E+001
243.7361,2.1531E+001
243.7431,1.8665E+001
243.7500,2.1495E+001
243.7569,2.8784E+001
243.7639,3.1110E+001
243.7708,2.2310E+001
243.7778,2.3936E+001
243.7847,2.6656E+001
243.7917,2.2173E+001
243.7986,1.5426E+001
243.8056,1.4543E+001
243.8125,9.6322E+000
243.8194,5.5664E+000
243.8264,4.5799E+000
243.8333,1.3387E+000
243.8403,7.7123E-002
243.8472,0.0000E+000
243.8542,0.0000E+000
243.8611,0.0000E+000
243.8681,0.0000E+000
243.8750,0.0000E+000
243.8819,0.0000E+000
243.8889,0.0000E+000
243.8958,0.0000E+000
243.9028,0.0000E+000
243.9097,0.0000E+000
243.9167,0.0000E+000
243.9236,0.0000E+000
243.9306,0.0000E+000
243.9375,0.0000E+000
243.9444,0.0000E+000
243.9514,0.0000E+000
243.9583,0.0000E+000
243.9653,0.0000E+000
243.9722,0.0000E+000
243.9792,0.0000E+000
243.9861,0.0000E+000
243.9931,0.0000E+000
244.0000,0.0000E+000
244.0069,0.0000E+000
244.0139,0.0000E+000
244.0208,0.0000E+000
244.0278,0.0000E+000
244.0347,0.0000E+000
244.0417,0.0000E+000
244.0486,0.0000E+000
244.0556,0.0000E+000
244.0625,0.0000E+000
244.0694,0.0000E+000
244.0764,0.0000E+000
244.0833,0.0000E+000
244.0903,0.0000E+000
244.0972,0.0000E+000
244.1042,0.0000E+000
244.1111,0.0000E+000
244.1181,0.0000E+000
244.1250,0.0000E+000
244.1319,0.0000E+000
244.1389,0.0000E+000
244.1458,0.0000E+000
244.1528,0.0000E+000
244.1597,0.0000E+000
244.1667,0.0000E+000
244.1736,0.0000E+000
244.1806,0.0000E+000
244.1875,0.0000E+000
244.1944,0.0000E+000
244.2014,0.0000E+000
244.2083,0.0000E+000
244.2153,0.0000E+000
244.2222,0.0000E+000
244.2292,0.0000E+000
244.2361,0.0000E+000
244.2431,0.0000E+000
244.2500,0.0000E+000
244.2569,0.0000E+000
244.2639,0.0000E+000
244.2708,0.0000E+000
244.2778,0.0000E+000
244.2847,2.1214E-002
244.2917,6.8529E-001
244.2986,1.6650E+000
244.3056,4.4807E+000
244.3125,1.2948E+001
244.3194,1.9683E+001
244.3264,2.1149E+001
244.3333,3.0629E+001
244.3403,3.9886E+001
244.3472,4.4214E+001
244.3542,4.7785E+001
244.3611,5.7435E+001
244.3681,5.6505E+001
244.3750,4.6188E+001
244.3819,5.6679E+001
244.3889,6.5631E+001
244.3958,7.6571E+001
244.4028,7.3188E+001
244.4097,6.9728E+001
244.4167,8.3818E+001
244.4236,9.0925E+001
244.4306,1.4731E+002
244.4375,1.9617E+002
244.4444,1.8085E+002
244.4514,8.9784E+001
244.4583,9.9683E+001
244.4653,9.2473E+001
244.4722,1.2024E+002
244.4792,3.7421E+002
244.4861,2.8718E+002
244.4931,1.2799E+002
244.5000,1.4032E+002
244.5069,1.2674E+002
244.5139,2.2590E+002
244.5208,3.3376E+002
244.5278,3.1949E+002
244.5347,1.8463E+002
244.5417,2.6906E+002
244.5486,4.3767E+002
244.5556,4.4306E+002
244.5625,1.9120E+002
244.5694,2.5843E+002
244.5764,2.5955E+002
244.5833,2.1878E+002
244.5903,2.2946E+002
244.5972,2.0595E+002
244.6042,1.6492E+002
244.6111,9.8710E+001
244.6181,4.3120E+001
244.6250,3.2030E+001
244.6319,3.8684E+001
244.6389,5.7704E+001
244.6458,6.7974E+001
244.6528,6.7979E+001
244.6597,6.8076E+001
244.6667,7.9260E+001
244.6736,8.7227E+001
244.6806,1.0224E+002
244.6875,1.2246E+002
244.6944,1.1279E+002
244.7014,9.6860E+001
244.7083,9.8176E+001
244.7153,9.7009E+001
244.7222,7.8191E+001
244.7292,7.8745E+001
244.7361,7.6017E+001
244.7431,5.1856E+001
244.7500,4.3915E+001
244.7569,4.2709E+001
244.7639,4.2007E+001
244.7708,4.5568E+001
244.7778,4.1564E+001
244.7847,3.3908E+001
244.7917,2.9441E+001
244.7986,3.0824E+001
244.8056,2.4281E+001
244.8125,1.8933E+001
244.8194,1.3992E+001
244.8264,8.0974E+000
244.8333,4.5419E+000
244.8403,6.5426E-001
244.8472,0.0000E+000
244.8542,0.0000E+000
244.8611,0.0000E+000
244.8681,0.0000E+000
244.8750,0.0000E+000
244.8819,0.0000E+000
244.8889,0.0000E+000
244.8958,0.0000E+000
244.9028,0.0000E+000
244.9097,0.0000E+000
244.9167,0.0000E+000
244.9236,0.0000E+000
244.9306,0.0000E+000
244.9375,0.0000E+000
244.9444,0.0000E+000
244.9514,0.0000E+000
244.9583,0.0000E+000
244.9653,0.0000E+000
244.9722,0.0000E+000
244.9792,0.0000E+000
244.9861,0.0000E+000
244.9931,0.0000E+000
245.0000,0.0000E+000
245.0069,0.0000E+000
245.0139,0.0000E+000
245.0208,0.0000E+000
245.0278,0.0000E+000
245.0347,0.0000E+000
245.0417,0.0000E+000
245.0486,0.0000E+000
245.0556,0.0000E+000
245.0625,0.0000E+000
245.0694,0.0000E+000
245.0764,0.0000E+000
245.0833,0.0000E+000
245.0903,0.0000E+000
245.0972,0.0000E+000
245.1042,0.0000E+000
245.1111,0.0000E+000
245.1181,0.0000E+000
245.1250,0.0000E+000
245.1319,0.0000E+000
245.1389,0.0000E+000
245.1458,0.0000E+000
245.1528,0.0000E+000
245.1597,0.0000E+000
245.1667,0.0000E+000
245.1736,0.0000E+000
245.1806,0.0000E+000
245.1875,0.0000E+000
245.1944,0.0000E+000
245.2014,0.0000E+000
245.2083,0.0000E+000
245.2153,0.0000E+000
245.2222,0.0000E+000
245.2292,0.0000E+000
245.2361,0.0000E+000
245.2431,0.0000E+000
245.2500,0.0000E+000
245.2569,0.0000E+000
245.2639,0.0000E+000
245.2708,0.0000E+000
245.2778,0.0000E+000
245.2847,7.9947E-012
245.2917,2.4417E-001
245.2986,2.9519E+000
245.3056,7.8090E+000
245.3125,1.1430E+001
245.3194,1.5917E+001
245.3264,1.8996E+001
245.3333,2.4162E+001
245.3403,3.4764E+001
245.3472,4.2151E+001
245.3542,5.0966E+001
245.3611,6.0086E+001
245.3681,6.0109E+001
245.3750,6.3787E+001
245.3819,6.4977E+001
245.3889,7.1749E+001
245.3958,1.0125E+002
245.4028,1.1567E+002
245.4097,1.1502E+002
245.4167,1.2566E+002
245.4236,1.6478E+002
245.4306,1.9439E+002
245.4375,1.5747E+002
245.4444,1.5378E+002
245.4514,1.6031E+002
245.4583,1.9153E+002
245.4653,1.8076E+002
245.4722,1.6615E+002
245.4792,1.7527E+002
245.4861,1.6898E+002
245.4931,1.5338E+002
245.5000,1.8072E+002
245.5069,2.8107E+002
245.5139,3.5650E+002
245.5208,1.6596E+002
245.5278,1.7183E+002
245.5347,3.2180E+002
245.5417,2.2628E+002
245.5486,3.8843E+002
245.5556,1.7482E+002
245.5625,1.9235E+002
245.5694,2.8191E+002
245.5764,2.2028E+002
245.5833,4.1377E+002
245.5903,1.8168E+002
245.5972,3.9116E+002
245.6042,4.8575E+002
245.6111,4.6586E+002
245.6181,4.7414E+002
245.6250,4.8917E+002
245.6319,4.8176E+002
245.6389,4.8681E+002
245.6458,4.6838E+002
245.6528,4.4312E+002
245.6597,2.5468E+002
245.6667,1.9809E+002
245.6736,9.2683E+001
245.6806,6.7459E+001
245.6875,7.3293E+001
245.6944,9.5954E+001
245.7014,2.9920E+002
245.7083,1.6845E+002
245.7153,3.5184E+001
245.7222,4.9292E+001
245.7292,4.8978E+001
245.7361,3.9937E+001
245.7431,5.5799E+001
245.7500,6.6000E+001
245.7569,4.3716E+001
245.7639,3.5256E+001
245.7708,3.8628E+001
245.7778,4.4949E+001
245.7847,4.5342E+001
245.7917,4.2189E+001
245.7986,3.2678E+001
245.8056,1.7128E+001
245.8125,8.6685E+000
245.8194,4.1171E+000
245.8264,1.1268E+000
245.8333,7.2591E-002
245.8403,2.3767E-012
245.8472,0.0000E+000
245.8542,0.0000E+000
245.8611,0.0000E+000
245.8681,0.0000E+000
245.8750,0.0000E+000
245.8819,0.0000E+000
245.8889,0.0000E+000
245.8958,0.0000E+000
245.9028,0.0000E+000
245.9097,0.0000E+000
245.9167,0.0000E+000
245.9236,0.0000E+000
245.9306,0.0000E+000
245.9375,0.0000E+000
245.9444,0.0000E+000
245.9514,0.0000E+000
245.9583,0.0000E+000
245.9653,0.0000E+000
245.9722,0.0000E+000
245.9792,0.0000E+000
245.9861,0.0000E+000
245.9931,0.0000E+000
246.0000,0.0000E+000
246.0069,0.0000E+000
246.0139,0.0000E+000
246.0208,0.0000E+000
246.0278,0.0000E+000
246.0347,0.0000E+000
246.0417,0.0000E+000
246.0486,0.0000E+000
246.0556,0.0000E+000
246.0625,0.0000E+000
246.0694,0.0000E+000
246.0764,0.0000E+000
246.0833,0.0000E+000
246.0903,0.0000E+000
246.0972,0.0000E+000
246.1042,0.0000E+000
246.1111,0.0000E+000
246.1181,0.0000E+000
246.1250,0.0000E+000
246.1319,0.0000E+000
246.1389,0.0000E+000
246.1458,0.0000E+000
246.1528,0.0000E+000
246.1597,0.0000E+000
246.1667,0.0000E+000
246.1736,0.0000E+000
246.1806,0.0000E+000
246.1875,0.0000E+000
246.1944,0.0000E+000
246.2014,0.0000E+000
246.2083,0.0000E+000
246.2153,0.0000E+000
246.2222,0.0000E+000
246.2292,0.0000E+000
246.2361,0.0000E+000
246.2431,0.0000E+000
246.2500,0.0000E+000
246.2569,0.0000E+000
246.2639,0.0000E+000
246.2708,1.7853E-011
246.2778,3.6352E-001
246.2847,5.8895E-001
246.2917,1.8240E+000
246.2986,3.9364E+000
246.3056,7.2035E+000
246.3125,1.6892E+001
246.3194,2.1781E+001
246.3264,3.1715E+001
246.3333,2.8024E+001
246.3403,3.3104E+001
246.3472,5.1214E+001
246.3542,4.2161E+001
246.3611,4.5155E+001
246.3681,4.9571E+001
246.3750,3.5081E+001
246.3819,4.7335E+001
246.3889,5.0545E+001
246.3958,6.7439E+001
246.4028,9.4336E+001
246.4097,9.0378E+001
246.4167,7.5089E+001
246.4236,1.4585E+002
246.4306,1.6172E+002
246.4375,1.7758E+002
246.4444,1.9022E+002
246.4514,2.1250E+002
246.4583,1.9101E+002
246.4653,2.6871E+002
246.4722,3.3773E+002
246.4792,2.9270E+002
246.4861,2.5625E+002
246.4931,1.8120E+002
246.5000,2.2312E+002
246.5069,2.5813E+002
246.5139,2.5246E+002
246.5208,2.8082E+002
246.5278,3.0894E+002
246.5347,2.6872E+002
246.5417,3.9961E+002
246.5486,2.9400E+002
246.5556,2.4123E+002
246.5625,4.2632E+002
246.5694,3.8724E+002
246.5764,3.6371E+002
246.5833,2.2537E+002
246.5903,2.7559E+002
246.5972,3.4486E+002
246.6042,2.5975E+002
246.6111,2.4906E+002
246.6181,1.7711E+002
246.6250,1.9137E+002
246.6319,2.2291E+002
246.6389,1.9760E+002
246.6458,1.7489E+002
246.6528,1.3139E+002
246.6597,1.2540E+002
246.6667,1.1341E+002
246.6736,8.6131E+001
246.6806,6.1564E+001
246.6875,7.9030E+001
246.6944,8.0098E+001
246.7014,8.6404E+001
246.7083,9.2445E+001
246.7153,9.8767E+001
246.7222,7.6855E+001
246.7292,5.7545E+001
246.7361,4.7546E+001
246.7431,3.7859E+001
246.7500,1.4979E+001
246.7569,1.2894E+001
246.7639,2.3176E+001
246.7708,3.3458E+001
246.7778,4.3740E+001
246.7847,4.6836E+001
246.7917,3.9843E+001
246.7986,2.5006E+001
246.8056,8.1315E+000
246.8125,3.2901E+000
246.8194,7.7693E-002
246.8264,1.2719E-012
246.8333,0.0000E+000
246.8403,0.0000E+000
246.8472,0.0000E+000
246.8542,0.0000E+000
246.8611,0.0000E+000
246.8681,0.0000E+000
246.8750,0.0000E+000
246.8819,0.0000E+000
246.8889,0.0000E+000
246.8958,0.0000E+000
246.9028,0.0000E+000
246.9097,0.0000E+000
246.9167,0.0000E+000
246.9236,0.0000E+000
246.9306,0.0000E+000
246.9375,0.0000E+000
246.9444,0.0000E+000
246.9514,0.0000E+000
246.9583,0.0000E+000
246.9653,0.0000E+000
246.9722,0.0000E+000
246.9792,0.0000E+000
246.9861,0.0000E+000
246.9931,0.0000E+000
247.0000,0.0000E+000
247.0069,0.0000E+000
247.0139,0.0000E+000
247.0208,0.0000E+000
247.0278,0.0000E+000
247.0347,0.0000E+000
247.0417,0.0000E+000
247.0486,0.0000E+000
247.0556,0.0000E+000
247.0625,0.0000E+000
247.0694,0.0000E+000
247.0764,0.0000E+000
247.0833,0.0000E+000
247.0903,0.0000E+000
247.0972,0.0000E+000
247.1042,0.0000E+000
247.1111,0.0000E+000
247.1181,0.0000E+000
247.1250,0.0000E+000
247.1319,0.0000E+000
247.1389,0.0000E+000
247.1458,0.0000E+000
247.1528,0.0000E+000
247.1597,0.0000E+000
247.1667,0.0000E+000
247.1736,0.0000E+000
247.1806,0.0000E+000
247.1875,0.0000E+000
247.1944,0.0000E+000
247.2014,0.0000E+000
247.2083,0.0000E+000
247.2153,0.0000E+000
247.2222,0.0000E+000
247.2292,0.0000E+000
247.2361,0.0000E+000
247.2431,0.0000E+000
247.2500,0.0000E+000
247.2569,0.0000E+000
247.2639,0.0000E+000
247.2708,0.0000E+000
247.2778,0.0000E+000
247.2847,1.5764E-011
247.2917,4.8146E-001
247.2986,2.7045E+000
247.3056,7.8761E+000
247.3125,1.2477E+001
247.3194,1.6545E+001
247.3264,2.3837E+001
247.3333,2.8039E+001
247.3403,3.5402E+001
247.3472,4.0054E+001
247.3542,4.2931E+001
247.3611,5.4934E+001
247.3681,6.3059E+001
247.3750,6.6448E+001
247.3819,6.8500E+001
247.3889,6.2539E+001
247.3958,5.4156E+001
247.4028,3.6839E+001
247.4097,3.3912E+001
247.4167,1.6296E+002
247.4236,2.7601E+002
247.4306,2.8831E+002
247.4375,1.1510E+002
247.4444,1.1125E+002
247.4514,1.6501E+002
247.4583,3.6797E+002
247.4653,2.8617E+002
247.4722,3.2642E+002
247.4792,3.6352E+002
247.4861,3.9002E+002
247.4931,3.8025E+002
247.5000,2.9861E+002
247.5069,2.0765E+002
247.5139,1.2544E+002
247.5208,1.6390E+002
247.5278,3.4865E+002
247.5347,3.3107E+002
247.5417,4.4486E+002
247.5486,4.6262E+002
247.5556,4.6911E+002
247.5625,4.6922E+002
247.5694,4.8065E+002
247.5764,4.5759E+002
247.5833,4.6497E+002
247.5903,4.8874E+002
247.5972,3.6355E+002
247.6042,2.2581E+002
247.6111,3.3964E+002
247.6181,1.8705E+002
247.6250,1.5101E+002
247.6319,1.2536E+002
247.6389,1.4026E+002
247.6458,1.5557E+002
247.6528,1.2030E+002
247.6597,1.1883E+002
247.6667,2.3340E+002
247.6736,2.1053E+002
247.6806,9.9674E+001
247.6875,8.2769E+001
247.6944,8.4345E+001
247.7014,8.8564E+001
247.7083,8.2885E+001
247.7153,8.4001E+001
247.7222,7.1746E+001
247.7292,6.5471E+001
247.7361,7.0036E+001
247.7431,6.0509E+001
247.7500,5.7174E+001
247.7569,4.9724E+001
247.7639,4.6738E+001
247.7708,4.7005E+001
247.7778,3.8481E+001
247.7847,2.0513E+001
247.7917,1.1107E+001
247.7986,6.7735E+000
247.8056,5.5580E+000
247.8125,3.2706E+000
247.8194,9.5948E-001
247.8264,2.5030E-002
247.8333,0.0000E+000
247.8403,0.0000E+000
247.8472,0.0000E+000
247.8542,0.0000E+000
247.8611,0.0000E+000
247.8681,0.0000E+000
247.8750,0.0000E+000
247.8819,0.0000E+000
247.8889,0.0000E+000
247.8958,0.0000E+000
247.9028,0.0000E+000
247.9097,0.0000E+000
247.9167,0.0000E+000
247.9236,0.0000E+000
247.9306,0.0000E+000
247.9375,0.0000E+000
247.9444,0.0000E+000
247.9514,0.0000E+000
247.9583,0.0000E+000
247.9653,0.0000E+000
247.9722,0.0000E+000
247.9792,0.0000E+000
247.9861,0.0000E+000
247.9931,0.0000E+000
248.0000,0.0000E+000
248.0069,0.0000E+000
248.0139,0.0000E+000
248.0208,0.0000E+000
248.0278,0.0000E+000
248.0347,0.0000E+000
248.0417,0.0000E+000
248.0486,0.0000E+000
248.0556,0.0000E+000
248.0625,0.0000E+000
248.0694,0.0000E+000
248.0764,0.0000E+000
248.0833,0.0000E+000
248.0903,0.0000E+000
248.0972,0.0000E+000
248.1042,0.0000E+000
248.1111,0.0000E+000
248.1181,0.0000E+000
248.1250,0.0000E+000
248.1319,0.0000E+000
248.1389,0.0000E+000
248.1458,0.0000E+000
248.1528,0.0000E+000
248.1597,0.0000E+000
248.1667,0.0000E+000
248.1736,0.0000E+000
248.1806,0.0000E+000
248.1875,0.0000E+000
248.1944,0.0000E+000
248.2014,0.0000E+000
248.2083,0.0000E+000
248.2153,0.0000E+000
248.2222,0.0000E+000
248.2292,0.0000E+000
248.2361,0.0000E+000
248.2431,0.0000E+000
248.2500,0.0000E+000
248.2569,0.0000E+000
248.2639,0.0000E+000
248.2708,0.0000E+000
248.2778,0.0000E+000
248.2847,1.4180E-001
248.2917,2.7848E-001
248.2986,6.4550E-001
248.3056,2.2573E+000
248.3125,9.9249E+000
248.3194,1.4859E+001
248.3264,1.4593E+001
248.3333,2.0465E+001
248.3403,2.6087E+001
248.3472,3.3231E+001
248.3542,2.3472E+001
248.3611,1.5541E+001
248.3681,2.3971E+001
248.3750,4.9187E+001
248.3819,5.5362E+001
248.3889,6.2759E+001
248.3958,7.6375E+001
248.4028,5.8968E+001
248.4097,7.6155E+001
248.4167,8.4720E+001
248.4236,1.1733E+002
248.4306,5.8368E+001
248.4375,6.4592E+001
248.4444,1.0453E+002
248.4514,9.7049E+001
248.4583,1.5316E+002
248.4653,2.7470E+002
248.4722,3.2667E+002
248.4792,3.8226E+002
248.4861,3.7734E+002
248.4931,3.5884E+002
248.5000,3.7947E+002
248.5069,4.1849E+002
248.5139,3.6053E+002
248.5208,4.2626E+002
248.5278,2.3580E+002
248.5347,4.0441E+002
248.5417,1.5050E+002
248.5486,1.2781E+002
248.5556,1.4780E+002
248.5625,1.1833E+002
248.5694,1.5676E+002
248.5764,1.9796E+002
248.5833,1.3724E+002
248.5903,1.6721E+002
248.5972,1.4729E+002
248.6042,1.2524E+002
248.6111,8.4173E+001
248.6181,1.4996E+002
248.6250,1.3045E+002
248.6319,1.4824E+002
248.6389,9.9644E+001
248.6458,8.8400E+001
248.6528,8.3938E+001
248.6597,8.0202E+001
248.6667,9.4631E+001
248.6736,1.6317E+002
248.6806,1.4260E+002
248.6875,1.0151E+002
248.6944,6.5321E+001
248.7014,5.5400E+001
248.7083,1.2472E+002
248.7153,8.9587E+001
248.7222,4.8542E+001
248.7292,4.3248E+001
248.7361,5.5451E+001
248.7431,6.7450E+001
248.7500,6.9627E+001
248.7569,4.6790E+001
248.7639,4.9855E+001
248.7708,3.5576E+001
248.7778,2.9966E+001
248.7847,3.0765E+001
248.7917,3.0614E+001
248.7986,9.0707E+000
248.8056,6.6760E+000
248.8125,2.4441E+000
248.8194,4.0157E-001
248.8264,1.1425E+000
248.8333,0.0000E+000
248.8403,0.0000E+000
248.8472,0.0000E+000
248.8542,0.0000E+000
248.8611,0.0000E+000
248.8681,0.0000E+000
248.8750,0.0000E+000
248.8819,0.0000E+000
248.8889,0.0000E+000
248.8958,0.0000E+000
248.9028,0.0000E+000
248.9097,0.0000E+000
248.9167,0.0000E+000
248.9236,0.0000E+000
248.9306,0.0000E+000
248.9375,0.0000E+000
248.9444,0.0000E+000
248.9514,0.0000E+000
248.9583,0.0000E+000
248.9653,0.0000E+000
248.9722,0.0000E+000
248.9792,0.0000E+000
248.9861,0.0000E+000
248.9931,0.0000E+000
249.0000,0.0000E+000
249.0069,0.0000E+000
249.0139,0.0000E+000
249.0208,0.0000E+000
249.0278,0.0000E+000
249.0347,0.0000E+000
249.0417,0.0000E+000
249.0486,0.0000E+000
249.0556,0.0000E+000
249.0625,0.0000E+000
249.0694,0.0000E+000
249.0764,0.0000E+000
249.0833,0.0000E+000
249.0903,0.0000E+000
249.0972,0.0000E+000
249.1042,0.0000E+000
249.1111,0.0000E+000
249.1181,0.0000E+000
249.1250,0.0000E+000
249.1319,0.0000E+000
249.1389,0.0000E+000
249.1458,0.0000E+000
249.1528,0.0000E+000
249.1597,0.0000E+000
249.1667,0.0000E+000
249.1736,0.0000E+000
249.1806,0.0000E+000
249.1875,0.0000E+000
249.1944,0.0000E+000
249.2014,0.0000E+000
249.2083,0.0000E+000
249.2153,0.0000E+000
249.2222,0.0000E+000
249.2292,0.0000E+000
249.2361,0.0000E+000
249.2431,0.0000E+000
249.2500,0.0000E+000
249.2569,0.0000E+000
249.2639,0.0000E+000
249.2708,0.0000E+000
249.2778,0.0000E+000
249.2847,6.4676E-012
249.2917,1.9753E-001
249.2986,3.1734E+000
249.3056,4.7459E+000
249.3125,1.2997E+001
249.3194,3.2337E+001
249.3264,4.5814E+001
249.3333,5.2649E+001
249.3403,6.0851E+001
249.3472,6.3227E+001
249.3542,6.8650E+001
249.3611,7.0789E+001
249.3681,7.5057E+001
249.3750,7.7156E+001
249.3819,8.0467E+001
249.3889,8.7243E+001
249.3958,9.6535E+001
249.4028,1.0728E+002
249.4097,9.0086E+001
249.4167,1.0184E+002
249.4236,1.8916E+002
249.4306,1.9691E+002
249.4375,1.8073E+002
249.4444,1.6454E+002
249.4514,1.4835E+002
249.4583,3.8238E+002
249.4653,2.1007E+002
249.4722,1.7856E+002
249.4792,4.4102E+002
249.4861,3.2106E+002
249.4931,1.3278E+002
249.5000,1.4068E+002
249.5069,1.9276E+002
249.5139,2.1762E+002
249.5208,2.7338E+002
249.5278,1.0681E+002
249.5347,6.2131E+001
249.5417,6.5719E+001
249.5486,8.1052E+001
249.5556,1.0238E+002
249.5625,1.0581E+002
249.5694,1.4713E+002
249.5764,2.1603E+002
249.5833,1.2951E+002
249.5903,1.0179E+002
249.5972,7.1210E+001
249.6042,6.9842E+001
249.6111,1.0520E+002
249.6181,9.8238E+001
249.6250,6.8196E+001
249.6319,9.3849E+001
249.6389,8.3377E+001
249.6458,8.5424E+001
249.6528,1.1411E+002
249.6597,1.1871E+002
249.6667,1.1676E+002
249.6736,7.2332E+001
249.6806,5.3711E+001
249.6875,6.5564E+001
249.6944,9.8199E+001
249.7014,1.1818E+002
249.7083,1.1219E+002
249.7153,8.0922E+001
249.7222,8.0247E+001
249.7292,3.1010E+001
249.7361,3.5299E+001
249.7431,3.1970E+001
249.7500,3.1434E+001
249.7569,2.8782E+001
249.7639,1.7537E+001
249.7708,1.8274E+001
249.7778,2.1165E+001
249.7847,2.1476E+001
249.7917,1.7035E+001
249.7986,1.9404E+001
249.8056,1.5628E+001
249.8125,3.3329E+000
249.8194,5.1295E-003
249.8264,8.3974E-014
249.8333,0.0000E+000
249.8403,0.0000E+000
249.8472,0.0000E+000
249.8542,0.0000E+000
249.8611,0.0000E+000
249.8681,0.0000E+000
249.8750,0.0000E+000
249.8819,0.0000E+000
249.8889,0.0000E+000
249.8958,0.0000E+000
249.9028,0.0000E+000
249.9097,0.0000E+000
249.9167,0.0000E+000
249.9236,0.0000E+000
249.9306,0.0000E+000
249.9375,0.0000E+000
249.9444,0.0000E+000
249.9514,0.0000E+000
249.9583,0.0000E+000
249.9653,0.0000E+000
249.9722,0.0000E+000
249.9792,0.0000E+000
249.9861,0.0000E+000
249.9931,0.0000E+000
250.0000,0.0000E+000
250.0069,0.0000E+000
250.0139,0.0000E+000
250.0208,0.0000E+000
250.0278,0.0000E+000
250.0347,0.0000E+000
250.0417,0.0000E+000
250.0486,0.0000E+000
250.0556,0.0000E+000
250.0625,0.0000E+000
250.0694,0.0000E+000
250.0764,0.0000E+000
250.0833,0.0000E+000
250.0903,0.0000E+000
250.0972,0.0000E+000
250.1042,0.0000E+000
250.1111,0.0000E+000
250.1181,0.0000E+000
250.1250,0.0000E+000
250.1319,0.0000E+000
250.1389,0.0000E+000
250.1458,0.0000E+000
250.1528,0.0000E+000
250.1597,0.0000E+000
250.1667,0.0000E+000
250.1736,0.0000E+000
250.1806,0.0000E+000
250.1875,0.0000E+000
250.1944,0.0000E+000
250.2014,0.0000E+000
250.2083,0.0000E+000
250.2153,0.0000E+000
250.2222,0.0000E+000
250.2292,0.0000E+000
250.2361,0.0000E+000
250.2431,0.0000E+000
250.2500,0.0000E+000
250.2569,0.0000E+000
250.2639,0.0000E+000
250.2708,1.2593E-013
250.2778,2.5642E-003
250.2847,2.9039E-001
250.2917,1.4994E+000
250.2986,3.0520E+000
250.3056,4.4571E+000
250.3125,5.9507E+000
250.3194,7.5168E+000
250.3264,8.6981E+000
250.3333,9.7456E+000
250.3403,1.0906E+001
250.3472,1.1922E+001
250.3542,1.2954E+001
250.3611,1.4172E+001
250.3681,1.5677E+001
250.3750,1.7147E+001
250.3819,1.9012E+001
250.3889,2.1075E+001
250.3958,2.2892E+001
250.4028,2.4022E+001
250.4097,2.5462E+001
250.4167,1.5514E+002
250.4236,2.6594E+002
250.4306,2.7643E+002
250.4375,5.5733E+001
250.4444,5.6506E+001
250.4514,1.4699E+002
250.4583,3.9243E+002
250.4653,4.1003E+002
250.4722,4.2248E+002
250.4792,4.3762E+002
250.4861,4.4854E+002
250.4931,4.6407E+002
250.5000,4.3216E+002
250.5069,2.9438E+002
250.5139,2.7529E+002
250.5208,1.3433E+002
250.5278,7.9786E+001
250.5347,9.8228E+001
250.5417,1.1437E+002
250.5486,1.0937E+002
250.5556,2.7907E+002
250.5625,4.7696E+002
250.5694,4.9988E+002
250.5764,4.0092E+002
250.5833,4.9733E+002
250.5903,4.4499E+002
250.5972,5.0700E+002
250.6042,5.1496E+002
250.6111,2.7749E+002
250.6181,2.0719E+002
250.6250,2.5173E+002
250.6319,4.3581E+002
250.6389,4.4292E+002
250.6458,4.2632E+002
250.6528,2.3070E+002
250.6597,3.5733E+002
250.6667,3.4488E+002
250.6736,3.2671E+002
250.6806,3.1484E+002
250.6875,1.4484E+002
250.6944,2.5707E+002
250.7014,2.0662E+002
250.7083,2.4875E+001
250.7153,2.4377E+001
250.7222,2.0711E+001
250.7292,1.6764E+001
250.7361,1.5817E+001
250.7431,1.4151E+001
250.7500,1.3103E+001
250.7569,1.2962E+001
250.7639,1.1414E+001
250.7708,1.0122E+001
250.7778,8.9084E+000
250.7847,8.0240E+000
250.7917,7.1395E+000
250.7986,5.3463E+000
250.8056,3.5793E+000
250.8125,1.6400E+000
250.8194,4.6913E-001
250.8264,7.6800E-012
250.8333,0.0000E+000
250.8403,0.0000E+000
250.8472,0.0000E+000
250.8542,0.0000E+000
250.8611,0.0000E+000
250.8681,0.0000E+000
250.8750,0.0000E+000
250.8819,0.0000E+000
250.8889,0.0000E+000
250.8958,0.0000E+000
250.9028,0.0000E+000
250.9097,0.0000E+000
250.9167,0.0000E+000
250.9236,0.0000E+000
250.9306,0.0000E+000
250.9375,0.0000E+000
250.9444,0.0000E+000
250.9514,0.0000E+000
250.9583,0.0000E+000
250.9653,0.0000E+000
250.9722,0.0000E+000
250.9792,0.0000E+000
250.9861,0.0000E+000
250.9931,0.0000E+000
251.0000,0.0000E+000
251.0069,0.0000E+000
251.0139,0.0000E+000
251.0208,0.0000E+000
251.0278,0.0000E+000
251.0347,0.0000E+000
251.0417,0.0000E+000
251.0486,0.0000E+000
251.0556,0.0000E+000
251.0625,0.0000E+000
251.0694,0.0000E+000
251.0764,0.0000E+000
251.0833,0.0000E+000
251.0903,0.0000E+000
251.0972,0.0000E+000
251.1042,0.0000E+000
251.1111,0.0000E+000
251.1181,0.0000E+000
251.1250,0.0000E+000
251.1319,0.0000E+000
251.1389,0.0000E+000
251.1458,0.0000E+000
251.1528,0.0000E+000
251.1597,0.0000E+000
251.1667,0.0000E+000
251.1736,0.0000E+000
251.1806,0.0000E+000
251.1875,0.0000E+000
251.1944,0.0000E+000
251.2014,0.0000E+000
251.2083,0.0000E+000
251.2153,0.0000E+000
251.2222,0.0000E+000
251.2292,0.0000E+000
251.2361,0.0000E+000
251.2431,0.0000E+000
251.2500,0.0000E+000
251.2569,0.0000E+000
251.2639,0.0000E+000
251.2708,0.0000E+000
251.2778,0.0000E+000
251.2847,1.5524E-011
251.2917,4.7415E-001
251.2986,1.8479E+000
251.3056,3.1005E+000
251.3125,4.4653E+000
251.3194,5.7909E+000
251.3264,7.0371E+000
251.3333,7.8854E+000
251.3403,8.7638E+000
251.3472,9.8703E+000
251.3542,1.1481E+001
251.3611,1.2145E+001
251.3681,1.3988E+001
251.3750,1.4503E+001
251.3819,1.5465E+001
251.3889,1.7368E+001
251.3958,2.0934E+001
251.4028,2.1358E+001
251.4097,2.3395E+001
251.4167,1.7202E+002
251.4236,2.8920E+002
251.4306,2.2883E+002
251.4375,4.7251E+001
251.4444,5.7141E+001
251.4514,1.2027E+002
251.4583,3.6164E+002
251.4653,3.6853E+002
251.4722,3.7755E+002
251.4792,3.8670E+002
251.4861,3.9667E+002
251.4931,4.0722E+002
251.5000,4.1602E+002
251.5069,4.1613E+002
251.5139,4.2597E+002
251.5208,4.3412E+002
251.5278,4.4418E+002
251.5347,4.4894E+002
251.5417,4.4654E+002
251.5486,4.4906E+002
251.5556,4.5308E+002
251.5625,4.5898E+002
251.5694,4.5266E+002
251.5764,4.5287E+002
251.5833,4.4728E+002
251.5903,4.4325E+002
251.5972,4.4321E+002
251.6042,4.3042E+002
251.6111,4.2630E+002
251.6181,4.2065E+002
251.6250,4.0527E+002
251.6319,4.0519E+002
251.6389,3.9239E+002
251.6458,3.7758E+002
251.6528,3.6477E+002
251.6597,3.5524E+002
251.6667,3.4204E+002
251.6736,3.2673E+002
251.6806,3.0693E+002
251.6875,1.3424E+002
251.6944,2.1554E+002
251.7014,1.3051E+002
251.7083,1.2300E+001
251.7153,1.3445E+001
251.7222,1.3446E+001
251.7292,1.2377E+001
251.7361,1.2110E+001
251.7431,1.1511E+001
251.7500,9.9037E+000
251.7569,1.0098E+001
251.7639,9.1874E+000
251.7708,8.3245E+000
251.7778,7.7230E+000
251.7847,6.9901E+000
251.7917,5.6327E+000
251.7986,4.4636E+000
251.8056,2.9979E+000
251.8125,1.5079E+000
251.8194,1.7808E-001
251.8264,2.9153E-012
251.8333,0.0000E+000
251.8403,0.0000E+000
251.8472,0.0000E+000
251.8542,0.0000E+000
251.8611,0.0000E+000
251.8681,0.0000E+000
251.8750,0.0000E+000
251.8819,0.0000E+000
251.8889,0.0000E+000
251.8958,0.0000E+000
251.9028,0.0000E+000
251.9097,0.0000E+000
251.9167,0.0000E+000
251.9236,0.0000E+000
251.9306,0.0000E+000
251.9375,0.0000E+000
251.9444,0.0000E+000
251.9514,0.0000E+000
251.9583,0.0000E+000
251.9653,0.0000E+000
251.9722,0.0000E+000
251.9792,0.0000E+000
251.9861,0.0000E+000
251.9931,0.0000E+000
252.0000,0.0000E+000
252.0069,0.0000E+000
252.0139,0.0000E+000
252.0208,0.0000E+000
252.0278,0.0000E+000
252.0347,0.0000E+000
252.0417,0.0000E+000
252.0486,0.0000E+000
252.0556,0.0000E+000
252.0625,0.0000E+000
252.0694,0.0000E+000
252.0764,0.0000E+000
252.0833,0.0000E+000
252.0903,0.0000E+000
252.0972,0.0000E+000
252.1042,0.0000E+000
252.1111,0.0000E+000
252.1181,0.0000E+000
252.1250,0.0000E+000
252.1319,0.0000E+000
252.1389,0.0000E+000
252.1458,0.0000E+000
252.1528,0.0000E+000
252.1597,0.0000E+000
252.1667,0.0000E+000
252.1736,0.0000E+000
252.1806,0.0000E+000
252.1875,0.0000E+000
252.1944,0.0000E+000
252.2014,0.0000E+000
252.2083,0.0000E+000
252.2153,0.0000E+000
252.2222,0.0000E+000
252.2292,0.0000E+000
252.2361,0.0000E+000
252.2431,0.0000E+000
252.2500,0.0000E+000
252.2569,0.0000E+000
252.2639,0.0000E+000
252.2708,0.0000E+000
252.2778,0.0000E+000
252.2847,2.8099E-012
252.2917,8.5818E-002
252.2986,9.0429E-001
252.3056,2.1627E+000
252.3125,3.1541E+000
252.3194,4.2307E+000
252.3264,5.3584E+000
252.3333,6.4106E+000
252.3403,7.4077E+000
252.3472,8.3075E+000
252.3542,9.2732E+000
252.3611,1.0168E+001
252.3681,1.1689E+001
252.3750,1.3080E+001
252.3819,1.4889E+001
252.3889,1.6862E+001
252.3958,1.8554E+001
252.4028,2.0183E+001
252.4097,2.5019E+001
252.4167,2.2699E+002
252.4236,2.8130E+002
252.4306,1.5820E+002
252.4375,1.9548E+001
252.4444,5.9789E+001
252.4514,1.3005E+002
252.4583,3.6015E+002
252.4653,3.6870E+002
252.4722,3.8196E+002
252.4792,3.9564E+002
252.4861,4.0723E+002
252.4931,4.1531E+002
252.5000,4.2401E+002
252.5069,4.3170E+002
252.5139,4.3562E+002
252.5208,4.3624E+002
252.5278,4.3746E+002
252.5347,4.4310E+002
252.5417,4.4901E+002
252.5486,4.4520E+002
252.5556,4.4500E+002
252.5625,4.4545E+002
252.5694,4.5006E+002
252.5764,4.4732E+002
252.5833,4.4999E+002
252.5903,4.5193E+002
252.5972,4.4924E+002
252.6042,4.4598E+002
252.6111,4.3363E+002
252.6181,4.2112E+002
252.6250,4.1192E+002
252.6319,3.9466E+002
252.6389,3.7951E+002
252.6458,3.7270E+002
252.6528,3.5648E+002
252.6597,3.4270E+002
252.6667,3.3006E+002
252.6736,3.2452E+002
252.6806,3.0456E+002
252.6875,1.3173E+002
252.6944,1.9910E+002
252.7014,1.2190E+002
252.7083,5.4036E+001
252.7153,3.0685E+001
252.7222,4.0258E+001
252.7292,3.3869E+001
252.7361,2.5173E+001
252.7431,4.4001E+001
252.7500,3.9935E+001
252.7569,2.1732E+001
252.7639,3.0530E+001
252.7708,3.8147E+001
252.7778,2.2042E+001
252.7847,7.1571E+000
252.7917,4.8783E+000
252.7986,3.2974E+000
252.8056,2.4952E+000
252.8125,4.7124E-001
252.8194,3.9697E-002
252.8264,6.4987E-013
252.8333,0.0000E+000
252.8403,0.0000E+000
252.8472,0.0000E+000
252.8542,0.0000E+000
252.8611,0.0000E+000
252.8681,0.0000E+000
252.8750,0.0000E+000
252.8819,0.0000E+000
252.8889,0.0000E+000
252.8958,0.0000E+000
252.9028,0.0000E+000
252.9097,0.0000E+000
252.9167,0.0000E+000
252.9236,0.0000E+000
252.9306,0.0000E+000
252.9375,0.0000E+000
252.9444,0.0000E+000
252.9514,0.0000E+000
252.9583,0.0000E+000
252.9653,0.0000E+000
252.9722,0.0000E+000
252.9792,0.0000E+000
252.9861,0.0000E+000
252.9931,0.0000E+000
253.0000,0.0000E+000
253.0069,0.0000E+000
253.0139,0.0000E+000
253.0208,0.0000E+000
253.0278,0.0000E+000
253.0347,0.0000E+000
253.0417,0.0000E+000
253.0486,0.0000E+000
253.0556,0.0000E+000
253.0625,0.0000E+000
253.0694,0.0000E+000
253.0764,0.0000E+000
253.0833,0.0000E+000
253.0903,0.0000E+000
253.0972,0.0000E+000
253.1042,0.0000E+000
253.1111,0.0000E+000
253.1181,0.0000E+000
253.1250,0.0000E+000
253.1319,0.0000E+000
253.1389,0.0000E+000
253.1458,0.0000E+000
253.1528,0.0000E+000
253.1597,0.0000E+000
253.1667,0.0000E+000
253.1736,0.0000E+000
253.1806,0.0000E+000
253.1875,0.0000E+000
253.1944,0.0000E+000
253.2014,0.0000E+000
253.2083,0.0000E+000
253.2153,0.0000E+000
253.2222,0.0000E+000
253.2292,0.0000E+000
253.2361,0.0000E+000
253.2431,0.0000E+000
253.2500,0.0000E+000
253.2569,0.0000E+000
253.2639,0.0000E+000
253.2708,0.0000E+000
253.2778,0.0000E+000
253.2847,3.2007E-003
253.2917,1.0287E+000
253.2986,4.5500E+000
253.3056,9.0418E+000
253.3125,1.2855E+001
253.3194,2.2553E+001
253.3264,3.1791E+001
253.3333,3.2492E+001
253.3403,2.7917E+001
253.3472,3.2057E+001
253.3542,3.0140E+001
253.3611,3.1403E+001
253.3681,3.3150E+001
253.3750,2.4990E+001
253.3819,2.1402E+001
253.3889,1.9789E+001
253.3958,2.3803E+001
253.4028,3.7507E+001
253.4097,6.1607E+001
253.4167,6.2047E+001
253.4236,9.9141E+001
253.4306,8.7160E+001
253.4375,6.9553E+001
253.4444,7.3111E+001
253.4514,1.0012E+002
253.4583,1.0254E+002
253.4653,1.0496E+002
253.4722,1.0737E+002
253.4792,1.2227E+002
253.4861,1.2306E+002
253.4931,1.2470E+002
253.5000,1.1868E+002
253.5069,1.0464E+002
253.5139,1.1242E+002
253.5208,1.5222E+002
253.5278,9.6748E+001
253.5347,6.5735E+001
253.5417,9.1559E+001
253.5486,9.8757E+001
253.5556,8.4046E+001
253.5625,7.3939E+001
253.5694,7.0855E+001
253.5764,5.7632E+001
253.5833,5.5754E+001
253.5903,7.2816E+001
253.5972,8.2881E+001
253.6042,8.1205E+001
253.6111,9.4043E+001
253.6181,1.0310E+002
253.6250,1.1114E+002
253.6319,1.0254E+002
253.6389,9.8905E+001
253.6458,9.9058E+001
253.6528,1.0905E+002
253.6597,1.2037E+002
253.6667,1.1280E+002
253.6736,1.0229E+002
253.6806,1.0314E+002
253.6875,1.2486E+002
253.6944,1.3441E+002
253.7014,1.1117E+002
253.7083,9.0114E+001
253.7153,1.1393E+002
253.7222,9.9130E+001
253.7292,7.2484E+001
253.7361,6.1461E+001
253.7431,4.2277E+001
253.7500,3.6205E+001
253.7569,2.4023E+001
253.7639,2.7021E+001
253.7708,1.5823E+001
253.7778,8.0894E+000
253.7847,6.1189E+000
253.7917,4.3487E+000
253.7986,3.3164E+000
253.8056,2.1522E+000
253.8125,9.0428E-001
253.8194,9.9196E-002
253.8264,1.6239E-012
253.8333,0.0000E+000
253.8403,0.0000E+000
253.8472,0.0000E+000
253.8542,0.0000E+000
253.8611,0.0000E+000
253.8681,0.0000E+000
253.8750,0.0000E+000
253.8819,0.0000E+000
253.8889,0.0000E+000
253.8958,0.0000E+000
253.9028,0.0000E+000
253.9097,0.0000E+000
253.9167,0.0000E+000
253.9236,0.0000E+000
253.9306,0.0000E+000
253.9375,0.0000E+000
253.9444,0.0000E+000
253.9514,0.0000E+000
253.9583,0.0000E+000
253.9653,0.0000E+000
253.9722,0.0000E+000
253.9792,0.0000E+000
253.9861,0.0000E+000
253.9931,0.0000E+000
254.0000,0.0000E+000
254.0069,0.0000E+000
254.0139,0.0000E+000
254.0208,0.0000E+000
254.0278,0.0000E+000
254.0347,0.0000E+000
254.0417,0.0000E+000
254.0486,0.0000E+000
254.0556,0.0000E+000
254.0625,0.0000E+000
254.0694,0.0000E+000
254.0764,0.0000E+000
254.0833,0.0000E+000
254.0903,0.0000E+000
254.0972,0.0000E+000
254.1042,0.0000E+000
254.1111,0.0000E+000
254.1181,0.0000E+000
254.1250,0.0000E+000
254.1319,0.0000E+000
254.1389,0.0000E+000
254.1458,0.0000E+000
254.1528,0.0000E+000
254.1597,0.0000E+000
254.1667,0.0000E+000
254.1736,0.0000E+000
254.1806,0.0000E+000
254.1875,0.0000E+000
254.1944,0.0000E+000
254.2014,0.0000E+000
254.2083,0.0000E+000
254.2153,0.0000E+000
254.2222,0.0000E+000
254.2292,0.0000E+000
254.2361,0.0000E+000
254.2431,0.0000E+000
254.2500,0.0000E+000
254.2569,0.0000E+000
254.2639,0.0000E+000
254.2708,0.0000E+000
254.2778,0.0000E+000
254.2847,5.6563E-013
254.2917,1.7275E-002
254.2986,1.2803E+000
254.3056,3.6195E+000
254.3125,6.2383E+000
254.3194,7.4430E+000
254.3264,1.1612E+001
254.3333,2.2781E+001
254.3403,2.9579E+001
254.3472,3.8790E+001
254.3542,3.7115E+001
254.3611,2.7445E+001
254.3681,3.8049E+001
254.3750,3.8428E+001
254.3819,3.8976E+001
254.3889,2.8351E+001
254.3958,3.0898E+001
254.4028,3.6861E+001
254.4097,5.3487E+001
254.4167,2.4675E+002
254.4236,2.2436E+002
254.4306,9.0968E+001
254.4375,6.0346E+001
254.4444,8.6147E+001
254.4514,1.5736E+002
254.4583,2.0688E+002
254.4653,3.1832E+002
254.4722,3.2357E+002
254.4792,3.5653E+002
254.4861,3.8204E+002
254.4931,3.9011E+002
254.5000,3.9332E+002
254.5069,4.0150E+002
254.5139,4.1851E+002
254.5208,4.2714E+002
254.5278,4.3970E+002
254.5347,4.4144E+002
254.5417,4.4509E+002
254.5486,4.5215E+002
254.5556,4.4898E+002
254.5625,4.3632E+002
254.5694,4.2677E+002
254.5764,4.1728E+002
254.5833,4.1057E+002
254.5903,4.0251E+002
254.5972,3.9034E+002
254.6042,3.7947E+002
254.6111,3.7864E+002
254.6181,3.6338E+002
254.6250,3.6336E+002
254.6319,3.5580E+002
254.6389,3.4355E+002
254.6458,3.4432E+002
254.6528,3.3942E+002
254.6597,3.3048E+002
254.6667,1.7452E+002
254.6736,2.7039E+002
254.6806,1.2648E+002
254.6875,1.2432E+002
254.6944,7.5545E+001
254.7014,6.1850E+001
254.7083,4.4458E+001
254.7153,4.0620E+001
254.7222,5.3028E+001
254.7292,4.5824E+001
254.7361,3.6093E+001
254.7431,2.8328E+001
254.7500,2.5014E+001
254.7569,2.1861E+001
254.7639,1.9754E+001
254.7708,1.9472E+001
254.7778,1.7452E+001
254.7847,1.3470E+001
254.7917,1.0831E+001
254.7986,7.3952E+000
254.8056,3.9599E+000
254.8125,5.2453E-001
254.8194,6.3967E-003
254.8264,1.0472E-013
254.8333,0.0000E+000
254.8403,0.0000E+000
254.8472,0.0000E+000
254.8542,0.0000E+000
254.8611,0.0000E+000
254.8681,0.0000E+000
254.8750,0.0000E+000
254.8819,0.0000E+000
254.8889,0.0000E+000
254.8958,0.0000E+000
254.9028,0.0000E+000
254.9097,0.0000E+000
254.9167,0.0000E+000
254.9236,0.0000E+000
254.9306,0.0000E+000
254.9375,0.0000E+000
254.9444,0.0000E+000
254.9514,0.0000E+000
254.9583,0.0000E+000
254.9653,0.0000E+000
254.9722,0.0000E+000
254.9792,0.0000E+000
254.9861,0.0000E+000
254.9931,0.0000E+000
255.0000,0.0000E+000
255.0069,0.0000E+000
255.0139,0.0000E+000
255.0208,0.0000E+000
255.0278,0.0000E+000
255.0347,0.0000E+000
255.0417,0.0000E+000
255.0486,0.0000E+000
255.0556,0.0000E+000
255.0625,0.0000E+000
255.0694,0.0000E+000
255.0764,0.0000E+000
255.0833,0.0000E+000
255.0903,0.0000E+000
255.0972,0.0000E+000
255.1042,0.0000E+000
255.1111,0.0000E+000
255.1181,0.0000E+000
255.1250,0.0000E+000
255.1319,0.0000E+000
255.1389,0.0000E+000
255.1458,0.0000E+000
255.1528,0.0000E+000
255.1597,0.0000E+000
255.1667,0.0000E+000
255.1736,0.0000E+000
255.1806,0.0000E+000
255.1875,0.0000E+000
255.1944,0.0000E+000
255.2014,0.0000E+000
255.2083,0.0000E+000
255.2153,0.0000E+000
255.2222,0.0000E+000
255.2292,0.0000E+000
255.2361,0.0000E+000
255.2431,0.0000E+000
255.2500,0.0000E+000
255.2569,0.0000E+000
255.2639,0.0000E+000
255.2708,0.0000E+000
255.2778,0.0000E+000
255.2847,0.0000E+000
255.2917,0.0000E+000
255.2986,8.0196E-001
255.3056,2.7583E+000
255.3125,5.3355E+000
255.3194,8.0880E+000
255.3264,1.1077E+001
255.3333,1.3797E+001
255.3403,1.6435E+001
255.3472,1.9352E+001
255.3542,2.2035E+001
255.3611,2.4806E+001
255.3681,2.7559E+001
255.3750,3.0782E+001
255.3819,3.4108E+001
255.3889,3.7922E+001
255.3958,4.1157E+001
255.4028,4.3726E+001
255.4097,4.8938E+001
255.4167,1.8495E+002
255.4236,1.5293E+002
255.4306,6.7260E+001
255.4375,5.9997E+001
255.4444,9.8431E+001
255.4514,1.5818E+002
255.4583,2.9832E+002
255.4653,3.1224E+002
255.4722,3.2018E+002
255.4792,3.2914E+002
255.4861,3.3416E+002
255.4931,3.4602E+002
255.5000,3.5704E+002
255.5069,3.6715E+002
255.5139,3.7567E+002
255.5208,3.7903E+002
255.5278,3.8240E+002
255.5347,3.8004E+002
255.5417,3.9482E+002
255.5486,4.0425E+002
255.5556,3.9530E+002
255.5625,3.8308E+002
255.5694,3.8355E+002
255.5764,3.7656E+002
255.5833,3.7343E+002
255.5903,3.7348E+002
255.5972,3.7036E+002
255.6042,3.6975E+002
255.6111,3.6282E+002
255.6181,3.5552E+002
255.6250,3.4311E+002
255.6319,3.2610E+002
255.6389,3.1744E+002
255.6458,3.1241E+002
255.6528,2.9618E+002
255.6597,2.8392E+002
255.6667,2.7341E+002
255.6736,2.4900E+002
255.6806,1.4967E+002
255.6875,1.2905E+002
255.6944,8.7968E+001
255.7014,5.8306E+001
255.7083,5.5112E+001
255.7153,5.0198E+001
255.7222,4.6672E+001
255.7292,4.3208E+001
255.7361,3.9584E+001
255.7431,3.5419E+001
255.7500,3.2141E+001
255.7569,2.9447E+001
255.7639,2.5139E+001
255.7708,2.1126E+001
255.7778,1.6993E+001
255.7847,1.3986E+001
255.7917,1.0768E+001
255.7986,7.8566E+000
255.8056,4.4896E+000
255.8125,1.9897E+000
255.8194,2.6406E-001
255.8264,4.3228E-012
255.8333,0.0000E+000
255.8403,0.0000E+000
255.8472,0.0000E+000
255.8542,0.0000E+000
255.8611,0.0000E+000
255.8681,0.0000E+000
255.8750,0.0000E+000
255.8819,0.0000E+000
255.8889,0.0000E+000
255.8958,0.0000E+000
255.9028,0.0000E+000
255.9097,0.0000E+000
255.9167,0.0000E+000
255.9236,0.0000E+000
255.9306,0.0000E+000
255.9375,0.0000E+000
255.9444,0.0000E+000
255.9514,0.0000E+000
255.9583,0.0000E+000
255.9653,0.0000E+000
255.9722,0.0000E+000
255.9792,0.0000E+000
255.9861,0.0000E+000
255.9931,0.0000E+000
256.0000,0.0000E+000
256.0069,0.0000E+000
256.0139,0.0000E+000
256.0208,0.0000E+000
256.0278,0.0000E+000
256.0347,0.0000E+000
256.0417,0.0000E+000
256.0486,0.0000E+000
256.0556,0.0000E+000
256.0625,0.0000E+000
256.0694,0.0000E+000
256.0764,0.0000E+000
256.0833,0.0000E+000
256.0903,0.0000E+000
256.0972,0.0000E+000
256.1042,0.0000E+000
256.1111,0.0000E+000
256.1181,0.0000E+000
256.1250,0.0000E+000
256.1319,0.0000E+000
256.1389,0.0000E+000
256.1458,0.0000E+000
256.1528,0.0000E+000
256.1597,0.0000E+000
256.1667,0.0000E+000
256.1736,0.0000E+000
256.1806,0.0000E+000
256.1875,0.0000E+000
256.1944,0.0000E+000
256.2014,0.0000E+000
256.2083,0.0000E+000
256.2153,0.0000E+000
256.2222,0.0000E+000
256.2292,0.0000E+000
256.2361,0.0000E+000
256.2431,0.0000E+000
256.2500,0.0000E+000
256.2569,0.0000E+000
256.2639,0.0000E+000
256.2708,0.0000E+000
256.2778,0.0000E+000
256.2847,1.1093E-012
256.2917,3.3879E-002
256.2986,7.8240E-001
256.3056,2.0218E+000
256.3125,4.0565E+000
256.3194,5.7446E+000
256.3264,7.5254E+000
256.3333,8.8281E+000
256.3403,9.7434E+000
256.3472,1.1099E+001
256.3542,1.2539E+001
256.3611,1.3579E+001
256.3681,1.5190E+001
256.3750,1.6767E+001
256.3819,1.7830E+001
256.3889,1.9499E+001
256.3958,2.1872E+001
256.4028,2.3080E+001
256.4097,2.9631E+001
256.4167,2.1534E+002
256.4236,1.4808E+002
256.4306,5.3816E+001
256.4375,3.8008E+001
256.4444,6.3940E+001
256.4514,1.8014E+002
256.4583,3.3095E+002
256.4653,3.4426E+002
256.4722,3.5485E+002
256.4792,3.6357E+002
256.4861,3.7639E+002
256.4931,3.8554E+002
256.5000,3.9004E+002
256.5069,3.9646E+002
256.5139,4.0456E+002
256.5208,4.0869E+002
256.5278,4.1327E+002
256.5347,4.1665E+002
256.5417,4.1670E+002
256.5486,4.1639E+002
256.5556,4.1828E+002
256.5625,4.2046E+002
256.5694,4.2159E+002
256.5764,4.2128E+002
256.5833,4.1309E+002
256.5903,4.0805E+002
256.5972,4.0430E+002
256.6042,4.0161E+002
256.6111,3.9534E+002
256.6181,3.8666E+002
256.6250,3.8417E+002
256.6319,3.6741E+002
256.6389,3.5610E+002
256.6458,3.3495E+002
256.6528,3.1575E+002
256.6597,3.0670E+002
256.6667,3.0051E+002
256.6736,2.1683E+002
256.6806,1.0228E+002
256.6875,1.0472E+002
256.6944,5.0483E+001
256.7014,4.3115E+001
256.7083,3.5958E+001
256.7153,3.1298E+001
256.7222,2.7468E+001
256.7292,2.6593E+001
256.7361,2.8327E+001
256.7431,3.0145E+001
256.7500,2.9859E+001
256.7569,2.6852E+001
256.7639,2.1605E+001
256.7708,1.8701E+001
256.7778,1.5673E+001
256.7847,1.3251E+001
256.7917,1.0687E+001
256.7986,7.2828E+000
256.8056,3.6849E+000
256.8125,8.1800E-001
256.8194,0.0000E+000
256.8264,0.0000E+000
256.8333,0.0000E+000
256.8403,0.0000E+000
256.8472,0.0000E+000
256.8542,0.0000E+000
256.8611,0.0000E+000
256.8681,0.0000E+000
256.8750,0.0000E+000
256.8819,0.0000E+000
256.8889,0.0000E+000
256.8958,0.0000E+000
256.9028,0.0000E+000
256.9097,0.0000E+000
256.9167,0.0000E+000
256.9236,0.0000E+000
256.9306,0.0000E+000
256.9375,0.0000E+000
256.9444,0.0000E+000
256.9514,0.0000E+000
256.9583,0.0000E+000
256.9653,0.0000E+000
256.9722,0.0000E+000
256.9792,0.0000E+000
256.9861,0.0000E+000
256.9931,0.0000E+000
257.0000,0.0000E+000
257.0069,0.0000E+000
257.0139,0.0000E+000
257.0208,0.0000E+000
257.0278,0.0000E+000
257.0347,0.0000E+000
257.0417,0.0000E+000
257.0486,0.0000E+000
257.0556,0.0000E+000
257.0625,0.0000E+000
257.0694,0.0000E+000
257.0764,0.0000E+000
257.0833,0.0000E+000
257.0903,0.0000E+000
257.0972,0.0000E+000
257.1042,0.0000E+000
257.1111,0.0000E+000
257.1181,0.0000E+000
257.1250,0.0000E+000
257.1319,0.0000E+000
257.1389,0.0000E+000
257.1458,0.0000E+000
257.1528,0.0000E+000
257.1597,0.0000E+000
257.1667,0.0000E+000
257.1736,0.0000E+000
257.1806,0.0000E+000
257.1875,0.0000E+000
257.1944,0.0000E+000
257.2014,0.0000E+000
257.2083,0.0000E+000
257.2153,0.0000E+000
257.2222,0.0000E+000
257.2292,0.0000E+000
257.2361,0.0000E+000
257.2431,0.0000E+000
257.2500,0.0000E+000
257.2569,0.0000E+000
257.2639,0.0000E+000
257.2708,0.0000E+000
257.2778,0.0000E+000
257.2847,0.0000E+000
257.2917,0.0000E+000
257.2986,4.8558E-001
257.3056,2.3672E+000
257.3125,3.9785E+000
257.3194,6.0728E+000
257.3264,8.7824E+000
257.3333,1.1178E+001
257.3403,1.2713E+001
257.3472,1.4162E+001
257.3542,1.5824E+001
257.3611,1.7182E+001
257.3681,1.9124E+001
257.3750,2.1156E+001
257.3819,2.2102E+001
257.3889,2.3922E+001
257.3958,2.6958E+001
257.4028,2.9101E+001
257.4097,3.4008E+001
257.4167,1.9731E+002
257.4236,1.3922E+002
257.4306,4.5249E+001
257.4375,4.5044E+001
257.4444,6.3179E+001
257.4514,1.6709E+002
257.4583,3.1076E+002
257.4653,3.2382E+002
257.4722,3.3688E+002
257.4792,3.4994E+002
257.4861,3.5677E+002
257.4931,3.7136E+002
257.5000,3.6971E+002
257.5069,3.7424E+002
257.5139,3.6597E+002
257.5208,3.8484E+002
257.5278,3.8609E+002
257.5347,4.0969E+002
257.5417,3.9403E+002
257.5486,4.0019E+002
257.5556,4.0577E+002
257.5625,3.9885E+002
257.5694,4.1821E+002
257.5764,4.1529E+002
257.5833,4.1579E+002
257.5903,4.1623E+002
257.5972,4.0402E+002
257.6042,4.1137E+002
257.6111,3.9924E+002
257.6181,3.8238E+002
257.6250,3.5808E+002
257.6319,3.6622E+002
257.6389,3.5306E+002
257.6458,3.3369E+002
257.6528,3.2103E+002
257.6597,3.2712E+002
257.6667,3.0615E+002
257.6736,1.8554E+002
257.6806,9.0995E+001
257.6875,1.0975E+002
257.6944,3.0870E+001
257.7014,2.7918E+001
257.7083,2.5920E+001
257.7153,2.1110E+001
257.7222,1.9634E+001
257.7292,2.0584E+001
257.7361,1.9324E+001
257.7431,1.6614E+001
257.7500,1.7209E+001
257.7569,1.6138E+001
257.7639,1.2217E+001
257.7708,1.0165E+001
257.7778,7.9904E+000
257.7847,7.2398E+000
257.7917,5.5483E+000
257.7986,3.2500E+000
257.8056,1.3938E+000
257.8125,9.2620E-002
257.8194,0.0000E+000
257.8264,0.0000E+000
257.8333,0.0000E+000
257.8403,0.0000E+000
257.8472,0.0000E+000
257.8542,0.0000E+000
257.8611,0.0000E+000
257.8681,0.0000E+000
257.8750,0.0000E+000
257.8819,0.0000E+000
257.8889,0.0000E+000
257.8958,0.0000E+000
257.9028,0.0000E+000
257.9097,0.0000E+000
257.9167,0.0000E+000
257.9236,0.0000E+000
257.9306,0.0000E+000
257.9375,0.0000E+000
257.9444,0.0000E+000
257.9514,0.0000E+000
257.9583,0.0000E+000
257.9653,0.0000E+000
257.9722,0.0000E+000
257.9792,0.0000E+000
257.9861,0.0000E+000
257.9931,0.0000E+000
258.0000,0.0000E+000
258.0069,0.0000E+000
258.0139,0.0000E+000
258.0208,0.0000E+000
258.0278,0.0000E+000
258.0347,0.0000E+000
258.0417,0.0000E+000
258.0486,0.0000E+000
258.0556,0.0000E+000
258.0625,0.0000E+000
258.0694,0.0000E+000
258.0764,0.0000E+000
258.0833,0.0000E+000
258.0903,0.0000E+000
258.0972,0.0000E+000
258.1042,0.0000E+000
258.1111,0.0000E+000
258.1181,0.0000E+000
258.1250,0.0000E+000
258.1319,0.0000E+000
258.1389,0.0000E+000
258.1458,0.0000E+000
258.1528,0.0000E+000
258.1597,0.0000E+000
258.1667,0.0000E+000
258.1736,0.0000E+000
258.1806,0.0000E+000
258.1875,0.0000E+000
258.1944,0.0000E+000
258.2014,0.0000E+000
258.2083,0.0000E+000
258.2153,0.0000E+000
258.2222,0.0000E+000
258.2292,0.0000E+000
258.2361,0.0000E+000
258.2431,0.0000E+000
258.2500,0.0000E+000
258.2569,0.0000E+000
258.2639,0.0000E+000
258.2708,0.0000E+000
258.2778,0.0000E+000
258.2847,1.3800E-012
258.2917,4.2149E-002
258.2986,5.1600E-001
258.3056,2.4223E+000
258.3125,4.5654E+000
258.3194,6.7571E+000
258.3264,8.3868E+000
258.3333,9.8664E+000
258.3403,1.1584E+001
258.3472,1.2508E+001
258.3542,1.3416E+001
258.3611,1.5329E+001
258.3681,1.7835E+001
258.3750,1.7647E+001
258.3819,1.8931E+001
258.3889,2.0670E+001
258.3958,2.6054E+001
258.4028,2.7426E+001
258.4097,2.8721E+001
258.4167,1.8400E+002
258.4236,1.2953E+002
258.4306,4.0947E+001
258.4375,3.8193E+001
258.4444,6.3668E+001
258.4514,1.5496E+002
258.4583,3.2901E+002
258.4653,3.3224E+002
258.4722,3.4087E+002
258.4792,3.4734E+002
258.4861,3.5901E+002
258.4931,3.6836E+002
258.5000,3.7833E+002
258.5069,3.9247E+002
258.5139,3.9948E+002
258.5208,3.9891E+002
258.5278,4.0453E+002
258.5347,4.0799E+002
258.5417,4.1260E+002
258.5486,4.1273E+002
258.5556,4.1049E+002
258.5625,4.1261E+002
258.5694,4.1440E+002
258.5764,4.1282E+002
258.5833,4.1096E+002
258.5903,4.0790E+002
258.5972,3.9891E+002
258.6042,3.9158E+002
258.6111,3.8387E+002
258.6181,3.7794E+002
258.6250,3.6672E+002
258.6319,3.5098E+002
258.6389,3.4027E+002
258.6458,3.3201E+002
258.6528,3.1862E+002
258.6597,3.0076E+002
258.6667,2.9142E+002
258.6736,1.3526E+002
258.6806,8.0829E+001
258.6875,8.1653E+001
258.6944,3.3165E+001
258.7014,2.8634E+001
258.7083,2.6580E+001
258.7153,2.3468E+001
258.7222,2.1024E+001
258.7292,1.8515E+001
258.7361,1.7361E+001
258.7431,1.6262E+001
258.7500,1.4710E+001
258.7569,1.3283E+001
258.7639,1.2285E+001
258.7708,1.0622E+001
258.7778,9.4614E+000
258.7847,6.4313E+000
258.7917,4.2771E+000
258.7986,3.2517E+000
258.8056,1.3503E+000
258.8125,1.0790E-001
258.8194,0.0000E+000
258.8264,0.0000E+000
258.8333,0.0000E+000
258.8403,0.0000E+000
258.8472,0.0000E+000
258.8542,0.0000E+000
258.8611,0.0000E+000
258.8681,0.0000E+000
258.8750,0.0000E+000
258.8819,0.0000E+000
258.8889,0.0000E+000
258.8958,0.0000E+000
258.9028,0.0000E+000
258.9097,0.0000E+000
258.9167,0.0000E+000
258.9236,0.0000E+000
258.9306,0.0000E+000
258.9375,0.0000E+000
258.9444,0.0000E+000
258.9514,0.0000E+000
258.9583,0.0000E+000
258.9653,0.0000E+000
258.9722,0.0000E+000
258.9792,0.0000E+000
258.9861,0.0000E+000
258.9931,0.0000E+000
259.0000,0.0000E+000
259.0069,0.0000E+000
259.0139,0.0000E+000
259.0208,0.0000E+000
259.0278,0.0000E+000
259.0347,0.0000E+000
259.0417,0.0000E+000
259.0486,0.0000E+000
259.0556,0.0000E+000
259.0625,0.0000E+000
259.0694,0.0000E+000
259.0764,0.0000E+000
259.0833,0.0000E+000
259.0903,0.0000E+000
259.0972,0.0000E+000
259.1042,0.0000E+000
259.1111,0.0000E+000
259.1181,0.0000E+000
259.1250,0.0000E+000
259.1319,0.0000E+000
259.1389,0.0000E+000
259.1458,0.0000E+000
259.1528,0.0000E+000
259.1597,0.0000E+000
259.1667,0.0000E+000
259.1736,0.0000E+000
259.1806,0.0000E+000
259.1875,0.0000E+000
259.1944,0.0000E+000
259.2014,0.0000E+000
259.2083,0.0000E+000
259.2153,0.0000E+000
259.2222,0.0000E+000
259.2292,0.0000E+000
259.2361,0.0000E+000
259.2431,0.0000E+000
259.2500,0.0000E+000
259.2569,0.0000E+000
259.2639,0.0000E+000
259.2708,0.0000E+000
259.2778,0.0000E+000
259.2847,0.0000E+000
259.2917,0.0000E+000
259.2986,4.5320E-001
259.3056,2.1900E+000
259.3125,4.8454E+000
259.3194,7.4943E+000
259.3264,9.7820E+000
259.3333,1.3916E+001
259.3403,1.7666E+001
259.3472,1.9165E+001
259.3542,1.8753E+001
259.3611,1.8178E+001
259.3681,1.8608E+001
259.3750,2.1177E+001
259.3819,2.7574E+001
259.3889,3.7495E+001
259.3958,4.8876E+001
259.4028,6.2005E+001
259.4097,7.0648E+001
259.4167,1.0238E+002
259.4236,9.9715E+001
259.4306,8.4692E+001
259.4375,8.3466E+001
259.4444,8.3157E+001
259.4514,1.7878E+002
259.4583,3.2000E+002
259.4653,3.3850E+002
259.4722,2.6866E+002
259.4792,3.2971E+002
259.4861,3.7133E+002
259.4931,3.7432E+002
259.5000,3.9891E+002
259.5069,3.9305E+002
259.5139,3.1492E+002
259.5208,3.1803E+002
259.5278,3.9518E+002
259.5347,4.0947E+002
259.5417,4.1861E+002
259.5486,4.0847E+002
259.5556,4.2436E+002
259.5625,4.3085E+002
259.5694,4.4249E+002
259.5764,4.3723E+002
259.5833,3.5975E+002
259.5903,1.7995E+002
259.5972,1.6335E+002
259.6042,1.6568E+002
259.6111,1.7979E+002
259.6181,1.9143E+002
259.6250,2.1159E+002
259.6319,1.9782E+002
259.6389,6.0801E+001
259.6458,4.7821E+001
259.6528,5.0968E+001
259.6597,5.6629E+001
259.6667,5.7329E+001
259.6736,5.9150E+001
259.6806,5.8879E+001
259.6875,5.3591E+001
259.6944,4.7428E+001
259.7014,2.9076E+001
259.7083,1.4684E+001
259.7153,1.3555E+001
259.7222,2.7289E+001
259.7292,5.4301E+001
259.7361,6.6847E+001
259.7431,6.0665E+001
259.7500,5.3698E+001
259.7569,5.9664E+001
259.7639,5.0593E+001
259.7708,2.8334E+001
259.7778,1.8854E+001
259.7847,9.7983E+000
259.7917,5.4154E+000
259.7986,9.5596E-001
259.8056,6.2600E-011
259.8125,0.0000E+000
259.8194,0.0000E+000
259.8264,0.0000E+000
259.8333,0.0000E+000
259.8403,0.0000E+000
259.8472,0.0000E+000
259.8542,0.0000E+000
259.8611,0.0000E+000
259.8681,0.0000E+000
259.8750,0.0000E+000
259.8819,0.0000E+000
259.8889,0.0000E+000
259.8958,0.0000E+000
259.9028,0.0000E+000
259.9097,0.0000E+000
259.9167,0.0000E+000
259.9236,0.0000E+000
259.9306,0.0000E+000
259.9375,5.0794E-001
259.9444,3.1204E-001
259.9514,5.1083E-012
259.9583,0.0000E+000
259.9653,0.0000E+000
259.9722,0.0000E+000
259.9792,0.0000E+000
259.9861,0.0000E+000
259.9931,0.0000E+000
260.0000,0.0000E+000
260.0069,0.0000E+000
260.0139,0.0000E+000
260.0208,0.0000E+000
260.0278,0.0000E+000
260.0347,0.0000E+000
260.0417,0.0000E+000
260.0486,2.0877E-013
260.0556,1.2752E-002
260.0625,0.0000E+000
260.0694,1.9206E-012
260.0764,2.9329E-002
260.0833,0.0000E+000
260.0903,0.0000E+000
260.0972,0.0000E+000
260.1042,0.0000E+000
260.1111,0.0000E+000
260.1181,0.0000E+000
260.1250,0.0000E+000
260.1319,0.0000E+000
260.1389,0.0000E+000
260.1458,0.0000E+000
260.1528,0.0000E+000
260.1597,0.0000E+000
260.1667,0.0000E+000
260.1736,0.0000E+000
260.1806,0.0000E+000
260.1875,0.0000E+000
260.1944,0.0000E+000
260.2014,0.0000E+000
260.2083,0.0000E+000
260.2153,0.0000E+000
260.2222,0.0000E+000
260.2292,0.0000E+000
260.2361,0.0000E+000
260.2431,0.0000E+000
260.2500,0.0000E+000
260.2569,0.0000E+000
260.2639,0.0000E+000
260.2708,0.0000E+000
260.2778,0.0000E+000
260.2847,0.0000E+000
260.2917,0.0000E+000
260.2986,1.5204E-011
260.3056,9.2873E-001
260.3125,2.6268E+000
260.3194,5.6870E+000
260.3264,8.4597E+000
260.3333,1.1756E+001
260.3403,1.5452E+001
260.3472,1.9201E+001
260.3542,2.3856E+001
260.3611,2.8591E+001
260.3681,3.2284E+001
260.3750,3.4192E+001
260.3819,3.8884E+001
260.3889,4.1376E+001
260.3958,4.5328E+001
260.4028,4.8919E+001
260.4097,5.2466E+001
260.4167,6.6742E+001
260.4236,7.6501E+001
260.4306,6.6382E+001
260.4375,8.2870E+001
260.4444,1.0048E+002
260.4514,1.3439E+002
260.4583,1.1102E+002
260.4653,1.4345E+002
260.4722,1.9983E+002
260.4792,1.7069E+002
260.4861,1.3508E+002
260.4931,2.0705E+002
260.5000,1.7160E+002
260.5069,2.1102E+002
260.5139,1.6879E+002
260.5208,1.1306E+002
260.5278,1.4668E+002
260.5347,1.5217E+002
260.5417,2.1473E+002
260.5486,2.7775E+002
260.5556,3.9388E+002
260.5625,3.8517E+002
260.5694,2.8714E+002
260.5764,3.0465E+002
260.5833,2.5205E+002
260.5903,1.7604E+002
260.5972,1.3522E+002
260.6042,1.2778E+002
260.6111,1.4060E+002
260.6181,1.5725E+002
260.6250,1.4581E+002
260.6319,1.5178E+002
260.6389,1.6308E+002
260.6458,2.1851E+002
260.6528,2.6321E+002
260.6597,2.5318E+002
260.6667,2.5334E+002
260.6736,9.4154E+001
260.6806,7.3997E+001
260.6875,6.5100E+001
260.6944,5.4029E+001
260.7014,5.2777E+001
260.7083,5.2500E+001
260.7153,4.5044E+001
260.7222,4.6439E+001
260.7292,4.6331E+001
260.7361,4.3222E+001
260.7431,3.2746E+001
260.7500,3.2399E+001
260.7569,3.1101E+001
260.7639,2.7904E+001
260.7708,2.6226E+001
260.7778,1.9885E+001
260.7847,1.3926E+001
260.7917,8.8195E+000
260.7986,3.8306E+000
260.8056,6.9885E-001
260.8125,0.0000E+000
260.8194,0.0000E+000
260.8264,0.0000E+000
260.8333,0.0000E+000
260.8403,0.0000E+000
260.8472,0.0000E+000
260.8542,0.0000E+000
260.8611,0.0000E+000
260.8681,0.0000E+000
260.8750,0.0000E+000
260.8819,0.0000E+000
260.8889,0.0000E+000
260.8958,0.0000E+000
260.9028,0.0000E+000
260.9097,0.0000E+000
260.9167,0.0000E+000
260.9236,0.0000E+000
260.9306,0.0000E+000
260.9375,0.0000E+000
260.9444,0.0000E+000
260.9514,0.0000E+000
260.9583,0.0000E+000
260.9653,0.0000E+000
260.9722,2.4816E-012
260.9792,7.5794E-002
260.9861,6.8818E-013
260.9931,4.2036E-002
261.0000,0.0000E+000
261.0069,6.2560E-013
261.0139,9.5534E-003
261.0208,0.0000E+000
261.0278,0.0000E+000
261.0347,0.0000E+000
261.0417,0.0000E+000
261.0486,0.0000E+000
261.0556,0.0000E+000
261.0625,0.0000E+000
261.0694,0.0000E+000
261.0764,0.0000E+000
261.0833,0.0000E+000
261.0903,0.0000E+000
261.0972,0.0000E+000
261.1042,0.0000E+000
261.1111,0.0000E+000
261.1181,0.0000E+000
261.1250,0.0000E+000
261.1319,0.0000E+000
261.1389,0.0000E+000
261.1458,0.0000E+000
261.1528,0.0000E+000
261.1597,0.0000E+000
261.1667,0.0000E+000
261.1736,0.0000E+000
261.1806,0.0000E+000
261.1875,0.0000E+000
261.1944,0.0000E+000
261.2014,0.0000E+000
261.2083,0.0000E+000
261.2153,0.0000E+000
261.2222,0.0000E+000
261.2292,0.0000E+000
261.2361,0.0000E+000
261.2431,0.0000E+000
261.2500,0.0000E+000
261.2569,0.0000E+000
261.2639,0.0000E+000
261.2708,0.0000E+000
261.2778,0.0000E+000
261.2847,0.0000E+000
261.2917,0.0000E+000
261.2986,9.9228E-012
261.3056,6.0612E-001
261.3125,3.0127E+000
261.3194,5.2665E+000
261.3264,8.4160E+000
261.3333,1.1311E+001
261.3403,1.3955E+001
261.3472,1.6594E+001
261.3542,1.8992E+001
261.3611,2.1710E+001
261.3681,2.4496E+001
261.3750,2.7344E+001
261.3819,2.9888E+001
261.3889,3.3072E+001
261.3958,3.6597E+001
261.4028,3.9155E+001
261.4097,4.1260E+001
261.4167,4.7628E+001
261.4236,5.0956E+001
261.4306,5.0165E+001
261.4375,5.2327E+001
261.4444,5.6701E+001
261.4514,1.9327E+002
261.4583,3.0301E+002
261.4653,3.1364E+002
261.4722,3.3334E+002
261.4792,3.3613E+002
261.4861,3.4651E+002
261.4931,3.5884E+002
261.5000,3.7261E+002
261.5069,3.8761E+002
261.5139,3.9503E+002
261.5208,3.9767E+002
261.5278,4.0103E+002
261.5347,4.0285E+002
261.5417,4.0255E+002
261.5486,4.0664E+002
261.5556,4.0162E+002
261.5625,4.0565E+002
261.5694,4.0393E+002
261.5764,4.0062E+002
261.5833,3.9745E+002
261.5903,3.9812E+002
261.5972,3.9387E+002
261.6042,3.8418E+002
261.6111,3.7843E+002
261.6181,3.6751E+002
261.6250,3.5470E+002
261.6319,3.4967E+002
261.6389,3.3568E+002
261.6458,3.2157E+002
261.6528,3.0994E+002
261.6597,2.9834E+002
261.6667,2.6654E+002
261.6736,7.7071E+001
261.6806,5.8945E+001
261.6875,5.2228E+001
261.6944,4.2450E+001
261.7014,3.9811E+001
261.7083,3.5059E+001
261.7153,3.0284E+001
261.7222,2.7181E+001
261.7292,2.5386E+001
261.7361,2.4278E+001
261.7431,2.1394E+001
261.7500,1.7846E+001
261.7569,1.7384E+001
261.7639,1.5499E+001
261.7708,1.3610E+001
261.7778,9.9604E+000
261.7847,7.6454E+000
261.7917,5.7313E+000
261.7986,2.4702E+000
261.8056,4.6896E-001
261.8125,1.2726E-003
261.8194,0.0000E+000
261.8264,0.0000E+000
261.8333,0.0000E+000
261.8403,0.0000E+000
261.8472,0.0000E+000
261.8542,0.0000E+000
261.8611,0.0000E+000
261.8681,0.0000E+000
261.8750,0.0000E+000
261.8819,4.1992E-002
261.8889,6.8745E-013
261.8958,1.6542E-002
261.9028,5.4162E-013
261.9097,0.0000E+000
261.9167,0.0000E+000
261.9236,0.0000E+000
261.9306,0.0000E+000
261.9375,0.0000E+000
261.9444,0.0000E+000
261.9514,0.0000E+000
261.9583,1.2498E-013
261.9653,2.5447E-003
261.9722,0.0000E+000
261.9792,0.0000E+000
261.9861,0.0000E+000
261.9931,0.0000E+000
262.0000,0.0000E+000
262.0069,0.0000E+000
262.0139,0.0000E+000
262.0208,0.0000E+000
262.0278,0.0000E+000
262.0347,0.0000E+000
262.0417,0.0000E+000
262.0486,0.0000E+000
262.0556,0.0000E+000
262.0625,0.0000E+000
262.0694,0.0000E+000
262.0764,0.0000E+000
262.0833,0.0000E+000
262.0903,0.0000E+000
262.0972,0.0000E+000
262.1042,0.0000E+000
262.1111,0.0000E+000
262.1181,0.0000E+000
262.1250,0.0000E+000
262.1319,0.0000E+000
262.1389,0.0000E+000
262.1458,0.0000E+000
262.1528,0.0000E+000
262.1597,0.0000E+000
262.1667,0.0000E+000
262.1736,0.0000E+000
262.1806,0.0000E+000
262.1875,0.0000E+000
262.1944,0.0000E+000
262.2014,0.0000E+000
262.2083,0.0000E+000
262.2153,0.0000E+000
262.2222,0.0000E+000
262.2292,0.0000E+000
262.2361,0.0000E+000
262.2431,0.0000E+000
262.2500,0.0000E+000
262.2569,0.0000E+000
262.2639,0.0000E+000
262.2708,0.0000E+000
262.2778,0.0000E+000
262.2847,0.0000E+000
262.2917,0.0000E+000
262.2986,5.2054E-012
262.3056,3.1797E-001
262.3125,2.0973E+000
262.3194,3.8524E+000
262.3264,5.7461E+000
262.3333,7.8045E+000
262.3403,1.0126E+001
262.3472,1.1538E+001
262.3542,1.3142E+001
262.3611,1.4634E+001
262.3681,1.6439E+001
262.3750,1.8308E+001
262.3819,2.0429E+001
262.3889,2.2929E+001
262.3958,2.5254E+001
262.4028,2.7329E+001
262.4097,2.9444E+001
262.4167,3.3538E+001
262.4236,3.7534E+001
262.4306,3.4414E+001
262.4375,3.7115E+001
262.4444,4.3061E+001
262.4514,1.5668E+002
262.4583,3.0747E+002
262.4653,3.1516E+002
262.4722,3.4209E+002
262.4792,3.4394E+002
262.4861,3.5165E+002
262.4931,3.6493E+002
262.5000,3.8397E+002
262.5069,3.9416E+002
262.5139,3.9857E+002
262.5208,3.9914E+002
262.5278,4.0286E+002
262.5347,4.0211E+002
262.5417,4.0765E+002
262.5486,4.1258E+002
262.5556,4.1245E+002
262.5625,4.1493E+002
262.5694,4.1282E+002
262.5764,4.1077E+002
262.5833,4.0570E+002
262.5903,4.0351E+002
262.5972,3.9259E+002
262.6042,3.7774E+002
262.6111,3.7990E+002
262.6181,3.6343E+002
262.6250,3.3837E+002
262.6319,3.2103E+002
262.6389,3.4219E+002
262.6458,3.3036E+002
262.6528,3.1095E+002
262.6597,2.9089E+002
262.6667,2.5809E+002
262.6736,9.4042E+001
262.6806,4.9930E+001
262.6875,5.0373E+001
262.6944,4.5487E+001
262.7014,4.3640E+001
262.7083,3.8084E+001
262.7153,3.4839E+001
262.7222,3.3221E+001
262.7292,3.2418E+001
262.7361,2.9973E+001
262.7431,2.7081E+001
262.7500,2.3858E+001
262.7569,2.0233E+001
262.7639,1.7123E+001
262.7708,1.4411E+001
262.7778,1.2334E+001
262.7847,9.5711E+000
262.7917,6.7440E+000
262.7986,3.1727E+000
262.8056,6.3492E-001
262.8125,0.0000E+000
262.8194,0.0000E+000
262.8264,0.0000E+000
262.8333,0.0000E+000
262.8403,0.0000E+000
262.8472,0.0000E+000
262.8542,0.0000E+000
262.8611,0.0000E+000
262.8681,0.0000E+000
262.8750,0.0000E+000
262.8819,0.0000E+000
262.8889,0.0000E+000
262.8958,0.0000E+000
262.9028,0.0000E+000
262.9097,0.0000E+000
262.9167,0.0000E+000
262.9236,0.0000E+000
262.9306,0.0000E+000
262.9375,0.0000E+000
262.9444,0.0000E+000
262.9514,0.0000E+000
262.9583,0.0000E+000
262.9653,0.0000E+000
262.9722,0.0000E+000
262.9792,0.0000E+000
262.9861,0.0000E+000
262.9931,0.0000E+000
263.0000,0.0000E+000
263.0069,0.0000E+000
263.0139,0.0000E+000
263.0208,0.0000E+000
263.0278,0.0000E+000
263.0347,0.0000E+000
263.0417,0.0000E+000
263.0486,0.0000E+000
263.0556,0.0000E+000
263.0625,0.0000E+000
263.0694,0.0000E+000
263.0764,0.0000E+000
263.0833,0.0000E+000
263.0903,0.0000E+000
263.0972,0.0000E+000
263.1042,0.0000E+000
263.1111,0.0000E+000
263.1181,0.0000E+000
263.1250,0.0000E+000
263.1319,0.0000E+000
263.1389,0.0000E+000
263.1458,0.0000E+000
263.1528,0.0000E+000
263.1597,0.0000E+000
263.1667,0.0000E+000
263.1736,0.0000E+000
263.1806,0.0000E+000
263.1875,0.0000E+000
263.1944,0.0000E+000
263.2014,0.0000E+000
263.2083,0.0000E+000
263.2153,0.0000E+000
263.2222,0.0000E+000
263.2292,0.0000E+000
263.2361,0.0000E+000
263.2431,0.0000E+000
263.2500,0.0000E+000
263.2569,0.0000E+000
263.2639,0.0000E+000
263.2708,0.0000E+000
263.2778,0.0000E+000
263.2847,0.0000E+000
263.2917,0.0000E+000
263.2986,4.3193E-002
263.3056,9.2483E-001
263.3125,3.7857E+000
263.3194,6.1225E+000
263.3264,7.5592E+000
263.3333,8.7761E+000
263.3403,1.1427E+001
263.3472,1.3877E+001
263.3542,1.5908E+001
263.3611,2.2056E+001
263.3681,3.1634E+001
263.3750,3.9697E+001
263.3819,5.3719E+001
263.3889,6.9239E+001
263.3958,8.0823E+001
263.4028,8.9631E+001
263.4097,9.2880E+001
263.4167,9.3068E+001
263.4236,9.2698E+001
263.4306,8.9887E+001
263.4375,8.5953E+001
263.4444,8.1307E+001
263.4514,1.5531E+002
263.4583,3.2833E+002
263.4653,3.3115E+002
263.4722,3.3447E+002
263.4792,2.9885E+002
263.4861,3.5164E+002
263.4931,3.8417E+002
263.5000,3.8550E+002
263.5069,3.9074E+002
263.5139,3.9628E+002
263.5208,3.9547E+002
263.5278,3.9946E+002
263.5347,3.9885E+002
263.5417,4.0129E+002
263.5486,3.9600E+002
263.5556,4.0756E+002
263.5625,3.8169E+002
263.5694,3.7673E+002
263.5764,3.8978E+002
263.5833,3.7519E+002
263.5903,3.5660E+002
263.5972,3.0900E+002
263.6042,2.7707E+002
263.6111,3.2609E+002
263.6181,3.6242E+002
263.6250,3.5339E+002
263.6319,3.5144E+002
263.6389,3.2792E+002
263.6458,3.2458E+002
263.6528,2.7901E+002
263.6597,2.8474E+002
263.6667,2.7312E+002
263.6736,8.6964E+001
263.6806,6.6395E+001
263.6875,6.6494E+001
263.6944,6.0007E+001
263.7014,5.9194E+001
263.7083,4.8656E+001
263.7153,4.0440E+001
263.7222,3.2232E+001
263.7292,2.8702E+001
263.7361,2.8896E+001
263.7431,2.7926E+001
263.7500,2.5023E+001
263.7569,2.3204E+001
263.7639,2.2063E+001
263.7708,1.9244E+001
263.7778,1.4563E+001
263.7847,9.7071E+000
263.7917,4.7339E+000
263.7986,2.1412E+000
263.8056,3.5676E-001
263.8125,0.0000E+000
263.8194,0.0000E+000
263.8264,0.0000E+000
263.8333,0.0000E+000
263.8403,0.0000E+000
263.8472,0.0000E+000
263.8542,0.0000E+000
263.8611,0.0000E+000
263.8681,0.0000E+000
263.8750,0.0000E+000
263.8819,0.0000E+000
263.8889,0.0000E+000
263.8958,0.0000E+000
263.9028,0.0000E+000
263.9097,0.0000E+000
263.9167,0.0000E+000
263.9236,0.0000E+000
263.9306,0.0000E+000
263.9375,0.0000E+000
263.9444,0.0000E+000
263.9514,0.0000E+000
263.9583,0.0000E+000
263.9653,0.0000E+000
263.9722,0.0000E+000
263.9792,0.0000E+000
263.9861,0.0000E+000
263.9931,0.0000E+000
264.0000,0.0000E+000
264.0069,0.0000E+000
264.0139,0.0000E+000
264.0208,0.0000E+000
264.0278,0.0000E+000
264.0347,0.0000E+000
264.0417,0.0000E+000
264.0486,0.0000E+000
264.0556,0.0000E+000
264.0625,0.0000E+000
264.0694,0.0000E+000
264.0764,0.0000E+000
264.0833,0.0000E+000
264.0903,0.0000E+000
264.0972,0.0000E+000
264.1042,0.0000E+000
264.1111,0.0000E+000
264.1181,0.0000E+000
264.1250,0.0000E+000
264.1319,0.0000E+000
264.1389,0.0000E+000
264.1458,0.0000E+000
264.1528,0.0000E+000
264.1597,0.0000E+000
264.1667,0.0000E+000
264.1736,0.0000E+000
264.1806,0.0000E+000
264.1875,0.0000E+000
264.1944,0.0000E+000
264.2014,0.0000E+000
264.2083,0.0000E+000
264.2153,0.0000E+000
264.2222,0.0000E+000
264.2292,0.0000E+000
264.2361,0.0000E+000
264.2431,0.0000E+000
264.2500,0.0000E+000
264.2569,0.0000E+000
264.2639,0.0000E+000
264.2708,0.0000E+000
264.2778,0.0000E+000
264.2847,0.0000E+000
264.2917,0.0000E+000
264.2986,1.8696E-013
264.3056,1.1420E-002
264.3125,5.7607E-001
264.3194,2.2763E+000
264.3264,3.7336E+000
264.3333,5.3545E+000
264.3403,7.1720E+000
264.3472,8.5905E+000
264.3542,1.0024E+001
264.3611,1.1572E+001
264.3681,1.2566E+001
264.3750,1.4296E+001
264.3819,1.6274E+001
264.3889,1.8377E+001
264.3958,2.0299E+001
264.4028,2.1180E+001
264.4097,2.2657E+001
264.4167,2.4841E+001
264.4236,2.9641E+001
264.4306,2.8707E+001
264.4375,3.6462E+001
264.4444,3.6663E+001
264.4514,1.0985E+002
264.4583,2.9744E+002
264.4653,3.0285E+002
264.4722,3.1333E+002
264.4792,3.2995E+002
264.4861,3.4310E+002
264.4931,3.5651E+002
264.5000,3.6762E+002
264.5069,3.7442E+002
264.5139,3.7927E+002
264.5208,3.8323E+002
264.5278,3.8862E+002
264.5347,3.8874E+002
264.5417,3.9142E+002
264.5486,3.9563E+002
264.5556,3.9671E+002
264.5625,3.9974E+002
264.5694,3.9892E+002
264.5764,3.9540E+002
264.5833,3.9334E+002
264.5903,3.8940E+002
264.5972,3.8702E+002
264.6042,3.8251E+002
264.6111,3.7283E+002
264.6181,3.6092E+002
264.6250,3.5141E+002
264.6319,3.3788E+002
264.6389,3.2595E+002
264.6458,3.1127E+002
264.6528,2.9618E+002
264.6597,2.8066E+002
264.6667,2.4097E+002
264.6736,4.2001E+001
264.6806,3.1879E+001
264.6875,3.1425E+001
264.6944,2.7570E+001
264.7014,2.5186E+001
264.7083,2.3027E+001
264.7153,2.0741E+001
264.7222,1.9534E+001
264.7292,1.8523E+001
264.7361,1.7506E+001
264.7431,1.5204E+001
264.7500,1.3441E+001
264.7569,1.2264E+001
264.7639,1.0472E+001
264.7708,8.7289E+000
264.7778,7.7390E+000
264.7847,5.6585E+000
264.7917,3.3042E+000
264.7986,1.2409E+000
264.8056,5.5164E-002
264.8125,0.0000E+000
264.8194,0.0000E+000
264.8264,0.0000E+000
264.8333,0.0000E+000
264.8403,0.0000E+000
264.8472,0.0000E+000
264.8542,0.0000E+000
264.8611,0.0000E+000
264.8681,0.0000E+000
264.8750,0.0000E+000
264.8819,0.0000E+000
264.8889,0.0000E+000
264.8958,0.0000E+000
264.9028,0.0000E+000
264.9097,0.0000E+000
264.9167,0.0000E+000
264.9236,0.0000E+000
264.9306,0.0000E+000
264.9375,0.0000E+000
264.9444,0.0000E+000
264.9514,0.0000E+000
264.9583,0.0000E+000
264.9653,0.0000E+000
264.9722,0.0000E+000
264.9792,0.0000E+000
264.9861,0.0000E+000
264.9931,0.0000E+000
265.0000,0.0000E+000
265.0069,0.0000E+000
265.0139,0.0000E+000
265.0208,0.0000E+000
265.0278,0.0000E+000
265.0347,0.0000E+000
265.0417,0.0000E+000
265.0486,0.0000E+000
265.0556,0.0000E+000
265.0625,0.0000E+000
265.0694,0.0000E+000
265.0764,0.0000E+000
265.0833,0.0000E+000
265.0903,0.0000E+000
265.0972,0.0000E+000
265.1042,0.0000E+000
265.1111,0.0000E+000
265.1181,0.0000E+000
265.1250,0.0000E+000
265.1319,0.0000E+000
265.1389,0.0000E+000
265.1458,0.0000E+000
265.1528,0.0000E+000
265.1597,0.0000E+000
265.1667,0.0000E+000
265.1736,0.0000E+000
265.1806,0.0000E+000
265.1875,0.0000E+000
265.1944,0.0000E+000
265.2014,0.0000E+000
265.2083,0.0000E+000
265.2153,0.0000E+000
265.2222,0.0000E+000
265.2292,0.0000E+000
265.2361,0.0000E+000
265.2431,0.0000E+000
265.2500,0.0000E+000
265.2569,0.0000E+000
265.2639,0.0000E+000
265.2708,0.0000E+000
265.2778,0.0000E+000
265.2847,0.0000E+000
265.2917,0.0000E+000
265.2986,3.8385E-013
265.3056,2.3447E-002
265.3125,1.1787E+000
265.3194,3.7996E+000
265.3264,6.4255E+000
265.3333,8.8651E+000
265.3403,9.2838E+000
265.3472,1.0874E+001
265.3542,1.3550E+001
265.3611,1.6181E+001
265.3681,1.9176E+001
265.3750,2.2091E+001
265.3819,2.5178E+001
265.3889,2.8897E+001
265.3958,3.4340E+001
265.4028,3.5273E+001
265.4097,3.4440E+001
265.4167,3.6363E+001
265.4236,4.0508E+001
265.4306,3.8501E+001
265.4375,4.5536E+001
265.4444,4.1878E+001
265.4514,1.2174E+002
265.4583,2.8462E+002
265.4653,2.9107E+002
265.4722,3.0446E+002
265.4792,3.1801E+002
265.4861,3.3553E+002
265.4931,3.3961E+002
265.5000,3.4409E+002
265.5069,3.5245E+002
265.5139,3.5947E+002
265.5208,3.6312E+002
265.5278,3.6677E+002
265.5347,3.7042E+002
265.5417,3.8328E+002
265.5486,3.8743E+002
265.5556,3.9396E+002
265.5625,3.8404E+002
265.5694,3.7227E+002
265.5764,3.8145E+002
265.5833,3.5271E+002
265.5903,3.6635E+002
265.5972,1.9669E+002
265.6042,3.7397E+002
265.6111,3.2645E+002
265.6181,1.9236E+002
265.6250,2.0135E+002
265.6319,3.1006E+002
265.6389,2.8586E+002
265.6458,3.0972E+002
265.6528,3.0379E+002
265.6597,2.8874E+002
265.6667,2.1684E+002
265.6736,3.7334E+001
265.6806,4.2983E+001
265.6875,4.3692E+001
265.6944,3.8898E+001
265.7014,5.1622E+001
265.7083,4.1226E+001
265.7153,4.8442E+001
265.7222,2.9817E+001
265.7292,2.0145E+001
265.7361,1.8195E+001
265.7431,1.5203E+001
265.7500,1.1907E+001
265.7569,1.1500E+001
265.7639,1.0462E+001
265.7708,1.0278E+001
265.7778,9.8902E+000
265.7847,7.0857E+000
265.7917,5.2889E+000
265.7986,2.7721E+000
265.8056,2.0266E-001
265.8125,0.0000E+000
265.8194,0.0000E+000
265.8264,0.0000E+000
265.8333,0.0000E+000
265.8403,0.0000E+000
265.8472,0.0000E+000
265.8542,0.0000E+000
265.8611,0.0000E+000
265.8681,0.0000E+000
265.8750,0.0000E+000
265.8819,0.0000E+000
265.8889,0.0000E+000
265.8958,0.0000E+000
265.9028,0.0000E+000
265.9097,0.0000E+000
265.9167,0.0000E+000
265.9236,0.0000E+000
265.9306,0.0000E+000
265.9375,0.0000E+000
265.9444,0.0000E+000
265.9514,0.0000E+000
265.9583,0.0000E+000
265.9653,0.0000E+000
265.9722,0.0000E+000
265.9792,0.0000E+000
265.9861,0.0000E+000
265.9931,0.0000E+000
266.0000,0.0000E+000
266.0069,0.0000E+000
266.0139,0.0000E+000
266.0208,0.0000E+000
266.0278,0.0000E+000
266.0347,0.0000E+000
266.0417,0.0000E+000
266.0486,0.0000E+000
266.0556,0.0000E+000
266.0625,0.0000E+000
266.0694,0.0000E+000
266.0764,0.0000E+000
266.0833,0.0000E+000
266.0903,0.0000E+000
266.0972,0.0000E+000
266.1042,0.0000E+000
266.1111,0.0000E+000
266.1181,0.0000E+000
266.1250,0.0000E+000
266.1319,0.0000E+000
266.1389,0.0000E+000
266.1458,0.0000E+000
266.1528,0.0000E+000
266.1597,0.0000E+000
266.1667,0.0000E+000
266.1736,0.0000E+000
266.1806,0.0000E+000
266.1875,0.0000E+000
266.1944,0.0000E+000
266.2014,0.0000E+000
266.2083,0.0000E+000
266.2153,0.0000E+000
266.2222,0.0000E+000
266.2292,0.0000E+000
266.2361,0.0000E+000
266.2431,0.0000E+000
266.2500,0.0000E+000
266.2569,0.0000E+000
266.2639,0.0000E+000
266.2708,0.0000E+000
266.2778,0.0000E+000
266.2847,0.0000E+000
266.2917,0.0000E+000
266.2986,6.7353E-013
266.3056,4.1141E-002
266.3125,1.0254E+000
266.3194,5.7072E+000
266.3264,1.3776E+001
266.3333,1.5432E+001
266.3403,1.8762E+001
266.3472,2.3029E+001
266.3542,2.6499E+001
266.3611,3.0937E+001
266.3681,3.4199E+001
266.3750,3.7055E+001
266.3819,4.2504E+001
266.3889,4.8979E+001
266.3958,4.8872E+001
266.4028,7.1827E+001
266.4097,8.5514E+001
266.4167,8.6141E+001
266.4236,7.6957E+001
266.4306,8.2747E+001
266.4375,8.4845E+001
266.4444,1.0574E+002
266.4514,1.3625E+002
266.4583,1.4720E+002
266.4653,1.9111E+002
266.4722,1.2671E+002
266.4792,8.1254E+001
266.4861,8.5646E+001
266.4931,1.0120E+002
266.5000,6.3369E+001
266.5069,5.9643E+001
266.5139,1.0681E+002
266.5208,1.4289E+002
266.5278,1.5020E+002
266.5347,2.3249E+002
266.5417,4.0255E+002
266.5486,4.5872E+002
266.5556,4.1808E+002
266.5625,2.9946E+002
266.5694,3.0373E+002
266.5764,2.4232E+002
266.5833,3.5294E+002
266.5903,3.7642E+002
266.5972,4.0543E+002
266.6042,3.9063E+002
266.6111,2.6747E+002
266.6181,3.1459E+002
266.6250,2.8118E+002
266.6319,9.0405E+001
266.6389,1.4621E+002
266.6458,1.5901E+002
266.6528,1.6989E+002
266.6597,1.3522E+002
266.6667,1.0964E+002
266.6736,5.5391E+001
266.6806,4.7741E+001
266.6875,5.4230E+001
266.6944,5.9517E+001
266.7014,5.2437E+001
266.7083,3.6108E+001
266.7153,4.1010E+001
266.7222,3.9961E+001
266.7292,4.2599E+001
266.7361,2.6114E+001
266.7431,6.1054E+001
266.7500,3.8779E+001
266.7569,1.5086E+001
266.7639,1.6110E+001
266.7708,1.3940E+001
266.7778,5.2176E+000
266.7847,3.0592E+000
266.7917,1.1146E+000
266.7986,4.4280E-003
266.8056,2.8996E-013
266.8125,0.0000E+000
266.8194,0.0000E+000
266.8264,0.0000E+000
266.8333,0.0000E+000
266.8403,0.0000E+000
266.8472,0.0000E+000
266.8542,0.0000E+000
266.8611,0.0000E+000
266.8681,0.0000E+000
266.8750,0.0000E+000
266.8819,0.0000E+000
266.8889,0.0000E+000
266.8958,0.0000E+000
266.9028,0.0000E+000
266.9097,0.0000E+000
266.9167,0.0000E+000
266.9236,0.0000E+000
266.9306,0.0000E+000
266.9375,0.0000E+000
266.9444,0.0000E+000
266.9514,0.0000E+000
266.9583,0.0000E+000
266.9653,0.0000E+000
266.9722,0.0000E+000
266.9792,0.0000E+000
266.9861,0.0000E+000
266.9931,0.0000E+000
267.0000,0.0000E+000
267.0069,0.0000E+000
267.0139,0.0000E+000
267.0208,0.0000E+000
267.0278,0.0000E+000
267.0347,0.0000E+000
267.0417,0.0000E+000
267.0486,0.0000E+000
267.0556,0.0000E+000
267.0625,0.0000E+000
267.0694,0.0000E+000
267.0764,0.0000E+000
267.0833,0.0000E+000
267.0903,0.0000E+000
267.0972,0.0000E+000
267.1042,0.0000E+000
267.1111,0.0000E+000
267.1181,0.0000E+000
267.1250,0.0000E+000
267.1319,0.0000E+000
267.1389,0.0000E+000
267.1458,0.0000E+000
267.1528,0.0000E+000
267.1597,0.0000E+000
267.1667,0.0000E+000
267.1736,0.0000E+000
267.1806,0.0000E+000
267.1875,0.0000E+000
267.1944,0.0000E+000
267.2014,0.0000E+000
267.2083,0.0000E+000
267.2153,0.0000E+000
267.2222,0.0000E+000
267.2292,0.0000E+000
267.2361,0.0000E+000
267.2431,0.0000E+000
267.2500,0.0000E+000
267.2569,0.0000E+000
267.2639,0.0000E+000
267.2708,0.0000E+000
267.2778,0.0000E+000
267.2847,0.0000E+000
267.2917,0.0000E+000
267.2986,1.8630E-013
267.3056,1.1380E-002
267.3125,5.6455E-001
267.3194,2.0502E+000
267.3264,4.8520E+000
267.3333,7.2928E+000
267.3403,9.2215E+000
267.3472,1.6757E+001
267.3542,2.2622E+001
267.3611,1.6643E+001
267.3681,2.1814E+001
267.3750,2.4467E+001
267.3819,2.8816E+001
267.3889,3.4257E+001
267.3958,3.6961E+001
267.4028,4.0954E+001
267.4097,4.7720E+001
267.4167,5.8062E+001
267.4236,6.4122E+001
267.4306,7.3523E+001
267.4375,7.3571E+001
267.4444,1.1722E+002
267.4514,1.1682E+002
267.4583,1.0976E+002
267.4653,1.0046E+002
267.4722,1.9552E+002
267.4792,1.9707E+002
267.4861,1.2004E+002
267.4931,9.4452E+001
267.5000,9.7495E+001
267.5069,9.2390E+001
267.5139,1.2712E+002
267.5208,1.6424E+002
267.5278,1.7090E+002
267.5347,8.3978E+001
267.5417,5.4737E+001
267.5486,5.7317E+001
267.5556,7.0031E+001
267.5625,7.0560E+001
267.5694,5.9013E+001
267.5764,6.9994E+001
267.5833,9.2412E+001
267.5903,6.3473E+001
267.5972,8.4131E+001
267.6042,1.3437E+002
267.6111,1.7410E+002
267.6181,1.2349E+002
267.6250,1.5573E+002
267.6319,1.4944E+002
267.6389,3.0985E+002
267.6458,1.1090E+002
267.6528,1.7780E+002
267.6597,1.0329E+002
267.6667,7.8151E+001
267.6736,8.0541E+001
267.6806,9.1249E+001
267.6875,5.5090E+001
267.6944,7.0012E+001
267.7014,4.6552E+001
267.7083,7.1734E+001
267.7153,6.8665E+001
267.7222,7.2088E+001
267.7292,5.4327E+001
267.7361,3.6622E+001
267.7431,1.5524E+001
267.7500,7.2842E+000
267.7569,7.1249E+000
267.7639,5.6949E+000
267.7708,4.5923E+000
267.7778,3.2325E+000
267.7847,1.0842E+000
267.7917,6.6975E-002
267.7986,0.0000E+000
267.8056,0.0000E+000
267.8125,0.0000E+000
267.8194,0.0000E+000
267.8264,0.0000E+000
267.8333,0.0000E+000
267.8403,0.0000E+000
267.8472,0.0000E+000
267.8542,0.0000E+000
267.8611,0.0000E+000
267.8681,0.0000E+000
267.8750,0.0000E+000
267.8819,0.0000E+000
267.8889,0.0000E+000
267.8958,0.0000E+000
267.9028,0.0000E+000
267.9097,0.0000E+000
267.9167,0.0000E+000
267.9236,0.0000E+000
267.9306,0.0000E+000
267.9375,0.0000E+000
267.9444,0.0000E+000
267.9514,0.0000E+000
267.9583,0.0000E+000
267.9653,0.0000E+000
267.9722,0.0000E+000
267.9792,0.0000E+000
267.9861,0.0000E+000
267.9931,0.0000E+000
268.0000,0.0000E+000
268.0069,0.0000E+000
268.0139,0.0000E+000
268.0208,0.0000E+000
268.0278,0.0000E+000
268.0347,0.0000E+000
268.0417,0.0000E+000
268.0486,0.0000E+000
268.0556,0.0000E+000
268.0625,0.0000E+000
268.0694,0.0000E+000
268.0764,0.0000E+000
268.0833,0.0000E+000
268.0903,0.0000E+000
268.0972,0.0000E+000
268.1042,0.0000E+000
268.1111,0.0000E+000
268.1181,0.0000E+000
268.1250,0.0000E+000
268.1319,3.5444E-011
268.1389,5.4126E-001
268.1458,0.0000E+000
268.1528,0.0000E+000
268.1597,0.0000E+000
268.1667,0.0000E+000
268.1736,0.0000E+000
268.1806,0.0000E+000
268.1875,0.0000E+000
268.1944,0.0000E+000
268.2014,0.0000E+000
268.2083,0.0000E+000
268.2153,0.0000E+000
268.2222,0.0000E+000
268.2292,0.0000E+000
268.2361,0.0000E+000
268.2431,0.0000E+000
268.2500,0.0000E+000
268.2569,0.0000E+000
268.2639,0.0000E+000
268.2708,0.0000E+000
268.2778,0.0000E+000
268.2847,0.0000E+000
268.2917,0.0000E+000
268.2986,0.0000E+000
268.3056,0.0000E+000
268.3125,3.7950E-001
268.3194,4.5672E+000
268.3264,1.1092E+001
268.3333,1.2038E+001
268.3403,1.3738E+001
268.3472,1.9412E+001
268.3542,3.6180E+001
268.3611,4.9523E+001
268.3681,5.8679E+001
268.3750,5.5288E+001
268.3819,4.9460E+001
268.3889,4.9673E+001
268.3958,6.4706E+001
268.4028,6.5155E+001
268.4097,6.8264E+001
268.4167,8.1224E+001
268.4236,6.9612E+001
268.4306,5.6629E+001
268.4375,4.7269E+001
268.4444,5.9426E+001
268.4514,6.1055E+001
268.4583,5.5334E+001
268.4653,8.7866E+001
268.4722,8.1150E+001
268.4792,7.3789E+001
268.4861,9.1552E+001
268.4931,1.4080E+002
268.5000,1.4285E+002
268.5069,8.1228E+001
268.5139,8.2454E+001
268.5208,1.5044E+002
268.5278,1.1748E+002
268.5347,1.6889E+002
268.5417,7.3648E+001
268.5486,8.6700E+001
268.5556,7.3600E+001
268.5625,5.0851E+001
268.5694,6.1137E+001
268.5764,1.4244E+002
268.5833,1.5004E+002
268.5903,1.0131E+002
268.5972,5.7253E+001
268.6042,8.8279E+001
268.6111,8.7537E+001
268.6181,1.1561E+002
268.6250,8.3825E+001
268.6319,6.7436E+001
268.6389,1.1248E+002
268.6458,1.2505E+002
268.6528,6.1306E+001
268.6597,3.4822E+001
268.6667,1.2304E+002
268.6736,1.2664E+002
268.6806,1.0228E+002
268.6875,5.5429E+001
268.6944,1.0292E+002
268.7014,8.1786E+001
268.7083,7.5336E+001
268.7153,7.1745E+001
268.7222,2.8987E+001
268.7292,5.4233E+001
268.7361,7.4025E+001
268.7431,6.2481E+001
268.7500,4.3704E+001
268.7569,2.1594E+001
268.7639,1.9397E+001
268.7708,1.0499E+001
268.7778,7.7998E+000
268.7847,1.6559E+001
268.7917,6.1064E+000
268.7986,1.0577E+000
268.8056,3.4899E-001
268.8125,0.0000E+000
268.8194,0.0000E+000
268.8264,0.0000E+000
268.8333,0.0000E+000
268.8403,0.0000E+000
268.8472,0.0000E+000
268.8542,0.0000E+000
268.8611,0.0000E+000
268.8681,0.0000E+000
268.8750,0.0000E+000
268.8819,0.0000E+000
268.8889,0.0000E+000
268.8958,0.0000E+000
268.9028,0.0000E+000
268.9097,0.0000E+000
268.9167,0.0000E+000
268.9236,0.0000E+000
268.9306,0.0000E+000
268.9375,0.0000E+000
268.9444,0.0000E+000
268.9514,0.0000E+000
268.9583,0.0000E+000
268.9653,0.0000E+000
268.9722,0.0000E+000
268.9792,0.0000E+000
268.9861,0.0000E+000
268.9931,0.0000E+000
269.0000,0.0000E+000
269.0069,0.0000E+000
269.0139,0.0000E+000
269.0208,0.0000E+000
269.0278,0.0000E+000
269.0347,0.0000E+000
269.0417,0.0000E+000
269.0486,0.0000E+000
269.0556,0.0000E+000
269.0625,0.0000E+000
269.0694,0.0000E+000
269.0764,0.0000E+000
269.0833,0.0000E+000
269.0903,0.0000E+000
269.0972,0.0000E+000
269.1042,0.0000E+000
269.1111,0.0000E+000
269.1181,0.0000E+000
269.1250,0.0000E+000
269.1319,0.0000E+000
269.1389,0.0000E+000
269.1458,0.0000E+000
269.1528,0.0000E+000
269.1597,0.0000E+000
269.1667,0.0000E+000
269.1736,0.0000E+000
269.1806,0.0000E+000
269.1875,0.0000E+000
269.1944,0.0000E+000
269.2014,0.0000E+000
269.2083,0.0000E+000
269.2153,0.0000E+000
269.2222,0.0000E+000
269.2292,0.0000E+000
269.2361,0.0000E+000
269.2431,0.0000E+000
269.2500,0.0000E+000
269.2569,6.1955E-013
269.2639,9.4610E-003
269.2708,1.8586E-012
269.2778,3.7844E-002
269.2847,2.0814E-002
269.2917,9.4607E-003
269.2986,4.9561E-013
269.3056,3.0274E-002
269.3125,6.9503E-001
269.3194,6.1556E-001
269.3264,8.9432E-001
269.3333,1.2286E+000
269.3403,2.9226E+000
269.3472,5.0202E+000
269.3542,3.9631E+000
269.3611,8.1614E+000
269.3681,9.6346E+000
269.3750,1.1377E+001
269.3819,8.9130E+000
269.3889,6.7895E+000
269.3958,1.2320E+001
269.4028,8.8862E+000
269.4097,1.0589E+001
269.4167,2.1575E+001
269.4236,2.1006E+001
269.4306,2.8561E+001
269.4375,3.3505E+001
269.4444,3.9114E+001
269.4514,3.7293E+001
269.4583,5.0539E+001
269.4653,6.2290E+001
269.4722,4.8569E+001
269.4792,6.0511E+001
269.4861,6.9072E+001
269.4931,6.1143E+001
269.5000,4.4009E+001
269.5069,6.1827E+001
269.5139,5.1795E+001
269.5208,4.7536E+001
269.5278,5.7182E+001
269.5347,3.7947E+001
269.5417,3.6657E+001
269.5486,4.6747E+001
269.5556,6.0205E+001
269.5625,7.3663E+001
269.5694,7.7061E+001
269.5764,6.0270E+001
269.5833,4.2753E+001
269.5903,4.2420E+001
269.5972,3.5075E+001
269.6042,3.8983E+001
269.6111,3.8454E+001
269.6181,4.2675E+001
269.6250,3.7470E+001
269.6319,5.0954E+001
269.6389,5.5573E+001
269.6458,5.2290E+001
269.6528,1.0497E+002
269.6597,6.6387E+001
269.6667,6.8574E+001
269.6736,8.1099E+001
269.6806,4.4831E+001
269.6875,3.4238E+001
269.6944,4.6445E+001
269.7014,3.5984E+001
269.7083,2.4098E+001
269.7153,3.8937E+001
269.7222,4.3013E+001
269.7292,2.6700E+001
269.7361,1.6116E+001
269.7431,1.2096E+001
269.7500,1.5722E+001
269.7569,1.2051E+001
269.7639,7.6356E+000
269.7708,2.5946E+000
269.7778,9.6255E-001
269.7847,1.1371E+000
269.7917,8.4277E-001
269.7986,0.0000E+000
269.8056,0.0000E+000
269.8125,0.0000E+000
269.8194,0.0000E+000
269.8264,0.0000E+000
269.8333,0.0000E+000
269.8403,0.0000E+000
269.8472,0.0000E+000
269.8542,0.0000E+000
269.8611,0.0000E+000
269.8681,0.0000E+000
269.8750,0.0000E+000
269.8819,0.0000E+000
269.8889,0.0000E+000
269.8958,0.0000E+000
269.9028,0.0000E+000
269.9097,0.0000E+000
269.9167,0.0000E+000
269.9236,0.0000E+000
269.9306,0.0000E+000
269.9375,0.0000E+000
269.9444,0.0000E+000
269.9514,0.0000E+000
269.9583,0.0000E+000
269.9653,0.0000E+000
269.9722,0.0000E+000
269.9792,0.0000E+000
269.9861,0.0000E+000
269.9931,0.0000E+000
270.0000,0.0000E+000
270.0069,0.0000E+000
270.0139,0.0000E+000
270.0208,0.0000E+000
270.0278,0.0000E+000
270.0347,0.0000E+000
270.0417,0.0000E+000
270.0486,0.0000E+000
270.0556,0.0000E+000
270.0625,0.0000E+000
270.0694,0.0000E+000
270.0764,0.0000E+000
270.0833,0.0000E+000
270.0903,0.0000E+000
270.0972,0.0000E+000
270.1042,0.0000E+000
270.1111,0.0000E+000
270.1181,0.0000E+000
270.1250,0.0000E+000
270.1319,0.0000E+000
270.1389,0.0000E+000
270.1458,0.0000E+000
270.1528,0.0000E+000
270.1597,0.0000E+000
270.1667,0.0000E+000
270.1736,0.0000E+000
270.1806,0.0000E+000
270.1875,0.0000E+000
270.1944,0.0000E+000
270.2014,0.0000E+000
270.2083,7.5604E-003
270.2153,2.4754E-013
270.2222,5.3633E-013
270.2292,1.6380E-002
270.2361,0.0000E+000
270.2431,0.0000E+000
270.2500,0.0000E+000
270.2569,0.0000E+000
270.2639,0.0000E+000
270.2708,0.0000E+000
270.2778,0.0000E+000
270.2847,0.0000E+000
270.2917,0.0000E+000
270.2986,6.1878E-013
270.3056,3.7798E-002
270.3125,4.9451E-001
270.3194,1.4697E+000
270.3264,2.0517E+000
270.3333,2.7295E+000
270.3403,6.7264E+000
270.3472,9.2278E+000
270.3542,1.2040E+001
270.3611,1.2784E+001
270.3681,1.4170E+001
270.3750,1.8915E+001
270.3819,2.1853E+001
270.3889,1.8874E+001
270.3958,2.4372E+001
270.4028,4.1109E+001
270.4097,3.8290E+001
270.4167,3.7466E+001
270.4236,2.8157E+001
270.4306,2.8899E+001
270.4375,4.0363E+001
270.4444,5.6681E+001
270.4514,6.6426E+001
270.4583,4.9442E+001
270.4653,4.4288E+001
270.4722,4.4007E+001
270.4792,3.2071E+001
270.4861,4.1893E+001
270.4931,3.0564E+001
270.5000,4.7048E+001
270.5069,1.3874E+002
270.5139,1.3649E+002
270.5208,8.0526E+001
270.5278,1.0154E+002
270.5347,1.0296E+002
270.5417,7.2739E+001
270.5486,5.5275E+001
270.5556,6.8944E+001
270.5625,9.5698E+001
270.5694,9.9842E+001
270.5764,9.1540E+001
270.5833,7.0952E+001
270.5903,7.9854E+001
270.5972,7.6837E+001
270.6042,5.8792E+001
270.6111,5.1689E+001
270.6181,9.7167E+001
270.6250,1.2253E+002
270.6319,9.2260E+001
270.6389,1.2204E+002
270.6458,1.2601E+002
270.6528,1.0599E+002
270.6597,1.3164E+002
270.6667,1.1263E+002
270.6736,1.1489E+002
270.6806,1.1261E+002
270.6875,6.0236E+001
270.6944,3.5045E+001
270.7014,7.3035E+001
270.7083,6.6589E+001
270.7153,5.7364E+001
270.7222,4.1088E+001
270.7292,2.4343E+001
270.7361,2.0412E+001
270.7431,2.1421E+001
270.7500,1.4884E+001
270.7569,1.3267E+001
270.7639,7.4125E+000
270.7708,8.1440E+000
270.7778,1.0867E+001
270.7847,5.4693E+000
270.7917,4.9360E-001
270.7986,0.0000E+000
270.8056,0.0000E+000
270.8125,0.0000E+000
270.8194,0.0000E+000
270.8264,0.0000E+000
270.8333,0.0000E+000
270.8403,0.0000E+000
270.8472,0.0000E+000
270.8542,0.0000E+000
270.8611,0.0000E+000
270.8681,0.0000E+000
270.8750,0.0000E+000
270.8819,0.0000E+000
270.8889,0.0000E+000
270.8958,0.0000E+000
270.9028,0.0000E+000
270.9097,0.0000E+000
270.9167,0.0000E+000
270.9236,0.0000E+000
270.9306,0.0000E+000
270.9375,0.0000E+000
270.9444,0.0000E+000
270.9514,0.0000E+000
270.9583,0.0000E+000
270.9653,0.0000E+000
270.9722,0.0000E+000
270.9792,0.0000E+000
270.9861,0.0000E+000
270.9931,0.0000E+000
271.0000,0.0000E+000
271.0069,0.0000E+000
271.0139,0.0000E+000
271.0208,0.0000E+000
271.0278,0.0000E+000
271.0347,0.0000E+000
271.0417,0.0000E+000
271.0486,0.0000E+000
271.0556,0.0000E+000
271.0625,0.0000E+000
271.0694,0.0000E+000
271.0764,0.0000E+000
271.0833,0.0000E+000
271.0903,0.0000E+000
271.0972,0.0000E+000
271.1042,0.0000E+000
271.1111,0.0000E+000
271.1181,0.0000E+000
271.1250,0.0000E+000
271.1319,0.0000E+000
271.1389,0.0000E+000
271.1458,0.0000E+000
271.1528,0.0000E+000
271.1597,0.0000E+000
271.1667,0.0000E+000
271.1736,0.0000E+000
271.1806,0.0000E+000
271.1875,0.0000E+000
271.1944,0.0000E+000
271.2014,0.0000E+000
271.2083,0.0000E+000
271.2153,0.0000E+000
271.2222,0.0000E+000
271.2292,0.0000E+000
271.2361,0.0000E+000
271.2431,0.0000E+000
271.2500,0.0000E+000
271.2569,0.0000E+000
271.2639,0.0000E+000
271.2708,0.0000E+000
271.2778,0.0000E+000
271.2847,0.0000E+000
271.2917,0.0000E+000
271.2986,1.3906E-012
271.3056,8.4944E-002
271.3125,1.2144E+000
271.3194,2.6691E+000
271.3264,3.5342E+000
271.3333,4.8611E+000
271.3403,6.0232E+000
271.3472,7.0248E+000
271.3542,8.0321E+000
271.3611,8.8965E+000
271.3681,9.9037E+000
271.3750,1.1021E+001
271.3819,1.2133E+001
271.3889,1.3351E+001
271.3958,1.4736E+001
271.4028,1.7001E+001
271.4097,1.7916E+001
271.4167,1.8715E+001
271.4236,1.9809E+001
271.4306,2.1036E+001
271.4375,2.3492E+001
271.4444,2.8246E+001
271.4514,4.2826E+001
271.4583,1.7189E+002
271.4653,2.2066E+002
271.4722,2.3944E+002
271.4792,3.0140E+002
271.4861,3.2385E+002
271.4931,3.5668E+002
271.5000,3.7021E+002
271.5069,3.7784E+002
271.5139,3.9922E+002
271.5208,3.9094E+002
271.5278,1.8097E+002
271.5347,2.3918E+002
271.5417,4.0418E+002
271.5486,4.0727E+002
271.5556,4.0861E+002
271.5625,4.0454E+002
271.5694,3.4180E+002
271.5764,3.9927E+002
271.5833,4.2947E+002
271.5903,2.9109E+002
271.5972,1.6829E+002
271.6042,1.5513E+002
271.6111,1.4382E+002
271.6181,9.8643E+001
271.6250,7.7888E+001
271.6319,6.1486E+001
271.6389,5.4174E+001
271.6458,6.0045E+001
271.6528,8.3390E+001
271.6597,8.4754E+001
271.6667,6.1522E+001
271.6736,6.5523E+001
271.6806,1.1014E+002
271.6875,1.1745E+002
271.6944,8.3930E+001
271.7014,6.4813E+001
271.7083,3.6937E+001
271.7153,6.0425E+001
271.7222,5.7995E+001
271.7292,4.9424E+001
271.7361,1.4941E+001
271.7431,1.8006E+001
271.7500,1.8639E+001
271.7569,1.2977E+001
271.7639,8.3904E+000
271.7708,3.5273E+000
271.7778,2.4796E+000
271.7847,1.2835E+000
271.7917,6.3035E-011
271.7986,0.0000E+000
271.8056,0.0000E+000
271.8125,0.0000E+000
271.8194,0.0000E+000
271.8264,0.0000E+000
271.8333,0.0000E+000
271.8403,0.0000E+000
271.8472,0.0000E+000
271.8542,0.0000E+000
271.8611,0.0000E+000
271.8681,0.0000E+000
271.8750,0.0000E+000
271.8819,0.0000E+000
271.8889,0.0000E+000
271.8958,0.0000E+000
271.9028,0.0000E+000
271.9097,0.0000E+000
271.9167,0.0000E+000
271.9236,0.0000E+000
271.9306,0.0000E+000
271.9375,0.0000E+000
271.9444,0.0000E+000
271.9514,0.0000E+000
271.9583,0.0000E+000
271.9653,0.0000E+000
271.9722,0.0000E+000
271.9792,0.0000E+000
271.9861,0.0000E+000
271.9931,0.0000E+000
272.0000,0.0000E+000
272.0069,0.0000E+000
272.0139,0.0000E+000
272.0208,0.0000E+000
272.0278,0.0000E+000
272.0347,0.0000E+000
272.0417,0.0000E+000
272.0486,0.0000E+000
272.0556,0.0000E+000
272.0625,0.0000E+000
272.0694,0.0000E+000
272.0764,0.0000E+000
272.0833,0.0000E+000
272.0903,0.0000E+000
272.0972,0.0000E+000
272.1042,0.0000E+000
272.1111,0.0000E+000
272.1181,0.0000E+000
272.1250,0.0000E+000
272.1319,0.0000E+000
272.1389,0.0000E+000
272.1458,0.0000E+000
272.1528,0.0000E+000
272.1597,0.0000E+000
272.1667,0.0000E+000
272.1736,0.0000E+000
272.1806,0.0000E+000
272.1875,0.0000E+000
272.1944,0.0000E+000
272.2014,0.0000E+000
272.2083,0.0000E+000
272.2153,0.0000E+000
272.2222,0.0000E+000
272.2292,0.0000E+000
272.2361,0.0000E+000
272.2431,0.0000E+000
272.2500,0.0000E+000
272.2569,0.0000E+000
272.2639,0.0000E+000
272.2708,0.0000E+000
272.2778,0.0000E+000
272.2847,0.0000E+000
272.2917,0.0000E+000
272.2986,0.0000E+000
272.3056,0.0000E+000
272.3125,0.0000E+000
272.3194,1.0412E-011
272.3264,1.5900E-001
272.3333,7.5288E-001
272.3403,1.0149E+000
272.3472,1.2286E+000
272.3542,3.2396E+000
272.3611,4.9287E+000
272.3681,1.0222E+001
272.3750,1.8489E+001
272.3819,2.5769E+001
272.3889,1.7005E+001
272.3958,1.7861E+001
272.4028,3.7805E+001
272.4097,4.4695E+001
272.4167,4.8793E+001
272.4236,3.2167E+001
272.4306,3.4400E+001
272.4375,2.8950E+001
272.4444,2.8840E+001
272.4514,3.3955E+001
272.4583,3.6145E+001
272.4653,3.3412E+001
272.4722,3.2440E+001
272.4792,3.6903E+001
272.4861,4.2938E+001
272.4931,4.4401E+001
272.5000,4.9316E+001
272.5069,5.1020E+001
272.5139,4.6929E+001
272.5208,4.5959E+001
272.5278,2.9295E+001
272.5347,2.9980E+001
272.5417,3.7651E+001
272.5486,4.6987E+001
272.5556,3.8527E+001
272.5625,3.1997E+001
272.5694,4.2803E+001
272.5764,3.7453E+001
272.5833,3.4274E+001
272.5903,3.1652E+001
272.5972,2.8669E+001
272.6042,2.5653E+001
272.6111,2.2949E+001
272.6181,2.1935E+001
272.6250,2.0307E+001
272.6319,2.4427E+001
272.6389,3.2690E+001
272.6458,3.8261E+001
272.6528,3.1248E+001
272.6597,1.6042E+001
272.6667,3.5475E+001
272.6736,4.6241E+001
272.6806,3.7011E+001
272.6875,3.3033E+001
272.6944,4.4801E+001
272.7014,4.1552E+001
272.7083,4.2623E+001
272.7153,4.6304E+001
272.7222,4.3239E+001
272.7292,3.5036E+001
272.7361,2.1314E+001
272.7431,1.6082E+001
272.7500,1.0482E+001
272.7569,7.4031E+000
272.7639,4.0658E+000
272.7708,1.3819E+000
272.7778,4.5244E-011
272.7847,0.0000E+000
272.7917,0.0000E+000
272.7986,0.0000E+000
272.8056,0.0000E+000
272.8125,0.0000E+000
272.8194,0.0000E+000
272.8264,0.0000E+000
272.8333,0.0000E+000
272.8403,0.0000E+000
272.8472,0.0000E+000
272.8542,0.0000E+000
272.8611,0.0000E+000
272.8681,0.0000E+000
272.8750,0.0000E+000
272.8819,0.0000E+000
272.8889,0.0000E+000
272.8958,0.0000E+000
272.9028,0.0000E+000
272.9097,0.0000E+000
272.9167,0.0000E+000
272.9236,0.0000E+000
272.9306,0.0000E+000
272.9375,0.0000E+000
272.9444,0.0000E+000
272.9514,0.0000E+000
272.9583,0.0000E+000
272.9653,0.0000E+000
272.9722,0.0000E+000
272.9792,0.0000E+000
272.9861,0.0000E+000
272.9931,0.0000E+000
273.0000,0.0000E+000
273.0069,0.0000E+000
273.0139,0.0000E+000
273.0208,0.0000E+000
273.0278,0.0000E+000
273.0347,0.0000E+000
273.0417,0.0000E+000
273.0486,0.0000E+000
273.0556,0.0000E+000
273.0625,0.0000E+000
273.0694,0.0000E+000
273.0764,0.0000E+000
273.0833,0.0000E+000
273.0903,0.0000E+000
273.0972,0.0000E+000
273.1042,0.0000E+000
273.1111,0.0000E+000
273.1181,0.0000E+000
273.1250,0.0000E+000
273.1319,0.0000E+000
273.1389,0.0000E+000
273.1458,0.0000E+000
273.1528,0.0000E+000
273.1597,0.0000E+000
273.1667,0.0000E+000
273.1736,0.0000E+000
273.1806,0.0000E+000
273.1875,0.0000E+000
273.1944,0.0000E+000
273.2014,0.0000E+000
273.2083,0.0000E+000
273.2153,0.0000E+000
273.2222,0.0000E+000
273.2292,0.0000E+000
273.2361,0.0000E+000
273.2431,0.0000E+000
273.2500,0.0000E+000
273.2569,0.0000E+000
273.2639,0.0000E+000
273.2708,0.0000E+000
273.2778,0.0000E+000
273.2847,0.0000E+000
273.2917,0.0000E+000
273.2986,0.0000E+000
273.3056,0.0000E+000
273.3125,0.0000E+000
273.3194,0.0000E+000
273.3264,0.0000E+000
273.3333,6.9800E-001
273.3403,2.0814E+000
273.3472,2.1586E+000
273.3542,5.6535E+000
273.3611,1.2015E+001
273.3681,2.5898E+001
273.3750,5.4371E+001
273.3819,5.9193E+001
273.3889,6.3381E+001
273.3958,8.8853E+001
273.4028,1.0606E+002
273.4097,1.2205E+002
273.4167,9.9674E+001
273.4236,8.0972E+001
273.4306,7.4078E+001
273.4375,7.5120E+001
273.4444,1.0657E+002
273.4514,1.2585E+002
273.4583,1.6285E+002
273.4653,1.9796E+002
273.4722,1.2146E+002
273.4792,1.8786E+002
273.4861,2.8375E+002
273.4931,3.4579E+002
273.5000,3.8593E+002
273.5069,4.0725E+002
273.5139,4.2374E+002
273.5208,4.3974E+002
273.5278,4.5044E+002
273.5347,4.6042E+002
273.5417,3.2648E+002
273.5486,2.2764E+002
273.5556,3.3499E+002
273.5625,3.0858E+002
273.5694,4.3450E+002
273.5764,4.6469E+002
273.5833,4.5413E+002
273.5903,4.4357E+002
273.5972,4.3301E+002
273.6042,4.3100E+002
273.6111,4.1681E+002
273.6181,3.9130E+002
273.6250,2.9264E+002
273.6319,3.3975E+002
273.6389,3.1265E+002
273.6458,2.9548E+002
273.6528,2.7775E+002
273.6597,1.6047E+002
273.6667,5.8289E+001
273.6736,3.6908E+001
273.6806,3.0300E+001
273.6875,2.8968E+001
273.6944,2.6605E+001
273.7014,2.1006E+001
273.7083,1.8774E+001
273.7153,1.7848E+001
273.7222,1.7150E+001
273.7292,1.6333E+001
273.7361,1.4630E+001
273.7431,1.2710E+001
273.7500,1.1255E+001
273.7569,9.7188E+000
273.7639,6.8089E+000
273.7708,4.0296E+000
273.7778,9.3791E-001
273.7847,1.6186E-001
273.7917,7.9493E-012
273.7986,0.0000E+000
273.8056,0.0000E+000
273.8125,0.0000E+000
273.8194,0.0000E+000
273.8264,0.0000E+000
273.8333,0.0000E+000
273.8403,0.0000E+000
273.8472,0.0000E+000
273.8542,0.0000E+000
273.8611,0.0000E+000
273.8681,0.0000E+000
273.8750,0.0000E+000
273.8819,0.0000E+000
273.8889,0.0000E+000
273.8958,0.0000E+000
273.9028,0.0000E+000
273.9097,0.0000E+000
273.9167,0.0000E+000
273.9236,0.0000E+000
273.9306,0.0000E+000
273.9375,0.0000E+000
273.9444,0.0000E+000
273.9514,0.0000E+000
273.9583,0.0000E+000
273.9653,0.0000E+000
273.9722,0.0000E+000
273.9792,0.0000E+000
273.9861,0.0000E+000
273.9931,0.0000E+000
274.0000,0.0000E+000
274.0069,0.0000E+000
274.0139,0.0000E+000
274.0208,0.0000E+000
274.0278,0.0000E+000
274.0347,0.0000E+000
274.0417,0.0000E+000
274.0486,0.0000E+000
274.0556,0.0000E+000
274.0625,0.0000E+000
274.0694,0.0000E+000
274.0764,0.0000E+000
274.0833,0.0000E+000
274.0903,0.0000E+000
274.0972,0.0000E+000
274.1042,0.0000E+000
274.1111,0.0000E+000
274.1181,0.0000E+000
274.1250,0.0000E+000
274.1319,0.0000E+000
274.1389,0.0000E+000
274.1458,0.0000E+000
274.1528,0.0000E+000
274.1597,0.0000E+000
274.1667,0.0000E+000
274.1736,0.0000E+000
274.1806,0.0000E+000
274.1875,0.0000E+000
274.1944,0.0000E+000
274.2014,0.0000E+000
274.2083,0.0000E+000
274.2153,0.0000E+000
274.2222,0.0000E+000
274.2292,0.0000E+000
274.2361,0.0000E+000
274.2431,0.0000E+000
274.2500,0.0000E+000
274.2569,0.0000E+000
274.2639,0.0000E+000
274.2708,0.0000E+000
274.2778,0.0000E+000
274.2847,0.0000E+000
274.2917,0.0000E+000
274.2986,3.0793E-014
274.3056,1.8809E-003
274.3125,5.3229E-001
274.3194,2.6220E+000
274.3264,5.0457E+000
274.3333,8.5309E+000
274.3403,1.3624E+001
274.3472,1.7904E+001
274.3542,1.9542E+001
274.3611,2.2714E+001
274.3681,2.6767E+001
274.3750,3.3152E+001
274.3819,3.2888E+001
274.3889,2.6086E+001
274.3958,2.0924E+001
274.4028,3.6154E+001
274.4097,5.5712E+001
274.4167,7.7240E+001
274.4236,8.8470E+001
274.4306,8.1904E+001
274.4375,9.5655E+001
274.4444,9.8481E+001
274.4514,9.3597E+001
274.4583,1.2004E+002
274.4653,1.2963E+002
274.4722,1.3189E+002
274.4792,1.0980E+002
274.4861,8.8328E+001
274.4931,5.0631E+001
274.5000,4.9219E+001
274.5069,9.6594E+001
274.5139,1.5488E+002
274.5208,1.8381E+002
274.5278,1.6162E+002
274.5347,1.7292E+002
274.5417,1.4575E+002
274.5486,1.2792E+002
274.5556,1.4625E+002
274.5625,1.5893E+002
274.5694,2.2187E+002
274.5764,1.4632E+002
274.5833,1.4627E+002
274.5903,1.3349E+002
274.5972,1.0644E+002
274.6042,5.2899E+001
274.6111,3.4310E+001
274.6181,4.0164E+001
274.6250,3.7437E+001
274.6319,3.3322E+001
274.6389,2.2907E+001
274.6458,2.1842E+001
274.6528,2.1736E+001
274.6597,1.2018E+001
274.6667,1.1699E+001
274.6736,2.2165E+001
274.6806,2.6525E+001
274.6875,3.8960E+001
274.6944,4.9025E+001
274.7014,5.8650E+001
274.7083,4.4102E+001
274.7153,4.5307E+001
274.7222,4.1043E+001
274.7292,6.9812E+001
274.7361,5.0328E+001
274.7431,3.5503E+001
274.7500,1.0679E+001
274.7569,7.6023E+000
274.7639,4.2373E+000
274.7708,1.6292E+000
274.7778,2.1900E+000
274.7847,1.5070E+000
274.7917,2.1305E-002
274.7986,0.0000E+000
274.8056,0.0000E+000
274.8125,0.0000E+000
274.8194,0.0000E+000
274.8264,0.0000E+000
274.8333,0.0000E+000
274.8403,0.0000E+000
274.8472,0.0000E+000
274.8542,0.0000E+000
274.8611,0.0000E+000
274.8681,0.0000E+000
274.8750,0.0000E+000
274.8819,0.0000E+000
274.8889,0.0000E+000
274.8958,0.0000E+000
274.9028,0.0000E+000
274.9097,0.0000E+000
274.9167,0.0000E+000
274.9236,0.0000E+000
274.9306,0.0000E+000
274.9375,0.0000E+000
274.9444,0.0000E+000
274.9514,0.0000E+000
274.9583,0.0000E+000
274.9653,0.0000E+000
274.9722,0.0000E+000
274.9792,0.0000E+000
274.9861,0.0000E+000
274.9931,0.0000E+000
275.0000,0.0000E+000
275.0069,0.0000E+000
275.0139,0.0000E+000
275.0208,0.0000E+000
275.0278,0.0000E+000
275.0347,0.0000E+000
275.0417,0.0000E+000
275.0486,0.0000E+000
275.0556,0.0000E+000
275.0625,0.0000E+000
275.0694,0.0000E+000
275.0764,0.0000E+000
275.0833,0.0000E+000
275.0903,0.0000E+000
275.0972,0.0000E+000
275.1042,0.0000E+000
275.1111,0.0000E+000
275.1181,0.0000E+000
275.1250,0.0000E+000
275.1319,0.0000E+000
275.1389,0.0000E+000
275.1458,0.0000E+000
275.1528,0.0000E+000
275.1597,0.0000E+000
275.1667,0.0000E+000
275.1736,1.6026E-010
275.1806,9.7894E+000
275.1875,1.0528E+001
275.1944,1.1267E+001
275.2014,1.2006E+001
275.2083,1.2744E+001
275.2153,1.3483E+001
275.2222,1.4222E+001
275.2292,1.4961E+001
275.2361,1.5699E+001
275.2431,1.6438E+001
275.2500,1.7177E+001
275.2569,1.7915E+001
275.2639,1.8654E+001
275.2708,1.9393E+001
275.2778,2.0131E+001
275.2847,2.0870E+001
275.2917,2.1608E+001
275.2986,2.2347E+001
275.3056,2.3086E+001
275.3125,2.3824E+001
275.3194,2.4563E+001
275.3264,2.5301E+001
275.3333,2.6040E+001
275.3403,2.6778E+001
275.3472,2.7517E+001
275.3542,2.8255E+001
275.3611,2.8994E+001
275.3681,2.9732E+001
275.3750,2.9197E+001
275.3819,3.5024E+001
275.3889,4.0128E+001
275.3958,4.5232E+001
275.4028,5.0337E+001
275.4097,5.5441E+001
275.4167,7.4237E+001
275.4236,8.0742E+001
275.4306,6.1315E+001
275.4375,5.5130E+001
275.4444,5.2816E+001
275.4514,5.4348E+001
275.4583,7.2773E+001
275.4653,1.0172E+002
275.4722,9.0976E+001
275.4792,9.9792E+001
275.4861,1.2269E+002
275.4931,1.1973E+002
275.5000,1.7491E+002
275.5069,2.0851E+002
275.5139,1.6114E+002
275.5208,1.5524E+002
275.5278,1.5017E+002
275.5347,1.3049E+002
275.5417,1.3696E+002
275.5486,1.4343E+002
275.5556,1.4990E+002
275.5625,1.5666E+002
275.5694,1.5028E+002
275.5764,1.6914E+002
275.5833,2.2799E+002
275.5903,2.3265E+002
275.5972,1.6107E+002
275.6042,9.9460E+001
275.6111,8.3173E+001
275.6181,8.1461E+001
275.6250,8.3298E+001
275.6319,8.5157E+001
275.6389,6.6178E+001
275.6458,4.9285E+001
275.6528,4.8405E+001
275.6597,5.1182E+001
275.6667,4.5755E+001
275.6736,3.3217E+001
275.6806,2.5714E+001
275.6875,2.6479E+001
275.6944,2.4217E+001
275.7014,2.1041E+001
275.7083,2.4141E+001
275.7153,2.3900E+001
275.7222,7.6009E+003
275.7292,3.8122E+003
275.7361,2.3637E+001
275.7431,2.7849E+001
275.7500,2.6813E+001
275.7569,2.9203E+001
275.7639,2.0147E+001
275.7708,8.4181E+000
275.7778,5.7793E+000
275.7847,3.1688E+000
275.7917,5.3449E-001
275.7986,0.0000E+000
275.8056,0.0000E+000
275.8125,0.0000E+000
275.8194,0.0000E+000
275.8264,0.0000E+000
275.8333,0.0000E+000
275.8403,0.0000E+000
275.8472,1.2516E-003
275.8542,6.1471E-014
275.8611,0.0000E+000
275.8681,0.0000E+000
275.8750,0.0000E+000
275.8819,0.0000E+000
275.8889,0.0000E+000
275.8958,0.0000E+000
275.9028,0.0000E+000
275.9097,0.0000E+000
275.9167,0.0000E+000
275.9236,0.0000E+000
275.9306,0.0000E+000
275.9375,0.0000E+000
275.9444,0.0000E+000
275.9514,0.0000E+000
275.9583,0.0000E+000
275.9653,0.0000E+000
275.9722,0.0000E+000
275.9792,0.0000E+000
275.9861,0.0000E+000
275.9931,0.0000E+000
276.0000,0.0000E+000
276.0069,0.0000E+000
276.0139,0.0000E+000
276.0208,0.0000E+000
276.0278,0.0000E+000
276.0347,0.0000E+000
276.0417,0.0000E+000
276.0486,0.0000E+000
276.0556,0.0000E+000
276.0625,0.0000E+000
276.0694,0.0000E+000
276.0764,0.0000E+000
276.0833,0.0000E+000
276.0903,0.0000E+000
276.0972,0.0000E+000
276.1042,0.0000E+000
276.1111,0.0000E+000
276.1181,0.0000E+000
276.1250,0.0000E+000
276.1319,0.0000E+000
276.1389,0.0000E+000
276.1458,0.0000E+000
276.1528,0.0000E+000
276.1597,0.0000E+000
276.1667,0.0000E+000
276.1736,0.0000E+000
276.1806,0.0000E+000
276.1875,0.0000E+000
276.1944,0.0000E+000
276.2014,0.0000E+000
276.2083,0.0000E+000
276.2153,0.0000E+000
276.2222,0.0000E+000
276.2292,0.0000E+000
276.2361,0.0000E+000
276.2431,0.0000E+000
276.2500,0.0000E+000
276.2569,0.0000E+000
276.2639,0.0000E+000
276.2708,0.0000E+000
276.2778,0.0000E+000
276.2847,0.0000E+000
276.2917,0.0000E+000
276.2986,0.0000E+000
276.3056,0.0000E+000
276.3125,0.0000E+000
276.3194,1.6629E-011
276.3264,2.5394E-001
276.3333,7.4867E-001
276.3403,2.1334E+000
276.3472,3.0885E+000
276.3542,2.4392E+000
276.3611,4.3649E+000
276.3681,7.6659E+000
276.3750,9.8367E+000
276.3819,1.4844E+001
276.3889,1.3526E+001
276.3958,2.5192E+001
276.4028,2.5313E+001
276.4097,1.5367E+001
276.4167,1.7106E+001
276.4236,2.9683E+001
276.4306,3.1075E+001
276.4375,2.7160E+001
276.4444,3.6910E+001
276.4514,1.0162E+001
276.4583,2.3195E+001
276.4653,2.4816E+001
276.4722,3.3337E+001
276.4792,4.1858E+001
276.4861,5.0379E+001
276.4931,5.8899E+001
276.5000,6.7420E+001
276.5069,5.1072E+001
276.5139,7.2916E+001
276.5208,1.0287E+002
276.5278,1.3282E+002
276.5347,1.6278E+002
276.5417,1.9273E+002
276.5486,2.2268E+002
276.5556,2.5263E+002
276.5625,2.8258E+002
276.5694,3.1253E+002
276.5764,3.4248E+002
276.5833,3.2994E+002
276.5903,1.8646E+002
276.5972,2.1043E+002
276.6042,2.0662E+002
276.6111,1.9435E+002
276.6181,2.6866E+002
276.6250,2.7076E+002
276.6319,3.2707E+002
276.6389,3.1978E+002
276.6458,2.7393E+002
276.6528,1.1672E+002
276.6597,1.0281E+002
276.6667,3.5399E+001
276.6736,4.1684E+001
276.6806,5.2207E+001
276.6875,4.8054E+001
276.6944,4.2304E+001
276.7014,3.7949E+001
276.7083,1.6445E+001
276.7153,1.2588E+001
276.7222,1.4341E+001
276.7292,1.0347E+001
276.7361,8.9097E+000
276.7431,8.7653E+000
276.7500,1.1555E+001
276.7569,5.0430E+000
276.7639,3.9034E+000
276.7708,2.7675E+000
276.7778,1.6016E+000
276.7847,4.6384E-001
276.7917,2.2780E-011
276.7986,0.0000E+000
276.8056,0.0000E+000
276.8125,0.0000E+000
276.8194,0.0000E+000
276.8264,0.0000E+000
276.8333,0.0000E+000
276.8403,0.0000E+000
276.8472,0.0000E+000
276.8542,0.0000E+000
276.8611,0.0000E+000
276.8681,0.0000E+000
276.8750,0.0000E+000
276.8819,0.0000E+000
276.8889,0.0000E+000
276.8958,0.0000E+000
276.9028,0.0000E+000
276.9097,0.0000E+000
276.9167,0.0000E+000
276.9236,0.0000E+000
276.9306,0.0000E+000
276.9375,0.0000E+000
276.9444,0.0000E+000
276.9514,0.0000E+000
276.9583,0.0000E+000
276.9653,0.0000E+000
276.9722,0.0000E+000
276.9792,0.0000E+000
276.9861,0.0000E+000
276.9931,0.0000E+000
277.0000,0.0000E+000
277.0069,0.0000E+000
277.0139,0.0000E+000
277.0208,0.0000E+000
277.0278,0.0000E+000
277.0347,0.0000E+000
277.0417,0.0000E+000
277.0486,1.1254E-012
277.0556,6.8741E-002
277.0625,6.2491E-002
277.0694,5.6242E-002
277.0764,1.1873E-001
277.0833,3.9369E-002
277.0903,3.7494E-003
277.0972,1.4997E-002
277.1042,7.3655E-013
277.1111,0.0000E+000
277.1181,0.0000E+000
277.1250,0.0000E+000
277.1319,0.0000E+000
277.1389,0.0000E+000
277.1458,1.0622E-002
277.1528,3.2367E-001
277.1597,8.1854E-002
277.1667,5.5610E-002
277.1736,3.6865E-002
277.1806,4.1238E-002
277.1875,0.0000E+000
277.1944,9.9970E-002
277.2014,1.6366E-012
277.2083,6.4355E-002
277.2153,2.1071E-012
277.2222,0.0000E+000
277.2292,0.0000E+000
277.2361,0.0000E+000
277.2431,0.0000E+000
277.2500,0.0000E+000
277.2569,0.0000E+000
277.2639,0.0000E+000
277.2708,0.0000E+000
277.2778,0.0000E+000
277.2847,0.0000E+000
277.2917,0.0000E+000
277.2986,0.0000E+000
277.3056,0.0000E+000
277.3125,5.6225E-003
277.3194,3.6796E-001
277.3264,5.1664E-001
277.3333,8.3087E-001
277.3403,2.5882E+000
277.3472,9.1106E+000
277.3542,1.2962E+001
277.3611,1.7071E+001
277.3681,2.2447E+001
277.3750,1.4787E+001
277.3819,1.4655E+001
277.3889,3.1471E+001
277.3958,4.4674E+001
277.4028,3.7714E+001
277.4097,2.3315E+001
277.4167,2.2717E+001
277.4236,2.9072E+001
277.4306,4.9052E+001
277.4375,1.2492E+002
277.4444,1.4183E+002
277.4514,1.1700E+002
277.4583,7.7747E+001
277.4653,8.5917E+001
277.4722,1.1586E+002
277.4792,2.1924E+002
277.4861,1.5161E+002
277.4931,1.8102E+002
277.5000,1.6683E+002
277.5069,3.7396E+002
277.5139,3.6173E+002
277.5208,2.6506E+002
277.5278,1.9522E+002
277.5347,1.7219E+002
277.5417,1.7073E+002
277.5486,2.1121E+002
277.5556,2.0286E+002
277.5625,1.9955E+002
277.5694,3.5226E+002
277.5764,2.5112E+002
277.5833,4.1528E+002
277.5903,4.0391E+002
277.5972,3.5184E+002
277.6042,3.8429E+002
277.6111,2.4373E+002
277.6181,1.8277E+002
277.6250,7.2981E+001
277.6319,8.9025E+001
277.6389,1.4363E+002
277.6458,1.3115E+002
277.6528,1.0948E+002
277.6597,1.1428E+002
277.6667,9.7438E+001
277.6736,9.0550E+001
277.6806,1.0366E+002
277.6875,5.2458E+001
277.6944,6.1255E+001
277.7014,5.0089E+001
277.7083,4.6403E+001
277.7153,5.4673E+001
277.7222,4.7425E+001
277.7292,9.7721E+000
277.7361,3.4386E+000
277.7431,3.4667E+000
277.7500,2.7686E+000
277.7569,4.9408E+000
277.7639,2.9946E+000
277.7708,3.9667E+000
277.7778,3.2187E+000
277.7847,1.2132E+000
277.7917,9.3031E-002
277.7986,0.0000E+000
277.8056,0.0000E+000
277.8125,0.0000E+000
277.8194,0.0000E+000
277.8264,0.0000E+000
277.8333,0.0000E+000
277.8403,0.0000E+000
277.8472,0.0000E+000
277.8542,0.0000E+000
277.8611,0.0000E+000
277.8681,0.0000E+000
277.8750,0.0000E+000
277.8819,0.0000E+000
277.8889,0.0000E+000
277.8958,0.0000E+000
277.9028,0.0000E+000
277.9097,0.0000E+000
277.9167,0.0000E+000
277.9236,6.1319E-014
277.9306,3.7456E-003
277.9375,0.0000E+000
277.9444,0.0000E+000
277.9514,0.0000E+000
277.9583,0.0000E+000
277.9653,0.0000E+000
277.9722,0.0000E+000
277.9792,0.0000E+000
277.9861,0.0000E+000
277.9931,0.0000E+000
278.0000,0.0000E+000
278.0069,0.0000E+000
278.0139,0.0000E+000
278.0208,0.0000E+000
278.0278,0.0000E+000
278.0347,0.0000E+000
278.0417,0.0000E+000
278.0486,0.0000E+000
278.0556,0.0000E+000
278.0625,0.0000E+000
278.0694,0.0000E+000
278.0764,0.0000E+000
278.0833,0.0000E+000
278.0903,0.0000E+000
278.0972,0.0000E+000
278.1042,0.0000E+000
278.1111,0.0000E+000
278.1181,0.0000E+000
278.1250,0.0000E+000
278.1319,0.0000E+000
278.1389,0.0000E+000
278.1458,0.0000E+000
278.1528,0.0000E+000
278.1597,0.0000E+000
278.1667,0.0000E+000
278.1736,0.0000E+000
278.1806,0.0000E+000
278.1875,0.0000E+000
278.1944,0.0000E+000
278.2014,0.0000E+000
278.2083,1.8722E-003
278.2153,6.1298E-014
278.2222,4.4931E-002
278.2292,2.2067E-012
278.2361,0.0000E+000
278.2431,0.0000E+000
278.2500,0.0000E+000
278.2569,4.0863E-014
278.2639,6.2402E-004
278.2708,0.0000E+000
278.2778,0.0000E+000
278.2847,0.0000E+000
278.2917,0.0000E+000
278.2986,1.7366E-013
278.3056,1.0608E-002
278.3125,3.8063E-002
278.3194,8.7294E-001
278.3264,3.8018E+000
278.3333,7.4458E+000
278.3403,1.0699E+001
278.3472,1.0846E+001
278.3542,1.5501E+001
278.3611,1.9076E+001
278.3681,1.1014E+001
278.3750,9.5212E+000
278.3819,2.4807E+001
278.3889,4.1612E+001
278.3958,3.9086E+001
278.4028,3.4514E+001
278.4097,3.7796E+001
278.4167,3.7479E+001
278.4236,4.6581E+001
278.4306,5.3474E+001
278.4375,5.5662E+001
278.4444,6.9593E+001
278.4514,5.4631E+001
278.4583,5.5168E+001
278.4653,7.7067E+001
278.4722,1.2271E+002
278.4792,1.8080E+002
278.4861,1.3112E+002
278.4931,1.8080E+002
278.5000,1.2084E+002
278.5069,9.4864E+001
278.5139,6.1018E+001
278.5208,7.4676E+001
278.5278,1.1106E+002
278.5347,1.2588E+002
278.5417,1.7718E+002
278.5486,7.9426E+001
278.5556,6.2999E+001
278.5625,6.6860E+001
278.5694,6.8864E+001
278.5764,5.7825E+001
278.5833,8.6037E+001
278.5903,9.1404E+001
278.5972,1.1589E+002
278.6042,1.1270E+002
278.6111,6.5000E+001
278.6181,6.2060E+001
278.6250,5.9840E+001
278.6319,4.0039E+001
278.6389,3.9345E+001
278.6458,2.8791E+001
278.6528,1.4615E+001
278.6597,2.8074E+001
278.6667,2.8944E+001
278.6736,3.0542E+001
278.6806,1.4849E+001
278.6875,1.2185E+001
278.6944,1.2977E+001
278.7014,1.0568E+001
278.7083,1.1297E+001
278.7153,1.0234E+001
278.7222,9.1636E+000
278.7292,8.1239E+000
278.7361,6.1537E+000
278.7431,4.8072E+000
278.7500,3.9976E+000
278.7569,2.7734E+000
278.7639,1.5522E+000
278.7708,6.5544E-001
278.7778,1.0914E-001
278.7847,0.0000E+000
278.7917,0.0000E+000
278.7986,0.0000E+000
278.8056,0.0000E+000
278.8125,0.0000E+000
278.8194,0.0000E+000
278.8264,0.0000E+000
278.8333,0.0000E+000
278.8403,0.0000E+000
278.8472,0.0000E+000
278.8542,0.0000E+000
278.8611,0.0000E+000
278.8681,0.0000E+000
278.8750,0.0000E+000
278.8819,0.0000E+000
278.8889,0.0000E+000
278.8958,0.0000E+000
278.9028,0.0000E+000
278.9097,0.0000E+000
278.9167,0.0000E+000
278.9236,0.0000E+000
278.9306,0.0000E+000
278.9375,0.0000E+000
278.9444,0.0000E+000
278.9514,0.0000E+000
278.9583,0.0000E+000
278.9653,0.0000E+000
278.9722,0.0000E+000
278.9792,0.0000E+000
278.9861,0.0000E+000
278.9931,0.0000E+000
279.0000,0.0000E+000
279.0069,0.0000E+000
279.0139,0.0000E+000
279.0208,0.0000E+000
279.0278,0.0000E+000
279.0347,0.0000E+000
279.0417,0.0000E+000
279.0486,0.0000E+000
279.0556,0.0000E+000
279.0625,0.0000E+000
279.0694,0.0000E+000
279.0764,0.0000E+000
279.0833,0.0000E+000
279.0903,0.0000E+000
279.0972,0.0000E+000
279.1042,0.0000E+000
279.1111,0.0000E+000
279.1181,0.0000E+000
279.1250,0.0000E+000
279.1319,0.0000E+000
279.1389,0.0000E+000
279.1458,0.0000E+000
279.1528,0.0000E+000
279.1597,0.0000E+000
279.1667,0.0000E+000
279.1736,2.3063E-002
279.1806,2.9920E-002
279.1875,1.3713E-002
279.1944,0.0000E+000
279.2014,0.0000E+000
279.2083,7.6531E-013
279.2153,1.5583E-002
279.2222,3.7398E-003
279.2292,1.8367E-013
279.2361,0.0000E+000
279.2431,0.0000E+000
279.2500,0.0000E+000
279.2569,0.0000E+000
279.2639,0.0000E+000
279.2708,0.0000E+000
279.2778,0.0000E+000
279.2847,0.0000E+000
279.2917,0.0000E+000
279.2986,0.0000E+000
279.3056,0.0000E+000
279.3125,0.0000E+000
279.3194,6.9787E-012
279.3264,1.0657E-001
279.3333,6.5126E-001
279.3403,7.5097E-001
279.3472,1.1112E+000
279.3542,1.2651E+000
279.3611,1.7524E+000
279.3681,3.8096E+000
279.3750,4.3991E+000
279.3819,5.3955E+000
279.3889,7.1890E+000
279.3958,1.4806E+001
279.4028,1.4791E+001
279.4097,2.0845E+001
279.4167,1.4032E+001
279.4236,2.5168E+001
279.4306,2.9552E+001
279.4375,2.1204E+001
279.4444,2.3055E+001
279.4514,3.3990E+001
279.4583,3.1457E+001
279.4653,3.4215E+001
279.4722,5.6431E+001
279.4792,5.0350E+001
279.4861,3.5159E+001
279.4931,3.3569E+001
279.5000,2.6242E+001
279.5069,2.5906E+001
279.5139,4.5963E+001
279.5208,3.5188E+001
279.5278,2.6558E+001
279.5347,2.9527E+001
279.5417,2.7365E+001
279.5486,2.7871E+001
279.5556,3.6625E+001
279.5625,4.4359E+001
279.5694,3.9836E+001
279.5764,2.6667E+001
279.5833,2.6586E+001
279.5903,2.4738E+001
279.5972,3.9886E+001
279.6042,5.6346E+001
279.6111,8.0639E+001
279.6181,7.1685E+001
279.6250,7.8930E+001
279.6319,8.9767E+001
279.6389,5.6177E+001
279.6458,5.7663E+001
279.6528,7.9311E+001
279.6597,1.1570E+002
279.6667,6.1875E+001
279.6736,4.4361E+001
279.6806,1.0085E+002
279.6875,8.1152E+001
279.6944,4.9254E+001
279.7014,6.2372E+001
279.7083,3.6857E+001
279.7153,1.2022E+001
279.7222,4.7186E+001
279.7292,2.6680E+001
279.7361,1.3705E+001
279.7431,1.6071E+001
279.7500,1.8011E+001
279.7569,1.7478E+001
279.7639,8.6047E+000
279.7708,3.0933E+000
279.7778,7.6746E+000
279.7847,2.6715E+000
279.7917,2.3109E-001
279.7986,0.0000E+000
279.8056,0.0000E+000
279.8125,0.0000E+000
279.8194,0.0000E+000
279.8264,0.0000E+000
279.8333,0.0000E+000
279.8403,0.0000E+000
279.8472,0.0000E+000
279.8542,0.0000E+000
279.8611,0.0000E+000
279.8681,0.0000E+000
279.8750,0.0000E+000
279.8819,0.0000E+000
279.8889,0.0000E+000
279.8958,0.0000E+000
279.9028,0.0000E+000
279.9097,0.0000E+000
279.9167,0.0000E+000
279.9236,0.0000E+000
279.9306,0.0000E+000
279.9375,0.0000E+000
279.9444,0.0000E+000
279.9514,0.0000E+000
279.9583,0.0000E+000
279.9653,0.0000E+000
279.9722,2.4910E-003
279.9792,1.6814E-002
279.9861,3.1137E-003
279.9931,1.4323E-002
280.0000,1.4323E-002
280.0069,4.0778E-014
280.0139,6.2271E-004
280.0208,0.0000E+000
280.0278,0.0000E+000
280.0347,0.0000E+000
280.0417,0.0000E+000
280.0486,0.0000E+000
280.0556,0.0000E+000
280.0625,0.0000E+000
280.0694,3.1133E-003
280.0764,5.0968E-014
280.0833,0.0000E+000
280.0903,0.0000E+000
280.0972,0.0000E+000
280.1042,0.0000E+000
280.1111,0.0000E+000
280.1181,0.0000E+000
280.1250,0.0000E+000
280.1319,0.0000E+000
280.1389,0.0000E+000
280.1458,0.0000E+000
280.1528,0.0000E+000
280.1597,0.0000E+000
280.1667,0.0000E+000
280.1736,0.0000E+000
280.1806,0.0000E+000
280.1875,0.0000E+000
280.1944,0.0000E+000
280.2014,0.0000E+000
280.2083,0.0000E+000
280.2153,0.0000E+000
280.2222,0.0000E+000
280.2292,0.0000E+000
280.2361,0.0000E+000
280.2431,0.0000E+000
280.2500,0.0000E+000
280.2569,0.0000E+000
280.2639,0.0000E+000
280.2708,0.0000E+000
280.2778,0.0000E+000
280.2847,0.0000E+000
280.2917,0.0000E+000
280.2986,0.0000E+000
280.3056,0.0000E+000
280.3125,0.0000E+000
280.3194,3.6686E-013
280.3264,5.6023E-003
280.3333,8.7768E-001
280.3403,1.7977E+000
280.3472,1.8618E+000
280.3542,6.8364E+000
280.3611,1.2872E+001
280.3681,9.1170E+000
280.3750,1.3052E+001
280.3819,1.0618E+001
280.3889,9.9968E+000
280.3958,1.3295E+001
280.4028,1.3985E+001
280.4097,2.7701E+001
280.4167,4.8711E+001
280.4236,4.5718E+001
280.4306,3.6013E+001
280.4375,5.7057E+001
280.4444,6.6095E+001
280.4514,2.6489E+001
280.4583,4.5016E+001
280.4653,6.3543E+001
280.4722,9.4015E+001
280.4792,7.6280E+001
280.4861,6.8365E+001
280.4931,2.3331E+002
280.5000,3.1242E+002
280.5069,2.4783E+002
280.5139,1.8223E+002
280.5208,2.5801E+002
280.5278,3.0263E+002
280.5347,1.9145E+002
280.5417,1.0907E+002
280.5486,2.9191E+002
280.5556,4.0476E+002
280.5625,1.9564E+002
280.5694,2.4914E+002
280.5764,1.4396E+002
280.5833,3.6470E+002
280.5903,1.3143E+002
280.5972,1.2717E+002
280.6042,2.4551E+002
280.6111,1.9635E+002
280.6181,1.9093E+002
280.6250,1.3484E+002
280.6319,9.2487E+001
280.6389,1.8185E+002
280.6458,5.5710E+001
280.6528,6.8988E+001
280.6597,1.3200E+002
280.6667,5.8358E+001
280.6736,2.9037E+001
280.6806,2.9230E+001
280.6875,7.8330E+000
280.6944,3.7427E+001
280.7014,1.0185E+002
280.7083,9.7271E+001
280.7153,7.1102E+001
280.7222,3.6144E+001
280.7292,3.9970E+001
280.7361,2.0436E+001
280.7431,1.5710E+001
280.7500,1.0139E+001
280.7569,6.5388E+000
280.7639,8.4718E+000
280.7708,2.1290E+000
280.7778,2.3019E-001
280.7847,0.0000E+000
280.7917,0.0000E+000
280.7986,0.0000E+000
280.8056,0.0000E+000
280.8125,0.0000E+000
280.8194,0.0000E+000
280.8264,0.0000E+000
280.8333,0.0000E+000
280.8403,0.0000E+000
280.8472,1.4308E-002
280.8542,7.0270E-013
280.8611,1.1197E-002
280.8681,7.3324E-013
280.8750,0.0000E+000
280.8819,0.0000E+000
280.8889,0.0000E+000
280.8958,0.0000E+000
280.9028,0.0000E+000
280.9097,0.0000E+000
280.9167,0.0000E+000
280.9236,0.0000E+000
280.9306,0.0000E+000
280.9375,0.0000E+000
280.9444,6.2201E-003
280.9514,7.4641E-003
280.9583,9.1645E-014
280.9653,1.8660E-003
280.9722,1.8660E-002
280.9792,9.1643E-013
280.9861,0.0000E+000
280.9931,0.0000E+000
281.0000,1.4927E-002
281.0069,2.8510E-012
281.0139,4.3537E-002
281.0208,0.0000E+000
281.0278,0.0000E+000
281.0347,0.0000E+000
281.0417,0.0000E+000
281.0486,0.0000E+000
281.0556,0.0000E+000
281.0625,0.0000E+000
281.0694,0.0000E+000
281.0764,0.0000E+000
281.0833,0.0000E+000
281.0903,0.0000E+000
281.0972,0.0000E+000
281.1042,0.0000E+000
281.1111,0.0000E+000
281.1181,0.0000E+000
281.1250,0.0000E+000
281.1319,0.0000E+000
281.1389,0.0000E+000
281.1458,0.0000E+000
281.1528,0.0000E+000
281.1597,0.0000E+000
281.1667,0.0000E+000
281.1736,0.0000E+000
281.1806,0.0000E+000
281.1875,0.0000E+000
281.1944,0.0000E+000
281.2014,0.0000E+000
281.2083,0.0000E+000
281.2153,0.0000E+000
281.2222,0.0000E+000
281.2292,0.0000E+000
281.2361,0.0000E+000
281.2431,0.0000E+000
281.2500,0.0000E+000
281.2569,0.0000E+000
281.2639,0.0000E+000
281.2708,0.0000E+000
281.2778,0.0000E+000
281.2847,0.0000E+000
281.2917,0.0000E+000
281.2986,0.0000E+000
281.3056,0.0000E+000
281.3125,0.0000E+000
281.3194,6.5549E-012
281.3264,1.0010E-001
281.3333,1.6557E+000
281.3403,1.7564E+000
281.3472,2.6466E+000
281.3542,3.8111E+000
281.3611,5.8017E+000
281.3681,1.3789E+001
281.3750,1.1951E+001
281.3819,2.0690E+001
281.3889,2.2247E+001
281.3958,1.9906E+001
281.4028,2.7028E+001
281.4097,3.9724E+001
281.4167,3.5843E+001
281.4236,2.9048E+001
281.4306,3.0223E+001
281.4375,3.9430E+001
281.4444,2.6862E+001
281.4514,3.0144E+001
281.4583,3.6716E+001
281.4653,3.6711E+001
281.4722,4.5485E+001
281.4792,4.1265E+001
281.4861,4.5281E+001
281.4931,4.5583E+001
281.5000,4.6453E+001
281.5069,4.7356E+001
281.5139,4.9991E+001
281.5208,5.6407E+001
281.5278,5.1716E+001
281.5347,5.7379E+001
281.5417,4.7802E+001
281.5486,5.0050E+001
281.5556,3.5150E+001
281.5625,4.3519E+001
281.5694,4.1128E+001
281.5764,4.7004E+001
281.5833,4.8662E+001
281.5903,4.1563E+001
281.5972,3.4868E+001
281.6042,4.1646E+001
281.6111,4.9416E+001
281.6181,3.9393E+001
281.6250,4.5932E+001
281.6319,6.4236E+001
281.6389,6.7938E+001
281.6458,5.1963E+001
281.6528,2.3738E+001
281.6597,3.8607E+001
281.6667,3.3806E+001
281.6736,2.6851E+001
281.6806,6.9710E+001
281.6875,7.1854E+001
281.6944,7.3873E+001
281.7014,6.6606E+001
281.7083,5.7813E+001
281.7153,4.8784E+001
281.7222,3.5448E+001
281.7292,3.8206E+001
281.7361,3.4651E+001
281.7431,2.4856E+001
281.7500,1.8568E+001
281.7569,1.2016E+001
281.7639,6.5844E+000
281.7708,2.8901E+000
281.7778,4.8469E-001
281.7847,7.8916E-002
281.7917,6.8352E-003
281.7986,4.6603E-002
281.8056,3.0517E-012
281.8125,2.9826E-002
281.8194,7.4563E-003
281.8264,7.5805E-002
281.8333,3.7902E-002
281.8403,6.2135E-004
281.8472,6.8347E-003
281.8542,2.4853E-003
281.8611,0.0000E+000
281.8681,0.0000E+000
281.8750,0.0000E+000
281.8819,0.0000E+000
281.8889,0.0000E+000
281.8958,0.0000E+000
281.9028,0.0000E+000
281.9097,0.0000E+000
281.9167,0.0000E+000
281.9236,0.0000E+000
281.9306,0.0000E+000
281.9375,0.0000E+000
281.9444,9.9403E-003
281.9514,1.6273E-013
281.9583,1.2815E-012
281.9653,2.6093E-002
281.9722,0.0000E+000
281.9792,0.0000E+000
281.9861,0.0000E+000
281.9931,0.0000E+000
282.0000,1.6152E-002
282.0069,0.0000E+000
282.0139,0.0000E+000
282.0208,0.0000E+000
282.0278,0.0000E+000
282.0347,0.0000E+000
282.0417,0.0000E+000
282.0486,0.0000E+000
282.0556,0.0000E+000
282.0625,0.0000E+000
282.0694,0.0000E+000
282.0764,0.0000E+000
282.0833,0.0000E+000
282.0903,0.0000E+000
282.0972,0.0000E+000
282.1042,0.0000E+000
282.1111,0.0000E+000
282.1181,0.0000E+000
282.1250,0.0000E+000
282.1319,0.0000E+000
282.1389,0.0000E+000
282.1458,0.0000E+000
282.1528,0.0000E+000
282.1597,0.0000E+000
282.1667,0.0000E+000
282.1736,0.0000E+000
282.1806,0.0000E+000
282.1875,0.0000E+000
282.1944,0.0000E+000
282.2014,0.0000E+000
282.2083,0.0000E+000
282.2153,0.0000E+000
282.2222,0.0000E+000
282.2292,0.0000E+000
282.2361,0.0000E+000
282.2431,0.0000E+000
282.2500,0.0000E+000
282.2569,0.0000E+000
282.2639,0.0000E+000
282.2708,0.0000E+000
282.2778,0.0000E+000
282.2847,0.0000E+000
282.2917,0.0000E+000
282.2986,0.0000E+000
282.3056,0.0000E+000
282.3125,0.0000E+000
282.3194,6.7750E-001
282.3264,3.7954E+000
282.3333,6.5339E+000
282.3403,6.3190E+000
282.3472,1.1885E+001
282.3542,1.7887E+001
282.3611,1.5186E+001
282.3681,1.4826E+001
282.3750,1.8851E+001
282.3819,2.3711E+001
282.3889,3.2391E+001
282.3958,3.5975E+001
282.4028,4.9296E+001
282.4097,6.5021E+001
282.4167,5.7050E+001
282.4236,5.9368E+001
282.4306,6.6912E+001
282.4375,7.1117E+001
282.4444,8.0484E+001
282.4514,9.2097E+001
282.4583,8.7722E+001
282.4653,7.7181E+001
282.4722,7.6499E+001
282.4792,8.0497E+001
282.4861,1.0536E+002
282.4931,8.3243E+001
282.5000,8.4367E+001
282.5069,6.6655E+001
282.5139,7.8663E+001
282.5208,9.4228E+001
282.5278,8.5438E+001
282.5347,6.3748E+001
282.5417,7.1531E+001
282.5486,1.0203E+002
282.5556,1.1180E+002
282.5625,1.0025E+002
282.5694,1.2457E+002
282.5764,9.9583E+001
282.5833,4.4467E+001
282.5903,3.0557E+001
282.5972,2.9922E+001
282.6042,4.2099E+001
282.6111,5.6553E+001
282.6181,4.1929E+001
282.6250,5.0366E+001
282.6319,4.4575E+001
282.6389,5.2719E+001
282.6458,4.3595E+001
282.6528,4.9923E+001
282.6597,4.4559E+001
282.6667,2.8470E+001
282.6736,2.0559E+001
282.6806,2.1321E+001
282.6875,1.4311E+001
282.6944,1.6129E+001
282.7014,8.2225E+000
282.7083,5.0506E+000
282.7153,8.0336E+000
282.7222,1.0535E+001
282.7292,3.6564E+000
282.7361,1.6696E+000
282.7431,4.1070E+000
282.7500,1.8223E+000
282.7569,1.0948E+000
282.7639,3.6991E-001
282.7708,1.3654E-002
282.7778,2.4826E-003
282.7847,0.0000E+000
282.7917,0.0000E+000
282.7986,0.0000E+000
282.8056,0.0000E+000
282.8125,0.0000E+000
282.8194,0.0000E+000
282.8264,0.0000E+000
282.8333,0.0000E+000
282.8403,0.0000E+000
282.8472,0.0000E+000
282.8542,0.0000E+000
282.8611,0.0000E+000
282.8681,0.0000E+000
282.8750,3.1029E-003
282.8819,0.0000E+000
282.8889,0.0000E+000
282.8958,0.0000E+000
282.9028,0.0000E+000
282.9097,0.0000E+000
282.9167,0.0000E+000
282.9236,0.0000E+000
282.9306,0.0000E+000
282.9375,0.0000E+000
282.9444,0.0000E+000
282.9514,0.0000E+000
282.9583,0.0000E+000
282.9653,0.0000E+000
282.9722,1.2799E-012
282.9792,3.9091E-002
282.9861,1.5512E-002
282.9931,1.0158E-012
283.0000,0.0000E+000
283.0069,0.0000E+000
283.0139,0.0000E+000
283.0208,0.0000E+000
283.0278,0.0000E+000
283.0347,0.0000E+000
283.0417,0.0000E+000
283.0486,0.0000E+000
283.0556,0.0000E+000
283.0625,0.0000E+000
283.0694,0.0000E+000
283.0764,0.0000E+000
283.0833,0.0000E+000
283.0903,0.0000E+000
283.0972,6.2041E-003
283.1042,3.0470E-013
283.1111,2.0313E-014
283.1181,1.2408E-003
283.1250,0.0000E+000
283.1319,0.0000E+000
283.1389,0.0000E+000
283.1458,1.5234E-012
283.1528,3.1018E-002
283.1597,1.6750E-002
283.1667,8.2262E-013
283.1736,0.0000E+000
283.1806,0.0000E+000
283.1875,0.0000E+000
283.1944,0.0000E+000
283.2014,0.0000E+000
283.2083,0.0000E+000
283.2153,0.0000E+000
283.2222,0.0000E+000
283.2292,0.0000E+000
283.2361,0.0000E+000
283.2431,0.0000E+000
283.2500,0.0000E+000
283.2569,0.0000E+000
283.2639,0.0000E+000
283.2708,0.0000E+000
283.2778,0.0000E+000
283.2847,0.0000E+000
283.2917,0.0000E+000
283.2986,0.0000E+000
283.3056,0.0000E+000
283.3125,0.0000E+000
283.3194,8.0011E-002
283.3264,9.4586E-001
283.3333,1.3763E+000
283.3403,2.5832E+000
283.3472,3.9700E+000
283.3542,6.2313E+000
283.3611,6.4260E+000
283.3681,7.9144E+000
283.3750,2.1580E+001
283.3819,2.9488E+001
283.3889,3.6700E+001
283.3958,3.7941E+001
283.4028,5.3681E+001
283.4097,6.6355E+001
283.4167,7.0085E+001
283.4236,6.4785E+001
283.4306,7.3727E+001
283.4375,8.3796E+001
283.4444,9.4295E+001
283.4514,8.4924E+001
283.4583,8.1228E+001
283.4653,8.2765E+001
283.4722,1.0041E+002
283.4792,1.1430E+002
283.4861,8.1394E+001
283.4931,7.1344E+001
283.5000,7.5452E+001
283.5069,1.5866E+002
283.5139,3.1549E+002
283.5208,2.4339E+002
283.5278,1.2091E+002
283.5347,2.4721E+002
283.5417,3.3456E+002
283.5486,3.8759E+002
283.5556,4.1700E+002
283.5625,4.2663E+002
283.5694,1.9969E+002
283.5764,2.4706E+002
283.5833,3.9054E+002
283.5903,3.9415E+002
283.5972,3.8083E+002
283.6042,1.4785E+002
283.6111,3.2505E+002
283.6181,3.6157E+002
283.6250,3.3311E+002
283.6319,1.9232E+002
283.6389,1.0112E+002
283.6458,6.5584E+001
283.6528,3.7805E+001
283.6597,5.4727E+001
283.6667,2.7175E+001
283.6736,2.5020E+001
283.6806,2.3004E+001
283.6875,1.8425E+001
283.6944,1.5565E+001
283.7014,1.4488E+001
283.7083,1.8494E+001
283.7153,1.7209E+001
283.7222,9.6674E+000
283.7292,1.0119E+001
283.7361,8.8111E+000
283.7431,8.2214E+000
283.7500,6.7323E+000
283.7569,3.5372E+000
283.7639,2.1635E+000
283.7708,8.4617E-001
283.7778,2.7705E-011
283.7847,0.0000E+000
283.7917,0.0000E+000
283.7986,0.0000E+000
283.8056,0.0000E+000
283.8125,0.0000E+000
283.8194,0.0000E+000
283.8264,0.0000E+000
283.8333,0.0000E+000
283.8403,0.0000E+000
283.8472,0.0000E+000
283.8542,0.0000E+000
283.8611,0.0000E+000
283.8681,0.0000E+000
283.8750,0.0000E+000
283.8819,0.0000E+000
283.8889,0.0000E+000
283.8958,1.5220E-013
283.9028,3.0990E-003
283.9097,0.0000E+000
283.9167,0.0000E+000
283.9236,0.0000E+000
283.9306,0.0000E+000
283.9375,0.0000E+000
283.9444,0.0000E+000
283.9514,0.0000E+000
283.9583,0.0000E+000
283.9653,0.0000E+000
283.9722,0.0000E+000
283.9792,0.0000E+000
283.9861,0.0000E+000
283.9931,0.0000E+000
284.0000,0.0000E+000
284.0069,0.0000E+000
284.0139,0.0000E+000
284.0208,0.0000E+000
284.0278,0.0000E+000
284.0347,0.0000E+000
284.0417,0.0000E+000
284.0486,0.0000E+000
284.0556,0.0000E+000
284.0625,0.0000E+000
284.0694,0.0000E+000
284.0764,0.0000E+000
284.0833,0.0000E+000
284.0903,0.0000E+000
284.0972,0.0000E+000
284.1042,0.0000E+000
284.1111,0.0000E+000
284.1181,0.0000E+000
284.1250,0.0000E+000
284.1319,8.1152E-013
284.1389,1.2393E-002
284.1458,3.7177E-003
284.1528,1.2172E-013
284.1597,0.0000E+000
284.1667,0.0000E+000
284.1736,1.2392E-003
284.1806,1.8588E-003
284.1875,0.0000E+000
284.1944,0.0000E+000
284.2014,0.0000E+000
284.2083,0.0000E+000
284.2153,0.0000E+000
284.2222,0.0000E+000
284.2292,0.0000E+000
284.2361,0.0000E+000
284.2431,0.0000E+000
284.2500,0.0000E+000
284.2569,0.0000E+000
284.2639,0.0000E+000
284.2708,0.0000E+000
284.2778,0.0000E+000
284.2847,0.0000E+000
284.2917,0.0000E+000
284.2986,0.0000E+000
284.3056,0.0000E+000
284.3125,0.0000E+000
284.3194,7.1861E-002
284.3264,5.9905E-001
284.3333,1.7488E+000
284.3403,2.5969E+000
284.3472,4.8015E+000
284.3542,1.1502E+001
284.3611,2.0621E+001
284.3681,2.3755E+001
284.3750,3.9387E+001
284.3819,4.4304E+001
284.3889,5.3892E+001
284.3958,4.5464E+001
284.4028,6.0143E+001
284.4097,7.5530E+001
284.4167,9.6064E+001
284.4236,9.1415E+001
284.4306,1.2197E+002
284.4375,1.3803E+002
284.4444,1.5179E+002
284.4514,1.5329E+002
284.4583,1.3902E+002
284.4653,1.4224E+002
284.4722,1.1246E+002
284.4792,7.1125E+001
284.4861,2.6904E+002
284.4931,2.5325E+002
284.5000,1.1711E+002
284.5069,2.6264E+002
284.5139,3.6306E+002
284.5208,3.7218E+002
284.5278,3.2409E+002
284.5347,4.0565E+002
284.5417,2.9126E+002
284.5486,3.2368E+002
284.5556,3.8124E+002
284.5625,2.3306E+002
284.5694,3.4324E+002
284.5764,3.5438E+002
284.5833,1.9406E+002
284.5903,1.8799E+002
284.5972,2.2295E+002
284.6042,3.2674E+002
284.6111,2.4232E+002
284.6181,3.1075E+002
284.6250,3.2499E+002
284.6319,2.9038E+002
284.6389,2.2045E+002
284.6458,6.1544E+001
284.6528,5.3980E+001
284.6597,7.0964E+001
284.6667,9.1794E+001
284.6736,5.1113E+001
284.6806,2.2646E+001
284.6875,1.8949E+001
284.6944,1.4166E+001
284.7014,1.1762E+001
284.7083,9.8472E+000
284.7153,1.1030E+001
284.7222,1.0408E+001
284.7292,9.9782E+000
284.7361,8.7714E+000
284.7431,5.7274E+000
284.7500,4.2797E+000
284.7569,2.7980E+000
284.7639,1.4674E+000
284.7708,2.7057E-001
284.7778,8.8589E-012
284.7847,0.0000E+000
284.7917,0.0000E+000
284.7986,0.0000E+000
284.8056,0.0000E+000
284.8125,0.0000E+000
284.8194,0.0000E+000
284.8264,0.0000E+000
284.8333,0.0000E+000
284.8403,0.0000E+000
284.8472,0.0000E+000
284.8542,0.0000E+000
284.8611,0.0000E+000
284.8681,0.0000E+000
284.8750,0.0000E+000
284.8819,0.0000E+000
284.8889,0.0000E+000
284.8958,0.0000E+000
284.9028,0.0000E+000
284.9097,0.0000E+000
284.9167,0.0000E+000
284.9236,0.0000E+000
284.9306,0.0000E+000
284.9375,0.0000E+000
284.9444,0.0000E+000
284.9514,0.0000E+000
284.9583,0.0000E+000
284.9653,0.0000E+000
284.9722,0.0000E+000
284.9792,0.0000E+000
284.9861,0.0000E+000
284.9931,0.0000E+000
285.0000,0.0000E+000
285.0069,0.0000E+000
285.0139,0.0000E+000
285.0208,0.0000E+000
285.0278,0.0000E+000
285.0347,0.0000E+000
285.0417,0.0000E+000
285.0486,0.0000E+000
285.0556,0.0000E+000
285.0625,0.0000E+000
285.0694,0.0000E+000
285.0764,0.0000E+000
285.0833,0.0000E+000
285.0903,0.0000E+000
285.0972,0.0000E+000
285.1042,0.0000E+000
285.1111,0.0000E+000
285.1181,0.0000E+000
285.1250,0.0000E+000
285.1319,0.0000E+000
285.1389,0.0000E+000
285.1458,0.0000E+000
285.1528,0.0000E+000
285.1597,0.0000E+000
285.1667,0.0000E+000
285.1736,0.0000E+000
285.1806,0.0000E+000
285.1875,0.0000E+000
285.1944,0.0000E+000
285.2014,0.0000E+000
285.2083,0.0000E+000
285.2153,0.0000E+000
285.2222,0.0000E+000
285.2292,0.0000E+000
285.2361,0.0000E+000
285.2431,0.0000E+000
285.2500,0.0000E+000
285.2569,0.0000E+000
285.2639,0.0000E+000
285.2708,0.0000E+000
285.2778,0.0000E+000
285.2847,0.0000E+000
285.2917,0.0000E+000
285.2986,0.0000E+000
285.3056,0.0000E+000
285.3125,0.0000E+000
285.3194,1.5761E-011
285.3264,2.4069E-001
285.3333,1.4194E+000
285.3403,3.7514E+000
285.3472,5.7591E+000
285.3542,9.4770E+000
285.3611,1.8670E+001
285.3681,2.2795E+001
285.3750,3.0142E+001
285.3819,3.0151E+001
285.3889,2.9227E+001
285.3958,3.7929E+001
285.4028,4.8718E+001
285.4097,5.7267E+001
285.4167,6.4967E+001
285.4236,6.9728E+001
285.4306,8.1173E+001
285.4375,1.1123E+002
285.4444,9.9176E+001
285.4514,5.7862E+001
285.4583,5.6060E+001
285.4653,8.8579E+001
285.4722,1.2152E+002
285.4792,1.3016E+002
285.4861,9.4051E+001
285.4931,1.0323E+002
285.5000,7.4524E+001
285.5069,8.4470E+001
285.5139,8.2187E+001
285.5208,8.7264E+001
285.5278,1.0241E+002
285.5347,1.0379E+002
285.5417,1.0299E+002
285.5486,1.3726E+002
285.5556,1.8553E+002
285.5625,2.0039E+002
285.5694,3.0080E+002
285.5764,2.8954E+002
285.5833,1.5860E+002
285.5903,9.9146E+001
285.5972,1.0042E+002
285.6042,1.0703E+002
285.6111,1.9176E+002
285.6181,2.1212E+002
285.6250,9.7062E+001
285.6319,8.3791E+001
285.6389,8.7928E+001
285.6458,1.5730E+002
285.6528,9.3574E+001
285.6597,8.0719E+001
285.6667,8.5569E+001
285.6736,9.0683E+001
285.6806,5.4225E+001
285.6875,4.2933E+001
285.6944,4.2837E+001
285.7014,6.5141E+001
285.7083,4.6040E+001
285.7153,2.4747E+001
285.7222,3.7285E+001
285.7292,4.6899E+001
285.7361,4.2175E+001
285.7431,3.7047E+001
285.7500,1.2045E+001
285.7569,1.0817E+001
285.7639,6.2553E+000
285.7708,4.5268E-001
285.7778,1.4821E-011
285.7847,0.0000E+000
285.7917,0.0000E+000
285.7986,0.0000E+000
285.8056,0.0000E+000
285.8125,0.0000E+000
285.8194,0.0000E+000
285.8264,0.0000E+000
285.8333,0.0000E+000
285.8403,0.0000E+000
285.8472,0.0000E+000
285.8542,0.0000E+000
285.8611,0.0000E+000
285.8681,0.0000E+000
285.8750,0.0000E+000
285.8819,0.0000E+000
285.8889,0.0000E+000
285.8958,0.0000E+000
285.9028,0.0000E+000
285.9097,0.0000E+000
285.9167,0.0000E+000
285.9236,0.0000E+000
285.9306,0.0000E+000
285.9375,0.0000E+000
285.9444,0.0000E+000
285.9514,0.0000E+000
285.9583,0.0000E+000
285.9653,0.0000E+000
285.9722,0.0000E+000
285.9792,0.0000E+000
285.9861,0.0000E+000
285.9931,0.0000E+000
286.0000,0.0000E+000
286.0069,0.0000E+000
286.0139,0.0000E+000
286.0208,0.0000E+000
286.0278,0.0000E+000
286.0347,0.0000E+000
286.0417,0.0000E+000
286.0486,0.0000E+000
286.0556,0.0000E+000
286.0625,0.0000E+000
286.0694,0.0000E+000
286.0764,0.0000E+000
286.0833,0.0000E+000
286.0903,0.0000E+000
286.0972,0.0000E+000
286.1042,0.0000E+000
286.1111,0.0000E+000
286.1181,0.0000E+000
286.1250,0.0000E+000
286.1319,0.0000E+000
286.1389,0.0000E+000
286.1458,0.0000E+000
286.1528,0.0000E+000
286.1597,0.0000E+000
286.1667,0.0000E+000
286.1736,0.0000E+000
286.1806,0.0000E+000
286.1875,0.0000E+000
286.1944,0.0000E+000
286.2014,0.0000E+000
286.2083,0.0000E+000
286.2153,0.0000E+000
286.2222,0.0000E+000
286.2292,0.0000E+000
286.2361,0.0000E+000
286.2431,0.0000E+000
286.2500,0.0000E+000
286.2569,0.0000E+000
286.2639,0.0000E+000
286.2708,0.0000E+000
286.2778,0.0000E+000
286.2847,0.0000E+000
286.2917,0.0000E+000
286.2986,0.0000E+000
286.3056,0.0000E+000
286.3125,0.0000E+000
286.3194,2.0394E-002
286.3264,8.7879E-001
286.3333,2.9781E+000
286.3403,6.0754E+000
286.3472,1.0404E+001
286.3542,1.5556E+001
286.3611,1.9208E+001
286.3681,2.5527E+001
286.3750,2.7203E+001
286.3819,2.7071E+001
286.3889,3.1705E+001
286.3958,4.2938E+001
286.4028,3.8958E+001
286.4097,3.2910E+001
286.4167,3.8963E+001
286.4236,5.4530E+001
286.4306,5.5509E+001
286.4375,6.6239E+001
286.4444,8.6162E+001
286.4514,9.2744E+001
286.4583,1.0403E+002
286.4653,1.2467E+002
286.4722,1.1366E+002
286.4792,1.4617E+002
286.4861,1.8255E+002
286.4931,2.2143E+002
286.5000,1.7701E+002
286.5069,1.7352E+002
286.5139,2.5516E+002
286.5208,3.5368E+002
286.5278,3.2642E+002
286.5347,3.5092E+002
286.5417,3.5205E+002
286.5486,3.7038E+002
286.5556,3.2948E+002
286.5625,2.7015E+002
286.5694,2.5587E+002
286.5764,2.5035E+002
286.5833,2.1289E+002
286.5903,2.2837E+002
286.5972,2.3420E+002
286.6042,2.1542E+002
286.6111,1.8186E+002
286.6181,1.7543E+002
286.6250,1.7063E+002
286.6319,1.5219E+002
286.6389,1.3452E+002
286.6458,1.0346E+002
286.6528,9.4995E+001
286.6597,9.2645E+001
286.6667,8.7241E+001
286.6736,6.8731E+001
286.6806,5.8382E+001
286.6875,6.8121E+001
286.6944,6.4016E+001
286.7014,4.9180E+001
286.7083,4.0959E+001
286.7153,3.1914E+001
286.7222,2.3870E+001
286.7292,1.9460E+001
286.7361,1.5598E+001
286.7431,9.9015E+000
286.7500,6.1922E+000
286.7569,3.5170E+000
286.7639,1.5059E+000
286.7708,2.7733E-001
286.7778,9.0803E-012
286.7847,0.0000E+000
286.7917,0.0000E+000
286.7986,0.0000E+000
286.8056,0.0000E+000
286.8125,0.0000E+000
286.8194,0.0000E+000
286.8264,0.0000E+000
286.8333,0.0000E+000
286.8403,0.0000E+000
286.8472,0.0000E+000
286.8542,0.0000E+000
286.8611,0.0000E+000
286.8681,0.0000E+000
286.8750,0.0000E+000
286.8819,0.0000E+000
286.8889,0.0000E+000
286.8958,0.0000E+000
286.9028,0.0000E+000
286.9097,0.0000E+000
286.9167,0.0000E+000
286.9236,0.0000E+000
286.9306,0.0000E+000
286.9375,0.0000E+000
286.9444,0.0000E+000
286.9514,0.0000E+000
286.9583,0.0000E+000
286.9653,0.0000E+000
286.9722,0.0000E+000
286.9792,0.0000E+000
286.9861,0.0000E+000
286.9931,0.0000E+000
287.0000,0.0000E+000
287.0069,0.0000E+000
287.0139,0.0000E+000
287.0208,0.0000E+000
287.0278,0.0000E+000
287.0347,0.0000E+000
287.0417,0.0000E+000
287.0486,0.0000E+000
287.0556,0.0000E+000
287.0625,3.7047E-003
287.0694,0.0000E+000
287.0764,0.0000E+000
287.0833,4.5486E-013
287.0903,9.2614E-003
287.0972,0.0000E+000
287.1042,0.0000E+000
287.1111,0.0000E+000
287.1181,0.0000E+000
287.1250,0.0000E+000
287.1319,0.0000E+000
287.1389,0.0000E+000
287.1458,0.0000E+000
287.1528,0.0000E+000
287.1597,1.0495E-002
287.1667,5.1545E-013
287.1736,0.0000E+000
287.1806,0.0000E+000
287.1875,1.2347E-003
287.1944,2.0213E-013
287.2014,3.0867E-003
287.2083,1.2964E-002
287.2153,3.0867E-003
287.2222,1.8191E-013
287.2292,5.5559E-003
287.2361,3.0866E-002
287.2431,1.2346E-002
287.2500,0.0000E+000
287.2569,3.0865E-003
287.2639,4.3211E-003
287.2708,0.0000E+000
287.2778,0.0000E+000
287.2847,0.0000E+000
287.2917,0.0000E+000
287.2986,0.0000E+000
287.3056,0.0000E+000
287.3125,0.0000E+000
287.3194,1.6419E-001
287.3264,1.5061E+000
287.3333,4.3750E+000
287.3403,9.2135E+000
287.3472,1.4285E+001
287.3542,1.7339E+001
287.3611,1.8830E+001
287.3681,2.3145E+001
287.3750,2.8425E+001
287.3819,2.7934E+001
287.3889,2.8220E+001
287.3958,3.5638E+001
287.4028,5.0478E+001
287.4097,4.7057E+001
287.4167,5.3027E+001
287.4236,5.4397E+001
287.4306,3.3614E+001
287.4375,4.8075E+001
287.4444,7.7830E+001
287.4514,8.7519E+001
287.4583,9.2749E+001
287.4653,8.8543E+001
287.4722,6.6127E+001
287.4792,5.3225E+001
287.4861,7.0793E+001
287.4931,9.1869E+001
287.5000,1.1779E+002
287.5069,1.2372E+002
287.5139,1.3050E+002
287.5208,1.3967E+002
287.5278,1.3729E+002
287.5347,1.2450E+002
287.5417,1.4901E+002
287.5486,1.5117E+002
287.5556,1.6448E+002
287.5625,1.7733E+002
287.5694,1.5723E+002
287.5764,6.6904E+001
287.5833,6.1501E+001
287.5903,9.5154E+001
287.5972,1.4842E+002
287.6042,1.5565E+002
287.6111,1.3466E+002
287.6181,5.4301E+001
287.6250,6.6883E+001
287.6319,7.2907E+001
287.6389,8.1552E+001
287.6458,8.1562E+001
287.6528,8.1417E+001
287.6597,4.9250E+001
287.6667,5.8011E+001
287.6736,6.3841E+001
287.6806,4.4364E+001
287.6875,1.4648E+001
287.6944,8.6228E+000
287.7014,9.3730E+000
287.7083,1.2775E+001
287.7153,2.1801E+001
287.7222,1.6275E+001
287.7292,8.4059E+000
287.7361,7.4724E+000
287.7431,7.6001E+000
287.7500,6.2341E+000
287.7569,3.3826E+000
287.7639,1.2955E+000
287.7708,1.9741E-001
287.7778,6.4636E-012
287.7847,0.0000E+000
287.7917,0.0000E+000
287.7986,0.0000E+000
287.8056,0.0000E+000
287.8125,0.0000E+000
287.8194,0.0000E+000
287.8264,0.0000E+000
287.8333,0.0000E+000
287.8403,0.0000E+000
287.8472,0.0000E+000
287.8542,0.0000E+000
287.8611,0.0000E+000
287.8681,0.0000E+000
287.8750,0.0000E+000
287.8819,0.0000E+000
287.8889,0.0000E+000
287.8958,0.0000E+000
287.9028,0.0000E+000
287.9097,0.0000E+000
287.9167,0.0000E+000
287.9236,0.0000E+000
287.9306,0.0000E+000
287.9375,0.0000E+000
287.9444,0.0000E+000
287.9514,0.0000E+000
287.9583,0.0000E+000
287.9653,0.0000E+000
287.9722,0.0000E+000
287.9792,0.0000E+000
287.9861,0.0000E+000
287.9931,0.0000E+000
288.0000,0.0000E+000
288.0069,0.0000E+000
288.0139,0.0000E+000
288.0208,0.0000E+000
288.0278,0.0000E+000
288.0347,0.0000E+000
288.0417,0.0000E+000
288.0486,0.0000E+000
288.0556,0.0000E+000
288.0625,0.0000E+000
288.0694,0.0000E+000
288.0764,0.0000E+000
288.0833,0.0000E+000
288.0903,0.0000E+000
288.0972,0.0000E+000
288.1042,0.0000E+000
288.1111,0.0000E+000
288.1181,0.0000E+000
288.1250,0.0000E+000
288.1319,0.0000E+000
288.1389,0.0000E+000
288.1458,0.0000E+000
288.1528,0.0000E+000
288.1597,0.0000E+000
288.1667,0.0000E+000
288.1736,0.0000E+000
288.1806,0.0000E+000
288.1875,0.0000E+000
288.1944,0.0000E+000
288.2014,0.0000E+000
288.2083,0.0000E+000
288.2153,0.0000E+000
288.2222,0.0000E+000
288.2292,0.0000E+000
288.2361,0.0000E+000
288.2431,0.0000E+000
288.2500,0.0000E+000
288.2569,0.0000E+000
288.2639,0.0000E+000
288.2708,0.0000E+000
288.2778,0.0000E+000
288.2847,0.0000E+000
288.2917,0.0000E+000
288.2986,0.0000E+000
288.3056,0.0000E+000
288.3125,0.0000E+000
288.3194,6.8631E-013
288.3264,1.0481E-002
288.3333,3.8901E-001
288.3403,1.6639E+000
288.3472,3.5732E+000
288.3542,5.1680E+000
288.3611,9.3594E+000
288.3681,1.1975E+001
288.3750,1.5319E+001
288.3819,1.8408E+001
288.3889,1.8802E+001
288.3958,2.5304E+001
288.4028,3.0645E+001
288.4097,3.6936E+001
288.4167,4.2130E+001
288.4236,6.6941E+001
288.4306,6.2248E+001
288.4375,5.8761E+001
288.4444,6.9977E+001
288.4514,8.0120E+001
288.4583,5.7430E+001
288.4653,5.8125E+001
288.4722,5.2004E+001
288.4792,2.7129E+001
288.4861,3.2718E+001
288.4931,3.1383E+001
288.5000,3.7209E+001
288.5069,4.6281E+001
288.5139,4.6190E+001
288.5208,3.0009E+001
288.5278,3.5130E+001
288.5347,3.0185E+001
288.5417,2.3656E+001
288.5486,1.9956E+001
288.5556,2.0509E+001
288.5625,1.9027E+001
288.5694,1.9584E+001
288.5764,2.0194E+001
288.5833,1.9726E+001
288.5903,1.9913E+001
288.5972,1.8981E+001
288.6042,1.5780E+001
288.6111,1.4614E+001
288.6181,1.5105E+001
288.6250,1.6451E+001
288.6319,1.9026E+001
288.6389,1.8960E+001
288.6458,1.4824E+001
288.6528,1.5476E+001
288.6597,1.2840E+001
288.6667,1.4129E+001
288.6736,9.8950E+000
288.6806,8.4918E+000
288.6875,1.0628E+001
288.6944,1.4356E+001
288.7014,1.7899E+001
288.7083,1.5736E+001
288.7153,1.4762E+001
288.7222,1.3027E+001
288.7292,6.8029E+000
288.7361,1.0079E+001
288.7431,6.0880E+000
288.7500,2.4518E+000
288.7569,1.4992E+000
288.7639,8.1274E-001
288.7708,2.2490E-001
288.7778,7.3637E-012
288.7847,0.0000E+000
288.7917,0.0000E+000
288.7986,0.0000E+000
288.8056,0.0000E+000
288.8125,0.0000E+000
288.8194,0.0000E+000
288.8264,0.0000E+000
288.8333,0.0000E+000
288.8403,0.0000E+000
288.8472,0.0000E+000
288.8542,0.0000E+000
288.8611,0.0000E+000
288.8681,0.0000E+000
288.8750,0.0000E+000
288.8819,0.0000E+000
288.8889,0.0000E+000
288.8958,0.0000E+000
288.9028,0.0000E+000
288.9097,0.0000E+000
288.9167,0.0000E+000
288.9236,0.0000E+000
288.9306,0.0000E+000
288.9375,0.0000E+000
288.9444,0.0000E+000
288.9514,0.0000E+000
288.9583,0.0000E+000
288.9653,0.0000E+000
288.9722,0.0000E+000
288.9792,0.0000E+000
288.9861,0.0000E+000
288.9931,0.0000E+000
289.0000,0.0000E+000
289.0069,0.0000E+000
289.0139,0.0000E+000
289.0208,0.0000E+000
289.0278,0.0000E+000
289.0347,0.0000E+000
289.0417,0.0000E+000
289.0486,0.0000E+000
289.0556,0.0000E+000
289.0625,0.0000E+000
289.0694,0.0000E+000
289.0764,0.0000E+000
289.0833,0.0000E+000
289.0903,0.0000E+000
289.0972,0.0000E+000
289.1042,0.0000E+000
289.1111,0.0000E+000
289.1181,0.0000E+000
289.1250,0.0000E+000
289.1319,0.0000E+000
289.1389,0.0000E+000
289.1458,0.0000E+000
289.1528,0.0000E+000
289.1597,0.0000E+000
289.1667,0.0000E+000
289.1736,0.0000E+000
289.1806,0.0000E+000
289.1875,0.0000E+000
289.1944,0.0000E+000
289.2014,0.0000E+000
289.2083,0.0000E+000
289.2153,0.0000E+000
289.2222,0.0000E+000
289.2292,0.0000E+000
289.2361,0.0000E+000
289.2431,0.0000E+000
289.2500,0.0000E+000
289.2569,0.0000E+000
289.2639,0.0000E+000
289.2708,0.0000E+000
289.2778,0.0000E+000
289.2847,0.0000E+000
289.2917,0.0000E+000
289.2986,0.0000E+000
289.3056,0.0000E+000
289.3125,0.0000E+000
289.3194,0.0000E+000
289.3264,0.0000E+000
289.3333,1.2931E-002
289.3403,1.6133E-001
289.3472,6.7116E-001
289.3542,2.3047E+000
289.3611,4.7337E+000
289.3681,6.8906E+000
289.3750,1.1292E+001
289.3819,1.8181E+001
289.3889,3.9609E+001
289.3958,5.1800E+001
289.4028,3.3289E+001
289.4097,2.5969E+001
289.4167,3.1175E+001
289.4236,3.8894E+001
289.4306,3.1121E+001
289.4375,3.1383E+001
289.4444,2.3038E+001
289.4514,2.9556E+001
289.4583,2.9283E+001
289.4653,3.8348E+001
289.4722,5.6302E+001
289.4792,6.3217E+001
289.4861,5.3105E+001
289.4931,5.2514E+001
289.5000,3.3627E+001
289.5069,4.1585E+001
289.5139,4.0731E+001
289.5208,3.8928E+001
289.5278,6.4716E+001
289.5347,5.9594E+001
289.5417,5.7262E+001
289.5486,7.8107E+001
289.5556,8.6242E+001
289.5625,5.5230E+001
289.5694,7.7619E+001
289.5764,8.8241E+001
289.5833,7.5004E+001
289.5903,7.1872E+001
289.5972,7.1756E+001
289.6042,6.6690E+001
289.6111,4.6411E+001
289.6181,2.9490E+001
289.6250,3.1913E+001
289.6319,4.3525E+001
289.6389,5.4635E+001
289.6458,6.2648E+001
289.6528,5.7401E+001
289.6597,5.0637E+001
289.6667,4.4387E+001
289.6736,3.6648E+001
289.6806,4.4234E+001
289.6875,6.9554E+001
289.6944,5.7685E+001
289.7014,3.2581E+001
289.7083,1.5522E+001
289.7153,3.0269E+000
289.7222,6.9350E+000
289.7292,5.0892E+000
289.7361,2.9437E+000
289.7431,4.1838E+000
289.7500,3.3615E+000
289.7569,1.2512E+000
289.7639,8.7391E-002
289.7708,0.0000E+000
289.7778,0.0000E+000
289.7847,0.0000E+000
289.7917,0.0000E+000
289.7986,0.0000E+000
289.8056,0.0000E+000
289.8125,0.0000E+000
289.8194,0.0000E+000
289.8264,0.0000E+000
289.8333,0.0000E+000
289.8403,0.0000E+000
289.8472,0.0000E+000
289.8542,0.0000E+000
289.8611,0.0000E+000
289.8681,0.0000E+000
289.8750,0.0000E+000
289.8819,0.0000E+000
289.8889,0.0000E+000
289.8958,0.0000E+000
289.9028,0.0000E+000
289.9097,0.0000E+000
289.9167,0.0000E+000
289.9236,0.0000E+000
289.9306,0.0000E+000
289.9375,0.0000E+000
289.9444,0.0000E+000
289.9514,0.0000E+000
289.9583,0.0000E+000
289.9653,0.0000E+000
289.9722,0.0000E+000
289.9792,0.0000E+000
289.9861,0.0000E+000
289.9931,0.0000E+000
290.0000,0.0000E+000
290.0069,0.0000E+000
290.0139,0.0000E+000
290.0208,0.0000E+000
290.0278,0.0000E+000
290.0347,0.0000E+000
290.0417,0.0000E+000
290.0486,0.0000E+000
290.0556,0.0000E+000
290.0625,0.0000E+000
290.0694,0.0000E+000
290.0764,0.0000E+000
290.0833,0.0000E+000
290.0903,0.0000E+000
290.0972,0.0000E+000
290.1042,0.0000E+000
290.1111,0.0000E+000
290.1181,0.0000E+000
290.1250,0.0000E+000
290.1319,8.0506E-014
290.1389,1.2294E-003
290.1458,6.0378E-014
290.1528,1.2294E-003
290.1597,8.8552E-013
290.1667,2.7045E-002
290.1736,3.6879E-003
290.1806,2.8274E-002
290.1875,3.6879E-003
290.1944,7.3756E-003
290.2014,1.1678E-002
290.2083,2.7658E-002
290.2153,9.0556E-013
290.2222,7.3752E-003
290.2292,6.7605E-003
290.2361,2.1511E-002
290.2431,3.0729E-003
290.2500,0.0000E+000
290.2569,0.0000E+000
290.2639,0.0000E+000
290.2708,0.0000E+000
290.2778,0.0000E+000
290.2847,0.0000E+000
290.2917,0.0000E+000
290.2986,4.3016E-003
290.3056,2.8168E-013
290.3125,7.9885E-003
290.3194,1.2351E-001
290.3264,6.5934E-001
290.3333,1.5005E+000
290.3403,2.8186E+000
290.3472,4.3412E+000
290.3542,4.7608E+000
290.3611,1.0081E+001
290.3681,1.7276E+001
290.3750,2.5474E+001
290.3819,3.1069E+001
290.3889,2.7106E+001
290.3958,2.9193E+001
290.4028,3.4358E+001
290.4097,4.7372E+001
290.4167,5.2872E+001
290.4236,6.7962E+001
290.4306,7.8028E+001
290.4375,8.0800E+001
290.4444,8.3849E+001
290.4514,8.9134E+001
290.4583,9.5625E+001
290.4653,1.0058E+002
290.4722,1.0585E+002
290.4792,1.1298E+002
290.4861,1.0487E+002
290.4931,9.9517E+001
290.5000,9.6679E+001
290.5069,1.0725E+002
290.5139,9.1802E+001
290.5208,8.4122E+001
290.5278,7.7708E+001
290.5347,7.7996E+001
290.5417,8.3996E+001
290.5486,8.3677E+001
290.5556,8.0697E+001
290.5625,9.1518E+001
290.5694,7.9336E+001
290.5764,6.6938E+001
290.5833,6.5042E+001
290.5903,6.9762E+001
290.5972,7.3734E+001
290.6042,6.9193E+001
290.6111,6.9182E+001
290.6181,6.5540E+001
290.6250,6.0280E+001
290.6319,7.4386E+001
290.6389,7.9026E+001
290.6458,7.7650E+001
290.6528,7.0320E+001
290.6597,7.8940E+001
290.6667,7.8853E+001
290.6736,6.4647E+001
290.6806,5.5358E+001
290.6875,4.4405E+001
290.6944,4.2222E+001
290.7014,3.7721E+001
290.7083,3.1335E+001
290.7153,3.3162E+001
290.7222,2.6540E+001
290.7292,1.8396E+001
290.7361,1.0742E+001
290.7431,6.4980E+000
290.7500,5.8698E+000
290.7569,4.4729E+000
290.7639,2.1483E+000
290.7708,2.9287E-001
290.7778,9.5888E-012
290.7847,0.0000E+000
290.7917,0.0000E+000
290.7986,0.0000E+000
290.8056,0.0000E+000
290.8125,0.0000E+000
290.8194,0.0000E+000
290.8264,0.0000E+000
290.8333,0.0000E+000
290.8403,0.0000E+000
290.8472,0.0000E+000
290.8542,0.0000E+000
290.8611,0.0000E+000
290.8681,0.0000E+000
290.8750,0.0000E+000
290.8819,0.0000E+000
290.8889,0.0000E+000
290.8958,0.0000E+000
290.9028,0.0000E+000
290.9097,0.0000E+000
290.9167,0.0000E+000
290.9236,0.0000E+000
290.9306,0.0000E+000
290.9375,0.0000E+000
290.9444,0.0000E+000
290.9514,0.0000E+000
290.9583,0.0000E+000
290.9653,0.0000E+000
290.9722,0.0000E+000
290.9792,0.0000E+000
290.9861,0.0000E+000
290.9931,0.0000E+000
291.0000,0.0000E+000
291.0069,0.0000E+000
291.0139,0.0000E+000
291.0208,0.0000E+000
291.0278,0.0000E+000
291.0347,0.0000E+000
291.0417,0.0000E+000
291.0486,0.0000E+000
291.0556,0.0000E+000
291.0625,0.0000E+000
291.0694,0.0000E+000
291.0764,0.0000E+000
291.0833,0.0000E+000
291.0903,0.0000E+000
291.0972,0.0000E+000
291.1042,0.0000E+000
291.1111,0.0000E+000
291.1181,0.0000E+000
291.1250,0.0000E+000
291.1319,0.0000E+000
291.1389,0.0000E+000
291.1458,0.0000E+000
291.1528,0.0000E+000
291.1597,0.0000E+000
291.1667,0.0000E+000
291.1736,0.0000E+000
291.1806,0.0000E+000
291.1875,0.0000E+000
291.1944,0.0000E+000
291.2014,0.0000E+000
291.2083,0.0000E+000
291.2153,0.0000E+000
291.2222,0.0000E+000
291.2292,0.0000E+000
291.2361,0.0000E+000
291.2431,0.0000E+000
291.2500,0.0000E+000
291.2569,0.0000E+000
291.2639,0.0000E+000
291.2708,0.0000E+000
291.2778,0.0000E+000
291.2847,0.0000E+000
291.2917,0.0000E+000
291.2986,0.0000E+000
291.3056,0.0000E+000
291.3125,0.0000E+000
291.3194,5.5201E-002
291.3264,4.3240E-001
291.3333,1.3996E+000
291.3403,2.9299E+000
291.3472,4.8906E+000
291.3542,6.9997E+000
291.3611,8.9898E+000
291.3681,1.0901E+001
291.3750,1.2886E+001
291.3819,1.5117E+001
291.3889,1.6929E+001
291.3958,1.8998E+001
291.4028,2.1098E+001
291.4097,2.3002E+001
291.4167,2.4439E+001
291.4236,2.5986E+001
291.4306,2.8223E+001
291.4375,5.1440E+001
291.4444,3.3483E+001
291.4514,3.2090E+001
291.4583,3.7428E+001
291.4653,4.0796E+001
291.4722,4.2093E+001
291.4792,7.5969E+001
291.4861,2.2554E+002
291.4931,3.0017E+002
291.5000,1.9359E+002
291.5069,4.3572E+001
291.5139,8.3868E+001
291.5208,1.6348E+002
291.5278,1.5733E+002
291.5347,5.4776E+001
291.5417,5.1755E+001
291.5486,5.5090E+001
291.5556,9.7428E+001
291.5625,1.2361E+002
291.5694,2.6202E+002
291.5764,7.3186E+001
291.5833,1.8709E+002
291.5903,1.0963E+002
291.5972,5.7676E+001
291.6042,1.6041E+002
291.6111,1.8100E+002
291.6181,4.7583E+001
291.6250,1.2242E+002
291.6319,1.1111E+002
291.6389,9.5704E+001
291.6458,9.7706E+001
291.6528,1.0242E+002
291.6597,9.0198E+001
291.6667,7.8495E+001
291.6736,7.6883E+001
291.6806,6.9318E+001
291.6875,5.4609E+001
291.6944,4.0136E+001
291.7014,3.1819E+001
291.7083,2.7487E+001
291.7153,2.3753E+001
291.7222,1.9149E+001
291.7292,1.4080E+001
291.7361,9.5308E+000
291.7431,5.3546E+000
291.7500,2.6028E+000
291.7569,2.3043E-001
291.7639,3.7723E-012
291.7708,0.0000E+000
291.7778,0.0000E+000
291.7847,0.0000E+000
291.7917,0.0000E+000
291.7986,0.0000E+000
291.8056,0.0000E+000
291.8125,0.0000E+000
291.8194,0.0000E+000
291.8264,0.0000E+000
291.8333,0.0000E+000
291.8403,0.0000E+000
291.8472,0.0000E+000
291.8542,0.0000E+000
291.8611,0.0000E+000
291.8681,0.0000E+000
291.8750,0.0000E+000
291.8819,0.0000E+000
291.8889,0.0000E+000
291.8958,0.0000E+000
291.9028,0.0000E+000
291.9097,0.0000E+000
291.9167,0.0000E+000
291.9236,0.0000E+000
291.9306,0.0000E+000
291.9375,0.0000E+000
291.9444,0.0000E+000
291.9514,0.0000E+000
291.9583,0.0000E+000
291.9653,0.0000E+000
291.9722,0.0000E+000
291.9792,0.0000E+000
291.9861,0.0000E+000
291.9931,0.0000E+000
292.0000,0.0000E+000
292.0069,0.0000E+000
292.0139,0.0000E+000
292.0208,0.0000E+000
292.0278,0.0000E+000
292.0347,0.0000E+000
292.0417,0.0000E+000
292.0486,0.0000E+000
292.0556,0.0000E+000
292.0625,0.0000E+000
292.0694,0.0000E+000
292.0764,0.0000E+000
292.0833,0.0000E+000
292.0903,0.0000E+000
292.0972,0.0000E+000
292.1042,0.0000E+000
292.1111,0.0000E+000
292.1181,0.0000E+000
292.1250,0.0000E+000
292.1319,0.0000E+000
292.1389,0.0000E+000
292.1458,0.0000E+000
292.1528,0.0000E+000
292.1597,0.0000E+000
292.1667,0.0000E+000
292.1736,0.0000E+000
292.1806,0.0000E+000
292.1875,0.0000E+000
292.1944,0.0000E+000
292.2014,0.0000E+000
292.2083,0.0000E+000
292.2153,0.0000E+000
292.2222,0.0000E+000
292.2292,0.0000E+000
292.2361,0.0000E+000
292.2431,0.0000E+000
292.2500,0.0000E+000
292.2569,0.0000E+000
292.2639,0.0000E+000
292.2708,0.0000E+000
292.2778,0.0000E+000
292.2847,0.0000E+000
292.2917,0.0000E+000
292.2986,0.0000E+000
292.3056,0.0000E+000
292.3125,0.0000E+000
292.3194,0.0000E+000
292.3264,0.0000E+000
292.3333,3.7222E-011
292.3403,7.5788E-001
292.3472,3.0241E+000
292.3542,6.4504E+000
292.3611,1.0740E+001
292.3681,1.5310E+001
292.3750,1.8629E+001
292.3819,2.3466E+001
292.3889,3.1100E+001
292.3958,2.9511E+001
292.4028,3.6629E+001
292.4097,4.5778E+001
292.4167,5.0738E+001
292.4236,5.6873E+001
292.4306,5.8425E+001
292.4375,6.9677E+001
292.4444,8.1631E+001
292.4514,8.6318E+001
292.4583,8.9478E+001
292.4653,9.3519E+001
292.4722,1.0743E+002
292.4792,1.1698E+002
292.4861,1.2780E+002
292.4931,1.3939E+002
292.5000,2.4479E+002
292.5069,2.7377E+002
292.5139,2.0864E+002
292.5208,2.7324E+002
292.5278,2.1215E+002
292.5347,1.6553E+002
292.5417,1.0170E+002
292.5486,6.1170E+001
292.5556,6.1081E+001
292.5625,6.9823E+001
292.5694,6.7708E+001
292.5764,6.4312E+001
292.5833,6.4644E+001
292.5903,6.4352E+001
292.5972,7.6433E+001
292.6042,1.0550E+002
292.6111,1.4903E+002
292.6181,1.3624E+002
292.6250,1.3751E+002
292.6319,1.0422E+002
292.6389,1.0580E+002
292.6458,8.9750E+001
292.6528,6.2139E+001
292.6597,7.5915E+001
292.6667,6.1629E+001
292.6736,6.5647E+001
292.6806,3.4894E+001
292.6875,2.3169E+001
292.6944,2.9963E+001
292.7014,3.0110E+001
292.7083,1.8096E+001
292.7153,1.3448E+001
292.7222,1.0972E+001
292.7292,9.8936E+000
292.7361,9.2903E+000
292.7431,7.4116E+000
292.7500,3.6195E+000
292.7569,9.8240E-001
292.7639,1.6083E-011
292.7708,0.0000E+000
292.7778,0.0000E+000
292.7847,0.0000E+000
292.7917,0.0000E+000
292.7986,0.0000E+000
292.8056,0.0000E+000
292.8125,0.0000E+000
292.8194,0.0000E+000
292.8264,0.0000E+000
292.8333,0.0000E+000
292.8403,0.0000E+000
292.8472,0.0000E+000
292.8542,0.0000E+000
292.8611,0.0000E+000
292.8681,0.0000E+000
292.8750,0.0000E+000
292.8819,0.0000E+000
292.8889,0.0000E+000
292.8958,0.0000E+000
292.9028,0.0000E+000
292.9097,0.0000E+000
292.9167,0.0000E+000
292.9236,0.0000E+000
292.9306,0.0000E+000
292.9375,0.0000E+000
292.9444,0.0000E+000
292.9514,0.0000E+000
292.9583,3.0031E-013
292.9653,6.1147E-003
292.9722,3.6036E-013
292.9792,1.1006E-002
292.9861,9.1716E-003
292.9931,6.0058E-013
293.0000,0.0000E+000
293.0069,0.0000E+000
293.0139,0.0000E+000
293.0208,0.0000E+000
293.0278,0.0000E+000
293.0347,0.0000E+000
293.0417,0.0000E+000
293.0486,1.0009E-014
293.0556,6.1136E-004
293.0625,0.0000E+000
293.0694,0.0000E+000
293.0764,0.0000E+000
293.0833,0.0000E+000
293.0903,0.0000E+000
293.0972,0.0000E+000
293.1042,0.0000E+000
293.1111,0.0000E+000
293.1181,0.0000E+000
293.1250,0.0000E+000
293.1319,0.0000E+000
293.1389,0.0000E+000
293.1458,0.0000E+000
293.1528,0.0000E+000
293.1597,0.0000E+000
293.1667,0.0000E+000
293.1736,0.0000E+000
293.1806,0.0000E+000
293.1875,0.0000E+000
293.1944,0.0000E+000
293.2014,0.0000E+000
293.2083,3.0559E-003
293.2153,1.0006E-013
293.2222,0.0000E+000
293.2292,0.0000E+000
293.2361,0.0000E+000
293.2431,0.0000E+000
293.2500,0.0000E+000
293.2569,0.0000E+000
293.2639,0.0000E+000
293.2708,0.0000E+000
293.2778,0.0000E+000
293.2847,2.0009E-014
293.2917,6.1109E-004
293.2986,0.0000E+000
293.3056,0.0000E+000
293.3125,0.0000E+000
293.3194,3.2753E-001
293.3264,1.4048E+000
293.3333,9.1718E-001
293.3403,2.0323E+000
293.3472,5.2255E+000
293.3542,8.1089E+000
293.3611,9.9216E+000
293.3681,1.5428E+001
293.3750,2.1159E+001
293.3819,2.1506E+001
293.3889,2.9949E+001
293.3958,3.0880E+001
293.4028,2.9482E+001
293.4097,3.6580E+001
293.4167,3.9019E+001
293.4236,4.0386E+001
293.4306,4.6223E+001
293.4375,6.1501E+001
293.4444,4.9421E+001
293.4514,4.4309E+001
293.4583,6.1427E+001
293.4653,8.8638E+001
293.4722,8.4283E+001
293.4792,6.9085E+001
293.4861,1.4215E+002
293.4931,2.1995E+002
293.5000,1.1903E+002
293.5069,1.9060E+002
293.5139,1.0889E+002
293.5208,9.7952E+001
293.5278,1.4025E+002
293.5347,1.6374E+002
293.5417,1.9409E+002
293.5486,1.2457E+002
293.5556,1.4185E+002
293.5625,1.3655E+002
293.5694,1.1695E+002
293.5764,1.7238E+002
293.5833,1.2938E+002
293.5903,1.1627E+002
293.5972,8.5763E+001
293.6042,1.4505E+002
293.6111,2.4370E+002
293.6181,9.6111E+001
293.6250,9.5741E+001
293.6319,1.0439E+002
293.6389,7.7469E+001
293.6458,4.8738E+001
293.6528,4.8351E+001
293.6597,4.1440E+001
293.6667,3.1924E+001
293.6736,4.5509E+001
293.6806,4.4154E+001
293.6875,3.0280E+001
293.6944,2.6746E+001
293.7014,2.4774E+001
293.7083,1.6546E+001
293.7153,1.1793E+001
293.7222,9.0149E+000
293.7292,8.9299E+000
293.7361,5.9538E+000
293.7431,3.3411E+000
293.7500,1.9984E+000
293.7569,4.7257E-001
293.7639,7.7364E-012
293.7708,0.0000E+000
293.7778,0.0000E+000
293.7847,0.0000E+000
293.7917,0.0000E+000
293.7986,0.0000E+000
293.8056,0.0000E+000
293.8125,0.0000E+000
293.8194,0.0000E+000
293.8264,0.0000E+000
293.8333,0.0000E+000
293.8403,0.0000E+000
293.8472,0.0000E+000
293.8542,0.0000E+000
293.8611,0.0000E+000
293.8681,0.0000E+000
293.8750,0.0000E+000
293.8819,0.0000E+000
293.8889,0.0000E+000
293.8958,0.0000E+000
293.9028,0.0000E+000
293.9097,0.0000E+000
293.9167,0.0000E+000
293.9236,0.0000E+000
293.9306,0.0000E+000
293.9375,0.0000E+000
293.9444,0.0000E+000
293.9514,0.0000E+000
293.9583,0.0000E+000
293.9653,0.0000E+000
293.9722,0.0000E+000
293.9792,0.0000E+000
293.9861,0.0000E+000
293.9931,0.0000E+000
294.0000,0.0000E+000
294.0069,0.0000E+000
294.0139,0.0000E+000
294.0208,0.0000E+000
294.0278,0.0000E+000
294.0347,0.0000E+000
294.0417,0.0000E+000
294.0486,0.0000E+000
294.0556,0.0000E+000
294.0625,0.0000E+000
294.0694,0.0000E+000
294.0764,0.0000E+000
294.0833,0.0000E+000
294.0903,0.0000E+000
294.0972,0.0000E+000
294.1042,0.0000E+000
294.1111,0.0000E+000
294.1181,0.0000E+000
294.1250,0.0000E+000
294.1319,0.0000E+000
294.1389,0.0000E+000
294.1458,0.0000E+000
294.1528,0.0000E+000
294.1597,0.0000E+000
294.1667,0.0000E+000
294.1736,0.0000E+000
294.1806,0.0000E+000
294.1875,0.0000E+000
294.1944,0.0000E+000
294.2014,0.0000E+000
294.2083,0.0000E+000
294.2153,0.0000E+000
294.2222,0.0000E+000
294.2292,0.0000E+000
294.2361,0.0000E+000
294.2431,0.0000E+000
294.2500,0.0000E+000
294.2569,0.0000E+000
294.2639,0.0000E+000
294.2708,0.0000E+000
294.2778,0.0000E+000
294.2847,0.0000E+000
294.2917,0.0000E+000
294.2986,0.0000E+000
294.3056,0.0000E+000
294.3125,0.0000E+000
294.3194,0.0000E+000
294.3264,0.0000E+000
294.3333,8.7826E-002
294.3403,8.9411E-001
294.3472,3.3763E+000
294.3542,4.3204E+000
294.3611,6.2908E+000
294.3681,1.0276E+001
294.3750,2.2896E+001
294.3819,3.6883E+001
294.3889,4.3475E+001
294.3958,3.3493E+001
294.4028,3.4335E+001
294.4097,4.2469E+001
294.4167,4.0283E+001
294.4236,3.5748E+001
294.4306,5.2578E+001
294.4375,5.3451E+001
294.4444,5.8552E+001
294.4514,5.5278E+001
294.4583,7.5277E+001
294.4653,9.1955E+001
294.4722,9.6672E+001
294.4792,9.1929E+001
294.4861,7.3631E+001
294.4931,7.3556E+001
294.5000,5.6915E+001
294.5069,1.2245E+002
294.5139,2.0774E+002
294.5208,1.3981E+002
294.5278,8.3596E+001
294.5347,8.4992E+001
294.5417,8.9344E+001
294.5486,7.6419E+001
294.5556,1.0895E+002
294.5625,1.5018E+002
294.5694,1.5314E+002
294.5764,1.5526E+002
294.5833,1.2529E+002
294.5903,1.2258E+002
294.5972,1.2879E+002
294.6042,1.1480E+002
294.6111,1.0703E+002
294.6181,1.2049E+002
294.6250,1.0885E+002
294.6319,9.6562E+001
294.6389,7.3479E+001
294.6458,6.5645E+001
294.6528,6.7221E+001
294.6597,7.4520E+001
294.6667,5.7208E+001
294.6736,5.3504E+001
294.6806,5.2947E+001
294.6875,5.2033E+001
294.6944,3.2177E+001
294.7014,3.1610E+001
294.7083,2.9825E+001
294.7153,2.2499E+001
294.7222,1.5674E+001
294.7292,1.5422E+001
294.7361,1.2633E+001
294.7431,7.2876E+000
294.7500,4.4744E+000
294.7569,1.5497E+000
294.7639,2.5370E-011
294.7708,0.0000E+000
294.7778,0.0000E+000
294.7847,0.0000E+000
294.7917,0.0000E+000
294.7986,0.0000E+000
294.8056,0.0000E+000
294.8125,0.0000E+000
294.8194,0.0000E+000
294.8264,0.0000E+000
294.8333,0.0000E+000
294.8403,0.0000E+000
294.8472,0.0000E+000
294.8542,0.0000E+000
294.8611,0.0000E+000
294.8681,0.0000E+000
294.8750,0.0000E+000
294.8819,0.0000E+000
294.8889,0.0000E+000
294.8958,0.0000E+000
294.9028,0.0000E+000
294.9097,0.0000E+000
294.9167,0.0000E+000
294.9236,0.0000E+000
294.9306,0.0000E+000
294.9375,0.0000E+000
294.9444,0.0000E+000
294.9514,0.0000E+000
294.9583,0.0000E+000
294.9653,0.0000E+000
294.9722,0.0000E+000
294.9792,0.0000E+000
294.9861,0.0000E+000
294.9931,0.0000E+000
295.0000,0.0000E+000
295.0069,0.0000E+000
295.0139,0.0000E+000
295.0208,0.0000E+000
295.0278,0.0000E+000
295.0347,0.0000E+000
295.0417,0.0000E+000
295.0486,0.0000E+000
295.0556,0.0000E+000
295.0625,0.0000E+000
295.0694,0.0000E+000
295.0764,0.0000E+000
295.0833,0.0000E+000
295.0903,0.0000E+000
295.0972,0.0000E+000
295.1042,0.0000E+000
295.1111,0.0000E+000
295.1181,0.0000E+000
295.1250,0.0000E+000
295.1319,0.0000E+000
295.1389,0.0000E+000
295.1458,0.0000E+000
295.1528,0.0000E+000
295.1597,0.0000E+000
295.1667,0.0000E+000
295.1736,0.0000E+000
295.1806,0.0000E+000
295.1875,0.0000E+000
295.1944,0.0000E+000
295.2014,0.0000E+000
295.2083,0.0000E+000
295.2153,0.0000E+000
295.2222,0.0000E+000
295.2292,0.0000E+000
295.2361,0.0000E+000
295.2431,0.0000E+000
295.2500,0.0000E+000
295.2569,0.0000E+000
295.2639,0.0000E+000
295.2708,0.0000E+000
295.2778,0.0000E+000
295.2847,0.0000E+000
295.2917,0.0000E+000
295.2986,0.0000E+000
295.3056,0.0000E+000
295.3125,0.0000E+000
295.3194,0.0000E+000
295.3264,0.0000E+000
295.3333,1.9583E-011
295.3403,3.9873E-001
295.3472,1.9967E+000
295.3542,3.6421E+000
295.3611,7.4307E+000
295.3681,9.2294E+000
295.3750,1.5448E+001
295.3819,1.4786E+001
295.3889,1.0817E+001
295.3958,1.1356E+001
295.4028,1.0411E+001
295.4097,2.0739E+001
295.4167,3.3073E+001
295.4236,2.9532E+001
295.4306,2.5759E+001
295.4375,4.5496E+001
295.4444,5.0695E+001
295.4514,3.1673E+001
295.4583,2.9490E+001
295.4653,3.3917E+001
295.4722,2.6889E+001
295.4792,3.2024E+001
295.4861,7.7874E+001
295.4931,1.0719E+002
295.5000,8.5504E+001
295.5069,1.0369E+002
295.5139,1.1246E+002
295.5208,1.1110E+002
295.5278,1.0542E+002
295.5347,1.4714E+002
295.5417,1.6702E+002
295.5486,1.3538E+002
295.5556,2.0469E+002
295.5625,2.0134E+002
295.5694,1.5650E+002
295.5764,1.4864E+002
295.5833,1.3731E+002
295.5903,9.9188E+001
295.5972,1.0351E+002
295.6042,1.5235E+002
295.6111,8.6523E+001
295.6181,1.2270E+002
295.6250,6.9950E+001
295.6319,1.1984E+002
295.6389,7.5874E+001
295.6458,3.6407E+001
295.6528,3.2636E+001
295.6597,3.2295E+001
295.6667,3.8028E+001
295.6736,4.4405E+001
295.6806,4.6626E+001
295.6875,3.6124E+001
295.6944,3.5334E+001
295.7014,4.6236E+001
295.7083,1.8314E+001
295.7153,1.7530E+001
295.7222,1.4394E+001
295.7292,5.0763E+000
295.7361,5.9735E+000
295.7431,4.3560E+000
295.7500,3.5949E-001
295.7569,0.0000E+000
295.7639,0.0000E+000
295.7708,0.0000E+000
295.7778,0.0000E+000
295.7847,0.0000E+000
295.7917,0.0000E+000
295.7986,0.0000E+000
295.8056,0.0000E+000
295.8125,0.0000E+000
295.8194,0.0000E+000
295.8264,0.0000E+000
295.8333,0.0000E+000
295.8403,0.0000E+000
295.8472,0.0000E+000
295.8542,0.0000E+000
295.8611,0.0000E+000
295.8681,0.0000E+000
295.8750,0.0000E+000
295.8819,0.0000E+000
295.8889,0.0000E+000
295.8958,0.0000E+000
295.9028,0.0000E+000
295.9097,0.0000E+000
295.9167,0.0000E+000
295.9236,0.0000E+000
295.9306,0.0000E+000
295.9375,0.0000E+000
295.9444,0.0000E+000
295.9514,0.0000E+000
295.9583,0.0000E+000
295.9653,0.0000E+000
295.9722,0.0000E+000
295.9792,0.0000E+000
295.9861,0.0000E+000
295.9931,0.0000E+000
296.0000,0.0000E+000
296.0069,0.0000E+000
296.0139,0.0000E+000
296.0208,0.0000E+000
296.0278,0.0000E+000
296.0347,0.0000E+000
296.0417,0.0000E+000
296.0486,0.0000E+000
296.0556,0.0000E+000
296.0625,0.0000E+000
296.0694,0.0000E+000
296.0764,0.0000E+000
296.0833,0.0000E+000
296.0903,0.0000E+000
296.0972,0.0000E+000
296.1042,0.0000E+000
296.1111,0.0000E+000
296.1181,0.0000E+000
296.1250,0.0000E+000
296.1319,2.2490E-002
296.1389,3.6818E-013
296.1458,0.0000E+000
296.1528,0.0000E+000
296.1597,0.0000E+000
296.1667,0.0000E+000
296.1736,1.7018E-002
296.1806,1.1144E-012
296.1875,0.0000E+000
296.1944,0.0000E+000
296.2014,0.0000E+000
296.2083,5.4698E-003
296.2153,1.7909E-013
296.2222,0.0000E+000
296.2292,0.0000E+000
296.2361,0.0000E+000
296.2431,0.0000E+000
296.2500,0.0000E+000
296.2569,0.0000E+000
296.2639,0.0000E+000
296.2708,0.0000E+000
296.2778,0.0000E+000
296.2847,0.0000E+000
296.2917,0.0000E+000
296.2986,0.0000E+000
296.3056,0.0000E+000
296.3125,0.0000E+000
296.3194,0.0000E+000
296.3264,0.0000E+000
296.3333,1.1996E-011
296.3403,2.4426E-001
296.3472,1.0560E+000
296.3542,3.2701E+000
296.3611,5.6232E+000
296.3681,8.2831E+000
296.3750,1.2680E+001
296.3819,2.4929E+001
296.3889,3.2912E+001
296.3958,3.7083E+001
296.4028,4.2687E+001
296.4097,4.2862E+001
296.4167,3.5852E+001
296.4236,1.5872E+001
296.4306,1.0394E+001
296.4375,2.1565E+001
296.4444,2.6414E+001
296.4514,3.4068E+001
296.4583,2.4386E+001
296.4653,2.1903E+001
296.4722,2.9163E+001
296.4792,2.0233E+001
296.4861,2.1240E+001
296.4931,1.6137E+001
296.5000,1.5056E+001
296.5069,1.3104E+001
296.5139,1.8248E+001
296.5208,1.4565E+001
296.5278,1.1117E+001
296.5347,1.1069E+001
296.5417,1.3127E+001
296.5486,7.7209E+000
296.5556,6.1453E+000
296.5625,6.1719E+000
296.5694,7.5560E+000
296.5764,6.8435E+000
296.5833,6.8264E+000
296.5903,8.4412E+000
296.5972,1.0207E+001
296.6042,1.3440E+001
296.6111,1.7129E+001
296.6181,3.2063E+001
296.6250,2.7814E+001
296.6319,1.0433E+001
296.6389,1.1211E+001
296.6458,7.5330E+000
296.6528,8.4960E+000
296.6597,1.0185E+001
296.6667,7.2164E+000
296.6736,6.9977E+000
296.6806,1.5076E+001
296.6875,3.4102E+001
296.6944,1.2969E+001
296.7014,1.0476E+001
296.7083,9.7290E+000
296.7153,6.8465E+000
296.7222,1.1213E+001
296.7292,1.2744E+001
296.7361,6.9671E+000
296.7431,2.6963E+000
296.7500,4.3289E-001
296.7569,5.4581E-001
296.7639,8.9353E-012
296.7708,0.0000E+000
296.7778,0.0000E+000
296.7847,0.0000E+000
296.7917,0.0000E+000
296.7986,0.0000E+000
296.8056,0.0000E+000
296.8125,0.0000E+000
296.8194,0.0000E+000
296.8264,0.0000E+000
296.8333,0.0000E+000
296.8403,0.0000E+000
296.8472,0.0000E+000
296.8542,0.0000E+000
296.8611,0.0000E+000
296.8681,0.0000E+000
296.8750,0.0000E+000
296.8819,0.0000E+000
296.8889,0.0000E+000
296.8958,0.0000E+000
296.9028,0.0000E+000
296.9097,0.0000E+000
296.9167,0.0000E+000
296.9236,0.0000E+000
296.9306,0.0000E+000
296.9375,0.0000E+000
296.9444,0.0000E+000
296.9514,0.0000E+000
296.9583,0.0000E+000
296.9653,0.0000E+000
296.9722,0.0000E+000
296.9792,0.0000E+000
296.9861,0.0000E+000
296.9931,0.0000E+000
297.0000,1.2137E-002
297.0069,0.0000E+000
297.0139,0.0000E+000
297.0208,0.0000E+000
297.0278,0.0000E+000
297.0347,0.0000E+000
297.0417,0.0000E+000
297.0486,0.0000E+000
297.0556,0.0000E+000
297.0625,0.0000E+000
297.0694,0.0000E+000
297.0764,0.0000E+000
297.0833,3.5192E-002
297.0903,1.1522E-012
297.0972,7.9463E-014
297.1042,2.4269E-003
297.1111,0.0000E+000
297.1181,0.0000E+000
297.1250,0.0000E+000
297.1319,6.0670E-004
297.1389,9.9321E-015
297.1458,1.6987E-002
297.1528,3.6401E-003
297.1597,1.0313E-002
297.1667,5.0651E-013
297.1736,0.0000E+000
297.1806,0.0000E+000
297.1875,1.3953E-002
297.1944,0.0000E+000
297.2014,0.0000E+000
297.2083,0.0000E+000
297.2153,0.0000E+000
297.2222,0.0000E+000
297.2292,0.0000E+000
297.2361,0.0000E+000
297.2431,0.0000E+000
297.2500,0.0000E+000
297.2569,0.0000E+000
297.2639,0.0000E+000
297.2708,0.0000E+000
297.2778,0.0000E+000
297.2847,0.0000E+000
297.2917,0.0000E+000
297.2986,0.0000E+000
297.3056,0.0000E+000
297.3125,0.0000E+000
297.3194,0.0000E+000
297.3264,0.0000E+000
297.3333,2.0820E-011
297.3403,4.2392E-001
297.3472,2.6053E+000
297.3542,9.0743E+000
297.3611,7.9189E+000
297.3681,8.6544E+000
297.3750,3.1381E+001
297.3819,3.8516E+001
297.3889,3.0280E+001
297.3958,6.6759E+001
297.4028,6.3585E+001
297.4097,5.4620E+001
297.4167,2.9304E+001
297.4236,4.8924E+001
297.4306,6.1648E+001
297.4375,6.9555E+001
297.4444,8.1857E+001
297.4514,7.0423E+001
297.4583,7.3248E+001
297.4653,9.1424E+001
297.4722,1.0700E+002
297.4792,5.1482E+001
297.4861,5.0000E+001
297.4931,6.7078E+001
297.5000,8.3911E+001
297.5069,8.8137E+001
297.5139,5.9775E+001
297.5208,2.0995E+002
297.5278,3.0329E+002
297.5347,2.3484E+002
297.5417,8.4656E+001
297.5486,1.0372E+002
297.5556,9.3161E+001
297.5625,7.7954E+001
297.5694,7.2823E+001
297.5764,5.6001E+001
297.5833,7.9388E+001
297.5903,1.7517E+002
297.5972,9.5702E+001
297.6042,4.6344E+001
297.6111,4.3633E+001
297.6181,4.5356E+001
297.6250,6.0920E+001
297.6319,6.3166E+001
297.6389,6.5586E+001
297.6458,6.6623E+001
297.6528,7.4848E+001
297.6597,7.5254E+001
297.6667,5.1061E+001
297.6736,4.1340E+001
297.6806,3.4240E+001
297.6875,2.8868E+001
297.6944,3.4081E+001
297.7014,2.3760E+001
297.7083,2.1080E+001
297.7153,1.7648E+001
297.7222,1.5189E+001
297.7292,1.0128E+001
297.7361,5.6898E+000
297.7431,3.5179E+000
297.7500,1.4938E+000
297.7569,1.2302E-001
297.7639,2.0138E-012
297.7708,0.0000E+000
297.7778,0.0000E+000
297.7847,0.0000E+000
297.7917,0.0000E+000
297.7986,4.2416E-002
297.8056,2.7775E-012
297.8125,0.0000E+000
297.8194,0.0000E+000
297.8264,0.0000E+000
297.8333,0.0000E+000
297.8403,0.0000E+000
297.8472,0.0000E+000
297.8542,0.0000E+000
297.8611,0.0000E+000
297.8681,0.0000E+000
297.8750,0.0000E+000
297.8819,0.0000E+000
297.8889,0.0000E+000
297.8958,0.0000E+000
297.9028,0.0000E+000
297.9097,0.0000E+000
297.9167,0.0000E+000
297.9236,0.0000E+000
297.9306,0.0000E+000
297.9375,0.0000E+000
297.9444,0.0000E+000
297.9514,0.0000E+000
297.9583,0.0000E+000
297.9653,0.0000E+000
297.9722,0.0000E+000
297.9792,0.0000E+000
297.9861,0.0000E+000
297.9931,0.0000E+000
298.0000,0.0000E+000
298.0069,0.0000E+000
298.0139,0.0000E+000
298.0208,0.0000E+000
298.0278,0.0000E+000
298.0347,0.0000E+000
298.0417,0.0000E+000
298.0486,0.0000E+000
298.0556,0.0000E+000
298.0625,0.0000E+000
298.0694,0.0000E+000
298.0764,0.0000E+000
298.0833,0.0000E+000
298.0903,0.0000E+000
298.0972,0.0000E+000
298.1042,0.0000E+000
298.1111,0.0000E+000
298.1181,0.0000E+000
298.1250,0.0000E+000
298.1319,0.0000E+000
298.1389,0.0000E+000
298.1458,0.0000E+000
298.1528,0.0000E+000
298.1597,0.0000E+000
298.1667,0.0000E+000
298.1736,0.0000E+000
298.1806,0.0000E+000
298.1875,0.0000E+000
298.1944,1.5860E-012
298.2014,2.4219E-002
298.2083,0.0000E+000
298.2153,0.0000E+000
298.2222,0.0000E+000
298.2292,0.0000E+000
298.2361,0.0000E+000
298.2431,0.0000E+000
298.2500,0.0000E+000
298.2569,0.0000E+000
298.2639,0.0000E+000
298.2708,0.0000E+000
298.2778,0.0000E+000
298.2847,6.0538E-004
298.2917,2.4820E-002
298.2986,9.4074E-001
298.3056,2.7066E+000
298.3125,5.1945E+000
298.3194,8.8610E+000
298.3264,1.2913E+001
298.3333,1.5680E+001
298.3403,1.9349E+001
298.3472,2.3438E+001
298.3542,2.7417E+001
298.3611,3.3029E+001
298.3681,3.2960E+001
298.3750,3.6091E+001
298.3819,3.9216E+001
298.3889,3.4703E+001
298.3958,3.4543E+001
298.4028,3.3376E+001
298.4097,2.9527E+001
298.4167,2.9310E+001
298.4236,2.7681E+001
298.4306,3.0153E+001
298.4375,3.3597E+001
298.4444,1.1446E+002
298.4514,1.9030E+002
298.4583,2.0841E+002
298.4653,2.3443E+002
298.4722,2.4468E+002
298.4792,2.3072E+002
298.4861,2.4467E+002
298.4931,2.2792E+002
298.5000,2.6081E+002
298.5069,1.8133E+002
298.5139,1.5507E+002
298.5208,1.6450E+002
298.5278,1.1584E+002
298.5347,1.6188E+002
298.5417,1.4951E+002
298.5486,1.2281E+002
298.5556,1.6206E+002
298.5625,1.3021E+002
298.5694,7.3556E+001
298.5764,1.4849E+002
298.5833,1.5076E+002
298.5903,8.8676E+001
298.5972,5.3924E+001
298.6042,4.5654E+001
298.6111,3.7678E+001
298.6181,1.9324E+001
298.6250,3.8280E+001
298.6319,4.0649E+001
298.6389,4.6880E+001
298.6458,4.7242E+001
298.6528,4.6505E+001
298.6597,3.7222E+001
298.6667,1.8964E+001
298.6736,1.9963E+001
298.6806,2.3794E+001
298.6875,1.8228E+001
298.6944,1.0128E+001
298.7014,3.3004E+000
298.7083,7.3616E-001
298.7153,1.9840E-001
298.7222,0.0000E+000
298.7292,0.0000E+000
298.7361,0.0000E+000
298.7431,0.0000E+000
298.7500,0.0000E+000
298.7569,0.0000E+000
298.7639,0.0000E+000
298.7708,2.0806E-001
298.7778,2.0685E-001
298.7847,2.1168E-002
298.7917,1.0396E-012
298.7986,0.0000E+000
298.8056,0.0000E+000
298.8125,0.0000E+000
298.8194,0.0000E+000
298.8264,0.0000E+000
298.8333,0.0000E+000
298.8403,0.0000E+000
298.8472,0.0000E+000
298.8542,0.0000E+000
298.8611,0.0000E+000
298.8681,0.0000E+000
298.8750,0.0000E+000
298.8819,0.0000E+000
298.8889,0.0000E+000
298.8958,0.0000E+000
298.9028,0.0000E+000
298.9097,0.0000E+000
298.9167,0.0000E+000
298.9236,0.0000E+000
298.9306,0.0000E+000
298.9375,0.0000E+000
298.9444,0.0000E+000
298.9514,0.0000E+000
298.9583,0.0000E+000
298.9653,0.0000E+000
298.9722,0.0000E+000
298.9792,0.0000E+000
298.9861,0.0000E+000
298.9931,0.0000E+000
299.0000,0.0000E+000
299.0069,0.0000E+000
299.0139,0.0000E+000
299.0208,0.0000E+000
299.0278,0.0000E+000
299.0347,0.0000E+000
299.0417,0.0000E+000
299.0486,0.0000E+000
299.0556,0.0000E+000
299.0625,0.0000E+000
299.0694,0.0000E+000
299.0764,0.0000E+000
299.0833,0.0000E+000
299.0903,0.0000E+000
299.0972,0.0000E+000
299.1042,0.0000E+000
299.1111,0.0000E+000
299.1181,0.0000E+000
299.1250,0.0000E+000
299.1319,0.0000E+000
299.1389,0.0000E+000
299.1458,0.0000E+000
299.1528,0.0000E+000
299.1597,0.0000E+000
299.1667,0.0000E+000
299.1736,0.0000E+000
299.1806,0.0000E+000
299.1875,0.0000E+000
299.1944,0.0000E+000
299.2014,0.0000E+000
299.2083,0.0000E+000
299.2153,0.0000E+000
299.2222,0.0000E+000
299.2292,0.0000E+000
299.2361,0.0000E+000
299.2431,0.0000E+000
299.2500,0.0000E+000
299.2569,0.0000E+000
299.2639,0.0000E+000
299.2708,0.0000E+000
299.2778,0.0000E+000
299.2847,0.0000E+000
299.2917,0.0000E+000
299.2986,4.8942E-002
299.3056,1.8127E-001
299.3125,8.2595E-001
299.3194,1.8851E+000
299.3264,1.9250E+000
299.3333,4.1961E+000
299.3403,4.6087E+000
299.3472,4.2086E+000
299.3542,5.7365E+000
299.3611,7.6371E+000
299.3681,1.4638E+001
299.3750,1.5092E+001
299.3819,1.4227E+001
299.3889,7.4591E+000
299.3958,2.0993E+001
299.4028,2.1953E+001
299.4097,1.8931E+001
299.4167,2.2406E+001
299.4236,3.2747E+001
299.4306,2.9175E+001
299.4375,2.3370E+001
299.4444,1.0519E+001
299.4514,1.6120E+001
299.4583,3.7491E+001
299.4653,4.4831E+001
299.4722,4.1760E+001
299.4792,4.7548E+001
299.4861,6.3517E+001
299.4931,8.0485E+001
299.5000,6.8822E+001
299.5069,5.4940E+001
299.5139,5.7213E+001
299.5208,7.4759E+001
299.5278,8.6788E+001
299.5347,9.0514E+001
299.5417,9.4387E+001
299.5486,5.5453E+001
299.5556,5.7451E+001
299.5625,6.9414E+001
299.5694,7.5464E+001
299.5764,7.4471E+001
299.5833,7.5065E+001
299.5903,4.9411E+001
299.5972,5.1999E+001
299.6042,3.8681E+001
299.6111,1.6355E+001
299.6181,5.1398E+001
299.6250,3.6467E+001
299.6319,3.1326E+001
299.6389,3.2193E+001
299.6458,2.5110E+001
299.6528,3.5433E+001
299.6597,2.2577E+001
299.6667,1.7669E+001
299.6736,1.9319E+001
299.6806,1.5033E+001
299.6875,9.5403E+000
299.6944,6.3704E+000
299.7014,6.3438E+000
299.7083,4.0880E+000
299.7153,1.0541E+000
299.7222,8.7844E-001
299.7292,4.3142E-011
299.7361,0.0000E+000
299.7431,0.0000E+000
299.7500,0.0000E+000
299.7569,0.0000E+000
299.7639,0.0000E+000
299.7708,0.0000E+000
299.7778,0.0000E+000
299.7847,0.0000E+000
299.7917,0.0000E+000
299.7986,0.0000E+000
299.8056,0.0000E+000
299.8125,0.0000E+000
299.8194,0.0000E+000
299.8264,0.0000E+000
299.8333,0.0000E+000
299.8403,0.0000E+000
299.8472,0.0000E+000
299.8542,0.0000E+000
299.8611,1.4486E-002
299.8681,9.4858E-013
299.8750,0.0000E+000
299.8819,0.0000E+000
299.8889,0.0000E+000
299.8958,1.8971E-012
299.9028,3.8626E-002
299.9097,3.9229E-002
299.9167,3.6211E-003
299.9236,5.7334E-002
299.9306,1.1346E-001
299.9375,1.0682E-001
299.9444,5.6728E-002
299.9514,9.2867E-013
299.9583,0.0000E+000
299.9653,0.0000E+000
299.9722,0.0000E+000
299.9792,0.0000E+000
299.9861,0.0000E+000
299.9931,0.0000E+000
300.0000,0.0000E+000
300.0069,0.0000E+000
300.0139,0.0000E+000
300.0208,0.0000E+000
300.0278,0.0000E+000
300.0347,0.0000E+000
300.0417,0.0000E+000
300.0486,0.0000E+000
300.0556,0.0000E+000
300.0625,0.0000E+000
300.0694,0.0000E+000
300.0764,0.0000E+000
300.0833,1.4816E-013
300.0903,3.0166E-003
300.0972,0.0000E+000
300.1042,0.0000E+000
300.1111,0.0000E+000
300.1181,0.0000E+000
300.1250,0.0000E+000
300.1319,0.0000E+000
300.1389,0.0000E+000
300.1458,0.0000E+000
300.1528,0.0000E+000
300.1597,0.0000E+000
300.1667,0.0000E+000
300.1736,0.0000E+000
300.1806,0.0000E+000
300.1875,0.0000E+000
300.1944,0.0000E+000
300.2014,0.0000E+000
300.2083,0.0000E+000
300.2153,0.0000E+000
300.2222,2.7253E-012
300.2292,8.3236E-002
300.2361,7.7807E-002
300.2431,3.0700E-001
300.2500,2.3764E-001
300.2569,4.2219E-002
300.2639,6.9116E-013
300.2708,0.0000E+000
300.2778,0.0000E+000
300.2847,0.0000E+000
300.2917,0.0000E+000
300.2986,2.9422E-012
300.3056,1.7972E-001
300.3125,7.7675E-001
300.3194,2.7650E+000
300.3264,7.0714E+000
300.3333,1.4206E+001
300.3403,1.2571E+001
300.3472,7.0138E+000
300.3542,1.6610E+001
300.3611,3.2288E+001
300.3681,4.2760E+001
300.3750,2.6227E+001
300.3819,3.3603E+001
300.3889,2.5122E+001
300.3958,3.3010E+001
300.4028,7.8445E+001
300.4097,8.0645E+001
300.4167,4.1974E+001
300.4236,4.2433E+001
300.4306,4.9501E+001
300.4375,3.4089E+001
300.4444,4.5961E+001
300.4514,8.5263E+001
300.4583,7.5913E+001
300.4653,4.8196E+001
300.4722,1.1412E+002
300.4792,1.2593E+002
300.4861,7.2988E+001
300.4931,3.9452E+001
300.5000,4.0575E+001
300.5069,2.3147E+001
300.5139,5.8984E+001
300.5208,6.7802E+001
300.5278,1.3517E+002
300.5347,7.7103E+001
300.5417,3.0707E+001
300.5486,5.0584E+001
300.5556,7.1703E+001
300.5625,1.5586E+002
300.5694,1.4468E+002
300.5764,9.2406E+001
300.5833,6.9267E+001
300.5903,3.4921E+001
300.5972,1.9766E+001
300.6042,5.7367E+001
300.6111,8.5782E+001
300.6181,8.9984E+001
300.6250,7.6960E+001
300.6319,5.5306E+001
300.6389,6.3665E+001
300.6458,6.1879E+001
300.6528,5.4002E+001
300.6597,4.1286E+001
300.6667,3.5012E+001
300.6736,2.7140E+001
300.6806,2.0033E+001
300.6875,1.6956E+001
300.6944,7.9933E+000
300.7014,6.8470E+000
300.7083,4.0285E+000
300.7153,7.2313E-003
300.7222,0.0000E+000
300.7292,0.0000E+000
300.7361,0.0000E+000
300.7431,0.0000E+000
300.7500,0.0000E+000
300.7569,0.0000E+000
300.7639,0.0000E+000
300.7708,0.0000E+000
300.7778,0.0000E+000
300.7847,0.0000E+000
300.7917,0.0000E+000
300.7986,0.0000E+000
300.8056,0.0000E+000
300.8125,0.0000E+000
300.8194,0.0000E+000
300.8264,0.0000E+000
300.8333,0.0000E+000
300.8403,0.0000E+000
300.8472,0.0000E+000
300.8542,0.0000E+000
300.8611,4.8195E-003
300.8681,3.1559E-013
300.8750,0.0000E+000
300.8819,0.0000E+000
300.8889,0.0000E+000
300.8958,0.0000E+000
300.9028,0.0000E+000
300.9097,0.0000E+000
300.9167,0.0000E+000
300.9236,0.0000E+000
300.9306,0.0000E+000
300.9375,0.0000E+000
300.9444,0.0000E+000
300.9514,0.0000E+000
300.9583,0.0000E+000
300.9653,0.0000E+000
300.9722,0.0000E+000
300.9792,0.0000E+000
300.9861,0.0000E+000
300.9931,0.0000E+000
301.0000,0.0000E+000
301.0069,0.0000E+000
301.0139,0.0000E+000
301.0208,0.0000E+000
301.0278,0.0000E+000
301.0347,0.0000E+000
301.0417,0.0000E+000
301.0486,0.0000E+000
301.0556,0.0000E+000
301.0625,0.0000E+000
301.0694,0.0000E+000
301.0764,0.0000E+000
301.0833,0.0000E+000
301.0903,0.0000E+000
301.0972,0.0000E+000
301.1042,0.0000E+000
301.1111,0.0000E+000
301.1181,0.0000E+000
301.1250,0.0000E+000
301.1319,0.0000E+000
301.1389,0.0000E+000
301.1458,0.0000E+000
301.1528,0.0000E+000
301.1597,0.0000E+000
301.1667,0.0000E+000
301.1736,0.0000E+000
301.1806,0.0000E+000
301.1875,0.0000E+000
301.1944,0.0000E+000
301.2014,0.0000E+000
301.2083,0.0000E+000
301.2153,0.0000E+000
301.2222,0.0000E+000
301.2292,0.0000E+000
301.2361,0.0000E+000
301.2431,0.0000E+000
301.2500,0.0000E+000
301.2569,0.0000E+000
301.2639,0.0000E+000
301.2708,0.0000E+000
301.2778,0.0000E+000
301.2847,0.0000E+000
301.2917,0.0000E+000
301.2986,0.0000E+000
301.3056,0.0000E+000
301.3125,3.0578E-001
301.3194,1.7179E+000
301.3264,3.0794E+000
301.3333,4.1633E+000
301.3403,3.7498E+000
301.3472,5.7534E+000
301.3542,7.7738E+000
301.3611,1.8329E+001
301.3681,2.5980E+001
301.3750,2.0934E+001
301.3819,2.1236E+001
301.3889,5.5422E+001
301.3958,2.4756E+001
301.4028,2.4259E+001
301.4097,2.2529E+001
301.4167,3.0342E+001
301.4236,6.8217E+001
301.4306,3.1814E+001
301.4375,2.9306E+001
301.4444,2.3361E+001
301.4514,1.7967E+001
301.4583,3.4487E+001
301.4653,7.5635E+001
301.4722,9.8013E+001
301.4792,1.1461E+002
301.4861,8.7135E+001
301.4931,5.5746E+001
301.5000,1.0320E+002
301.5069,2.1270E+002
301.5139,1.1654E+002
301.5208,1.6882E+002
301.5278,8.4501E+001
301.5347,1.7329E+002
301.5417,1.6628E+002
301.5486,1.2907E+002
301.5556,8.3096E+001
301.5625,9.7800E+001
301.5694,8.6807E+001
301.5764,1.8593E+002
301.5833,1.2096E+002
301.5903,6.4946E+001
301.5972,7.1037E+001
301.6042,4.7085E+001
301.6111,4.5539E+001
301.6181,4.8742E+001
301.6250,6.5045E+001
301.6319,5.7047E+001
301.6389,4.1780E+001
301.6458,5.5411E+001
301.6528,5.3428E+001
301.6597,3.7986E+001
301.6667,2.2677E+001
301.6736,1.1891E+001
301.6806,8.2069E+000
301.6875,9.2203E+000
301.6944,8.6379E+000
301.7014,6.3847E+000
301.7083,4.6494E+000
301.7153,4.2463E-001
301.7222,0.0000E+000
301.7292,0.0000E+000
301.7361,0.0000E+000
301.7431,0.0000E+000
301.7500,0.0000E+000
301.7569,0.0000E+000
301.7639,0.0000E+000
301.7708,0.0000E+000
301.7778,0.0000E+000
301.7847,0.0000E+000
301.7917,0.0000E+000
301.7986,0.0000E+000
301.8056,0.0000E+000
301.8125,0.0000E+000
301.8194,0.0000E+000
301.8264,0.0000E+000
301.8333,0.0000E+000
301.8403,0.0000E+000
301.8472,0.0000E+000
301.8542,0.0000E+000
301.8611,0.0000E+000
301.8681,0.0000E+000
301.8750,0.0000E+000
301.8819,0.0000E+000
301.8889,0.0000E+000
301.8958,0.0000E+000
301.9028,0.0000E+000
301.9097,0.0000E+000
301.9167,0.0000E+000
301.9236,0.0000E+000
301.9306,0.0000E+000
301.9375,0.0000E+000
301.9444,0.0000E+000
301.9514,0.0000E+000
301.9583,0.0000E+000
301.9653,0.0000E+000
301.9722,0.0000E+000
301.9792,0.0000E+000
301.9861,0.0000E+000
301.9931,0.0000E+000
302.0000,0.0000E+000
302.0069,0.0000E+000
302.0139,0.0000E+000
302.0208,0.0000E+000
302.0278,0.0000E+000
302.0347,0.0000E+000
302.0417,0.0000E+000
302.0486,0.0000E+000
302.0556,0.0000E+000
302.0625,0.0000E+000
302.0694,0.0000E+000
302.0764,0.0000E+000
302.0833,0.0000E+000
302.0903,0.0000E+000
302.0972,0.0000E+000
302.1042,0.0000E+000
302.1111,0.0000E+000
302.1181,0.0000E+000
302.1250,0.0000E+000
302.1319,0.0000E+000
302.1389,0.0000E+000
302.1458,0.0000E+000
302.1528,0.0000E+000
302.1597,0.0000E+000
302.1667,0.0000E+000
302.1736,0.0000E+000
302.1806,0.0000E+000
302.1875,0.0000E+000
302.1944,0.0000E+000
302.2014,0.0000E+000
302.2083,3.4852E-002
302.2153,1.8207E-001
302.2222,0.0000E+000
302.2292,0.0000E+000
302.2361,0.0000E+000
302.2431,0.0000E+000
302.2500,0.0000E+000
302.2569,0.0000E+000
302.2639,0.0000E+000
302.2708,0.0000E+000
302.2778,0.0000E+000
302.2847,0.0000E+000
302.2917,0.0000E+000
302.2986,5.1068E-002
302.3056,5.3050E-001
302.3125,9.8648E-001
302.3194,5.9957E-001
302.3264,9.5401E-001
302.3333,6.2419E+000
302.3403,1.0854E+001
302.3472,1.3470E+001
302.3542,1.8278E+001
302.3611,1.5089E+001
302.3681,3.5334E+001
302.3750,3.3487E+001
302.3819,2.5505E+001
302.3889,3.7273E+001
302.3958,3.8912E+001
302.4028,2.7800E+001
302.4097,1.8808E+001
302.4167,2.7472E+001
302.4236,2.2749E+001
302.4306,1.9332E+001
302.4375,1.7644E+001
302.4444,1.7368E+001
302.4514,1.8342E+001
302.4583,2.0654E+001
302.4653,2.0009E+001
302.4722,2.8439E+001
302.4792,3.3426E+001
302.4861,2.9234E+001
302.4931,3.8211E+001
302.5000,4.6609E+001
302.5069,6.7862E+001
302.5139,7.7506E+001
302.5208,1.0749E+002
302.5278,9.9086E+001
302.5347,1.0475E+002
302.5417,8.7727E+001
302.5486,9.0004E+001
302.5556,7.2930E+001
302.5625,6.7810E+001
302.5694,6.0342E+001
302.5764,5.5222E+001
302.5833,4.6769E+001
302.5903,1.3425E+001
302.5972,2.6218E+001
302.6042,4.9140E+001
302.6111,3.2374E+001
302.6181,4.0512E+001
302.6250,3.0765E+001
302.6319,2.3052E+001
302.6389,1.6907E+001
302.6458,1.2426E+001
302.6528,1.0868E+001
302.6597,1.3638E+001
302.6667,1.2962E+001
302.6736,1.1947E+001
302.6806,9.6298E+000
302.6875,5.9044E+000
302.6944,3.8992E+000
302.7014,3.0395E+000
302.7083,5.0247E-001
302.7153,2.3412E-002
302.7222,0.0000E+000
302.7292,0.0000E+000
302.7361,0.0000E+000
302.7431,0.0000E+000
302.7500,0.0000E+000
302.7569,0.0000E+000
302.7639,0.0000E+000
302.7708,0.0000E+000
302.7778,0.0000E+000
302.7847,0.0000E+000
302.7917,0.0000E+000
302.7986,0.0000E+000
302.8056,0.0000E+000
302.8125,0.0000E+000
302.8194,0.0000E+000
302.8264,0.0000E+000
302.8333,0.0000E+000
302.8403,0.0000E+000
302.8472,0.0000E+000
302.8542,0.0000E+000
302.8611,0.0000E+000
302.8681,0.0000E+000
302.8750,0.0000E+000
302.8819,0.0000E+000
302.8889,0.0000E+000
302.8958,0.0000E+000
302.9028,0.0000E+000
302.9097,0.0000E+000
302.9167,0.0000E+000
302.9236,0.0000E+000
302.9306,0.0000E+000
302.9375,0.0000E+000
302.9444,0.0000E+000
302.9514,0.0000E+000
302.9583,0.0000E+000
302.9653,0.0000E+000
302.9722,0.0000E+000
302.9792,0.0000E+000
302.9861,0.0000E+000
302.9931,0.0000E+000
303.0000,0.0000E+000
303.0069,0.0000E+000
303.0139,0.0000E+000
303.0208,0.0000E+000
303.0278,0.0000E+000
303.0347,0.0000E+000
303.0417,0.0000E+000
303.0486,0.0000E+000
303.0556,0.0000E+000
303.0625,0.0000E+000
303.0694,0.0000E+000
303.0764,0.0000E+000
303.0833,0.0000E+000
303.0903,0.0000E+000
303.0972,0.0000E+000
303.1042,0.0000E+000
303.1111,0.0000E+000
303.1181,0.0000E+000
303.1250,0.0000E+000
303.1319,0.0000E+000
303.1389,0.0000E+000
303.1458,0.0000E+000
303.1528,0.0000E+000
303.1597,0.0000E+000
303.1667,0.0000E+000
303.1736,0.0000E+000
303.1806,0.0000E+000
303.1875,0.0000E+000
303.1944,0.0000E+000
303.2014,0.0000E+000
303.2083,0.0000E+000
303.2153,0.0000E+000
303.2222,0.0000E+000
303.2292,0.0000E+000
303.2361,0.0000E+000
303.2431,0.0000E+000
303.2500,0.0000E+000
303.2569,0.0000E+000
303.2639,0.0000E+000
303.2708,0.0000E+000
303.2778,0.0000E+000
303.2847,0.0000E+000
303.2917,0.0000E+000
303.2986,0.0000E+000
303.3056,0.0000E+000
303.3125,1.0434E-001
303.3194,6.8957E-001
303.3264,1.0218E+000
303.3333,1.9697E+000
303.3403,3.9088E+000
303.3472,6.1045E+000
303.3542,1.4691E+001
303.3611,1.9783E+001
303.3681,2.7493E+001
303.3750,1.7669E+001
303.3819,2.4546E+001
303.3889,2.4327E+001
303.3958,3.1607E+001
303.4028,2.1087E+001
303.4097,1.5140E+001
303.4167,1.8882E+001
303.4236,1.3710E+001
303.4306,1.6539E+001
303.4375,2.1354E+001
303.4444,2.4822E+001
303.4514,2.7026E+001
303.4583,5.5202E+001
303.4653,4.0112E+001
303.4722,4.4459E+001
303.4792,3.9608E+001
303.4861,3.7974E+001
303.4931,6.2371E+001
303.5000,5.4442E+001
303.5069,2.4859E+001
303.5139,2.0660E+001
303.5208,2.7758E+001
303.5278,7.3371E+001
303.5347,8.6007E+001
303.5417,5.2916E+001
303.5486,4.8130E+001
303.5556,4.4622E+001
303.5625,5.5493E+001
303.5694,4.4407E+001
303.5764,6.3493E+001
303.5833,5.4986E+001
303.5903,3.1929E+001
303.5972,1.9475E+001
303.6042,2.9007E+001
303.6111,5.4321E+001
303.6181,4.4771E+001
303.6250,3.6723E+001
303.6319,3.8135E+001
303.6389,3.2021E+001
303.6458,3.6084E+001
303.6528,2.7216E+001
303.6597,2.1944E+001
303.6667,1.6313E+001
303.6736,6.1133E+000
303.6806,2.5694E+000
303.6875,5.7422E+000
303.6944,3.0865E+000
303.7014,1.2092E+000
303.7083,3.1577E-001
303.7153,1.0339E-011
303.7222,0.0000E+000
303.7292,0.0000E+000
303.7361,0.0000E+000
303.7431,0.0000E+000
303.7500,0.0000E+000
303.7569,0.0000E+000
303.7639,0.0000E+000
303.7708,0.0000E+000
303.7778,0.0000E+000
303.7847,0.0000E+000
303.7917,0.0000E+000
303.7986,0.0000E+000
303.8056,0.0000E+000
303.8125,0.0000E+000
303.8194,0.0000E+000
303.8264,0.0000E+000
303.8333,0.0000E+000
303.8403,0.0000E+000
303.8472,0.0000E+000
303.8542,0.0000E+000
303.8611,0.0000E+000
303.8681,0.0000E+000
303.8750,0.0000E+000
303.8819,0.0000E+000
303.8889,0.0000E+000
303.8958,0.0000E+000
303.9028,0.0000E+000
303.9097,0.0000E+000
303.9167,0.0000E+000
303.9236,0.0000E+000
303.9306,0.0000E+000
303.9375,0.0000E+000
303.9444,0.0000E+000
303.9514,0.0000E+000
303.9583,0.0000E+000
303.9653,0.0000E+000
303.9722,0.0000E+000
303.9792,0.0000E+000
303.9861,0.0000E+000
303.9931,0.0000E+000
304.0000,0.0000E+000
304.0069,0.0000E+000
304.0139,0.0000E+000
304.0208,0.0000E+000
304.0278,0.0000E+000
304.0347,0.0000E+000
304.0417,0.0000E+000
304.0486,0.0000E+000
304.0556,0.0000E+000
304.0625,0.0000E+000
304.0694,0.0000E+000
304.0764,0.0000E+000
304.0833,0.0000E+000
304.0903,0.0000E+000
304.0972,0.0000E+000
304.1042,0.0000E+000
304.1111,0.0000E+000
304.1181,0.0000E+000
304.1250,0.0000E+000
304.1319,0.0000E+000
304.1389,0.0000E+000
304.1458,0.0000E+000
304.1528,0.0000E+000
304.1597,0.0000E+000
304.1667,0.0000E+000
304.1736,0.0000E+000
304.1806,0.0000E+000
304.1875,0.0000E+000
304.1944,0.0000E+000
304.2014,0.0000E+000
304.2083,0.0000E+000
304.2153,0.0000E+000
304.2222,0.0000E+000
304.2292,0.0000E+000
304.2361,0.0000E+000
304.2431,0.0000E+000
304.2500,0.0000E+000
304.2569,0.0000E+000
304.2639,0.0000E+000
304.2708,0.0000E+000
304.2778,0.0000E+000
304.2847,0.0000E+000
304.2917,0.0000E+000
304.2986,3.7037E-012
304.3056,2.2623E-001
304.3125,2.1306E+000
304.3194,5.1218E+000
304.3264,9.7977E+000
304.3333,1.5080E+001
304.3403,1.9121E+001
304.3472,2.2129E+001
304.3542,2.5996E+001
304.3611,1.7005E+001
304.3681,1.4468E+001
304.3750,1.8063E+001
304.3819,2.0152E+001
304.3889,1.8721E+001
304.3958,2.2518E+001
304.4028,2.3151E+001
304.4097,2.1678E+001
304.4167,2.0137E+001
304.4236,2.5789E+001
304.4306,2.4766E+001
304.4375,2.6411E+001
304.4444,6.2383E+001
304.4514,2.1250E+002
304.4583,2.3254E+002
304.4653,2.3209E+002
304.4722,2.2409E+002
304.4792,1.7801E+002
304.4861,2.4846E+002
304.4931,2.5248E+002
304.5000,2.4418E+002
304.5069,2.4943E+002
304.5139,2.5003E+002
304.5208,2.4881E+002
304.5278,2.4208E+002
304.5347,2.3951E+002
304.5417,2.3718E+002
304.5486,2.2976E+002
304.5556,2.2066E+002
304.5625,2.1433E+002
304.5694,2.0857E+002
304.5764,1.9932E+002
304.5833,1.1850E+002
304.5903,2.8230E+001
304.5972,2.4009E+001
304.6042,2.3311E+001
304.6111,2.1323E+001
304.6181,1.9870E+001
304.6250,1.7589E+001
304.6319,1.4947E+001
304.6389,1.3078E+001
304.6458,1.1592E+001
304.6528,9.9871E+000
304.6597,8.6257E+000
304.6667,7.0509E+000
304.6736,6.4575E+000
304.6806,5.7576E+000
304.6875,4.4269E+000
304.6944,2.3659E+000
304.7014,5.2688E-001
304.7083,1.7941E-002
304.7153,5.8742E-013
304.7222,0.0000E+000
304.7292,0.0000E+000
304.7361,0.0000E+000
304.7431,0.0000E+000
304.7500,0.0000E+000
304.7569,0.0000E+000
304.7639,0.0000E+000
304.7708,0.0000E+000
304.7778,0.0000E+000
304.7847,0.0000E+000
304.7917,0.0000E+000
304.7986,0.0000E+000
304.8056,0.0000E+000
304.8125,0.0000E+000
304.8194,0.0000E+000
304.8264,0.0000E+000
304.8333,0.0000E+000
304.8403,0.0000E+000
304.8472,0.0000E+000
304.8542,0.0000E+000
304.8611,0.0000E+000
304.8681,0.0000E+000
304.8750,0.0000E+000
304.8819,0.0000E+000
304.8889,0.0000E+000
304.8958,0.0000E+000
304.9028,0.0000E+000
304.9097,0.0000E+000
304.9167,0.0000E+000
304.9236,0.0000E+000
304.9306,0.0000E+000
304.9375,0.0000E+000
304.9444,0.0000E+000
304.9514,0.0000E+000
304.9583,0.0000E+000
304.9653,0.0000E+000
304.9722,0.0000E+000
304.9792,0.0000E+000
304.9861,0.0000E+000
304.9931,0.0000E+000
305.0000,0.0000E+000
305.0069,0.0000E+000
305.0139,0.0000E+000
305.0208,0.0000E+000
305.0278,0.0000E+000
305.0347,0.0000E+000
305.0417,0.0000E+000
305.0486,0.0000E+000
305.0556,0.0000E+000
305.0625,0.0000E+000
305.0694,0.0000E+000
305.0764,0.0000E+000
305.0833,0.0000E+000
305.0903,0.0000E+000
305.0972,0.0000E+000
305.1042,0.0000E+000
305.1111,0.0000E+000
305.1181,0.0000E+000
305.1250,0.0000E+000
305.1319,0.0000E+000
305.1389,0.0000E+000
305.1458,0.0000E+000
305.1528,0.0000E+000
305.1597,0.0000E+000
305.1667,0.0000E+000
305.1736,0.0000E+000
305.1806,0.0000E+000
305.1875,0.0000E+000
305.1944,0.0000E+000
305.2014,0.0000E+000
305.2083,0.0000E+000
305.2153,0.0000E+000
305.2222,0.0000E+000
305.2292,0.0000E+000
305.2361,5.3872E-003
305.2431,3.5277E-013
305.2500,0.0000E+000
305.2569,0.0000E+000
305.2639,0.0000E+000
305.2708,0.0000E+000
305.2778,0.0000E+000
305.2847,0.0000E+000
305.2917,0.0000E+000
305.2986,0.0000E+000
305.3056,0.0000E+000
305.3125,0.0000E+000
305.3194,1.8792E-001
305.3264,3.4652E-001
305.3333,5.3204E-001
305.3403,1.0437E+000
305.3472,1.9665E+000
305.3542,3.2196E+000
305.3611,5.7725E+000
305.3681,6.0723E+000
305.3750,6.3295E+000
305.3819,6.4024E+000
305.3889,7.2305E+000
305.3958,1.0409E+001
305.4028,1.0694E+001
305.4097,9.8188E+000
305.4167,1.4539E+001
305.4236,1.1654E+001
305.4306,1.2150E+001
305.4375,1.0453E+001
305.4444,1.1506E+001
305.4514,1.1205E+001
305.4583,1.7116E+001
305.4653,1.8420E+001
305.4722,2.1379E+001
305.4792,4.3160E+001
305.4861,4.7528E+001
305.4931,4.6318E+001
305.5000,5.2228E+001
305.5069,3.2214E+001
305.5139,1.8011E+001
305.5208,1.6759E+001
305.5278,2.4216E+001
305.5347,1.8072E+001
305.5417,1.1593E+001
305.5486,2.2500E+001
305.5556,2.2295E+001
305.5625,2.2575E+001
305.5694,2.3985E+001
305.5764,2.1941E+001
305.5833,2.3287E+001
305.5903,1.6183E+001
305.5972,1.2448E+001
305.6042,1.5146E+001
305.6111,1.0535E+001
305.6181,1.1755E+001
305.6250,1.0412E+001
305.6319,8.8684E+000
305.6389,8.8115E+000
305.6458,7.3317E+000
305.6528,6.6120E+000
305.6597,5.3787E+000
305.6667,3.5389E+000
305.6736,2.2918E+000
305.6806,1.3648E+000
305.6875,2.3510E+000
305.6944,1.3791E+000
305.7014,6.0463E-001
305.7083,2.6852E-001
305.7153,2.4340E-001
305.7222,1.1063E-001
305.7292,5.4335E-012
305.7361,0.0000E+000
305.7431,0.0000E+000
305.7500,0.0000E+000
305.7569,0.0000E+000
305.7639,0.0000E+000
305.7708,5.9797E-003
305.7778,5.9796E-004
305.7847,0.0000E+000
305.7917,0.0000E+000
305.7986,0.0000E+000
305.8056,0.0000E+000
305.8125,0.0000E+000
305.8194,0.0000E+000
305.8264,0.0000E+000
305.8333,0.0000E+000
305.8403,0.0000E+000
305.8472,0.0000E+000
305.8542,0.0000E+000
305.8611,0.0000E+000
305.8681,0.0000E+000
305.8750,0.0000E+000
305.8819,0.0000E+000
305.8889,0.0000E+000
305.8958,0.0000E+000
305.9028,0.0000E+000
305.9097,0.0000E+000
305.9167,0.0000E+000
305.9236,0.0000E+000
305.9306,0.0000E+000
305.9375,0.0000E+000
305.9444,0.0000E+000
305.9514,0.0000E+000
305.9583,0.0000E+000
305.9653,0.0000E+000
305.9722,0.0000E+000
305.9792,0.0000E+000
305.9861,0.0000E+000
305.9931,0.0000E+000
306.0000,0.0000E+000
306.0069,0.0000E+000
306.0139,0.0000E+000
306.0208,1.7930E-002
306.0278,5.1400E-002
306.0347,2.6297E-002
306.0417,1.1953E-001
306.0486,6.2992E-001
306.0556,3.0779E-001
306.0625,7.1896E-001
306.0694,4.6197E-001
306.0764,2.3905E-001
306.0833,7.0339E-001
306.0903,4.8884E-001
306.0972,9.9739E-001
306.1042,8.5575E-001
306.1111,4.2010E-001
306.1181,3.9559E-001
306.1250,1.8405E-001
306.1319,1.2310E-001
306.1389,2.0152E-012
306.1458,1.4673E-012
306.1528,2.9877E-002
306.1597,3.1609E-001
306.1667,3.4895E-001
306.1736,1.5834E-001
306.1806,1.5595E-001
306.1875,1.0994E-001
306.1944,3.9434E-002
306.2014,1.6132E-002
306.2083,1.5773E-001
306.2153,5.1644E-012
306.2222,5.2576E-002
306.2292,2.3898E-003
306.2361,5.9744E-004
306.2431,3.9122E-014
306.2500,0.0000E+000
306.2569,0.0000E+000
306.2639,0.0000E+000
306.2708,0.0000E+000
306.2778,0.0000E+000
306.2847,0.0000E+000
306.2917,0.0000E+000
306.2986,2.9338E-013
306.3056,1.7921E-002
306.3125,7.8253E-002
306.3194,5.3880E-001
306.3264,1.9933E+000
306.3333,4.5229E+000
306.3403,6.2438E+000
306.3472,1.0342E+001
306.3542,2.9597E+001
306.3611,4.6934E+001
306.3681,4.5030E+001
306.3750,6.3056E+001
306.3819,7.4237E+001
306.3889,5.1309E+001
306.3958,4.1859E+001
306.4028,3.8586E+001
306.4097,6.6296E+001
306.4167,8.0924E+001
306.4236,7.8113E+001
306.4306,5.5398E+001
306.4375,4.7960E+001
306.4444,6.0894E+001
306.4514,5.7374E+001
306.4583,6.9159E+001
306.4653,1.2009E+002
306.4722,1.9110E+002
306.4792,1.4362E+002
306.4861,1.4472E+002
306.4931,1.2713E+002
306.5000,1.0955E+002
306.5069,1.8641E+002
306.5139,2.2723E+002
306.5208,2.1589E+002
306.5278,2.2742E+002
306.5347,1.3663E+002
306.5417,1.7972E+002
306.5486,1.9609E+002
306.5556,1.7920E+002
306.5625,1.6346E+002
306.5694,1.6161E+002
306.5764,1.7707E+002
306.5833,9.8479E+001
306.5903,7.3465E+001
306.5972,5.9033E+001
306.6042,4.3832E+001
306.6111,3.6166E+001
306.6181,3.2687E+001
306.6250,3.0424E+001
306.6319,3.0432E+001
306.6389,3.5676E+001
306.6458,4.2570E+001
306.6528,4.1922E+001
306.6597,3.1027E+001
306.6667,1.7750E+001
306.6736,1.0468E+001
306.6806,8.1278E+000
306.6875,6.0629E+000
306.6944,2.1143E+000
306.7014,5.6467E-001
306.7083,1.7907E-002
306.7153,2.6860E-002
306.7222,0.0000E+000
306.7292,0.0000E+000
306.7361,0.0000E+000
306.7431,0.0000E+000
306.7500,0.0000E+000
306.7569,0.0000E+000
306.7639,0.0000E+000
306.7708,0.0000E+000
306.7778,0.0000E+000
306.7847,0.0000E+000
306.7917,0.0000E+000
306.7986,0.0000E+000
306.8056,0.0000E+000
306.8125,0.0000E+000
306.8194,0.0000E+000
306.8264,0.0000E+000
306.8333,0.0000E+000
306.8403,0.0000E+000
306.8472,0.0000E+000
306.8542,0.0000E+000
306.8611,4.8844E-013
306.8681,2.9836E-002
306.8750,0.0000E+000
306.8819,8.1748E-002
306.8889,1.6707E-002
306.8958,0.0000E+000
306.9028,0.0000E+000
306.9097,0.0000E+000
306.9167,0.0000E+000
306.9236,0.0000E+000
306.9306,0.0000E+000
306.9375,0.0000E+000
306.9444,0.0000E+000
306.9514,0.0000E+000
306.9583,0.0000E+000
306.9653,0.0000E+000
306.9722,0.0000E+000
306.9792,0.0000E+000
306.9861,1.7003E-001
306.9931,3.5794E-002
307.0000,5.4049E-001
307.0069,0.0000E+000
307.0139,0.0000E+000
307.0208,0.0000E+000
307.0278,0.0000E+000
307.0347,0.0000E+000
307.0417,0.0000E+000
307.0486,0.0000E+000
307.0556,0.0000E+000
307.0625,0.0000E+000
307.0694,0.0000E+000
307.0764,0.0000E+000
307.0833,0.0000E+000
307.0903,0.0000E+000
307.0972,0.0000E+000
307.1042,0.0000E+000
307.1111,0.0000E+000
307.1181,0.0000E+000
307.1250,0.0000E+000
307.1319,0.0000E+000
307.1389,0.0000E+000
307.1458,0.0000E+000
307.1528,0.0000E+000
307.1597,0.0000E+000
307.1667,0.0000E+000
307.1736,0.0000E+000
307.1806,0.0000E+000
307.1875,0.0000E+000
307.1944,0.0000E+000
307.2014,0.0000E+000
307.2083,0.0000E+000
307.2153,0.0000E+000
307.2222,0.0000E+000
307.2292,0.0000E+000
307.2361,0.0000E+000
307.2431,0.0000E+000
307.2500,0.0000E+000
307.2569,0.0000E+000
307.2639,0.0000E+000
307.2708,0.0000E+000
307.2778,0.0000E+000
307.2847,0.0000E+000
307.2917,0.0000E+000
307.2986,8.0428E-012
307.3056,4.9128E-001
307.3125,1.4339E+000
307.3194,1.6962E+000
307.3264,3.0996E+000
307.3333,1.4614E+001
307.3403,1.0366E+001
307.3472,1.4362E+001
307.3542,2.1748E+001
307.3611,3.4413E+001
307.3681,3.5281E+001
307.3750,3.4823E+001
307.3819,4.2127E+001
307.3889,2.7042E+001
307.3958,3.0951E+001
307.4028,3.6430E+001
307.4097,7.1019E+001
307.4167,7.6564E+001
307.4236,4.9643E+001
307.4306,7.3767E+001
307.4375,5.1072E+001
307.4444,4.9661E+001
307.4514,6.1404E+001
307.4583,6.0885E+001
307.4653,5.4775E+001
307.4722,5.2259E+001
307.4792,5.9421E+001
307.4861,5.9040E+001
307.4931,6.5063E+001
307.5000,7.0921E+001
307.5069,8.9850E+001
307.5139,1.0961E+002
307.5208,8.0344E+001
307.5278,6.6383E+001
307.5347,6.6770E+001
307.5417,6.5988E+001
307.5486,5.8407E+001
307.5556,3.9655E+001
307.5625,4.0624E+001
307.5694,3.7218E+001
307.5764,4.5673E+001
307.5833,6.3194E+001
307.5903,5.9662E+001
307.5972,4.9477E+001
307.6042,3.6269E+001
307.6111,2.7128E+001
307.6181,2.0727E+001
307.6250,2.2406E+001
307.6319,1.7627E+001
307.6389,7.1732E+000
307.6458,5.0729E+000
307.6528,1.1105E+001
307.6597,1.2549E+001
307.6667,1.2195E+001
307.6736,9.7043E+000
307.6806,8.0145E+000
307.6875,5.1422E+000
307.6944,1.5740E+000
307.7014,1.4894E-002
307.7083,0.0000E+000
307.7153,0.0000E+000
307.7222,0.0000E+000
307.7292,0.0000E+000
307.7361,0.0000E+000
307.7431,0.0000E+000
307.7500,0.0000E+000
307.7569,0.0000E+000
307.7639,0.0000E+000
307.7708,0.0000E+000
307.7778,0.0000E+000
307.7847,0.0000E+000
307.7917,0.0000E+000
307.7986,0.0000E+000
307.8056,0.0000E+000
307.8125,0.0000E+000
307.8194,0.0000E+000
307.8264,0.0000E+000
307.8333,0.0000E+000
307.8403,0.0000E+000
307.8472,0.0000E+000
307.8542,0.0000E+000
307.8611,0.0000E+000
307.8681,0.0000E+000
307.8750,0.0000E+000
307.8819,0.0000E+000
307.8889,0.0000E+000
307.8958,0.0000E+000
307.9028,0.0000E+000
307.9097,0.0000E+000
307.9167,0.0000E+000
307.9236,0.0000E+000
307.9306,0.0000E+000
307.9375,0.0000E+000
307.9444,0.0000E+000
307.9514,0.0000E+000
307.9583,0.0000E+000
307.9653,0.0000E+000
307.9722,0.0000E+000
307.9792,0.0000E+000
307.9861,0.0000E+000
307.9931,0.0000E+000
308.0000,0.0000E+000
308.0069,0.0000E+000
308.0139,0.0000E+000
308.0208,0.0000E+000
308.0278,0.0000E+000
308.0347,0.0000E+000
308.0417,0.0000E+000
308.0486,0.0000E+000
308.0556,0.0000E+000
308.0625,0.0000E+000
308.0694,0.0000E+000
308.0764,0.0000E+000
308.0833,0.0000E+000
308.0903,0.0000E+000
308.0972,0.0000E+000
308.1042,0.0000E+000
308.1111,0.0000E+000
308.1181,0.0000E+000
308.1250,0.0000E+000
308.1319,0.0000E+000
308.1389,0.0000E+000
308.1458,0.0000E+000
308.1528,0.0000E+000
308.1597,0.0000E+000
308.1667,0.0000E+000
308.1736,0.0000E+000
308.1806,0.0000E+000
308.1875,0.0000E+000
308.1944,0.0000E+000
308.2014,0.0000E+000
308.2083,2.9759E-003
308.2153,9.7435E-014
308.2222,0.0000E+000
308.2292,0.0000E+000
308.2361,5.9515E-004
308.2431,3.8972E-014
308.2500,0.0000E+000
308.2569,0.0000E+000
308.2639,0.0000E+000
308.2708,0.0000E+000
308.2778,0.0000E+000
308.2847,3.8969E-013
308.2917,1.1902E-002
308.2986,5.8913E-002
308.3056,5.7781E-001
308.3125,1.8483E+000
308.3194,3.7881E+000
308.3264,6.8859E+000
308.3333,9.8199E+000
308.3403,9.5062E+000
308.3472,1.7977E+001
308.3542,2.2977E+001
308.3611,2.6108E+001
308.3681,2.7006E+001
308.3750,2.9151E+001
308.3819,3.3744E+001
308.3889,3.5167E+001
308.3958,3.0322E+001
308.4028,4.0987E+001
308.4097,3.3345E+001
308.4167,2.3217E+001
308.4236,2.2957E+001
308.4306,3.1625E+001
308.4375,5.0452E+001
308.4444,1.0152E+002
308.4514,1.7328E+002
308.4583,1.7612E+002
308.4653,2.0552E+002
308.4722,2.3162E+002
308.4792,2.1575E+002
308.4861,2.5534E+002
308.4931,2.8931E+002
308.5000,3.0352E+002
308.5069,1.7310E+002
308.5139,1.4405E+002
308.5208,2.0010E+002
308.5278,1.0623E+002
308.5347,1.2130E+002
308.5417,2.2396E+002
308.5486,2.1766E+002
308.5556,2.0104E+002
308.5625,1.6275E+002
308.5694,2.0947E+002
308.5764,1.7118E+002
308.5833,4.5701E+001
308.5903,5.5333E+001
308.5972,4.8036E+001
308.6042,4.6622E+001
308.6111,5.2940E+001
308.6181,2.0637E+001
308.6250,1.3733E+001
308.6319,2.8253E+001
308.6389,2.7346E+001
308.6458,1.4287E+001
308.6528,1.2866E+001
308.6597,8.5697E+000
308.6667,5.7480E+000
308.6736,3.9413E+000
308.6806,2.9851E+000
308.6875,1.7262E+000
308.6944,5.3695E-001
308.7014,8.7902E-012
308.7083,0.0000E+000
308.7153,0.0000E+000
308.7222,0.0000E+000
308.7292,0.0000E+000
308.7361,0.0000E+000
308.7431,0.0000E+000
308.7500,0.0000E+000
308.7569,0.0000E+000
308.7639,0.0000E+000
308.7708,0.0000E+000
308.7778,0.0000E+000
308.7847,0.0000E+000
308.7917,0.0000E+000
308.7986,0.0000E+000
308.8056,0.0000E+000
308.8125,0.0000E+000
308.8194,0.0000E+000
308.8264,0.0000E+000
308.8333,0.0000E+000
308.8403,0.0000E+000
308.8472,0.0000E+000
308.8542,0.0000E+000
308.8611,0.0000E+000
308.8681,0.0000E+000
308.8750,0.0000E+000
308.8819,0.0000E+000
308.8889,0.0000E+000
308.8958,1.1888E-003
308.9028,3.8923E-014
308.9097,0.0000E+000
308.9167,0.0000E+000
308.9236,1.1887E-002
308.9306,3.7444E-002
308.9375,1.7236E-002
308.9444,0.0000E+000
308.9514,0.0000E+000
308.9583,2.9189E-013
308.9653,5.9432E-003
308.9722,0.0000E+000
308.9792,0.0000E+000
308.9861,2.3772E-003
308.9931,1.5566E-013
309.0000,2.9714E-003
309.0069,0.0000E+000
309.0139,0.0000E+000
309.0208,9.3393E-013
309.0278,1.9016E-002
309.0347,0.0000E+000
309.0417,0.0000E+000
309.0486,1.1674E-013
309.0556,7.1306E-003
309.0625,0.0000E+000
309.0694,0.0000E+000
309.0764,0.0000E+000
309.0833,4.0855E-013
309.0903,8.3184E-003
309.0972,1.4007E-012
309.1042,4.2779E-002
309.1111,1.1883E-002
309.1181,7.7813E-013
309.1250,2.3765E-002
309.1319,0.0000E+000
309.1389,0.0000E+000
309.1458,6.5352E-003
309.1528,2.6735E-002
309.1597,4.1587E-003
309.1667,1.7823E-003
309.1736,6.9052E-013
309.1806,4.2179E-002
309.1875,0.0000E+000
309.1944,0.0000E+000
309.2014,0.0000E+000
309.2083,0.0000E+000
309.2153,0.0000E+000
309.2222,5.3462E-003
309.2292,6.5342E-003
309.2361,2.4651E-011
309.2431,1.5058E+000
309.2500,1.0882E+000
309.2569,5.9398E-004
309.2639,9.7239E-015
309.2708,1.1285E-002
309.2778,2.6728E-002
309.2847,1.7819E-002
309.2917,5.2267E-002
309.2986,3.4864E-001
309.3056,9.8533E-001
309.3125,2.1138E+000
309.3194,3.3117E+000
309.3264,4.4234E+000
309.3333,5.7477E+000
309.3403,6.8927E+000
309.3472,7.9604E+000
309.3542,9.2929E+000
309.3611,1.0456E+001
309.3681,1.1895E+001
309.3750,1.3388E+001
309.3819,1.5505E+001
309.3889,1.7911E+001
309.3958,1.8512E+001
309.4028,1.7814E+001
309.4097,1.8536E+001
309.4167,1.9951E+001
309.4236,2.2252E+001
309.4306,2.3697E+001
309.4375,2.4753E+001
309.4444,6.3064E+001
309.4514,1.9210E+002
309.4583,2.0038E+002
309.4653,2.1211E+002
309.4722,2.1874E+002
309.4792,2.3438E+002
309.4861,2.3805E+002
309.4931,2.3565E+002
309.5000,2.3418E+002
309.5069,2.3315E+002
309.5139,2.3488E+002
309.5208,2.3703E+002
309.5278,2.2622E+002
309.5347,2.2199E+002
309.5417,2.1852E+002
309.5486,2.1340E+002
309.5556,2.0603E+002
309.5625,1.9288E+002
309.5694,1.8411E+002
309.5764,1.6599E+002
309.5833,2.1717E+001
309.5903,1.7450E+001
309.5972,1.9516E+001
309.6042,1.7369E+001
309.6111,1.6729E+001
309.6181,1.5146E+001
309.6250,1.3587E+001
309.6319,1.3111E+001
309.6389,1.3032E+001
309.6458,1.1998E+001
309.6528,8.8697E+000
309.6597,7.4457E+000
309.6667,6.5037E+000
309.6736,5.1659E+000
309.6806,3.8293E+000
309.6875,2.5793E+000
309.6944,1.1828E+000
309.7014,1.2582E-001
309.7083,0.0000E+000
309.7153,0.0000E+000
309.7222,0.0000E+000
309.7292,0.0000E+000
309.7361,0.0000E+000
309.7431,0.0000E+000
309.7500,0.0000E+000
309.7569,0.0000E+000
309.7639,0.0000E+000
309.7708,0.0000E+000
309.7778,0.0000E+000
309.7847,0.0000E+000
309.7917,0.0000E+000
309.7986,0.0000E+000
309.8056,0.0000E+000
309.8125,1.1867E-003
309.8194,0.0000E+000
309.8264,0.0000E+000
309.8333,0.0000E+000
309.8403,0.0000E+000
309.8472,2.3311E-013
309.8542,7.1196E-003
309.8611,1.1866E-002
309.8681,7.7701E-013
309.8750,4.1529E-003
309.8819,1.3597E-012
309.8889,2.0764E-002
309.8958,5.9325E-003
309.9028,1.7204E-002
309.9097,1.7797E-003
309.9167,1.0085E-002
309.9236,1.0678E-002
309.9306,8.8982E-003
309.9375,0.0000E+000
309.9444,1.2430E-012
309.9514,1.8982E-002
309.9583,1.0855E-010
309.9653,2.2102E+000
309.9722,1.7795E-003
309.9792,7.1179E-003
309.9861,1.1863E-002
309.9931,2.1353E-002
310.0000,1.1270E-002
310.0069,2.3132E-002
310.0139,2.4911E-002
310.0208,3.0842E-002
310.0278,1.6014E-002
310.0347,1.7200E-002
310.0417,4.7447E-003
310.0486,4.4481E-002
310.0556,2.6095E-002
310.0625,4.4480E-002
310.0694,3.9735E-002
310.0764,5.1595E-002
310.0833,2.2535E-002
310.0903,4.7442E-003
310.0972,7.1163E-003
310.1042,4.4476E-002
310.1111,2.2534E-002
310.1181,1.2453E-002
310.1250,2.9650E-003
310.1319,4.0916E-002
310.1389,4.7438E-003
310.1458,1.1266E-002
310.1528,4.5658E-002
310.1597,2.5497E-002
310.1667,5.3365E-003
310.1736,6.9373E-002
310.1806,2.3717E-003
310.1875,1.6602E-002
310.1944,5.9291E-004
310.2014,2.8459E-002
310.2083,7.0555E-002
310.2153,3.2609E-002
310.2222,1.3043E-002
310.2292,5.7509E-002
310.2361,6.6401E-002
310.2431,4.3481E-012
310.2500,5.4542E-002
310.2569,4.2684E-002
310.2639,6.4619E-002
310.2708,3.9126E-002
310.2778,4.7425E-003
310.2847,8.2993E-003
310.2917,5.0388E-002
310.2986,1.6005E-001
310.3056,6.5562E-001
310.3125,1.5217E+000
310.3194,2.5898E+000
310.3264,3.6953E+000
310.3333,4.6075E+000
310.3403,5.7970E+000
310.3472,6.9949E+000
310.3542,7.9574E+000
310.3611,9.1154E+000
310.3681,1.0243E+001
310.3750,1.1367E+001
310.3819,1.2567E+001
310.3889,1.3851E+001
310.3958,1.4974E+001
310.4028,1.7419E+001
310.4097,1.9381E+001
310.4167,1.9711E+001
310.4236,2.0515E+001
310.4306,2.1710E+001
310.4375,2.7479E+001
310.4444,5.2195E+001
310.4514,1.9281E+002
310.4583,2.0057E+002
310.4653,2.0339E+002
310.4722,2.0507E+002
310.4792,2.1547E+002
310.4861,2.1934E+002
310.4931,2.2171E+002
310.5000,2.2028E+002
310.5069,2.2511E+002
310.5139,2.2347E+002
310.5208,2.2362E+002
310.5278,2.2078E+002
310.5347,2.1986E+002
310.5417,2.1086E+002
310.5486,2.0327E+002
310.5556,2.0050E+002
310.5625,1.8660E+002
310.5694,1.6341E+002
310.5764,1.4934E+002
310.5833,2.4714E+001
310.5903,2.3189E+001
310.5972,2.2018E+001
310.6042,2.0911E+001
310.6111,1.9724E+001
310.6181,1.7468E+001
310.6250,1.6841E+001
310.6319,1.4138E+001
310.6389,1.2718E+001
310.6458,1.1960E+001
310.6528,1.0617E+001
310.6597,8.0125E+000
310.6667,7.5385E+000
310.6736,5.5718E+000
310.6806,4.3325E+000
310.6875,2.4535E+000
310.6944,1.1859E+000
310.7014,2.5826E-001
310.7083,0.0000E+000
310.7153,0.0000E+000
310.7222,0.0000E+000
310.7292,0.0000E+000
310.7361,0.0000E+000
310.7431,0.0000E+000
310.7500,0.0000E+000
310.7569,0.0000E+000
310.7639,0.0000E+000
310.7708,0.0000E+000
310.7778,0.0000E+000
310.7847,0.0000E+000
310.7917,0.0000E+000
310.7986,0.0000E+000
310.8056,0.0000E+000
310.8125,0.0000E+000
310.8194,0.0000E+000
310.8264,0.0000E+000
310.8333,0.0000E+000
310.8403,0.0000E+000
310.8472,0.0000E+000
310.8542,0.0000E+000
310.8611,1.3572E-013
310.8681,8.2900E-003
310.8750,0.0000E+000
310.8819,0.0000E+000
310.8889,0.0000E+000
310.8958,0.0000E+000
310.9028,0.0000E+000
310.9097,0.0000E+000
310.9167,0.0000E+000
310.9236,0.0000E+000
310.9306,0.0000E+000
310.9375,0.0000E+000
310.9444,0.0000E+000
310.9514,0.0000E+000
310.9583,0.0000E+000
310.9653,0.0000E+000
310.9722,0.0000E+000
310.9792,0.0000E+000
310.9861,0.0000E+000
310.9931,0.0000E+000
311.0000,0.0000E+000
311.0069,0.0000E+000
311.0139,0.0000E+000
311.0208,0.0000E+000
311.0278,0.0000E+000
311.0347,0.0000E+000
311.0417,0.0000E+000
311.0486,2.9597E-003
311.0556,1.9381E-013
311.0625,0.0000E+000
311.0694,0.0000E+000
311.0764,0.0000E+000
311.0833,0.0000E+000
311.0903,0.0000E+000
311.0972,0.0000E+000
311.1042,0.0000E+000
311.1111,0.0000E+000
311.1181,0.0000E+000
311.1250,0.0000E+000
311.1319,0.0000E+000
311.1389,0.0000E+000
311.1458,0.0000E+000
311.1528,0.0000E+000
311.1597,0.0000E+000
311.1667,0.0000E+000
311.1736,0.0000E+000
311.1806,0.0000E+000
311.1875,0.0000E+000
311.1944,0.0000E+000
311.2014,0.0000E+000
311.2083,0.0000E+000
311.2153,0.0000E+000
311.2222,0.0000E+000
311.2292,0.0000E+000
311.2361,0.0000E+000
311.2431,0.0000E+000
311.2500,0.0000E+000
311.2569,0.0000E+000
311.2639,0.0000E+000
311.2708,0.0000E+000
311.2778,0.0000E+000
311.2847,0.0000E+000
311.2917,0.0000E+000
311.2986,1.2010E-012
311.3056,7.3363E-002
311.3125,5.5140E-001
311.3194,1.6282E+000
311.3264,3.7177E+000
311.3333,6.9644E+000
311.3403,1.0200E+001
311.3472,1.2635E+001
311.3542,1.8204E+001
311.3611,2.4478E+001
311.3681,3.3640E+001
311.3750,3.7481E+001
311.3819,3.8469E+001
311.3889,4.1171E+001
311.3958,4.4193E+001
311.4028,4.1873E+001
311.4097,4.1751E+001
311.4167,4.2373E+001
311.4236,4.4005E+001
311.4306,4.5863E+001
311.4375,4.9407E+001
311.4444,6.1660E+001
311.4514,1.3178E+002
311.4583,1.3389E+002
311.4653,1.3948E+002
311.4722,1.5852E+002
311.4792,1.7068E+002
311.4861,1.7613E+002
311.4931,1.8117E+002
311.5000,1.8283E+002
311.5069,1.8298E+002
311.5139,1.7819E+002
311.5208,1.7774E+002
311.5278,1.7297E+002
311.5347,1.6636E+002
311.5417,1.5761E+002
311.5486,1.5027E+002
311.5556,1.4876E+002
311.5625,1.3858E+002
311.5694,1.2285E+002
311.5764,1.0884E+002
311.5833,6.0115E+001
311.5903,5.1537E+001
311.5972,4.4702E+001
311.6042,3.8503E+001
311.6111,3.6655E+001
311.6181,3.3995E+001
311.6250,3.2049E+001
311.6319,3.0305E+001
311.6389,2.6229E+001
311.6458,2.1287E+001
311.6528,1.8064E+001
311.6597,1.1825E+001
311.6667,1.0187E+001
311.6736,8.3965E+000
311.6806,5.5473E+000
311.6875,2.2277E+000
311.6944,1.1647E-001
311.7014,1.9066E-012
311.7083,0.0000E+000
311.7153,0.0000E+000
311.7222,0.0000E+000
311.7292,0.0000E+000
311.7361,0.0000E+000
311.7431,0.0000E+000
311.7500,0.0000E+000
311.7569,0.0000E+000
311.7639,0.0000E+000
311.7708,0.0000E+000
311.7778,0.0000E+000
311.7847,0.0000E+000
311.7917,0.0000E+000
311.7986,0.0000E+000
311.8056,0.0000E+000
311.8125,0.0000E+000
311.8194,0.0000E+000
311.8264,0.0000E+000
311.8333,0.0000E+000
311.8403,0.0000E+000
311.8472,0.0000E+000
311.8542,0.0000E+000
311.8611,0.0000E+000
311.8681,0.0000E+000
311.8750,0.0000E+000
311.8819,0.0000E+000
311.8889,0.0000E+000
311.8958,0.0000E+000
311.9028,0.0000E+000
311.9097,0.0000E+000
311.9167,0.0000E+000
311.9236,0.0000E+000
311.9306,0.0000E+000
311.9375,0.0000E+000
311.9444,0.0000E+000
311.9514,0.0000E+000
311.9583,0.0000E+000
311.9653,0.0000E+000
311.9722,0.0000E+000
311.9792,0.0000E+000
311.9861,0.0000E+000
311.9931,0.0000E+000
312.0000,0.0000E+000
312.0069,0.0000E+000
312.0139,0.0000E+000
312.0208,0.0000E+000
312.0278,0.0000E+000
312.0347,0.0000E+000
312.0417,0.0000E+000
312.0486,0.0000E+000
312.0556,0.0000E+000
312.0625,0.0000E+000
312.0694,0.0000E+000
312.0764,0.0000E+000
312.0833,0.0000E+000
312.0903,0.0000E+000
312.0972,0.0000E+000
312.1042,0.0000E+000
312.1111,0.0000E+000
312.1181,0.0000E+000
312.1250,0.0000E+000
312.1319,0.0000E+000
312.1389,0.0000E+000
312.1458,0.0000E+000
312.1528,0.0000E+000
312.1597,0.0000E+000
312.1667,0.0000E+000
312.1736,0.0000E+000
312.1806,0.0000E+000
312.1875,0.0000E+000
312.1944,0.0000E+000
312.2014,0.0000E+000
312.2083,0.0000E+000
312.2153,0.0000E+000
312.2222,0.0000E+000
312.2292,0.0000E+000
312.2361,0.0000E+000
312.2431,0.0000E+000
312.2500,0.0000E+000
312.2569,0.0000E+000
312.2639,0.0000E+000
312.2708,0.0000E+000
312.2778,0.0000E+000
312.2847,0.0000E+000
312.2917,0.0000E+000
312.2986,2.8325E-012
312.3056,1.7302E-001
312.3125,7.5524E-001
312.3194,1.9202E+000
312.3264,3.5322E+000
312.3333,4.7556E+000
312.3403,6.8056E+000
312.3472,8.0360E+000
312.3542,1.0488E+001
312.3611,1.0872E+001
312.3681,1.1817E+001
312.3750,1.5206E+001
312.3819,1.9052E+001
312.3889,1.9657E+001
312.3958,2.1131E+001
312.4028,2.6094E+001
312.4097,3.0477E+001
312.4167,4.1795E+001
312.4236,5.6007E+001
312.4306,6.1124E+001
312.4375,6.3576E+001
312.4444,6.0458E+001
312.4514,1.0370E+002
312.4583,1.0983E+002
312.4653,9.2834E+001
312.4722,1.0138E+002
312.4792,1.5127E+002
312.4861,1.9336E+002
312.4931,2.0899E+002
312.5000,2.0270E+002
312.5069,1.7417E+002
312.5139,1.8334E+002
312.5208,1.8911E+002
312.5278,2.0402E+002
312.5347,2.2998E+002
312.5417,1.9906E+002
312.5486,1.0442E+002
312.5556,1.0779E+002
312.5625,1.6883E+002
312.5694,8.3754E+001
312.5764,8.2917E+001
312.5833,4.6114E+001
312.5903,3.3083E+001
312.5972,2.4444E+001
312.6042,2.1584E+001
312.6111,1.9631E+001
312.6181,2.2041E+001
312.6250,2.5143E+001
312.6319,2.6553E+001
312.6389,2.6887E+001
312.6458,2.6004E+001
312.6528,2.2789E+001
312.6597,1.7475E+001
312.6667,1.1605E+001
312.6736,6.6018E+000
312.6806,3.5481E+000
312.6875,1.4014E+000
312.6944,5.7825E-002
312.7014,9.4664E-013
312.7083,0.0000E+000
312.7153,0.0000E+000
312.7222,0.0000E+000
312.7292,0.0000E+000
312.7361,0.0000E+000
312.7431,0.0000E+000
312.7500,0.0000E+000
312.7569,0.0000E+000
312.7639,0.0000E+000
312.7708,0.0000E+000
312.7778,0.0000E+000
312.7847,0.0000E+000
312.7917,0.0000E+000
312.7986,0.0000E+000
312.8056,0.0000E+000
312.8125,0.0000E+000
312.8194,0.0000E+000
312.8264,0.0000E+000
312.8333,0.0000E+000
312.8403,0.0000E+000
312.8472,0.0000E+000
312.8542,0.0000E+000
312.8611,0.0000E+000
312.8681,0.0000E+000
312.8750,0.0000E+000
312.8819,0.0000E+000
312.8889,0.0000E+000
312.8958,0.0000E+000
312.9028,0.0000E+000
312.9097,0.0000E+000
312.9167,0.0000E+000
312.9236,5.8979E-004
312.9306,3.8621E-014
312.9375,0.0000E+000
312.9444,0.0000E+000
312.9514,0.0000E+000
312.9583,0.0000E+000
312.9653,0.0000E+000
312.9722,0.0000E+000
312.9792,0.0000E+000
312.9861,0.0000E+000
312.9931,0.0000E+000
313.0000,0.0000E+000
313.0069,0.0000E+000
313.0139,0.0000E+000
313.0208,0.0000E+000
313.0278,0.0000E+000
313.0347,0.0000E+000
313.0417,0.0000E+000
313.0486,0.0000E+000
313.0556,0.0000E+000
313.0625,0.0000E+000
313.0694,0.0000E+000
313.0764,0.0000E+000
313.0833,0.0000E+000
313.0903,0.0000E+000
313.0972,0.0000E+000
313.1042,0.0000E+000
313.1111,0.0000E+000
313.1181,0.0000E+000
313.1250,0.0000E+000
313.1319,0.0000E+000
313.1389,0.0000E+000
313.1458,0.0000E+000
313.1528,0.0000E+000
313.1597,0.0000E+000
313.1667,0.0000E+000
313.1736,0.0000E+000
313.1806,0.0000E+000
313.1875,0.0000E+000
313.1944,0.0000E+000
313.2014,0.0000E+000
313.2083,0.0000E+000
313.2153,0.0000E+000
313.2222,0.0000E+000
313.2292,0.0000E+000
313.2361,0.0000E+000
313.2431,0.0000E+000
313.2500,0.0000E+000
313.2569,0.0000E+000
313.2639,0.0000E+000
313.2708,0.0000E+000
313.2778,0.0000E+000
313.2847,0.0000E+000
313.2917,0.0000E+000
313.2986,0.0000E+000
313.3056,0.0000E+000
313.3125,2.3161E-001
313.3194,1.2641E+000
313.3264,2.5718E+000
313.3333,4.4364E+000
313.3403,7.1448E+000
313.3472,1.1315E+001
313.3542,1.7355E+001
313.3611,2.2473E+001
313.3681,3.0817E+001
313.3750,3.1825E+001
313.3819,3.2301E+001
313.3889,2.7200E+001
313.3958,2.3746E+001
313.4028,2.4644E+001
313.4097,2.5658E+001
313.4167,2.8803E+001
313.4236,3.0747E+001
313.4306,3.2490E+001
313.4375,3.4882E+001
313.4444,4.3065E+001
313.4514,1.4036E+002
313.4583,1.3813E+002
313.4653,1.4802E+002
313.4722,1.8447E+002
313.4792,1.8943E+002
313.4861,1.9100E+002
313.4931,1.9791E+002
313.5000,1.9831E+002
313.5069,1.9909E+002
313.5139,1.9720E+002
313.5208,1.9646E+002
313.5278,1.8995E+002
313.5347,1.8158E+002
313.5417,1.8291E+002
313.5486,1.7877E+002
313.5556,1.7241E+002
313.5625,1.6526E+002
313.5694,1.4905E+002
313.5764,8.8420E+001
313.5833,2.4224E+001
313.5903,2.3168E+001
313.5972,2.2631E+001
313.6042,2.0716E+001
313.6111,1.8914E+001
313.6181,1.6049E+001
313.6250,1.3732E+001
313.6319,1.2836E+001
313.6389,1.1107E+001
313.6458,9.6814E+000
313.6528,8.7543E+000
313.6597,7.5050E+000
313.6667,4.9035E+000
313.6736,3.5360E+000
313.6806,2.2727E+000
313.6875,1.0830E+000
313.6944,2.8680E-001
313.7014,4.6951E-012
313.7083,0.0000E+000
313.7153,0.0000E+000
313.7222,0.0000E+000
313.7292,0.0000E+000
313.7361,0.0000E+000
313.7431,0.0000E+000
313.7500,0.0000E+000
313.7569,0.0000E+000
313.7639,0.0000E+000
313.7708,0.0000E+000
313.7778,0.0000E+000
313.7847,0.0000E+000
313.7917,0.0000E+000
313.7986,0.0000E+000
313.8056,0.0000E+000
313.8125,0.0000E+000
313.8194,0.0000E+000
313.8264,0.0000E+000
313.8333,0.0000E+000
313.8403,0.0000E+000
313.8472,0.0000E+000
313.8542,0.0000E+000
313.8611,0.0000E+000
313.8681,0.0000E+000
313.8750,0.0000E+000
313.8819,0.0000E+000
313.8889,0.0000E+000
313.8958,0.0000E+000
313.9028,0.0000E+000
313.9097,0.0000E+000
313.9167,0.0000E+000
313.9236,0.0000E+000
313.9306,0.0000E+000
313.9375,0.0000E+000
313.9444,0.0000E+000
313.9514,0.0000E+000
313.9583,0.0000E+000
313.9653,0.0000E+000
313.9722,0.0000E+000
313.9792,0.0000E+000
313.9861,0.0000E+000
313.9931,0.0000E+000
314.0000,0.0000E+000
314.0069,0.0000E+000
314.0139,0.0000E+000
314.0208,7.2262E-013
314.0278,1.4713E-002
314.0347,0.0000E+000
314.0417,0.0000E+000
314.0486,1.2947E-002
314.0556,8.4781E-013
314.0625,0.0000E+000
314.0694,0.0000E+000
314.0764,0.0000E+000
314.0833,0.0000E+000
314.0903,0.0000E+000
314.0972,0.0000E+000
314.1042,0.0000E+000
314.1111,0.0000E+000
314.1181,0.0000E+000
314.1250,0.0000E+000
314.1319,0.0000E+000
314.1389,0.0000E+000
314.1458,0.0000E+000
314.1528,0.0000E+000
314.1597,0.0000E+000
314.1667,0.0000E+000
314.1736,0.0000E+000
314.1806,0.0000E+000
314.1875,0.0000E+000
314.1944,0.0000E+000
314.2014,0.0000E+000
314.2083,0.0000E+000
314.2153,0.0000E+000
314.2222,0.0000E+000
314.2292,0.0000E+000
314.2361,0.0000E+000
314.2431,0.0000E+000
314.2500,0.0000E+000
314.2569,0.0000E+000
314.2639,0.0000E+000
314.2708,0.0000E+000
314.2778,0.0000E+000
314.2847,0.0000E+000
314.2917,0.0000E+000
314.2986,1.1764E-003
314.3056,1.8235E-002
314.3125,3.8527E-001
314.3194,1.0746E+000
314.3264,2.5898E+000
314.3333,3.6438E+000
314.3403,5.8782E+000
314.3472,6.7498E+000
314.3542,1.0426E+001
314.3611,1.4367E+001
314.3681,1.7889E+001
314.3750,2.2451E+001
314.3819,1.8838E+001
314.3889,2.0946E+001
314.3958,2.6153E+001
314.4028,2.7045E+001
314.4097,2.9715E+001
314.4167,3.3074E+001
314.4236,3.3851E+001
314.4306,3.2798E+001
314.4375,3.4342E+001
314.4444,3.6212E+001
314.4514,3.5589E+001
314.4583,4.0604E+001
314.4653,4.1669E+001
314.4722,3.6103E+001
314.4792,4.0373E+001
314.4861,3.7714E+001
314.4931,3.3215E+001
314.5000,3.2116E+001
314.5069,4.1518E+001
314.5139,5.1545E+001
314.5208,5.4641E+001
314.5278,5.0675E+001
314.5347,5.0821E+001
314.5417,4.2859E+001
314.5486,3.5738E+001
314.5556,3.4077E+001
314.5625,3.5326E+001
314.5694,4.4652E+001
314.5764,4.8559E+001
314.5833,3.7755E+001
314.5903,3.2802E+001
314.5972,3.0073E+001
314.6042,2.7968E+001
314.6111,2.6331E+001
314.6181,2.6318E+001
314.6250,2.5966E+001
314.6319,2.4439E+001
314.6389,2.3051E+001
314.6458,2.3578E+001
314.6528,2.3448E+001
314.6597,1.9425E+001
314.6667,9.2872E+000
314.6736,7.4496E+000
314.6806,4.8474E+000
314.6875,3.2857E+000
314.6944,1.3331E+000
314.7014,1.5576E-001
314.7083,2.4686E-002
314.7153,8.0824E-013
314.7222,0.0000E+000
314.7292,0.0000E+000
314.7361,0.0000E+000
314.7431,0.0000E+000
314.7500,0.0000E+000
314.7569,0.0000E+000
314.7639,0.0000E+000
314.7708,0.0000E+000
314.7778,0.0000E+000
314.7847,0.0000E+000
314.7917,0.0000E+000
314.7986,0.0000E+000
314.8056,0.0000E+000
314.8125,0.0000E+000
314.8194,0.0000E+000
314.8264,0.0000E+000
314.8333,0.0000E+000
314.8403,0.0000E+000
314.8472,0.0000E+000
314.8542,0.0000E+000
314.8611,0.0000E+000
314.8681,0.0000E+000
314.8750,0.0000E+000
314.8819,0.0000E+000
314.8889,0.0000E+000
314.8958,0.0000E+000
314.9028,0.0000E+000
314.9097,0.0000E+000
314.9167,0.0000E+000
314.9236,0.0000E+000
314.9306,0.0000E+000
314.9375,0.0000E+000
314.9444,0.0000E+000
314.9514,0.0000E+000
314.9583,0.0000E+000
314.9653,0.0000E+000
314.9722,0.0000E+000
314.9792,0.0000E+000
314.9861,0.0000E+000
314.9931,0.0000E+000
315.0000,0.0000E+000
315.0069,0.0000E+000
315.0139,0.0000E+000
315.0208,0.0000E+000
315.0278,0.0000E+000
315.0347,0.0000E+000
315.0417,0.0000E+000
315.0486,0.0000E+000
315.0556,0.0000E+000
315.0625,0.0000E+000
315.0694,0.0000E+000
315.0764,0.0000E+000
315.0833,0.0000E+000
315.0903,0.0000E+000
315.0972,0.0000E+000
315.1042,0.0000E+000
315.1111,0.0000E+000
315.1181,0.0000E+000
315.1250,0.0000E+000
315.1319,0.0000E+000
315.1389,0.0000E+000
315.1458,0.0000E+000
315.1528,0.0000E+000
315.1597,0.0000E+000
315.1667,0.0000E+000
315.1736,0.0000E+000
315.1806,0.0000E+000
315.1875,0.0000E+000
315.1944,0.0000E+000
315.2014,0.0000E+000
315.2083,0.0000E+000
315.2153,0.0000E+000
315.2222,0.0000E+000
315.2292,0.0000E+000
315.2361,0.0000E+000
315.2431,0.0000E+000
315.2500,0.0000E+000
315.2569,0.0000E+000
315.2639,0.0000E+000
315.2708,0.0000E+000
315.2778,0.0000E+000
315.2847,0.0000E+000
315.2917,0.0000E+000
315.2986,0.0000E+000
315.3056,0.0000E+000
315.3125,0.0000E+000
315.3194,8.6297E-002
315.3264,6.3812E-001
315.3333,1.5967E+000
315.3403,3.1547E+000
315.3472,6.4866E+000
315.3542,8.5862E+000
315.3611,1.1447E+001
315.3681,1.6196E+001
315.3750,1.4480E+001
315.3819,2.7940E+001
315.3889,4.4023E+001
315.3958,2.9487E+001
315.4028,4.0744E+001
315.4097,4.5896E+001
315.4167,5.3936E+001
315.4236,4.0389E+001
315.4306,4.4408E+001
315.4375,4.4674E+001
315.4444,4.2533E+001
315.4514,5.7282E+001
315.4583,6.7064E+001
315.4653,5.0824E+001
315.4722,4.7786E+001
315.4792,4.8252E+001
315.4861,5.0373E+001
315.4931,5.1756E+001
315.5000,4.9643E+001
315.5069,4.2554E+001
315.5139,3.9443E+001
315.5208,4.0500E+001
315.5278,4.0267E+001
315.5347,4.7709E+001
315.5417,4.9651E+001
315.5486,3.4504E+001
315.5556,3.6792E+001
315.5625,5.3596E+001
315.5694,5.2911E+001
315.5764,4.5414E+001
315.5833,3.5546E+001
315.5903,5.1528E+001
315.5972,4.8200E+001
315.6042,3.5307E+001
315.6111,2.1995E+001
315.6181,1.9388E+001
315.6250,1.6242E+001
315.6319,1.0284E+001
315.6389,1.4218E+001
315.6458,1.2161E+001
315.6528,7.6783E+000
315.6597,5.8713E+000
315.6667,4.8076E+000
315.6736,3.8120E+000
315.6806,2.1559E+000
315.6875,5.5613E-001
315.6944,5.2796E-003
315.7014,8.6431E-014
315.7083,0.0000E+000
315.7153,0.0000E+000
315.7222,0.0000E+000
315.7292,0.0000E+000
315.7361,0.0000E+000
315.7431,0.0000E+000
315.7500,0.0000E+000
315.7569,0.0000E+000
315.7639,0.0000E+000
315.7708,0.0000E+000
315.7778,0.0000E+000
315.7847,0.0000E+000
315.7917,0.0000E+000
315.7986,0.0000E+000
315.8056,0.0000E+000
315.8125,0.0000E+000
315.8194,0.0000E+000
315.8264,0.0000E+000
315.8333,0.0000E+000
315.8403,0.0000E+000
315.8472,0.0000E+000
315.8542,0.0000E+000
315.8611,0.0000E+000
315.8681,0.0000E+000
315.8750,0.0000E+000
315.8819,0.0000E+000
315.8889,0.0000E+000
315.8958,0.0000E+000
315.9028,0.0000E+000
315.9097,0.0000E+000
315.9167,0.0000E+000
315.9236,0.0000E+000
315.9306,0.0000E+000
315.9375,0.0000E+000
315.9444,0.0000E+000
315.9514,0.0000E+000
315.9583,0.0000E+000
315.9653,0.0000E+000
315.9722,0.0000E+000
315.9792,0.0000E+000
315.9861,0.0000E+000
315.9931,0.0000E+000
316.0000,0.0000E+000
316.0069,0.0000E+000
316.0139,0.0000E+000
316.0208,0.0000E+000
316.0278,0.0000E+000
316.0347,0.0000E+000
316.0417,0.0000E+000
316.0486,0.0000E+000
316.0556,0.0000E+000
316.0625,0.0000E+000
316.0694,0.0000E+000
316.0764,0.0000E+000
316.0833,0.0000E+000
316.0903,0.0000E+000
316.0972,0.0000E+000
316.1042,0.0000E+000
316.1111,0.0000E+000
316.1181,0.0000E+000
316.1250,0.0000E+000
316.1319,0.0000E+000
316.1389,0.0000E+000
316.1458,0.0000E+000
316.1528,0.0000E+000
316.1597,0.0000E+000
316.1667,0.0000E+000
316.1736,0.0000E+000
316.1806,0.0000E+000
316.1875,0.0000E+000
316.1944,0.0000E+000
316.2014,0.0000E+000
316.2083,0.0000E+000
316.2153,0.0000E+000
316.2222,0.0000E+000
316.2292,0.0000E+000
316.2361,0.0000E+000
316.2431,0.0000E+000
316.2500,0.0000E+000
316.2569,0.0000E+000
316.2639,0.0000E+000
316.2708,0.0000E+000
316.2778,0.0000E+000
316.2847,0.0000E+000
316.2917,0.0000E+000
316.2986,0.0000E+000
316.3056,0.0000E+000
316.3125,0.0000E+000
316.3194,1.6882E-012
316.3264,2.5780E-002
316.3333,6.1284E-001
316.3403,1.3967E+000
316.3472,1.7887E+000
316.3542,2.3991E+000
316.3611,4.2809E+000
316.3681,1.0851E+001
316.3750,1.8621E+001
316.3819,2.9667E+001
316.3889,3.3596E+001
316.3958,4.6447E+001
316.4028,7.0026E+001
316.4097,7.3714E+001
316.4167,6.4178E+001
316.4236,7.7179E+001
316.4306,3.4358E+001
316.4375,2.2086E+001
316.4444,2.2120E+001
316.4514,2.3391E+001
316.4583,2.4279E+001
316.4653,2.1169E+001
316.4722,1.3145E+001
316.4792,1.5377E+001
316.4861,1.8358E+001
316.4931,1.7397E+001
316.5000,2.1991E+001
316.5069,1.1594E+001
316.5139,1.0128E+001
316.5208,1.1998E+001
316.5278,1.3604E+001
316.5347,1.4263E+001
316.5417,2.1648E+001
316.5486,1.6619E+001
316.5556,1.2931E+001
316.5625,1.0162E+001
316.5694,1.0248E+001
316.5764,2.4762E+001
316.5833,5.8008E+001
316.5903,7.3277E+001
316.5972,6.2028E+001
316.6042,4.4521E+001
316.6111,2.6880E+001
316.6181,2.8367E+001
316.6250,2.9774E+001
316.6319,3.8210E+001
316.6389,2.3475E+001
316.6458,1.6058E+001
316.6528,2.1170E+001
316.6597,2.2398E+001
316.6667,1.1734E+001
316.6736,1.2383E+001
316.6806,5.3473E+000
316.6875,2.3232E+000
316.6944,4.7131E-001
316.7014,7.7157E-012
316.7083,0.0000E+000
316.7153,0.0000E+000
316.7222,0.0000E+000
316.7292,0.0000E+000
316.7361,0.0000E+000
316.7431,0.0000E+000
316.7500,3.2198E-002
316.7569,0.0000E+000
316.7639,0.0000E+000
316.7708,0.0000E+000
316.7778,0.0000E+000
316.7847,0.0000E+000
316.7917,0.0000E+000
316.7986,0.0000E+000
316.8056,0.0000E+000
316.8125,0.0000E+000
316.8194,0.0000E+000
316.8264,0.0000E+000
316.8333,0.0000E+000
316.8403,0.0000E+000
316.8472,0.0000E+000
316.8542,0.0000E+000
316.8611,0.0000E+000
316.8681,0.0000E+000
316.8750,0.0000E+000
316.8819,0.0000E+000
316.8889,0.0000E+000
316.8958,0.0000E+000
316.9028,0.0000E+000
316.9097,0.0000E+000
316.9167,0.0000E+000
316.9236,0.0000E+000
316.9306,0.0000E+000
316.9375,0.0000E+000
316.9444,0.0000E+000
316.9514,0.0000E+000
316.9583,0.0000E+000
316.9653,0.0000E+000
316.9722,0.0000E+000
316.9792,0.0000E+000
316.9861,0.0000E+000
316.9931,0.0000E+000
317.0000,0.0000E+000
317.0069,0.0000E+000
317.0139,0.0000E+000
317.0208,0.0000E+000
317.0278,0.0000E+000
317.0347,0.0000E+000
317.0417,0.0000E+000
317.0486,0.0000E+000
317.0556,0.0000E+000
317.0625,0.0000E+000
317.0694,0.0000E+000
317.0764,0.0000E+000
317.0833,0.0000E+000
317.0903,0.0000E+000
317.0972,0.0000E+000
317.1042,0.0000E+000
317.1111,0.0000E+000
317.1181,0.0000E+000
317.1250,0.0000E+000
317.1319,0.0000E+000
317.1389,0.0000E+000
317.1458,0.0000E+000
317.1528,0.0000E+000
317.1597,0.0000E+000
317.1667,0.0000E+000
317.1736,0.0000E+000
317.1806,0.0000E+000
317.1875,0.0000E+000
317.1944,0.0000E+000
317.2014,0.0000E+000
317.2083,0.0000E+000
317.2153,0.0000E+000
317.2222,0.0000E+000
317.2292,0.0000E+000
317.2361,0.0000E+000
317.2431,0.0000E+000
317.2500,0.0000E+000
317.2569,0.0000E+000
317.2639,0.0000E+000
317.2708,0.0000E+000
317.2778,0.0000E+000
317.2847,0.0000E+000
317.2917,0.0000E+000
317.2986,0.0000E+000
317.3056,0.0000E+000
317.3125,0.0000E+000
317.3194,2.5320E-001
317.3264,1.0099E+000
317.3333,2.5934E+000
317.3403,6.1398E+000
317.3472,9.1113E+000
317.3542,1.3150E+001
317.3611,1.9283E+001
317.3681,3.3196E+001
317.3750,3.2182E+001
317.3819,2.9411E+001
317.3889,3.8954E+001
317.3958,4.3809E+001
317.4028,4.9978E+001
317.4097,5.6172E+001
317.4167,6.2447E+001
317.4236,5.4440E+001
317.4306,6.1219E+001
317.4375,6.4062E+001
317.4444,6.0441E+001
317.4514,4.6376E+001
317.4583,4.4665E+001
317.4653,5.3909E+001
317.4722,7.7038E+001
317.4792,8.0971E+001
317.4861,7.7519E+001
317.4931,1.0308E+002
317.5000,1.0925E+002
317.5069,1.0014E+002
317.5139,9.0698E+001
317.5208,9.2798E+001
317.5278,9.2875E+001
317.5347,6.5336E+001
317.5417,5.3778E+001
317.5486,7.8748E+001
317.5556,1.0002E+002
317.5625,8.2504E+001
317.5694,7.8081E+001
317.5764,6.1952E+001
317.5833,4.9091E+001
317.5903,3.8435E+001
317.5972,3.9399E+001
317.6042,3.7617E+001
317.6111,3.3242E+001
317.6181,2.9292E+001
317.6250,2.7012E+001
317.6319,3.2930E+001
317.6389,2.6933E+001
317.6458,2.0572E+001
317.6528,1.8274E+001
317.6597,1.6287E+001
317.6667,1.1878E+001
317.6736,7.6183E+000
317.6806,3.4599E+000
317.6875,1.1868E+000
317.6944,0.0000E+000
317.7014,0.0000E+000
317.7083,0.0000E+000
317.7153,0.0000E+000
317.7222,0.0000E+000
317.7292,0.0000E+000
317.7361,0.0000E+000
317.7431,0.0000E+000
317.7500,0.0000E+000
317.7569,0.0000E+000
317.7639,0.0000E+000
317.7708,0.0000E+000
317.7778,0.0000E+000
317.7847,0.0000E+000
317.7917,0.0000E+000
317.7986,0.0000E+000
317.8056,0.0000E+000
317.8125,0.0000E+000
317.8194,0.0000E+000
317.8264,0.0000E+000
317.8333,0.0000E+000
317.8403,0.0000E+000
317.8472,0.0000E+000
317.8542,0.0000E+000
317.8611,0.0000E+000
317.8681,0.0000E+000
317.8750,0.0000E+000
317.8819,0.0000E+000
317.8889,0.0000E+000
317.8958,0.0000E+000
317.9028,0.0000E+000
317.9097,0.0000E+000
317.9167,0.0000E+000
317.9236,0.0000E+000
317.9306,0.0000E+000
317.9375,0.0000E+000
317.9444,0.0000E+000
317.9514,0.0000E+000
317.9583,0.0000E+000
317.9653,0.0000E+000
317.9722,0.0000E+000
317.9792,0.0000E+000
317.9861,0.0000E+000
317.9931,0.0000E+000
318.0000,0.0000E+000
318.0069,0.0000E+000
318.0139,0.0000E+000
318.0208,0.0000E+000
318.0278,0.0000E+000
318.0347,0.0000E+000
318.0417,0.0000E+000
318.0486,0.0000E+000
318.0556,0.0000E+000
318.0625,0.0000E+000
318.0694,0.0000E+000
318.0764,0.0000E+000
318.0833,0.0000E+000
318.0903,0.0000E+000
318.0972,0.0000E+000
318.1042,0.0000E+000
318.1111,0.0000E+000
318.1181,0.0000E+000
318.1250,0.0000E+000
318.1319,0.0000E+000
318.1389,0.0000E+000
318.1458,0.0000E+000
318.1528,0.0000E+000
318.1597,0.0000E+000
318.1667,0.0000E+000
318.1736,0.0000E+000
318.1806,0.0000E+000
318.1875,0.0000E+000
318.1944,0.0000E+000
318.2014,0.0000E+000
318.2083,0.0000E+000
318.2153,0.0000E+000
318.2222,0.0000E+000
318.2292,0.0000E+000
318.2361,0.0000E+000
318.2431,0.0000E+000
318.2500,0.0000E+000
318.2569,0.0000E+000
318.2639,0.0000E+000
318.2708,0.0000E+000
318.2778,0.0000E+000
318.2847,0.0000E+000
318.2917,0.0000E+000
318.2986,0.0000E+000
318.3056,0.0000E+000
318.3125,2.6613E-001
318.3194,1.3458E+000
318.3264,3.1025E+000
318.3333,3.8821E+000
318.3403,5.1952E+000
318.3472,5.4986E+000
318.3542,6.5612E+000
318.3611,1.0095E+001
318.3681,1.7758E+001
318.3750,1.6886E+001
318.3819,1.5545E+001
318.3889,1.6545E+001
318.3958,1.6497E+001
318.4028,2.0055E+001
318.4097,2.3194E+001
318.4167,2.2507E+001
318.4236,2.0836E+001
318.4306,2.1644E+001
318.4375,2.1293E+001
318.4444,2.1372E+001
318.4514,4.8514E+001
318.4583,1.0732E+002
318.4653,1.2668E+002
318.4722,1.6031E+002
318.4792,1.5881E+002
318.4861,1.6551E+002
318.4931,1.7543E+002
318.5000,1.8798E+002
318.5069,1.6688E+002
318.5139,1.8028E+002
318.5208,1.8710E+002
318.5278,1.9044E+002
318.5347,1.9285E+002
318.5417,1.8550E+002
318.5486,1.7065E+002
318.5556,1.7356E+002
318.5625,1.5865E+002
318.5694,1.5900E+002
318.5764,7.0999E+001
318.5833,4.0587E+001
318.5903,4.8161E+001
318.5972,4.7517E+001
318.6042,4.1310E+001
318.6111,3.5887E+001
318.6181,3.6824E+001
318.6250,3.8148E+001
318.6319,3.6358E+001
318.6389,3.3139E+001
318.6458,2.9357E+001
318.6528,2.5492E+001
318.6597,1.9129E+001
318.6667,1.1893E+001
318.6736,6.6306E+000
318.6806,3.8748E+000
318.6875,1.9607E+000
318.6944,2.2978E-001
318.7014,3.7616E-012
318.7083,0.0000E+000
318.7153,0.0000E+000
318.7222,0.0000E+000
318.7292,0.0000E+000
318.7361,0.0000E+000
318.7431,0.0000E+000
318.7500,0.0000E+000
318.7569,0.0000E+000
318.7639,0.0000E+000
318.7708,0.0000E+000
318.7778,0.0000E+000
318.7847,0.0000E+000
318.7917,0.0000E+000
318.7986,0.0000E+000
318.8056,0.0000E+000
318.8125,0.0000E+000
318.8194,0.0000E+000
318.8264,0.0000E+000
318.8333,0.0000E+000
318.8403,0.0000E+000
318.8472,7.6356E-014
318.8542,2.3320E-003
318.8611,9.9110E-003
318.8681,6.4900E-013
318.8750,0.0000E+000
318.8819,0.0000E+000
318.8889,0.0000E+000
318.8958,0.0000E+000
318.9028,0.0000E+000
318.9097,2.4484E-002
318.9167,1.2024E-012
318.9236,2.3858E-013
318.9306,1.4573E-002
318.9375,0.0000E+000
318.9444,0.0000E+000
318.9514,0.0000E+000
318.9583,0.0000E+000
318.9653,0.0000E+000
318.9722,0.0000E+000
318.9792,0.0000E+000
318.9861,0.0000E+000
318.9931,0.0000E+000
319.0000,4.0799E-003
319.0069,0.0000E+000
319.0139,0.0000E+000
319.0208,0.0000E+000
319.0278,0.0000E+000
319.0347,0.0000E+000
319.0417,0.0000E+000
319.0486,0.0000E+000
319.0556,0.0000E+000
319.0625,0.0000E+000
319.0694,0.0000E+000
319.0764,0.0000E+000
319.0833,0.0000E+000
319.0903,0.0000E+000
319.0972,0.0000E+000
319.1042,0.0000E+000
319.1111,0.0000E+000
319.1181,0.0000E+000
319.1250,0.0000E+000
319.1319,1.3985E-002
319.1389,2.2894E-013
319.1458,1.1447E-013
319.1528,2.3307E-003
319.1597,0.0000E+000
319.1667,0.0000E+000
319.1736,0.0000E+000
319.1806,0.0000E+000
319.1875,0.0000E+000
319.1944,0.0000E+000
319.2014,0.0000E+000
319.2083,0.0000E+000
319.2153,0.0000E+000
319.2222,0.0000E+000
319.2292,0.0000E+000
319.2361,0.0000E+000
319.2431,0.0000E+000
319.2500,0.0000E+000
319.2569,0.0000E+000
319.2639,0.0000E+000
319.2708,0.0000E+000
319.2778,0.0000E+000
319.2847,0.0000E+000
319.2917,0.0000E+000
319.2986,7.6289E-014
319.3056,4.6600E-003
319.3125,3.6464E-001
319.3194,9.4653E-001
319.3264,2.0643E+000
319.3333,4.2322E+000
319.3403,6.4530E+000
319.3472,9.4502E+000
319.3542,1.3151E+001
319.3611,1.7959E+001
319.3681,1.9600E+001
319.3750,2.0554E+001
319.3819,1.7804E+001
319.3889,1.9168E+001
319.3958,2.1568E+001
319.4028,2.1670E+001
319.4097,2.0220E+001
319.4167,1.8959E+001
319.4236,1.9812E+001
319.4306,1.8918E+001
319.4375,1.9747E+001
319.4444,2.1882E+001
319.4514,4.6215E+001
319.4583,1.4433E+002
319.4653,1.2799E+002
319.4722,1.5837E+002
319.4792,1.7770E+002
319.4861,1.9498E+002
319.4931,1.4744E+002
319.5000,1.4976E+002
319.5069,1.7215E+002
319.5139,1.4226E+002
319.5208,2.0315E+002
319.5278,1.9147E+002
319.5347,1.4713E+002
319.5417,1.8227E+002
319.5486,1.7986E+002
319.5556,1.3781E+002
319.5625,1.2039E+002
319.5694,1.3926E+002
319.5764,5.8755E+001
319.5833,3.3999E+001
319.5903,3.6029E+001
319.5972,2.9687E+001
319.6042,2.2134E+001
319.6111,3.1933E+001
319.6181,3.5194E+001
319.6250,4.1331E+001
319.6319,4.1553E+001
319.6389,3.0998E+001
319.6458,2.4526E+001
319.6528,2.0841E+001
319.6597,1.3204E+001
319.6667,8.2545E+000
319.6736,6.1077E+000
319.6806,3.0040E+000
319.6875,1.0786E+000
319.6944,4.5400E-002
319.7014,7.4323E-013
319.7083,0.0000E+000
319.7153,0.0000E+000
319.7222,0.0000E+000
319.7292,0.0000E+000
319.7361,0.0000E+000
319.7431,0.0000E+000
319.7500,0.0000E+000
319.7569,0.0000E+000
319.7639,0.0000E+000
319.7708,0.0000E+000
319.7778,0.0000E+000
319.7847,0.0000E+000
319.7917,0.0000E+000
319.7986,0.0000E+000
319.8056,0.0000E+000
319.8125,0.0000E+000
319.8194,0.0000E+000
319.8264,0.0000E+000
319.8333,0.0000E+000
319.8403,0.0000E+000
319.8472,0.0000E+000
319.8542,0.0000E+000
319.8611,0.0000E+000
319.8681,0.0000E+000
319.8750,0.0000E+000
319.8819,0.0000E+000
319.8889,0.0000E+000
319.8958,0.0000E+000
319.9028,0.0000E+000
319.9097,0.0000E+000
319.9167,0.0000E+000
319.9236,2.7344E-002
319.9306,2.7227E-001
319.9375,3.2579E-001
319.9444,0.0000E+000
319.9514,0.0000E+000
319.9583,0.0000E+000
319.9653,0.0000E+000
319.9722,0.0000E+000
319.9792,0.0000E+000
319.9861,0.0000E+000
319.9931,0.0000E+000
320.0000,0.0000E+000
320.0069,0.0000E+000
320.0139,0.0000E+000
320.0208,2.6117E-001
320.0278,3.1410E-001
320.0347,2.5535E-001
320.0417,9.5973E-002
320.0486,0.0000E+000
320.0556,0.0000E+000
320.0625,1.0469E-002
320.0694,0.0000E+000
320.0764,0.0000E+000
320.0833,0.0000E+000
320.0903,0.0000E+000
320.0972,0.0000E+000
320.1042,0.0000E+000
320.1111,1.1864E-001
320.1181,3.2102E-001
320.1250,2.1808E-001
320.1319,3.1171E-001
320.1389,6.1294E-001
320.1458,2.1342E-001
320.1528,2.0063E-001
320.1597,1.4131E-001
320.1667,3.3320E-001
320.1736,4.3729E-001
320.1806,2.3143E-001
320.1875,3.4075E-001
320.1944,9.3792E-001
320.2014,7.6987E-001
320.2083,1.0281E-012
320.2153,2.0932E-002
320.2222,0.0000E+000
320.2292,0.0000E+000
320.2361,2.2152E-001
320.2431,8.2504E-001
320.2500,7.0060E-001
320.2569,2.9594E-001
320.2639,6.3721E-001
320.2708,7.5348E-001
320.2778,4.3139E-001
320.2847,5.2963E-001
320.2917,4.8893E-001
320.2986,3.9765E-001
320.3056,3.7555E-001
320.3125,6.9761E-003
320.3194,6.3573E-012
320.3264,9.7082E-002
320.3333,4.7377E-001
320.3403,1.1243E+000
320.3472,1.9817E+000
320.3542,3.1169E+000
320.3611,7.0708E+000
320.3681,9.2046E+000
320.3750,1.4381E+001
320.3819,9.0038E+000
320.3889,1.5226E+001
320.3958,1.3073E+001
320.4028,1.1381E+001
320.4097,1.3955E+001
320.4167,1.6163E+001
320.4236,2.9279E+001
320.4306,6.0887E+001
320.4375,5.9952E+001
320.4444,2.7052E+001
320.4514,3.5653E+001
320.4583,4.6588E+001
320.4653,3.9497E+001
320.4722,3.8383E+001
320.4792,2.7923E+001
320.4861,2.3898E+001
320.4931,2.1548E+001
320.5000,3.2683E+001
320.5069,2.4813E+001
320.5139,2.8370E+001
320.5208,3.7514E+001
320.5278,4.8701E+001
320.5347,5.2582E+001
320.5417,5.6789E+001
320.5486,2.2951E+001
320.5556,4.9695E+001
320.5625,5.5403E+001
320.5694,6.4275E+001
320.5764,6.2591E+001
320.5833,6.0044E+001
320.5903,5.0536E+001
320.5972,4.9289E+001
320.6042,4.7783E+001
320.6111,4.9183E+001
320.6181,3.5306E+001
320.6250,3.1498E+001
320.6319,3.2507E+001
320.6389,1.7400E+001
320.6458,2.2755E+001
320.6528,2.0152E+001
320.6597,1.5243E+001
320.6667,1.1347E+001
320.6736,4.0822E+000
320.6806,1.6742E+000
320.6875,2.5676E-001
320.6944,0.0000E+000
320.7014,0.0000E+000
320.7083,0.0000E+000
320.7153,0.0000E+000
320.7222,0.0000E+000
320.7292,0.0000E+000
320.7361,0.0000E+000
320.7431,0.0000E+000
320.7500,0.0000E+000
320.7569,0.0000E+000
320.7639,0.0000E+000
320.7708,0.0000E+000
320.7778,0.0000E+000
320.7847,0.0000E+000
320.7917,0.0000E+000
320.7986,0.0000E+000
320.8056,0.0000E+000
320.8125,0.0000E+000
320.8194,0.0000E+000
320.8264,0.0000E+000
320.8333,0.0000E+000
320.8403,0.0000E+000
320.8472,0.0000E+000
320.8542,0.0000E+000
320.8611,0.0000E+000
320.8681,0.0000E+000
320.8750,0.0000E+000
320.8819,0.0000E+000
320.8889,0.0000E+000
320.8958,0.0000E+000
320.9028,0.0000E+000
320.9097,0.0000E+000
320.9167,0.0000E+000
320.9236,0.0000E+000
320.9306,0.0000E+000
320.9375,0.0000E+000
320.9444,0.0000E+000
320.9514,0.0000E+000
320.9583,0.0000E+000
320.9653,0.0000E+000
320.9722,0.0000E+000
320.9792,0.0000E+000
320.9861,0.0000E+000
320.9931,0.0000E+000
321.0000,0.0000E+000
321.0069,0.0000E+000
321.0139,0.0000E+000
321.0208,0.0000E+000
321.0278,0.0000E+000
321.0347,0.0000E+000
321.0417,0.0000E+000
321.0486,0.0000E+000
321.0556,0.0000E+000
321.0625,0.0000E+000
321.0694,0.0000E+000
321.0764,0.0000E+000
321.0833,0.0000E+000
321.0903,0.0000E+000
321.0972,0.0000E+000
321.1042,0.0000E+000
321.1111,0.0000E+000
321.1181,0.0000E+000
321.1250,0.0000E+000
321.1319,0.0000E+000
321.1389,0.0000E+000
321.1458,0.0000E+000
321.1528,0.0000E+000
321.1597,0.0000E+000
321.1667,0.0000E+000
321.1736,0.0000E+000
321.1806,0.0000E+000
321.1875,0.0000E+000
321.1944,0.0000E+000
321.2014,0.0000E+000
321.2083,0.0000E+000
321.2153,0.0000E+000
321.2222,0.0000E+000
321.2292,0.0000E+000
321.2361,0.0000E+000
321.2431,0.0000E+000
321.2500,0.0000E+000
321.2569,0.0000E+000
321.2639,0.0000E+000
321.2708,0.0000E+000
321.2778,0.0000E+000
321.2847,0.0000E+000
321.2917,0.0000E+000
321.2986,3.9496E-002
321.3056,2.5863E-012
321.3125,0.0000E+000
321.3194,1.0497E-011
321.3264,1.6030E-001
321.3333,2.7054E+000
321.3403,7.1461E+000
321.3472,1.4974E+001
321.3542,2.5833E+001
321.3611,3.1670E+001
321.3681,3.3625E+001
321.3750,2.6429E+001
321.3819,2.8952E+001
321.3889,3.2174E+001
321.3958,2.7020E+001
321.4028,3.0375E+001
321.4097,3.4486E+001
321.4167,3.6820E+001
321.4236,5.1759E+001
321.4306,6.3026E+001
321.4375,8.1565E+001
321.4444,8.0708E+001
321.4514,8.8276E+001
321.4583,8.8444E+001
321.4653,8.2714E+001
321.4722,7.8943E+001
321.4792,7.6144E+001
321.4861,6.2686E+001
321.4931,7.3339E+001
321.5000,8.9800E+001
321.5069,1.1490E+002
321.5139,1.2357E+002
321.5208,1.1288E+002
321.5278,1.2634E+002
321.5347,1.0467E+002
321.5417,7.8826E+001
321.5486,6.5547E+001
321.5556,7.1643E+001
321.5625,7.0347E+001
321.5694,6.7823E+001
321.5764,6.2634E+001
321.5833,5.4468E+001
321.5903,5.7771E+001
321.5972,5.0471E+001
321.6042,5.7717E+001
321.6111,5.8678E+001
321.6181,5.0479E+001
321.6250,4.0347E+001
321.6319,3.2329E+001
321.6389,2.7251E+001
321.6458,2.1390E+001
321.6528,1.6825E+001
321.6597,1.2771E+001
321.6667,9.4355E+000
321.6736,4.6701E+000
321.6806,1.7028E+000
321.6875,2.5951E-001
321.6944,0.0000E+000
321.7014,0.0000E+000
321.7083,0.0000E+000
321.7153,0.0000E+000
321.7222,0.0000E+000
321.7292,0.0000E+000
321.7361,0.0000E+000
321.7431,0.0000E+000
321.7500,0.0000E+000
321.7569,0.0000E+000
321.7639,0.0000E+000
321.7708,0.0000E+000
321.7778,0.0000E+000
321.7847,0.0000E+000
321.7917,0.0000E+000
321.7986,0.0000E+000
321.8056,0.0000E+000
321.8125,0.0000E+000
321.8194,0.0000E+000
321.8264,0.0000E+000
321.8333,0.0000E+000
321.8403,0.0000E+000
321.8472,0.0000E+000
321.8542,0.0000E+000
321.8611,0.0000E+000
321.8681,0.0000E+000
321.8750,0.0000E+000
321.8819,0.0000E+000
321.8889,0.0000E+000
321.8958,0.0000E+000
321.9028,0.0000E+000
321.9097,0.0000E+000
321.9167,0.0000E+000
321.9236,0.0000E+000
321.9306,0.0000E+000
321.9375,0.0000E+000
321.9444,0.0000E+000
321.9514,0.0000E+000
321.9583,0.0000E+000
321.9653,0.0000E+000
321.9722,0.0000E+000
321.9792,0.0000E+000
321.9861,0.0000E+000
321.9931,0.0000E+000
322.0000,0.0000E+000
322.0069,0.0000E+000
322.0139,0.0000E+000
322.0208,0.0000E+000
322.0278,0.0000E+000
322.0347,0.0000E+000
322.0417,0.0000E+000
322.0486,0.0000E+000
322.0556,0.0000E+000
322.0625,0.0000E+000
322.0694,0.0000E+000
322.0764,0.0000E+000
322.0833,0.0000E+000
322.0903,0.0000E+000
322.0972,0.0000E+000
322.1042,0.0000E+000
322.1111,0.0000E+000
322.1181,0.0000E+000
322.1250,0.0000E+000
322.1319,0.0000E+000
322.1389,0.0000E+000
322.1458,0.0000E+000
322.1528,0.0000E+000
322.1597,0.0000E+000
322.1667,0.0000E+000
322.1736,0.0000E+000
322.1806,0.0000E+000
322.1875,0.0000E+000
322.1944,0.0000E+000
322.2014,0.0000E+000
322.2083,0.0000E+000
322.2153,0.0000E+000
322.2222,0.0000E+000
322.2292,0.0000E+000
322.2361,0.0000E+000
322.2431,0.0000E+000
322.2500,0.0000E+000
322.2569,0.0000E+000
322.2639,0.0000E+000
322.2708,0.0000E+000
322.2778,0.0000E+000
322.2847,0.0000E+000
322.2917,0.0000E+000
322.2986,0.0000E+000
322.3056,0.0000E+000
322.3125,0.0000E+000
322.3194,1.1022E-002
322.3264,3.7186E-001
322.3333,1.3105E+000
322.3403,2.3483E+000
322.3472,3.0804E+000
322.3542,4.1396E+000
322.3611,4.9790E+000
322.3681,5.8248E+000
322.3750,7.2773E+000
322.3819,8.4571E+000
322.3889,9.4745E+000
322.3958,1.0227E+001
322.4028,1.1385E+001
322.4097,1.5560E+001
322.4167,1.3717E+001
322.4236,1.5304E+001
322.4306,1.4635E+001
322.4375,1.6087E+001
322.4444,2.3317E+001
322.4514,2.0297E+001
322.4583,1.3913E+002
322.4653,1.1010E+002
322.4722,1.3895E+002
322.4792,1.6260E+002
322.4861,1.6282E+002
322.4931,1.7779E+002
322.5000,1.8871E+002
322.5069,1.8785E+002
322.5139,1.8794E+002
322.5208,1.8604E+002
322.5278,1.7867E+002
322.5347,1.8031E+002
322.5417,1.7037E+002
322.5486,1.6044E+002
322.5556,1.5565E+002
322.5625,1.4632E+002
322.5694,1.3468E+002
322.5764,2.9112E+001
322.5833,9.9056E+000
322.5903,1.1877E+001
322.5972,1.2216E+001
322.6042,1.1942E+001
322.6111,1.1316E+001
322.6181,9.6373E+000
322.6250,8.1897E+000
322.6319,7.9350E+000
322.6389,7.0831E+000
322.6458,6.6887E+000
322.6528,6.1824E+000
322.6597,5.4493E+000
322.6667,3.7624E+000
322.6736,2.4350E+000
322.6806,1.1227E+000
322.6875,3.6822E-001
322.6944,2.8994E-003
322.7014,4.7465E-014
322.7083,0.0000E+000
322.7153,0.0000E+000
322.7222,0.0000E+000
322.7292,0.0000E+000
322.7361,0.0000E+000
322.7431,0.0000E+000
322.7500,0.0000E+000
322.7569,0.0000E+000
322.7639,0.0000E+000
322.7708,0.0000E+000
322.7778,0.0000E+000
322.7847,0.0000E+000
322.7917,0.0000E+000
322.7986,0.0000E+000
322.8056,0.0000E+000
322.8125,0.0000E+000
322.8194,0.0000E+000
322.8264,0.0000E+000
322.8333,0.0000E+000
322.8403,0.0000E+000
322.8472,0.0000E+000
322.8542,0.0000E+000
322.8611,0.0000E+000
322.8681,0.0000E+000
322.8750,4.6380E-003
322.8819,0.0000E+000
322.8889,0.0000E+000
322.8958,0.0000E+000
322.9028,0.0000E+000
322.9097,1.5185E-013
322.9167,4.6378E-003
322.9236,2.8986E-003
322.9306,2.5508E-002
322.9375,4.6377E-003
322.9444,1.6232E-002
322.9514,2.6573E-013
322.9583,0.0000E+000
322.9653,0.0000E+000
322.9722,1.1014E-002
322.9792,5.4093E-013
322.9861,0.0000E+000
322.9931,0.0000E+000
323.0000,1.3912E-002
323.0069,1.3332E-002
323.0139,2.1826E-013
323.0208,1.1672E-012
323.0278,2.3766E-002
323.0347,2.7823E-002
323.0417,1.3665E-012
323.0486,1.1767E-012
323.0556,7.1874E-002
323.0625,5.1007E-002
323.0694,2.5503E-002
323.0764,3.3038E-002
323.0833,3.5356E-002
323.0903,4.0573E-002
323.0972,7.7087E-002
323.1042,1.0491E-001
323.1111,2.2604E-002
323.1181,2.2604E-002
323.1250,7.0709E-002
323.1319,1.5649E-002
323.1389,1.5649E-002
323.1458,3.0717E-002
323.1528,1.6807E-002
323.1597,0.0000E+000
323.1667,0.0000E+000
323.1736,0.0000E+000
323.1806,0.0000E+000
323.1875,0.0000E+000
323.1944,0.0000E+000
323.2014,0.0000E+000
323.2083,0.0000E+000
323.2153,0.0000E+000
323.2222,3.0359E-013
323.2292,9.2722E-003
323.2361,0.0000E+000
323.2431,0.0000E+000
323.2500,0.0000E+000
323.2569,5.3127E-013
323.2639,8.1129E-003
323.2708,4.0564E-003
323.2778,1.3281E-013
323.2847,3.6049E-013
323.2917,1.1010E-002
323.2986,0.0000E+000
323.3056,0.0000E+000
323.3125,0.0000E+000
323.3194,0.0000E+000
323.3264,0.0000E+000
323.3333,2.9030E-001
323.3403,2.4684E-001
323.3472,7.8919E-001
323.3542,8.1468E-001
323.3611,2.3079E+000
323.3681,1.1229E+001
323.3750,3.2653E+001
323.3819,1.6042E+001
323.3889,8.7589E+000
323.3958,1.2790E+001
323.4028,3.3084E+001
323.4097,5.2264E+001
323.4167,5.5249E+001
323.4236,5.2487E+001
323.4306,6.4737E+001
323.4375,4.9570E+001
323.4444,6.2032E+001
323.4514,4.4751E+001
323.4583,6.3560E+001
323.4653,8.7271E+001
323.4722,1.3453E+002
323.4792,1.1442E+002
323.4861,1.8469E+002
323.4931,1.8228E+002
323.5000,1.7316E+002
323.5069,8.4388E+001
323.5139,5.4602E+001
323.5208,5.7199E+001
323.5278,5.3390E+001
323.5347,3.5156E+001
323.5417,2.6899E+001
323.5486,3.0328E+001
323.5556,3.3866E+001
323.5625,5.6324E+001
323.5694,3.3789E+001
323.5764,2.7312E+001
323.5833,3.0117E+001
323.5903,4.4630E+001
323.5972,3.8424E+001
323.6042,2.6361E+001
323.6111,2.0294E+001
323.6181,1.6074E+001
323.6250,2.0599E+001
323.6319,1.4130E+001
323.6389,7.9738E+000
323.6458,1.1957E+001
323.6528,7.4419E+000
323.6597,5.9278E+000
323.6667,7.0045E+000
323.6736,9.4041E+000
323.6806,3.5065E+000
323.6875,1.9710E+000
323.6944,8.2884E-001
323.7014,1.3569E-011
323.7083,6.9503E-003
323.7153,2.2756E-013
323.7222,1.1004E-002
323.7292,1.6796E-002
323.7361,1.1004E-002
323.7431,7.2059E-013
323.7500,0.0000E+000
323.7569,0.0000E+000
323.7639,0.0000E+000
323.7708,0.0000E+000
323.7778,0.0000E+000
323.7847,0.0000E+000
323.7917,0.0000E+000
323.7986,0.0000E+000
323.8056,0.0000E+000
323.8125,0.0000E+000
323.8194,0.0000E+000
323.8264,0.0000E+000
323.8333,0.0000E+000
323.8403,0.0000E+000
323.8472,0.0000E+000
323.8542,0.0000E+000
323.8611,0.0000E+000
323.8681,0.0000E+000
323.8750,0.0000E+000
323.8819,0.0000E+000
323.8889,0.0000E+000
323.8958,0.0000E+000
323.9028,0.0000E+000
323.9097,0.0000E+000
323.9167,0.0000E+000
323.9236,0.0000E+000
323.9306,0.0000E+000
323.9375,0.0000E+000
323.9444,0.0000E+000
323.9514,0.0000E+000
323.9583,0.0000E+000
323.9653,0.0000E+000
323.9722,0.0000E+000
323.9792,0.0000E+000
323.9861,0.0000E+000
323.9931,0.0000E+000
324.0000,0.0000E+000
324.0069,0.0000E+000
324.0139,0.0000E+000
324.0208,0.0000E+000
324.0278,0.0000E+000
324.0347,4.6318E-003
324.0417,2.2748E-013
324.0486,1.9685E-002
324.0556,1.2890E-012
324.0625,0.0000E+000
324.0694,2.4316E-002
324.0764,1.3895E-002
324.0833,9.9516E-013
324.0903,2.0263E-002
324.0972,6.0208E-002
324.1042,5.6734E-002
324.1111,1.6789E-002
324.1181,2.6051E-002
324.1250,2.2925E-001
324.1319,4.5490E-013
324.1389,6.9468E-003
324.1458,2.3735E-002
324.1528,7.7711E-013
324.1597,2.9523E-002
324.1667,3.2996E-002
324.1736,3.1259E-002
324.1806,1.0825E-001
324.1875,6.7149E-002
324.1944,4.3415E-002
324.2014,5.4413E-002
324.2083,1.1519E-001
324.2153,6.8304E-002
324.2222,7.0040E-002
324.2292,1.2387E-001
324.2361,3.8203E-002
324.2431,3.9360E-002
324.2500,0.0000E+000
324.2569,3.5887E-002
324.2639,1.0997E-002
324.2708,1.5628E-002
324.2778,3.4728E-002
324.2847,2.3152E-003
324.2917,1.2734E-002
324.2986,9.1449E-001
324.3056,1.9563E-001
324.3125,0.0000E+000
324.3194,3.0386E-001
324.3264,1.3509E+000
324.3333,2.7115E+000
324.3403,4.4767E+000
324.3472,6.6164E+000
324.3542,1.0576E+001
324.3611,1.3228E+001
324.3681,1.8845E+001
324.3750,1.9322E+001
324.3819,1.7844E+001
324.3889,2.2958E+001
324.3958,3.3596E+001
324.4028,3.3928E+001
324.4097,3.5559E+001
324.4167,3.8929E+001
324.4236,4.5634E+001
324.4306,5.1279E+001
324.4375,6.1789E+001
324.4444,7.0930E+001
324.4514,6.1804E+001
324.4583,5.8619E+001
324.4653,6.2588E+001
324.4722,7.0953E+001
324.4792,8.5130E+001
324.4861,9.2629E+001
324.4931,7.8102E+001
324.5000,6.3079E+001
324.5069,6.2185E+001
324.5139,7.0433E+001
324.5208,7.4409E+001
324.5278,6.9605E+001
324.5347,7.4444E+001
324.5417,7.7580E+001
324.5486,7.7125E+001
324.5556,7.4450E+001
324.5625,6.8046E+001
324.5694,5.5795E+001
324.5764,4.8298E+001
324.5833,4.9633E+001
324.5903,5.4571E+001
324.5972,5.7603E+001
324.6042,5.4190E+001
324.6111,4.4972E+001
324.6181,4.1605E+001
324.6250,3.4246E+001
324.6319,3.1824E+001
324.6389,2.9875E+001
324.6458,1.9093E+001
324.6528,6.4532E+000
324.6597,4.3131E+000
324.6667,3.4614E+000
324.6736,2.3332E+000
324.6806,1.0448E+000
324.6875,1.5910E-001
324.6944,0.0000E+000
324.7014,0.0000E+000
324.7083,0.0000E+000
324.7153,0.0000E+000
324.7222,0.0000E+000
324.7292,0.0000E+000
324.7361,0.0000E+000
324.7431,0.0000E+000
324.7500,0.0000E+000
324.7569,0.0000E+000
324.7639,0.0000E+000
324.7708,0.0000E+000
324.7778,0.0000E+000
324.7847,0.0000E+000
324.7917,0.0000E+000
324.7986,0.0000E+000
324.8056,0.0000E+000
324.8125,0.0000E+000
324.8194,0.0000E+000
324.8264,0.0000E+000
324.8333,6.6346E-001
324.8403,1.2725E-001
324.8472,0.0000E+000
324.8542,0.0000E+000
324.8611,8.0977E-003
324.8681,6.9409E-003
324.8750,3.5282E-002
324.8819,1.6195E-002
324.8889,3.4704E-002
324.8958,3.9909E-002
324.9028,4.8584E-002
324.9097,5.8416E-002
324.9167,4.6848E-002
324.9236,6.5356E-002
324.9306,5.4945E-002
324.9375,5.3787E-002
324.9444,4.8003E-002
324.9514,9.8319E-002
324.9583,1.6194E-001
324.9653,1.9085E-002
324.9722,1.3186E-001
324.9792,1.1856E-001
324.9861,2.9495E-002
324.9931,6.5929E-002
325.0000,1.0005E-001
325.0069,3.8747E-002
325.0139,6.0144E-002
325.0208,3.2385E-002
325.0278,1.9084E-002
325.0347,5.3781E-002
325.0417,1.1045E-001
325.0486,5.4359E-002
325.0556,3.2384E-002
325.0625,1.6192E-002
325.0694,8.0958E-003
325.0764,2.5444E-002
325.0833,6.3030E-002
325.0903,2.0817E-002
325.0972,8.6738E-003
325.1042,1.1738E-001
325.1111,4.5103E-002
325.1181,3.4694E-003
325.1250,7.6905E-002
325.1319,7.9217E-002
325.1389,4.7414E-002
325.1458,1.3530E-001
325.1528,3.9319E-002
325.1597,5.0304E-002
325.1667,2.3706E-002
325.1736,9.3090E-002
325.1806,3.1801E-002
325.1875,6.1866E-002
325.1944,8.0946E-003
325.2014,1.9196E-001
325.2083,5.9552E-002
325.2153,6.0708E-002
325.2222,2.1970E-002
325.2292,4.6253E-003
325.2361,2.0814E-002
325.2431,8.9035E-002
325.2500,6.1284E-002
325.2569,5.2033E-002
325.2639,6.1283E-002
325.2708,8.6720E-003
325.2778,5.7813E-003
325.2847,0.0000E+000
325.2917,0.0000E+000
325.2986,0.0000E+000
325.3056,0.0000E+000
325.3125,1.5724E-001
325.3194,9.7526E-001
325.3264,1.1001E+000
325.3333,1.4233E+000
325.3403,2.4979E+000
325.3472,3.9570E+000
325.3542,6.3895E+000
325.3611,1.1759E+001
325.3681,1.4881E+001
325.3750,1.5902E+001
325.3819,1.7163E+001
325.3889,2.0712E+001
325.3958,2.3741E+001
325.4028,2.9326E+001
325.4097,3.1196E+001
325.4167,2.6813E+001
325.4236,2.7302E+001
325.4306,3.0220E+001
325.4375,3.2315E+001
325.4444,3.7384E+001
325.4514,4.4935E+001
325.4583,9.3212E+001
325.4653,1.2294E+002
325.4722,1.2495E+002
325.4792,9.6147E+001
325.4861,9.9535E+001
325.4931,6.5295E+001
325.5000,1.0035E+002
325.5069,1.4389E+002
325.5139,1.6015E+002
325.5208,1.5092E+002
325.5278,1.6201E+002
325.5347,1.5883E+002
325.5417,1.5474E+002
325.5486,1.6073E+002
325.5556,1.5637E+002
325.5625,1.6055E+002
325.5694,1.3892E+002
325.5764,7.3456E+001
325.5833,4.4353E+001
325.5903,2.8520E+001
325.5972,1.7680E+001
325.6042,1.3739E+001
325.6111,1.2036E+001
325.6181,1.0596E+001
325.6250,9.8462E+000
325.6319,9.5334E+000
325.6389,8.3828E+000
325.6458,7.2743E+000
325.6528,6.4612E+000
325.6597,5.5476E+000
325.6667,4.1393E+000
325.6736,2.5645E+000
325.6806,1.4129E+000
325.6875,6.2524E-001
325.6944,1.0979E-002
325.7014,1.7974E-013
325.7083,0.0000E+000
325.7153,0.0000E+000
325.7222,0.0000E+000
325.7292,0.0000E+000
325.7361,0.0000E+000
325.7431,0.0000E+000
325.7500,0.0000E+000
325.7569,0.0000E+000
325.7639,0.0000E+000
325.7708,0.0000E+000
325.7778,0.0000E+000
325.7847,0.0000E+000
325.7917,0.0000E+000
325.7986,0.0000E+000
325.8056,0.0000E+000
325.8125,0.0000E+000
325.8194,0.0000E+000
325.8264,0.0000E+000
325.8333,0.0000E+000
325.8403,0.0000E+000
325.8472,0.0000E+000
325.8542,0.0000E+000
325.8611,3.7832E-014
325.8681,2.3109E-003
325.8750,1.5859E+000
325.8819,2.8886E-003
325.8889,1.6176E-002
325.8958,3.9722E-013
325.9028,8.0879E-003
325.9097,1.3865E-002
325.9167,9.2431E-003
325.9236,9.8208E-003
325.9306,1.0976E-002
325.9375,0.0000E+000
325.9444,1.3864E-002
325.9514,8.0874E-003
325.9583,5.7767E-004
325.9653,3.4660E-003
325.9722,1.6752E-002
325.9792,2.1373E-002
325.9861,3.4659E-003
325.9931,1.2131E-002
326.0000,6.3540E-003
326.0069,6.3540E-003
326.0139,1.5018E-002
326.0208,2.0795E-002
326.0278,6.3538E-003
326.0347,1.1552E-002
326.0417,1.0975E-002
326.0486,4.0432E-003
326.0556,2.6476E-013
326.0625,0.0000E+000
326.0694,1.4440E-002
326.0764,2.3639E-013
326.0833,4.3896E-002
326.0903,2.4836E-002
326.0972,2.0793E-002
326.1042,1.7327E-003
326.1111,6.9308E-003
326.1181,4.5385E-013
326.1250,8.0858E-003
326.1319,2.2692E-013
326.1389,3.4653E-003
326.1458,2.8365E-014
326.1528,5.7754E-004
326.1597,0.0000E+000
326.1667,0.0000E+000
326.1736,0.0000E+000
326.1806,0.0000E+000
326.1875,2.8876E-003
326.1944,0.0000E+000
326.2014,0.0000E+000
326.2083,0.0000E+000
326.2153,0.0000E+000
326.2222,0.0000E+000
326.2292,0.0000E+000
326.2361,0.0000E+000
326.2431,0.0000E+000
326.2500,0.0000E+000
326.2569,0.0000E+000
326.2639,0.0000E+000
326.2708,0.0000E+000
326.2778,0.0000E+000
326.2847,0.0000E+000
326.2917,0.0000E+000
326.2986,0.0000E+000
326.3056,0.0000E+000
326.3125,0.0000E+000
326.3194,1.2646E-001
326.3264,6.4382E-001
326.3333,2.2040E+000
326.3403,4.6337E+000
326.3472,5.6828E+000
326.3542,8.4116E+000
326.3611,1.1558E+001
326.3681,1.4650E+001
326.3750,2.0995E+001
326.3819,2.0939E+001
326.3889,2.2716E+001
326.3958,2.5544E+001
326.4028,2.9256E+001
326.4097,2.9100E+001
326.4167,3.7972E+001
326.4236,3.4467E+001
326.4306,4.4519E+001
326.4375,7.0140E+001
326.4444,6.9611E+001
326.4514,7.8191E+001
326.4583,7.2198E+001
326.4653,9.1498E+001
326.4722,1.1615E+002
326.4792,5.2709E+001
326.4861,7.0635E+001
326.4931,7.6619E+001
326.5000,4.9766E+001
326.5069,6.6353E+001
326.5139,3.7521E+001
326.5208,4.3932E+001
326.5278,4.5055E+001
326.5347,5.5916E+001
326.5417,4.7180E+001
326.5486,4.0891E+001
326.5556,4.1950E+001
326.5625,3.6733E+001
326.5694,3.5147E+001
326.5764,3.7988E+001
326.5833,3.8887E+001
326.5903,2.9712E+001
326.5972,2.8477E+001
326.6042,2.8066E+001
326.6111,3.9001E+001
326.6181,3.9584E+001
326.6250,2.7931E+001
326.6319,2.8449E+001
326.6389,2.9283E+001
326.6458,2.3658E+001
326.6528,1.9280E+001
326.6597,1.8591E+001
326.6667,1.2276E+001
326.6736,5.7949E+000
326.6806,2.7439E+000
326.6875,6.5105E-001
326.6944,0.0000E+000
326.7014,0.0000E+000
326.7083,0.0000E+000
326.7153,0.0000E+000
326.7222,0.0000E+000
326.7292,0.0000E+000
326.7361,0.0000E+000
326.7431,0.0000E+000
326.7500,0.0000E+000
326.7569,0.0000E+000
326.7639,0.0000E+000
326.7708,0.0000E+000
326.7778,0.0000E+000
326.7847,0.0000E+000
326.7917,0.0000E+000
326.7986,0.0000E+000
326.8056,0.0000E+000
326.8125,0.0000E+000
326.8194,0.0000E+000
326.8264,0.0000E+000
326.8333,0.0000E+000
326.8403,0.0000E+000
326.8472,0.0000E+000
326.8542,0.0000E+000
326.8611,0.0000E+000
326.8681,0.0000E+000
326.8750,0.0000E+000
326.8819,0.0000E+000
326.8889,0.0000E+000
326.8958,0.0000E+000
326.9028,0.0000E+000
326.9097,0.0000E+000
326.9167,0.0000E+000
326.9236,0.0000E+000
326.9306,0.0000E+000
326.9375,0.0000E+000
326.9444,0.0000E+000
326.9514,0.0000E+000
326.9583,0.0000E+000
326.9653,0.0000E+000
326.9722,0.0000E+000
326.9792,0.0000E+000
326.9861,0.0000E+000
326.9931,0.0000E+000
327.0000,0.0000E+000
327.0069,0.0000E+000
327.0139,0.0000E+000
327.0208,0.0000E+000
327.0278,0.0000E+000
327.0347,0.0000E+000
327.0417,0.0000E+000
327.0486,0.0000E+000
327.0556,0.0000E+000
327.0625,0.0000E+000
327.0694,0.0000E+000
327.0764,0.0000E+000
327.0833,0.0000E+000
327.0903,0.0000E+000
327.0972,0.0000E+000
327.1042,0.0000E+000
327.1111,0.0000E+000
327.1181,0.0000E+000
327.1250,0.0000E+000
327.1319,0.0000E+000
327.1389,0.0000E+000
327.1458,0.0000E+000
327.1528,0.0000E+000
327.1597,0.0000E+000
327.1667,0.0000E+000
327.1736,0.0000E+000
327.1806,0.0000E+000
327.1875,0.0000E+000
327.1944,0.0000E+000
327.2014,0.0000E+000
327.2083,0.0000E+000
327.2153,0.0000E+000
327.2222,0.0000E+000
327.2292,0.0000E+000
327.2361,0.0000E+000
327.2431,0.0000E+000
327.2500,0.0000E+000
327.2569,0.0000E+000
327.2639,0.0000E+000
327.2708,0.0000E+000
327.2778,0.0000E+000
327.2847,0.0000E+000
327.2917,0.0000E+000
327.2986,0.0000E+000
327.3056,0.0000E+000
327.3125,0.0000E+000
327.3194,0.0000E+000
327.3264,0.0000E+000
327.3333,1.3596E-012
327.3403,2.7683E-002
327.3472,2.4915E-001
327.3542,7.9646E-001
327.3611,1.7348E+000
327.3681,2.5618E+000
327.3750,3.4568E+000
327.3819,9.0370E+000
327.3889,2.8303E+001
327.3958,2.5196E+001
327.4028,2.5553E+001
327.4097,1.9956E+001
327.4167,3.0369E+001
327.4236,3.3399E+001
327.4306,3.1784E+001
327.4375,2.5568E+001
327.4444,1.6410E+001
327.4514,1.8488E+001
327.4583,2.9032E+001
327.4653,3.1976E+001
327.4722,3.7812E+001
327.4792,4.7436E+001
327.4861,7.0132E+001
327.4931,6.3496E+001
327.5000,5.6547E+001
327.5069,5.9160E+001
327.5139,6.0237E+001
327.5208,6.0117E+001
327.5278,8.7256E+001
327.5347,9.8156E+001
327.5417,6.4876E+001
327.5486,4.6858E+001
327.5556,4.8511E+001
327.5625,5.7949E+001
327.5694,4.2662E+001
327.5764,3.5842E+001
327.5833,3.7822E+001
327.5903,3.6257E+001
327.5972,3.4655E+001
327.6042,3.3484E+001
327.6111,2.5287E+001
327.6181,2.0818E+001
327.6250,1.9105E+001
327.6319,1.7233E+001
327.6389,1.4941E+001
327.6458,8.1953E+000
327.6528,7.9306E+000
327.6597,1.1721E+001
327.6667,9.5591E+000
327.6736,7.0242E+000
327.6806,3.7340E+000
327.6875,1.3502E+000
327.6944,1.9255E-001
327.7014,3.1522E-012
327.7083,0.0000E+000
327.7153,0.0000E+000
327.7222,0.0000E+000
327.7292,0.0000E+000
327.7361,0.0000E+000
327.7431,0.0000E+000
327.7500,0.0000E+000
327.7569,0.0000E+000
327.7639,0.0000E+000
327.7708,0.0000E+000
327.7778,0.0000E+000
327.7847,0.0000E+000
327.7917,0.0000E+000
327.7986,0.0000E+000
327.8056,0.0000E+000
327.8125,0.0000E+000
327.8194,0.0000E+000
327.8264,0.0000E+000
327.8333,0.0000E+000
327.8403,0.0000E+000
327.8472,0.0000E+000
327.8542,0.0000E+000
327.8611,0.0000E+000
327.8681,0.0000E+000
327.8750,0.0000E+000
327.8819,0.0000E+000
327.8889,0.0000E+000
327.8958,0.0000E+000
327.9028,0.0000E+000
327.9097,0.0000E+000
327.9167,0.0000E+000
327.9236,0.0000E+000
327.9306,0.0000E+000
327.9375,0.0000E+000
327.9444,0.0000E+000
327.9514,0.0000E+000
327.9583,0.0000E+000
327.9653,0.0000E+000
327.9722,0.0000E+000
327.9792,0.0000E+000
327.9861,0.0000E+000
327.9931,0.0000E+000
328.0000,0.0000E+000
328.0069,0.0000E+000
328.0139,0.0000E+000
328.0208,0.0000E+000
328.0278,0.0000E+000
328.0347,0.0000E+000
328.0417,0.0000E+000
328.0486,0.0000E+000
328.0556,0.0000E+000
328.0625,0.0000E+000
328.0694,0.0000E+000
328.0764,0.0000E+000
328.0833,0.0000E+000
328.0903,0.0000E+000
328.0972,0.0000E+000
328.1042,0.0000E+000
328.1111,0.0000E+000
328.1181,0.0000E+000
328.1250,0.0000E+000
328.1319,0.0000E+000
328.1389,0.0000E+000
328.1458,0.0000E+000
328.1528,0.0000E+000
328.1597,0.0000E+000
328.1667,0.0000E+000
328.1736,0.0000E+000
328.1806,0.0000E+000
328.1875,0.0000E+000
328.1944,0.0000E+000
328.2014,0.0000E+000
328.2083,0.0000E+000
328.2153,0.0000E+000
328.2222,0.0000E+000
328.2292,0.0000E+000
328.2361,0.0000E+000
328.2431,0.0000E+000
328.2500,0.0000E+000
328.2569,0.0000E+000
328.2639,0.0000E+000
328.2708,0.0000E+000
328.2778,0.0000E+000
328.2847,0.0000E+000
328.2917,0.0000E+000
328.2986,0.0000E+000
328.3056,0.0000E+000
328.3125,0.0000E+000
328.3194,6.3375E-012
328.3264,9.6779E-002
328.3333,5.5359E-001
328.3403,1.6683E+000
328.3472,2.8578E+000
328.3542,4.4707E+000
328.3611,6.9500E+000
328.3681,8.7460E+000
328.3750,9.2505E+000
328.3819,9.9785E+000
328.3889,1.2002E+001
328.3958,1.4178E+001
328.4028,1.3959E+001
328.4097,1.6618E+001
328.4167,2.0939E+001
328.4236,2.5888E+001
328.4306,2.0409E+001
328.4375,2.9943E+001
328.4444,3.6516E+001
328.4514,3.7226E+001
328.4583,3.3271E+001
328.4653,3.6251E+001
328.4722,3.3763E+001
328.4792,3.1725E+001
328.4861,3.7864E+001
328.4931,4.2913E+001
328.5000,4.0433E+001
328.5069,4.2100E+001
328.5139,4.1908E+001
328.5208,3.8429E+001
328.5278,3.2238E+001
328.5347,2.7086E+001
328.5417,2.3405E+001
328.5486,2.7387E+001
328.5556,2.7978E+001
328.5625,2.4205E+001
328.5694,2.4277E+001
328.5764,2.4931E+001
328.5833,2.3544E+001
328.5903,2.0570E+001
328.5972,1.8695E+001
328.6042,2.2054E+001
328.6111,1.8900E+001
328.6181,1.5523E+001
328.6250,1.7590E+001
328.6319,1.3761E+001
328.6389,1.3200E+001
328.6458,1.2863E+001
328.6528,8.5738E+000
328.6597,6.4667E+000
328.6667,5.2562E+000
328.6736,2.3960E+000
328.6806,5.6661E-001
328.6875,5.1824E-003
328.6944,0.0000E+000
328.7014,0.0000E+000
328.7083,0.0000E+000
328.7153,0.0000E+000
328.7222,0.0000E+000
328.7292,0.0000E+000
328.7361,0.0000E+000
328.7431,0.0000E+000
328.7500,0.0000E+000
328.7569,0.0000E+000
328.7639,0.0000E+000
328.7708,0.0000E+000
328.7778,0.0000E+000
328.7847,0.0000E+000
328.7917,0.0000E+000
328.7986,0.0000E+000
328.8056,0.0000E+000
328.8125,0.0000E+000
328.8194,0.0000E+000
328.8264,0.0000E+000
328.8333,0.0000E+000
328.8403,0.0000E+000
328.8472,0.0000E+000
328.8542,0.0000E+000
328.8611,0.0000E+000
328.8681,0.0000E+000
328.8750,0.0000E+000
328.8819,0.0000E+000
328.8889,0.0000E+000
328.8958,0.0000E+000
328.9028,0.0000E+000
328.9097,0.0000E+000
328.9167,0.0000E+000
328.9236,0.0000E+000
328.9306,0.0000E+000
328.9375,0.0000E+000
328.9444,0.0000E+000
328.9514,0.0000E+000
328.9583,0.0000E+000
328.9653,0.0000E+000
328.9722,0.0000E+000
328.9792,0.0000E+000
328.9861,0.0000E+000
328.9931,0.0000E+000
329.0000,0.0000E+000
329.0069,0.0000E+000
329.0139,0.0000E+000
329.0208,0.0000E+000
329.0278,0.0000E+000
329.0347,0.0000E+000
329.0417,0.0000E+000
329.0486,0.0000E+000
329.0556,0.0000E+000
329.0625,0.0000E+000
329.0694,0.0000E+000
329.0764,0.0000E+000
329.0833,0.0000E+000
329.0903,0.0000E+000
329.0972,0.0000E+000
329.1042,0.0000E+000
329.1111,0.0000E+000
329.1181,0.0000E+000
329.1250,0.0000E+000
329.1319,0.0000E+000
329.1389,0.0000E+000
329.1458,0.0000E+000
329.1528,0.0000E+000
329.1597,0.0000E+000
329.1667,0.0000E+000
329.1736,0.0000E+000
329.1806,0.0000E+000
329.1875,0.0000E+000
329.1944,0.0000E+000
329.2014,0.0000E+000
329.2083,0.0000E+000
329.2153,0.0000E+000
329.2222,0.0000E+000
329.2292,0.0000E+000
329.2361,0.0000E+000
329.2431,0.0000E+000
329.2500,0.0000E+000
329.2569,0.0000E+000
329.2639,0.0000E+000
329.2708,2.8771E-003
329.2778,9.4202E-014
329.2847,0.0000E+000
329.2917,0.0000E+000
329.2986,0.0000E+000
329.3056,0.0000E+000
329.3125,0.0000E+000
329.3194,1.1508E-002
329.3264,9.4364E-002
329.3333,2.6295E-001
329.3403,7.7043E-001
329.3472,1.9482E+000
329.3542,3.0638E+000
329.3611,3.9361E+000
329.3681,5.4136E+000
329.3750,7.1223E+000
329.3819,1.1328E+001
329.3889,1.3709E+001
329.3958,1.8844E+001
329.4028,1.9366E+001
329.4097,2.1502E+001
329.4167,2.8304E+001
329.4236,2.8786E+001
329.4306,3.0360E+001
329.4375,3.9641E+001
329.4444,4.0990E+001
329.4514,4.8548E+001
329.4583,5.9837E+001
329.4653,6.9728E+001
329.4722,6.8916E+001
329.4792,8.3065E+001
329.4861,7.5330E+001
329.4931,7.2626E+001
329.5000,7.1583E+001
329.5069,7.9339E+001
329.5139,6.8250E+001
329.5208,9.9606E+001
329.5278,1.4562E+002
329.5347,1.5926E+002
329.5417,1.5313E+002
329.5486,1.4638E+002
329.5556,1.2562E+002
329.5625,1.0522E+002
329.5694,6.7545E+001
329.5764,6.3140E+001
329.5833,4.5417E+001
329.5903,3.4491E+001
329.5972,3.0524E+001
329.6042,2.9225E+001
329.6111,2.8943E+001
329.6181,2.2812E+001
329.6250,1.9660E+001
329.6319,1.6335E+001
329.6389,1.4520E+001
329.6458,9.9258E+000
329.6528,8.1795E+000
329.6597,5.2973E+000
329.6667,3.1053E+000
329.6736,1.4557E+000
329.6806,6.2289E-001
329.6875,5.8090E-002
329.6944,0.0000E+000
329.7014,0.0000E+000
329.7083,0.0000E+000
329.7153,0.0000E+000
329.7222,0.0000E+000
329.7292,0.0000E+000
329.7361,0.0000E+000
329.7431,0.0000E+000
329.7500,0.0000E+000
329.7569,0.0000E+000
329.7639,0.0000E+000
329.7708,0.0000E+000
329.7778,0.0000E+000
329.7847,0.0000E+000
329.7917,0.0000E+000
329.7986,0.0000E+000
329.8056,0.0000E+000
329.8125,0.0000E+000
329.8194,0.0000E+000
329.8264,0.0000E+000
329.8333,0.0000E+000
329.8403,0.0000E+000
329.8472,0.0000E+000
329.8542,0.0000E+000
329.8611,0.0000E+000
329.8681,0.0000E+000
329.8750,0.0000E+000
329.8819,0.0000E+000
329.8889,0.0000E+000
329.8958,0.0000E+000
329.9028,0.0000E+000
329.9097,0.0000E+000
329.9167,0.0000E+000
329.9236,0.0000E+000
329.9306,0.0000E+000
329.9375,0.0000E+000
329.9444,0.0000E+000
329.9514,0.0000E+000
329.9583,0.0000E+000
329.9653,0.0000E+000
329.9722,0.0000E+000
329.9792,0.0000E+000
329.9861,0.0000E+000
329.9931,0.0000E+000
330.0000,0.0000E+000
330.0069,0.0000E+000
330.0139,0.0000E+000
330.0208,0.0000E+000
330.0278,0.0000E+000
330.0347,0.0000E+000
330.0417,0.0000E+000
330.0486,0.0000E+000
330.0556,0.0000E+000
330.0625,0.0000E+000
330.0694,0.0000E+000
330.0764,0.0000E+000
330.0833,0.0000E+000
330.0903,0.0000E+000
330.0972,0.0000E+000
330.1042,0.0000E+000
330.1111,0.0000E+000
330.1181,0.0000E+000
330.1250,0.0000E+000
330.1319,0.0000E+000
330.1389,0.0000E+000
330.1458,0.0000E+000
330.1528,0.0000E+000
330.1597,0.0000E+000
330.1667,0.0000E+000
330.1736,0.0000E+000
330.1806,0.0000E+000
330.1875,0.0000E+000
330.1944,0.0000E+000
330.2014,0.0000E+000
330.2083,0.0000E+000
330.2153,0.0000E+000
330.2222,0.0000E+000
330.2292,0.0000E+000
330.2361,0.0000E+000
330.2431,0.0000E+000
330.2500,0.0000E+000
330.2569,0.0000E+000
330.2639,0.0000E+000
330.2708,0.0000E+000
330.2778,0.0000E+000
330.2847,0.0000E+000
330.2917,0.0000E+000
330.2986,0.0000E+000
330.3056,0.0000E+000
330.3125,0.0000E+000
330.3194,4.4409E-012
330.3264,6.7816E-002
330.3333,7.6091E-001
330.3403,1.9885E+000
330.3472,4.1987E+000
330.3542,6.6291E+000
330.3611,8.9577E+000
330.3681,9.6311E+000
330.3750,1.1088E+001
330.3819,1.0207E+001
330.3889,1.1724E+001
330.3958,1.3576E+001
330.4028,1.4155E+001
330.4097,1.7906E+001
330.4167,1.9744E+001
330.4236,2.3711E+001
330.4306,2.3973E+001
330.4375,2.2957E+001
330.4444,2.6419E+001
330.4514,2.7579E+001
330.4583,2.9579E+001
330.4653,2.8877E+001
330.4722,3.3386E+001
330.4792,3.4371E+001
330.4861,3.8160E+001
330.4931,3.9079E+001
330.5000,4.4360E+001
330.5069,5.0293E+001
330.5139,4.9007E+001
330.5208,4.4552E+001
330.5278,4.7260E+001
330.5347,5.2293E+001
330.5417,6.1278E+001
330.5486,6.4007E+001
330.5556,6.5116E+001
330.5625,6.1047E+001
330.5694,5.9226E+001
330.5764,5.3715E+001
330.5833,4.6494E+001
330.5903,4.0867E+001
330.5972,3.8199E+001
330.6042,3.1732E+001
330.6111,2.8005E+001
330.6181,2.4505E+001
330.6250,2.1167E+001
330.6319,1.7115E+001
330.6389,1.2777E+001
330.6458,1.1625E+001
330.6528,8.4674E+000
330.6597,6.7347E+000
330.6667,4.2448E+000
330.6736,2.1503E+000
330.6806,1.2276E+000
330.6875,2.3955E-001
330.6944,0.0000E+000
330.7014,0.0000E+000
330.7083,0.0000E+000
330.7153,0.0000E+000
330.7222,0.0000E+000
330.7292,0.0000E+000
330.7361,0.0000E+000
330.7431,0.0000E+000
330.7500,0.0000E+000
330.7569,0.0000E+000
330.7639,0.0000E+000
330.7708,0.0000E+000
330.7778,0.0000E+000
330.7847,0.0000E+000
330.7917,0.0000E+000
330.7986,0.0000E+000
330.8056,0.0000E+000
330.8125,0.0000E+000
330.8194,0.0000E+000
330.8264,0.0000E+000
330.8333,0.0000E+000
330.8403,0.0000E+000
330.8472,0.0000E+000
330.8542,0.0000E+000
330.8611,0.0000E+000
330.8681,0.0000E+000
330.8750,0.0000E+000
330.8819,0.0000E+000
330.8889,0.0000E+000
330.8958,0.0000E+000
330.9028,0.0000E+000
330.9097,0.0000E+000
330.9167,0.0000E+000
330.9236,0.0000E+000
330.9306,0.0000E+000
330.9375,0.0000E+000
330.9444,0.0000E+000
330.9514,0.0000E+000
330.9583,0.0000E+000
330.9653,0.0000E+000
330.9722,0.0000E+000
330.9792,0.0000E+000
330.9861,0.0000E+000
330.9931,0.0000E+000
331.0000,0.0000E+000
331.0069,0.0000E+000
331.0139,0.0000E+000
331.0208,0.0000E+000
331.0278,0.0000E+000
331.0347,0.0000E+000
331.0417,0.0000E+000
331.0486,0.0000E+000
331.0556,0.0000E+000
331.0625,0.0000E+000
331.0694,0.0000E+000
331.0764,0.0000E+000
331.0833,0.0000E+000
331.0903,0.0000E+000
331.0972,0.0000E+000
331.1042,0.0000E+000
331.1111,0.0000E+000
331.1181,0.0000E+000
331.1250,0.0000E+000
331.1319,0.0000E+000
331.1389,0.0000E+000
331.1458,0.0000E+000
331.1528,0.0000E+000
331.1597,0.0000E+000
331.1667,0.0000E+000
331.1736,0.0000E+000
331.1806,0.0000E+000
331.1875,0.0000E+000
331.1944,0.0000E+000
331.2014,0.0000E+000
331.2083,0.0000E+000
331.2153,0.0000E+000
331.2222,0.0000E+000
331.2292,0.0000E+000
331.2361,0.0000E+000
331.2431,0.0000E+000
331.2500,0.0000E+000
331.2569,0.0000E+000
331.2639,0.0000E+000
331.2708,0.0000E+000
331.2778,0.0000E+000
331.2847,0.0000E+000
331.2917,0.0000E+000
331.2986,0.0000E+000
331.3056,0.0000E+000
331.3125,0.0000E+000
331.3194,3.1576E-012
331.3264,4.8219E-002
331.3333,2.4224E-001
331.3403,8.3234E-001
331.3472,2.0854E+000
331.3542,4.3269E+000
331.3611,6.2183E+000
331.3681,9.7036E+000
331.3750,1.1320E+001
331.3819,1.4256E+001
331.3889,1.6752E+001
331.3958,1.9616E+001
331.4028,1.9803E+001
331.4097,1.5666E+001
331.4167,1.9357E+001
331.4236,2.2169E+001
331.4306,2.5574E+001
331.4375,2.6977E+001
331.4444,3.1066E+001
331.4514,3.4697E+001
331.4583,3.1684E+001
331.4653,3.7819E+001
331.4722,4.1378E+001
331.4792,4.1201E+001
331.4861,4.2107E+001
331.4931,4.2711E+001
331.5000,4.5375E+001
331.5069,5.1813E+001
331.5139,4.8236E+001
331.5208,5.1046E+001
331.5278,5.4590E+001
331.5347,7.1648E+001
331.5417,8.8850E+001
331.5486,7.6790E+001
331.5556,1.0998E+002
331.5625,1.0101E+002
331.5694,9.0411E+001
331.5764,4.6336E+001
331.5833,5.3110E+001
331.5903,4.7280E+001
331.5972,4.2904E+001
331.6042,4.1285E+001
331.6111,3.4361E+001
331.6181,2.5231E+001
331.6250,2.2421E+001
331.6319,2.6004E+001
331.6389,2.4222E+001
331.6458,1.5028E+001
331.6528,1.1311E+001
331.6597,7.3890E+000
331.6667,4.6283E+000
331.6736,2.2309E+000
331.6806,9.6742E-001
331.6875,1.5722E-001
331.6944,0.0000E+000
331.7014,0.0000E+000
331.7083,0.0000E+000
331.7153,0.0000E+000
331.7222,0.0000E+000
331.7292,0.0000E+000
331.7361,0.0000E+000
331.7431,0.0000E+000
331.7500,0.0000E+000
331.7569,0.0000E+000
331.7639,0.0000E+000
331.7708,0.0000E+000
331.7778,0.0000E+000
331.7847,0.0000E+000
331.7917,0.0000E+000
331.7986,0.0000E+000
331.8056,0.0000E+000
331.8125,0.0000E+000
331.8194,0.0000E+000
331.8264,0.0000E+000
331.8333,0.0000E+000
331.8403,0.0000E+000
331.8472,0.0000E+000
331.8542,0.0000E+000
331.8611,0.0000E+000
331.8681,0.0000E+000
331.8750,0.0000E+000
331.8819,0.0000E+000
331.8889,0.0000E+000
331.8958,0.0000E+000
331.9028,0.0000E+000
331.9097,0.0000E+000
331.9167,0.0000E+000
331.9236,0.0000E+000
331.9306,0.0000E+000
331.9375,0.0000E+000
331.9444,0.0000E+000
331.9514,0.0000E+000
331.9583,4.5581E-011
331.9653,9.2809E-001
331.9722,3.8431E-002
331.9792,2.2944E-003
331.9861,0.0000E+000
331.9931,0.0000E+000
332.0000,0.0000E+000
332.0069,0.0000E+000
332.0139,0.0000E+000
332.0208,0.0000E+000
332.0278,0.0000E+000
332.0347,0.0000E+000
332.0417,0.0000E+000
332.0486,0.0000E+000
332.0556,0.0000E+000
332.0625,0.0000E+000
332.0694,0.0000E+000
332.0764,0.0000E+000
332.0833,0.0000E+000
332.0903,0.0000E+000
332.0972,0.0000E+000
332.1042,0.0000E+000
332.1111,0.0000E+000
332.1181,0.0000E+000
332.1250,0.0000E+000
332.1319,0.0000E+000
332.1389,0.0000E+000
332.1458,0.0000E+000
332.1528,0.0000E+000
332.1597,0.0000E+000
332.1667,0.0000E+000
332.1736,0.0000E+000
332.1806,0.0000E+000
332.1875,0.0000E+000
332.1944,0.0000E+000
332.2014,0.0000E+000
332.2083,0.0000E+000
332.2153,0.0000E+000
332.2222,0.0000E+000
332.2292,0.0000E+000
332.2361,0.0000E+000
332.2431,0.0000E+000
332.2500,0.0000E+000
332.2569,0.0000E+000
332.2639,0.0000E+000
332.2708,0.0000E+000
332.2778,0.0000E+000
332.2847,0.0000E+000
332.2917,0.0000E+000
332.2986,0.0000E+000
332.3056,0.0000E+000
332.3125,0.0000E+000
332.3194,0.0000E+000
332.3264,0.0000E+000
332.3333,8.4856E-002
332.3403,7.5567E-001
332.3472,1.7040E+000
332.3542,2.8667E+000
332.3611,4.9175E+000
332.3681,5.3778E+000
332.3750,6.7372E+000
332.3819,8.1790E+000
332.3889,9.4884E+000
332.3958,1.1044E+001
332.4028,1.3875E+001
332.4097,1.9378E+001
332.4167,2.5092E+001
332.4236,3.1864E+001
332.4306,3.5722E+001
332.4375,4.3208E+001
332.4444,4.4634E+001
332.4514,4.7931E+001
332.4583,4.4178E+001
332.4653,4.7936E+001
332.4722,6.4045E+001
332.4792,5.4146E+001
332.4861,7.3083E+001
332.4931,6.1031E+001
332.5000,5.3377E+001
332.5069,5.9476E+001
332.5139,5.6610E+001
332.5208,5.3909E+001
332.5278,5.3193E+001
332.5347,5.3546E+001
332.5417,5.0763E+001
332.5486,4.4114E+001
332.5556,4.5206E+001
332.5625,4.4835E+001
332.5694,4.4357E+001
332.5764,4.3335E+001
332.5833,3.8567E+001
332.5903,3.8098E+001
332.5972,3.4117E+001
332.6042,3.2464E+001
332.6111,3.4838E+001
332.6181,2.7187E+001
332.6250,2.2323E+001
332.6319,1.9600E+001
332.6389,1.3255E+001
332.6458,1.0526E+001
332.6528,8.9914E+000
332.6597,6.2334E+000
332.6667,4.0841E+000
332.6736,2.1658E+000
332.6806,7.4047E-001
332.6875,2.4759E-001
332.6944,1.7193E-002
332.7014,2.8147E-013
332.7083,0.0000E+000
332.7153,0.0000E+000
332.7222,0.0000E+000
332.7292,0.0000E+000
332.7361,0.0000E+000
332.7431,0.0000E+000
332.7500,0.0000E+000
332.7569,0.0000E+000
332.7639,0.0000E+000
332.7708,0.0000E+000
332.7778,0.0000E+000
332.7847,0.0000E+000
332.7917,0.0000E+000
332.7986,0.0000E+000
332.8056,0.0000E+000
332.8125,0.0000E+000
332.8194,0.0000E+000
332.8264,0.0000E+000
332.8333,0.0000E+000
332.8403,0.0000E+000
332.8472,1.1460E-003
332.8542,5.6283E-014
332.8611,0.0000E+000
332.8681,0.0000E+000
332.8750,0.0000E+000
332.8819,0.0000E+000
332.8889,0.0000E+000
332.8958,0.0000E+000
332.9028,0.0000E+000
332.9097,0.0000E+000
332.9167,0.0000E+000
332.9236,0.0000E+000
332.9306,0.0000E+000
332.9375,0.0000E+000
332.9444,0.0000E+000
332.9514,0.0000E+000
332.9583,0.0000E+000
332.9653,0.0000E+000
332.9722,0.0000E+000
332.9792,0.0000E+000
332.9861,0.0000E+000
332.9931,0.0000E+000
333.0000,0.0000E+000
333.0069,0.0000E+000
333.0139,0.0000E+000
333.0208,0.0000E+000
333.0278,0.0000E+000
333.0347,0.0000E+000
333.0417,0.0000E+000
333.0486,0.0000E+000
333.0556,0.0000E+000
333.0625,0.0000E+000
333.0694,0.0000E+000
333.0764,0.0000E+000
333.0833,0.0000E+000
333.0903,0.0000E+000
333.0972,0.0000E+000
333.1042,0.0000E+000
333.1111,0.0000E+000
333.1181,0.0000E+000
333.1250,0.0000E+000
333.1319,0.0000E+000
333.1389,0.0000E+000
333.1458,0.0000E+000
333.1528,0.0000E+000
333.1597,0.0000E+000
333.1667,0.0000E+000
333.1736,0.0000E+000
333.1806,0.0000E+000
333.1875,0.0000E+000
333.1944,0.0000E+000
333.2014,0.0000E+000
333.2083,0.0000E+000
333.2153,0.0000E+000
333.2222,0.0000E+000
333.2292,0.0000E+000
333.2361,0.0000E+000
333.2431,0.0000E+000
333.2500,0.0000E+000
333.2569,0.0000E+000
333.2639,0.0000E+000
333.2708,0.0000E+000
333.2778,0.0000E+000
333.2847,0.0000E+000
333.2917,0.0000E+000
333.2986,0.0000E+000
333.3056,0.0000E+000
333.3125,0.0000E+000
333.3194,0.0000E+000
333.3264,0.0000E+000
333.3333,3.4595E-012
333.3403,7.0439E-002
333.3472,5.0738E-001
333.3542,1.0056E+000
333.3611,2.3273E+000
333.3681,3.2389E+000
333.3750,4.1964E+000
333.3819,5.3966E+000
333.3889,8.0267E+000
333.3958,1.1383E+001
333.4028,1.2391E+001
333.4097,1.2265E+001
333.4167,1.1382E+001
333.4236,1.4522E+001
333.4306,1.5659E+001
333.4375,1.8425E+001
333.4444,2.1374E+001
333.4514,2.1191E+001
333.4583,2.2880E+001
333.4653,2.5478E+001
333.4722,2.8697E+001
333.4792,3.1257E+001
333.4861,3.3305E+001
333.4931,3.6756E+001
333.5000,3.8601E+001
333.5069,3.9556E+001
333.5139,4.6585E+001
333.5208,4.8209E+001
333.5278,5.1746E+001
333.5347,5.4788E+001
333.5417,5.7910E+001
333.5486,5.9035E+001
333.5556,5.5284E+001
333.5625,5.0439E+001
333.5694,4.6723E+001
333.5764,4.5592E+001
333.5833,4.5064E+001
333.5903,4.1815E+001
333.5972,3.7496E+001
333.6042,3.1812E+001
333.6111,3.5121E+001
333.6181,3.2374E+001
333.6250,3.1787E+001
333.6319,3.0014E+001
333.6389,2.6146E+001
333.6458,1.9886E+001
333.6528,1.0992E+001
333.6597,6.3640E+000
333.6667,4.0953E+000
333.6736,2.7277E+000
333.6806,1.2210E+000
333.6875,1.2021E-002
333.6944,0.0000E+000
333.7014,0.0000E+000
333.7083,0.0000E+000
333.7153,0.0000E+000
333.7222,0.0000E+000
333.7292,0.0000E+000
333.7361,0.0000E+000
333.7431,0.0000E+000
333.7500,0.0000E+000
333.7569,0.0000E+000
333.7639,0.0000E+000
333.7708,0.0000E+000
333.7778,0.0000E+000
333.7847,0.0000E+000
333.7917,0.0000E+000
333.7986,0.0000E+000
333.8056,0.0000E+000
333.8125,0.0000E+000
333.8194,0.0000E+000
333.8264,0.0000E+000
333.8333,0.0000E+000
333.8403,0.0000E+000
333.8472,0.0000E+000
333.8542,0.0000E+000
333.8611,0.0000E+000
333.8681,0.0000E+000
333.8750,0.0000E+000
333.8819,0.0000E+000
333.8889,0.0000E+000
333.8958,0.0000E+000
333.9028,0.0000E+000
333.9097,0.0000E+000
333.9167,0.0000E+000
333.9236,0.0000E+000
333.9306,0.0000E+000
333.9375,0.0000E+000
333.9444,0.0000E+000
333.9514,0.0000E+000
333.9583,0.0000E+000
333.9653,0.0000E+000
333.9722,0.0000E+000
333.9792,0.0000E+000
333.9861,0.0000E+000
333.9931,0.0000E+000
334.0000,0.0000E+000
334.0069,0.0000E+000
334.0139,0.0000E+000
334.0208,0.0000E+000
334.0278,0.0000E+000
334.0347,0.0000E+000
334.0417,0.0000E+000
334.0486,0.0000E+000
334.0556,0.0000E+000
334.0625,0.0000E+000
334.0694,4.1440E-011
334.0764,6.3283E-001
334.0833,0.0000E+000
334.0903,0.0000E+000
334.0972,0.0000E+000
334.1042,0.0000E+000
334.1111,0.0000E+000
334.1181,0.0000E+000
334.1250,0.0000E+000
334.1319,0.0000E+000
334.1389,0.0000E+000
334.1458,0.0000E+000
334.1528,0.0000E+000
334.1597,0.0000E+000
334.1667,0.0000E+000
334.1736,0.0000E+000
334.1806,0.0000E+000
334.1875,0.0000E+000
334.1944,0.0000E+000
334.2014,0.0000E+000
334.2083,0.0000E+000
334.2153,0.0000E+000
334.2222,0.0000E+000
334.2292,0.0000E+000
334.2361,0.0000E+000
334.2431,0.0000E+000
334.2500,0.0000E+000
334.2569,0.0000E+000
334.2639,0.0000E+000
334.2708,0.0000E+000
334.2778,0.0000E+000
334.2847,0.0000E+000
334.2917,0.0000E+000
334.2986,0.0000E+000
334.3056,0.0000E+000
334.3125,0.0000E+000
334.3194,0.0000E+000
334.3264,0.0000E+000
334.3333,1.8647E-001
334.3403,7.9965E-001
334.3472,1.9076E+000
334.3542,2.8611E+000
334.3611,4.2035E+000
334.3681,5.2336E+000
334.3750,6.5182E+000
334.3819,7.4436E+000
334.3889,8.6767E+000
334.3958,1.0076E+001
334.4028,1.1411E+001
334.4097,1.3140E+001
334.4167,1.4868E+001
334.4236,1.5816E+001
334.4306,1.6631E+001
334.4375,1.7645E+001
334.4444,1.8678E+001
334.4514,2.0133E+001
334.4583,1.1076E+002
334.4653,1.0781E+002
334.4722,1.2930E+002
334.4792,1.3060E+002
334.4861,1.3415E+002
334.4931,1.3764E+002
334.5000,1.4269E+002
334.5069,1.4208E+002
334.5139,1.4270E+002
334.5208,1.4691E+002
334.5278,1.4982E+002
334.5347,1.4877E+002
334.5417,1.4772E+002
334.5486,1.4410E+002
334.5556,1.3787E+002
334.5625,1.3188E+002
334.5694,9.3400E+001
334.5764,4.3366E+001
334.5833,2.0342E+001
334.5903,1.9224E+001
334.5972,1.8434E+001
334.6042,1.6148E+001
334.6111,1.3191E+001
334.6181,1.1421E+001
334.6250,1.0706E+001
334.6319,1.0011E+001
334.6389,8.7021E+000
334.6458,7.5242E+000
334.6528,6.0466E+000
334.6597,4.4273E+000
334.6667,3.1419E+000
334.6736,1.8377E+000
334.6806,5.1173E-001
334.6875,1.7153E-002
334.6944,0.0000E+000
334.7014,0.0000E+000
334.7083,0.0000E+000
334.7153,0.0000E+000
334.7222,0.0000E+000
334.7292,0.0000E+000
334.7361,0.0000E+000
334.7431,0.0000E+000
334.7500,0.0000E+000
334.7569,0.0000E+000
334.7639,0.0000E+000
334.7708,0.0000E+000
334.7778,0.0000E+000
334.7847,0.0000E+000
334.7917,0.0000E+000
334.7986,0.0000E+000
334.8056,0.0000E+000
334.8125,0.0000E+000
334.8194,0.0000E+000
334.8264,0.0000E+000
334.8333,0.0000E+000
334.8403,0.0000E+000
334.8472,0.0000E+000
334.8542,0.0000E+000
334.8611,0.0000E+000
334.8681,0.0000E+000
334.8750,0.0000E+000
334.8819,1.6508E-011
334.8889,2.5209E-001
334.8958,6.0020E-002
334.9028,6.2306E-002
334.9097,8.4598E-002
334.9167,2.1721E-002
334.9236,8.0024E-003
334.9306,3.0866E-002
334.9375,7.4307E-003
334.9444,4.9728E-002
334.9514,4.4012E-002
334.9583,2.8072E-014
334.9653,5.7157E-004
334.9722,2.4328E-013
334.9792,7.4303E-003
334.9861,3.7723E-002
334.9931,2.3948E-001
335.0000,1.0688E-001
335.0069,1.4971E-013
335.0139,2.2862E-003
335.0208,3.0291E-002
335.0278,9.9179E-013
335.0347,1.0859E-002
335.0417,1.1145E-001
335.0486,6.7439E-002
335.0556,3.7491E-001
335.0625,4.0063E-001
335.0694,4.3263E-001
335.0764,3.8290E-001
335.0833,4.1490E-001
335.0903,4.1662E-001
335.0972,3.7775E-001
335.1042,3.2803E-001
335.1111,2.7545E-001
335.1181,3.2631E-001
335.1250,2.8116E-001
335.1319,1.8344E-001
335.1389,1.5372E-001
335.1458,3.3087E-001
335.1528,3.2344E-001
335.1597,1.4057E-001
335.1667,1.0972E-001
335.1736,5.2572E-002
335.1806,2.7371E-001
335.1875,4.0285E-001
335.1944,3.8628E-001
335.2014,3.3656E-001
335.2083,4.4056E-001
335.2153,4.3484E-001
335.2222,4.3255E-001
335.2292,4.5254E-001
335.2361,3.9426E-001
335.2431,3.5540E-001
335.2500,2.3484E-001
335.2569,5.1995E-002
335.2639,8.5120E-013
335.2708,0.0000E+000
335.2778,0.0000E+000
335.2847,0.0000E+000
335.2917,0.0000E+000
335.2986,0.0000E+000
335.3056,0.0000E+000
335.3125,0.0000E+000
335.3194,4.0406E-012
335.3264,6.1704E-002
335.3333,2.7766E-001
335.3403,8.5869E-001
335.3472,1.7819E+000
335.3542,2.4795E+000
335.3611,4.0848E+000
335.3681,6.9145E+000
335.3750,7.0149E+000
335.3819,6.8047E+000
335.3889,7.7986E+000
335.3958,5.4283E+000
335.4028,1.5436E+001
335.4097,2.3401E+001
335.4167,2.2885E+001
335.4236,1.6172E+001
335.4306,1.7626E+001
335.4375,1.8934E+001
335.4444,1.7679E+001
335.4514,2.1520E+001
335.4583,3.4061E+001
335.4653,3.0447E+001
335.4722,2.6266E+001
335.4792,2.5467E+001
335.4861,2.3324E+001
335.4931,2.3796E+001
335.5000,2.3484E+001
335.5069,2.5211E+001
335.5139,4.0426E+001
335.5208,4.7340E+001
335.5278,3.6466E+001
335.5347,3.1142E+001
335.5417,2.8672E+001
335.5486,2.3444E+001
335.5556,2.1313E+001
335.5625,3.0662E+001
335.5694,2.9588E+001
335.5764,1.8069E+001
335.5833,1.8270E+001
335.5903,1.4361E+001
335.5972,1.0704E+001
335.6042,8.0262E+000
335.6111,1.1753E+001
335.6181,1.1789E+001
335.6250,1.8219E+001
335.6319,2.2265E+001
335.6389,2.1195E+001
335.6458,1.3651E+001
335.6528,6.1211E+000
335.6597,4.5563E+000
335.6667,4.0394E+000
335.6736,2.9394E+000
335.6806,7.9553E-001
335.6875,3.1410E-002
335.6944,0.0000E+000
335.7014,0.0000E+000
335.7083,0.0000E+000
335.7153,0.0000E+000
335.7222,0.0000E+000
335.7292,0.0000E+000
335.7361,0.0000E+000
335.7431,0.0000E+000
335.7500,0.0000E+000
335.7569,0.0000E+000
335.7639,0.0000E+000
335.7708,0.0000E+000
335.7778,0.0000E+000
335.7847,0.0000E+000
335.7917,0.0000E+000
335.7986,0.0000E+000
335.8056,0.0000E+000
335.8125,0.0000E+000
335.8194,0.0000E+000
335.8264,0.0000E+000
335.8333,0.0000E+000
335.8403,0.0000E+000
335.8472,0.0000E+000
335.8542,0.0000E+000
335.8611,0.0000E+000
335.8681,0.0000E+000
335.8750,0.0000E+000
335.8819,0.0000E+000
335.8889,0.0000E+000
335.8958,0.0000E+000
335.9028,0.0000E+000
335.9097,0.0000E+000
335.9167,0.0000E+000
335.9236,0.0000E+000
335.9306,0.0000E+000
335.9375,0.0000E+000
335.9444,0.0000E+000
335.9514,0.0000E+000
335.9583,0.0000E+000
335.9653,0.0000E+000
335.9722,0.0000E+000
335.9792,0.0000E+000
335.9861,0.0000E+000
335.9931,0.0000E+000
336.0000,0.0000E+000
336.0069,0.0000E+000
336.0139,0.0000E+000
336.0208,0.0000E+000
336.0278,0.0000E+000
336.0347,0.0000E+000
336.0417,0.0000E+000
336.0486,0.0000E+000
336.0556,0.0000E+000
336.0625,0.0000E+000
336.0694,0.0000E+000
336.0764,0.0000E+000
336.0833,0.0000E+000
336.0903,0.0000E+000
336.0972,0.0000E+000
336.1042,0.0000E+000
336.1111,0.0000E+000
336.1181,0.0000E+000
336.1250,0.0000E+000
336.1319,0.0000E+000
336.1389,0.0000E+000
336.1458,0.0000E+000
336.1528,0.0000E+000
336.1597,0.0000E+000
336.1667,0.0000E+000
336.1736,0.0000E+000
336.1806,0.0000E+000
336.1875,0.0000E+000
336.1944,0.0000E+000
336.2014,0.0000E+000
336.2083,0.0000E+000
336.2153,0.0000E+000
336.2222,0.0000E+000
336.2292,0.0000E+000
336.2361,0.0000E+000
336.2431,0.0000E+000
336.2500,0.0000E+000
336.2569,0.0000E+000
336.2639,0.0000E+000
336.2708,0.0000E+000
336.2778,0.0000E+000
336.2847,0.0000E+000
336.2917,0.0000E+000
336.2986,0.0000E+000
336.3056,0.0000E+000
336.3125,0.0000E+000
336.3194,0.0000E+000
336.3264,0.0000E+000
336.3333,0.0000E+000
336.3403,0.0000E+000
336.3472,2.6421E-001
336.3542,1.4038E+000
336.3611,2.1884E+000
336.3681,3.4175E+000
336.3750,5.9578E+000
336.3819,7.4739E+000
336.3889,8.5358E+000
336.3958,9.0019E+000
336.4028,1.2695E+001
336.4097,1.7132E+001
336.4167,2.0760E+001
336.4236,2.4692E+001
336.4306,2.8901E+001
336.4375,3.1544E+001
336.4444,2.9441E+001
336.4514,3.0088E+001
336.4583,2.8717E+001
336.4653,1.5694E+001
336.4722,1.4565E+001
336.4792,2.4993E+001
336.4861,2.7568E+001
336.4931,2.8141E+001
336.5000,2.6128E+001
336.5069,2.3678E+001
336.5139,1.8639E+001
336.5208,1.9486E+001
336.5278,1.6076E+001
336.5347,2.0026E+001
336.5417,1.7161E+001
336.5486,1.3908E+001
336.5556,1.1960E+001
336.5625,1.2344E+001
336.5694,1.0445E+001
336.5764,9.8500E+000
336.5833,1.1956E+001
336.5903,1.0343E+001
336.5972,7.4287E+000
336.6042,7.5067E+000
336.6111,5.8147E+000
336.6181,4.1820E+000
336.6250,3.9994E+000
336.6319,2.9629E+000
336.6389,2.4563E+000
336.6458,1.8830E+000
336.6528,1.0770E+000
336.6597,5.8469E-001
336.6667,2.5099E-001
336.6736,2.6239E-002
336.6806,1.7182E-012
336.6875,0.0000E+000
336.6944,0.0000E+000
336.7014,0.0000E+000
336.7083,0.0000E+000
336.7153,0.0000E+000
336.7222,0.0000E+000
336.7292,0.0000E+000
336.7361,0.0000E+000
336.7431,0.0000E+000
336.7500,0.0000E+000
336.7569,0.0000E+000
336.7639,0.0000E+000
336.7708,0.0000E+000
336.7778,0.0000E+000
336.7847,0.0000E+000
336.7917,0.0000E+000
336.7986,0.0000E+000
336.8056,0.0000E+000
336.8125,0.0000E+000
336.8194,0.0000E+000
336.8264,0.0000E+000
336.8333,0.0000E+000
336.8403,0.0000E+000
336.8472,0.0000E+000
336.8542,0.0000E+000
336.8611,0.0000E+000
336.8681,0.0000E+000
336.8750,0.0000E+000
336.8819,0.0000E+000
336.8889,0.0000E+000
336.8958,5.7027E-003
336.9028,2.8912E-001
336.9097,2.9311E-001
336.9167,2.6802E-002
336.9236,6.2727E-003
336.9306,4.1076E-013
336.9375,0.0000E+000
336.9444,5.0751E-002
336.9514,5.4742E-002
336.9583,2.2404E-013
336.9653,4.5618E-003
336.9722,0.0000E+000
336.9792,0.0000E+000
336.9861,0.0000E+000
336.9931,0.0000E+000
337.0000,0.0000E+000
337.0069,0.0000E+000
337.0139,0.0000E+000
337.0208,0.0000E+000
337.0278,0.0000E+000
337.0347,0.0000E+000
337.0417,0.0000E+000
337.0486,0.0000E+000
337.0556,0.0000E+000
337.0625,0.0000E+000
337.0694,0.0000E+000
337.0764,0.0000E+000
337.0833,0.0000E+000
337.0903,0.0000E+000
337.0972,0.0000E+000
337.1042,0.0000E+000
337.1111,0.0000E+000
337.1181,0.0000E+000
337.1250,0.0000E+000
337.1319,0.0000E+000
337.1389,0.0000E+000
337.1458,0.0000E+000
337.1528,0.0000E+000
337.1597,0.0000E+000
337.1667,0.0000E+000
337.1736,0.0000E+000
337.1806,0.0000E+000
337.1875,0.0000E+000
337.1944,0.0000E+000
337.2014,0.0000E+000
337.2083,0.0000E+000
337.2153,0.0000E+000
337.2222,0.0000E+000
337.2292,0.0000E+000
337.2361,0.0000E+000
337.2431,0.0000E+000
337.2500,0.0000E+000
337.2569,0.0000E+000
337.2639,0.0000E+000
337.2708,5.6270E-012
337.2778,1.1457E-001
337.2847,3.5910E-002
337.2917,1.3110E-002
337.2986,6.5319E-014
337.3056,3.9899E-003
337.3125,0.0000E+000
337.3194,2.9860E-013
337.3264,4.5598E-003
337.3333,8.2646E-002
337.3403,3.4996E-001
337.3472,1.3747E+000
337.3542,2.2325E+000
337.3611,3.8027E+000
337.3681,7.6561E+000
337.3750,1.1723E+001
337.3819,1.6087E+001
337.3889,2.3094E+001
337.3958,2.7127E+001
337.4028,2.0230E+001
337.4097,2.2813E+001
337.4167,2.9212E+001
337.4236,2.6711E+001
337.4306,2.5691E+001
337.4375,2.5286E+001
337.4444,2.2293E+001
337.4514,2.1691E+001
337.4583,1.9895E+001
337.4653,2.0014E+001
337.4722,2.0725E+001
337.4792,2.0015E+001
337.4861,3.2957E+001
337.4931,4.2602E+001
337.5000,5.1642E+001
337.5069,5.9420E+001
337.5139,6.7675E+001
337.5208,6.9938E+001
337.5278,6.5022E+001
337.5347,8.8749E+001
337.5417,7.2007E+001
337.5486,1.0100E+002
337.5556,7.5070E+001
337.5625,6.0659E+001
337.5694,6.9570E+001
337.5764,6.8935E+001
337.5833,5.6394E+001
337.5903,3.2346E+001
337.5972,2.2192E+001
337.6042,2.8416E+001
337.6111,3.2809E+001
337.6181,2.1706E+001
337.6250,1.8630E+001
337.6319,1.5374E+001
337.6389,1.2741E+001
337.6458,7.1112E+000
337.6528,4.5763E+000
337.6597,2.1007E+000
337.6667,1.2307E+000
337.6736,1.0221E+000
337.6806,1.0198E-001
337.6875,0.0000E+000
337.6944,0.0000E+000
337.7014,0.0000E+000
337.7083,0.0000E+000
337.7153,0.0000E+000
337.7222,0.0000E+000
337.7292,0.0000E+000
337.7361,0.0000E+000
337.7431,0.0000E+000
337.7500,0.0000E+000
337.7569,0.0000E+000
337.7639,0.0000E+000
337.7708,0.0000E+000
337.7778,0.0000E+000
337.7847,0.0000E+000
337.7917,0.0000E+000
337.7986,0.0000E+000
337.8056,0.0000E+000
337.8125,0.0000E+000
337.8194,0.0000E+000
337.8264,0.0000E+000
337.8333,0.0000E+000
337.8403,0.0000E+000
337.8472,0.0000E+000
337.8542,0.0000E+000
337.8611,0.0000E+000
337.8681,0.0000E+000
337.8750,0.0000E+000
337.8819,0.0000E+000
337.8889,0.0000E+000
337.8958,0.0000E+000
337.9028,0.0000E+000
337.9097,0.0000E+000
337.9167,0.0000E+000
337.9236,0.0000E+000
337.9306,0.0000E+000
337.9375,0.0000E+000
337.9444,1.1189E-013
337.9514,1.7087E-003
337.9583,1.4239E-002
337.9653,4.6620E-013
337.9722,0.0000E+000
337.9792,0.0000E+000
337.9861,0.0000E+000
337.9931,0.0000E+000
338.0000,0.0000E+000
338.0069,0.0000E+000
338.0139,0.0000E+000
338.0208,0.0000E+000
338.0278,0.0000E+000
338.0347,0.0000E+000
338.0417,0.0000E+000
338.0486,0.0000E+000
338.0556,0.0000E+000
338.0625,0.0000E+000
338.0694,0.0000E+000
338.0764,0.0000E+000
338.0833,0.0000E+000
338.0903,0.0000E+000
338.0972,0.0000E+000
338.1042,0.0000E+000
338.1111,0.0000E+000
338.1181,0.0000E+000
338.1250,0.0000E+000
338.1319,0.0000E+000
338.1389,0.0000E+000
338.1458,0.0000E+000
338.1528,0.0000E+000
338.1597,0.0000E+000
338.1667,0.0000E+000
338.1736,0.0000E+000
338.1806,0.0000E+000
338.1875,0.0000E+000
338.1944,0.0000E+000
338.2014,0.0000E+000
338.2083,0.0000E+000
338.2153,0.0000E+000
338.2222,3.4162E-003
338.2292,1.6778E-013
338.2361,0.0000E+000
338.2431,0.0000E+000
338.2500,0.0000E+000
338.2569,0.0000E+000
338.2639,0.0000E+000
338.2708,0.0000E+000
338.2778,0.0000E+000
338.2847,0.0000E+000
338.2917,0.0000E+000
338.2986,0.0000E+000
338.3056,0.0000E+000
338.3125,0.0000E+000
338.3194,0.0000E+000
338.3264,0.0000E+000
338.3333,3.3272E-012
338.3403,6.7745E-002
338.3472,2.3682E-001
338.3542,5.2772E-001
338.3611,5.9319E-001
338.3681,7.7592E-001
338.3750,1.7977E+000
338.3819,4.0042E+000
338.3889,9.3278E+000
338.3958,8.4745E+000
338.4028,6.8583E+000
338.4097,1.0751E+001
338.4167,2.5002E+001
338.4236,2.8111E+001
338.4306,2.0774E+001
338.4375,1.6467E+001
338.4444,1.7177E+001
338.4514,1.8568E+001
338.4583,1.6270E+001
338.4653,1.2710E+001
338.4722,7.7724E+000
338.4792,8.8914E+000
338.4861,9.4025E+000
338.4931,1.2616E+001
338.5000,1.4951E+001
338.5069,1.8443E+001
338.5139,2.0827E+001
338.5208,2.5918E+001
338.5278,2.3177E+001
338.5347,2.1073E+001
338.5417,2.0804E+001
338.5486,2.0121E+001
338.5556,2.0845E+001
338.5625,2.2030E+001
338.5694,1.7597E+001
338.5764,1.5607E+001
338.5833,1.4490E+001
338.5903,1.2467E+001
338.5972,1.1122E+001
338.6042,1.0800E+001
338.6111,9.5525E+000
338.6181,8.0038E+000
338.6250,8.4039E+000
338.6319,1.0902E+001
338.6389,7.5023E+000
338.6458,5.6271E+000
338.6528,4.4326E+000
338.6597,3.1419E+000
338.6667,1.0829E+000
338.6736,4.5696E-001
338.6806,1.1950E-001
338.6875,0.0000E+000
338.6944,0.0000E+000
338.7014,0.0000E+000
338.7083,0.0000E+000
338.7153,0.0000E+000
338.7222,0.0000E+000
338.7292,0.0000E+000
338.7361,0.0000E+000
338.7431,0.0000E+000
338.7500,0.0000E+000
338.7569,0.0000E+000
338.7639,0.0000E+000
338.7708,0.0000E+000
338.7778,0.0000E+000
338.7847,0.0000E+000
338.7917,0.0000E+000
338.7986,0.0000E+000
338.8056,0.0000E+000
338.8125,0.0000E+000
338.8194,0.0000E+000
338.8264,0.0000E+000
338.8333,0.0000E+000
338.8403,0.0000E+000
338.8472,5.6895E-003
338.8542,2.9016E-002
338.8611,0.0000E+000
338.8681,0.0000E+000
338.8750,0.0000E+000
338.8819,0.0000E+000
338.8889,0.0000E+000
338.8958,1.7603E-012
338.9028,3.5841E-002
338.9097,1.3312E-001
338.9167,6.9975E-002
338.9236,5.1201E-003
338.9306,7.9076E-002
338.9375,1.3653E-002
338.9444,0.0000E+000
338.9514,0.0000E+000
338.9583,0.0000E+000
338.9653,0.0000E+000
338.9722,5.5877E-014
338.9792,1.7066E-003
338.9861,8.4745E-013
338.9931,5.1765E-002
339.0000,1.5473E-001
339.0069,4.7782E-002
339.0139,7.3948E-003
339.0208,0.0000E+000
339.0278,0.0000E+000
339.0347,0.0000E+000
339.0417,0.0000E+000
339.0486,0.0000E+000
339.0556,0.0000E+000
339.0625,0.0000E+000
339.0694,0.0000E+000
339.0764,0.0000E+000
339.0833,0.0000E+000
339.0903,0.0000E+000
339.0972,0.0000E+000
339.1042,0.0000E+000
339.1111,0.0000E+000
339.1181,0.0000E+000
339.1250,0.0000E+000
339.1319,0.0000E+000
339.1389,0.0000E+000
339.1458,0.0000E+000
339.1528,0.0000E+000
339.1597,0.0000E+000
339.1667,0.0000E+000
339.1736,0.0000E+000
339.1806,0.0000E+000
339.1875,0.0000E+000
339.1944,0.0000E+000
339.2014,0.0000E+000
339.2083,0.0000E+000
339.2153,0.0000E+000
339.2222,0.0000E+000
339.2292,0.0000E+000
339.2361,0.0000E+000
339.2431,0.0000E+000
339.2500,0.0000E+000
339.2569,6.2554E-003
339.2639,1.0241E-013
339.2708,0.0000E+000
339.2778,0.0000E+000
339.2847,0.0000E+000
339.2917,0.0000E+000
339.2986,0.0000E+000
339.3056,0.0000E+000
339.3125,0.0000E+000
339.3194,0.0000E+000
339.3264,0.0000E+000
339.3333,9.6665E-003
339.3403,1.6717E-001
339.3472,4.0826E-001
339.3542,5.5609E-001
339.3611,8.1651E-001
339.3681,1.1082E+000
339.3750,2.6348E+000
339.3819,6.9691E+000
339.3889,8.3593E+000
339.3958,8.5861E+000
339.4028,1.1288E+001
339.4097,1.0474E+001
339.4167,1.5757E+001
339.4236,2.9958E+001
339.4306,3.9666E+001
339.4375,4.2338E+001
339.4444,3.9676E+001
339.4514,3.5318E+001
339.4583,2.7686E+001
339.4653,1.6667E+001
339.4722,1.6102E+001
339.4792,2.3589E+001
339.4861,2.6323E+001
339.4931,3.7183E+001
339.5000,5.0540E+001
339.5069,5.7819E+001
339.5139,5.0238E+001
339.5208,5.8514E+001
339.5278,5.7528E+001
339.5347,4.5654E+001
339.5417,4.5893E+001
339.5486,5.4549E+001
339.5556,4.9947E+001
339.5625,3.7483E+001
339.5694,4.8713E+001
339.5764,6.6278E+001
339.5833,5.3169E+001
339.5903,5.5985E+001
339.5972,5.2259E+001
339.6042,2.2305E+001
339.6111,1.8011E+001
339.6181,1.4808E+001
339.6250,1.4984E+001
339.6319,1.4241E+001
339.6389,1.3393E+001
339.6458,1.0956E+001
339.6528,6.1706E+000
339.6597,4.0390E+000
339.6667,2.1224E+000
339.6736,4.9109E-001
339.6806,1.2732E-001
339.6875,1.1936E-001
339.6944,9.7192E-002
339.7014,1.5911E-012
339.7083,0.0000E+000
339.7153,0.0000E+000
339.7222,0.0000E+000
339.7292,0.0000E+000
339.7361,0.0000E+000
339.7431,0.0000E+000
339.7500,0.0000E+000
339.7569,0.0000E+000
339.7639,0.0000E+000
339.7708,0.0000E+000
339.7778,0.0000E+000
339.7847,0.0000E+000
339.7917,0.0000E+000
339.7986,0.0000E+000
339.8056,0.0000E+000
339.8125,0.0000E+000
339.8194,0.0000E+000
339.8264,0.0000E+000
339.8333,0.0000E+000
339.8403,0.0000E+000
339.8472,0.0000E+000
339.8542,0.0000E+000
339.8611,0.0000E+000
339.8681,0.0000E+000
339.8750,0.0000E+000
339.8819,0.0000E+000
339.8889,0.0000E+000
339.8958,0.0000E+000
339.9028,0.0000E+000
339.9097,0.0000E+000
339.9167,0.0000E+000
339.9236,0.0000E+000
339.9306,0.0000E+000
339.9375,0.0000E+000
339.9444,0.0000E+000
339.9514,0.0000E+000
339.9583,0.0000E+000
339.9653,0.0000E+000
339.9722,0.0000E+000
339.9792,0.0000E+000
339.9861,0.0000E+000
339.9931,0.0000E+000
340.0000,0.0000E+000
340.0069,0.0000E+000
340.0139,0.0000E+000
340.0208,0.0000E+000
340.0278,0.0000E+000
340.0347,0.0000E+000
340.0417,0.0000E+000
340.0486,0.0000E+000
340.0556,0.0000E+000
340.0625,0.0000E+000
340.0694,0.0000E+000
340.0764,0.0000E+000
340.0833,0.0000E+000
340.0903,0.0000E+000
340.0972,0.0000E+000
340.1042,0.0000E+000
340.1111,0.0000E+000
340.1181,0.0000E+000
340.1250,0.0000E+000
340.1319,0.0000E+000
340.1389,0.0000E+000
340.1458,0.0000E+000
340.1528,0.0000E+000
340.1597,0.0000E+000
340.1667,0.0000E+000
340.1736,0.0000E+000
340.1806,0.0000E+000
340.1875,0.0000E+000
340.1944,0.0000E+000
340.2014,0.0000E+000
340.2083,0.0000E+000
340.2153,0.0000E+000
340.2222,0.0000E+000
340.2292,0.0000E+000
340.2361,5.6801E-003
340.2431,3.7195E-013
340.2500,0.0000E+000
340.2569,0.0000E+000
340.2639,0.0000E+000
340.2708,0.0000E+000
340.2778,0.0000E+000
340.2847,0.0000E+000
340.2917,0.0000E+000
340.2986,0.0000E+000
340.3056,0.0000E+000
340.3125,0.0000E+000
340.3194,0.0000E+000
340.3264,0.0000E+000
340.3333,2.7614E-012
340.3403,5.6226E-002
340.3472,3.7767E-001
340.3542,5.3442E-001
340.3611,6.7526E-001
340.3681,1.5135E+000
340.3750,3.7749E+000
340.3819,5.6456E+000
340.3889,4.8147E+000
340.3958,4.4160E+000
340.4028,1.0460E+001
340.4097,1.2885E+001
340.4167,1.4143E+001
340.4236,2.0368E+001
340.4306,2.0571E+001
340.4375,2.0456E+001
340.4444,2.3310E+001
340.4514,3.1138E+001
340.4583,3.1791E+001
340.4653,3.3224E+001
340.4722,2.6168E+001
340.4792,2.0327E+001
340.4861,3.4029E+001
340.4931,3.6865E+001
340.5000,3.2925E+001
340.5069,3.1146E+001
340.5139,2.4127E+001
340.5208,2.4694E+001
340.5278,3.2077E+001
340.5347,4.2154E+001
340.5417,4.5341E+001
340.5486,4.4691E+001
340.5556,4.3706E+001
340.5625,3.9290E+001
340.5694,3.0209E+001
340.5764,3.0499E+001
340.5833,3.5289E+001
340.5903,4.1044E+001
340.5972,2.8862E+001
340.6042,2.3884E+001
340.6111,2.3289E+001
340.6181,2.2669E+001
340.6250,2.5867E+001
340.6319,1.7673E+001
340.6389,1.3221E+001
340.6458,1.0873E+001
340.6528,5.4842E+000
340.6597,3.1446E+000
340.6667,1.5947E+000
340.6736,6.2789E-001
340.6806,2.2538E-001
340.6875,1.5498E-001
340.6944,0.0000E+000
340.7014,0.0000E+000
340.7083,0.0000E+000
340.7153,0.0000E+000
340.7222,0.0000E+000
340.7292,0.0000E+000
340.7361,0.0000E+000
340.7431,0.0000E+000
340.7500,0.0000E+000
340.7569,0.0000E+000
340.7639,0.0000E+000
340.7708,0.0000E+000
340.7778,0.0000E+000
340.7847,0.0000E+000
340.7917,0.0000E+000
340.7986,0.0000E+000
340.8056,0.0000E+000
340.8125,0.0000E+000
340.8194,0.0000E+000
340.8264,0.0000E+000
340.8333,0.0000E+000
340.8403,0.0000E+000
340.8472,0.0000E+000
340.8542,0.0000E+000
340.8611,0.0000E+000
340.8681,0.0000E+000
340.8750,0.0000E+000
340.8819,0.0000E+000
340.8889,0.0000E+000
340.8958,0.0000E+000
340.9028,0.0000E+000
340.9097,0.0000E+000
340.9167,0.0000E+000
340.9236,0.0000E+000
340.9306,0.0000E+000
340.9375,0.0000E+000
340.9444,0.0000E+000
340.9514,0.0000E+000
340.9583,0.0000E+000
340.9653,0.0000E+000
340.9722,0.0000E+000
340.9792,0.0000E+000
340.9861,0.0000E+000
340.9931,0.0000E+000
341.0000,0.0000E+000
341.0069,0.0000E+000
341.0139,0.0000E+000
341.0208,0.0000E+000
341.0278,0.0000E+000
341.0347,0.0000E+000
341.0417,0.0000E+000
341.0486,0.0000E+000
341.0556,0.0000E+000
341.0625,0.0000E+000
341.0694,0.0000E+000
341.0764,0.0000E+000
341.0833,0.0000E+000
341.0903,0.0000E+000
341.0972,0.0000E+000
341.1042,0.0000E+000
341.1111,0.0000E+000
341.1181,0.0000E+000
341.1250,0.0000E+000
341.1319,0.0000E+000
341.1389,0.0000E+000
341.1458,0.0000E+000
341.1528,0.0000E+000
341.1597,0.0000E+000
341.1667,0.0000E+000
341.1736,0.0000E+000
341.1806,0.0000E+000
341.1875,0.0000E+000
341.1944,0.0000E+000
341.2014,0.0000E+000
341.2083,0.0000E+000
341.2153,0.0000E+000
341.2222,7.4303E-014
341.2292,2.2693E-003
341.2361,0.0000E+000
341.2431,0.0000E+000
341.2500,0.0000E+000
341.2569,0.0000E+000
341.2639,0.0000E+000
341.2708,0.0000E+000
341.2778,0.0000E+000
341.2847,0.0000E+000
341.2917,0.0000E+000
341.2986,0.0000E+000
341.3056,0.0000E+000
341.3125,0.0000E+000
341.3194,0.0000E+000
341.3264,0.0000E+000
341.3333,4.7919E-012
341.3403,9.7569E-002
341.3472,8.6053E-001
341.3542,2.1363E+000
341.3611,5.0825E+000
341.3681,8.0248E+000
341.3750,7.7689E+000
341.3819,8.1301E+000
341.3889,1.2106E+001
341.3958,1.5479E+001
341.4028,1.6501E+001
341.4097,2.3919E+001
341.4167,3.9046E+001
341.4236,5.2805E+001
341.4306,6.5674E+001
341.4375,6.6418E+001
341.4444,7.2556E+001
341.4514,8.2747E+001
341.4583,7.9941E+001
341.4653,6.5837E+001
341.4722,8.7768E+001
341.4792,7.9500E+001
341.4861,9.2472E+001
341.4931,8.6701E+001
341.5000,5.8637E+001
341.5069,4.2969E+001
341.5139,2.9645E+001
341.5208,2.5058E+001
341.5278,2.9086E+001
341.5347,2.8750E+001
341.5417,3.2179E+001
341.5486,2.5709E+001
341.5556,2.0865E+001
341.5625,1.3030E+001
341.5694,1.6501E+001
341.5764,3.1139E+001
341.5833,4.5047E+001
341.5903,1.4165E+001
341.5972,1.1756E+001
341.6042,1.1266E+001
341.6111,1.5150E+001
341.6181,2.1085E+001
341.6250,1.9199E+001
341.6319,1.2568E+001
341.6389,9.9910E+000
341.6458,6.7967E+000
341.6528,6.2710E+000
341.6597,8.5419E+000
341.6667,8.4869E+000
341.6736,2.2993E+000
341.6806,4.8765E-001
341.6875,0.0000E+000
341.6944,0.0000E+000
341.7014,0.0000E+000
341.7083,0.0000E+000
341.7153,0.0000E+000
341.7222,0.0000E+000
341.7292,0.0000E+000
341.7361,0.0000E+000
341.7431,0.0000E+000
341.7500,0.0000E+000
341.7569,0.0000E+000
341.7639,0.0000E+000
341.7708,0.0000E+000
341.7778,0.0000E+000
341.7847,0.0000E+000
341.7917,0.0000E+000
341.7986,0.0000E+000
341.8056,0.0000E+000
341.8125,0.0000E+000
341.8194,0.0000E+000
341.8264,0.0000E+000
341.8333,0.0000E+000
341.8403,0.0000E+000
341.8472,0.0000E+000
341.8542,0.0000E+000
341.8611,0.0000E+000
341.8681,0.0000E+000
341.8750,0.0000E+000
341.8819,0.0000E+000
341.8889,0.0000E+000
341.8958,0.0000E+000
341.9028,0.0000E+000
341.9097,0.0000E+000
341.9167,0.0000E+000
341.9236,0.0000E+000
341.9306,0.0000E+000
341.9375,0.0000E+000
341.9444,0.0000E+000
341.9514,0.0000E+000
341.9583,0.0000E+000
341.9653,0.0000E+000
341.9722,0.0000E+000
341.9792,0.0000E+000
341.9861,0.0000E+000
341.9931,0.0000E+000
342.0000,0.0000E+000
342.0069,0.0000E+000
342.0139,0.0000E+000
342.0208,0.0000E+000
342.0278,0.0000E+000
342.0347,0.0000E+000
342.0417,0.0000E+000
342.0486,0.0000E+000
342.0556,0.0000E+000
342.0625,0.0000E+000
342.0694,0.0000E+000
342.0764,0.0000E+000
342.0833,0.0000E+000
342.0903,0.0000E+000
342.0972,0.0000E+000
342.1042,0.0000E+000
342.1111,0.0000E+000
342.1181,0.0000E+000
342.1250,0.0000E+000
342.1319,0.0000E+000
342.1389,0.0000E+000
342.1458,1.0201E-002
342.1528,3.4003E-003
342.1597,0.0000E+000
342.1667,0.0000E+000
342.1736,0.0000E+000
342.1806,0.0000E+000
342.1875,0.0000E+000
342.1944,0.0000E+000
342.2014,0.0000E+000
342.2083,7.3667E-003
342.2153,2.4120E-013
342.2222,0.0000E+000
342.2292,0.0000E+000
342.2361,0.0000E+000
342.2431,0.0000E+000
342.2500,0.0000E+000
342.2569,0.0000E+000
342.2639,0.0000E+000
342.2708,0.0000E+000
342.2778,0.0000E+000
342.2847,0.0000E+000
342.2917,0.0000E+000
342.2986,0.0000E+000
342.3056,0.0000E+000
342.3125,0.0000E+000
342.3194,0.0000E+000
342.3264,0.0000E+000
342.3333,1.2049E-011
342.3403,2.4533E-001
342.3472,1.0289E+000
342.3542,2.7105E+000
342.3611,5.4578E+000
342.3681,8.0118E+000
342.3750,1.2608E+001
342.3819,2.3212E+001
342.3889,3.4036E+001
342.3958,3.8677E+001
342.4028,4.1122E+001
342.4097,5.1165E+001
342.4167,4.3399E+001
342.4236,5.5684E+001
342.4306,6.4879E+001
342.4375,4.6887E+001
342.4444,4.7113E+001
342.4514,3.4298E+001
342.4583,6.0310E+001
342.4653,4.3561E+001
342.4722,8.9483E+001
342.4792,9.1971E+001
342.4861,1.3920E+002
342.4931,7.3853E+001
342.5000,2.2505E+001
342.5069,6.8068E+001
342.5139,8.2740E+001
342.5208,1.3909E+002
342.5278,1.2511E+002
342.5347,1.2319E+002
342.5417,1.0972E+002
342.5486,1.1286E+002
342.5556,1.1204E+002
342.5625,1.0342E+002
342.5694,6.6496E+001
342.5764,2.5692E+001
342.5833,2.3251E+001
342.5903,2.1186E+001
342.5972,1.8061E+001
342.6042,2.0677E+001
342.6111,2.6546E+001
342.6181,2.5395E+001
342.6250,2.3164E+001
342.6319,2.0932E+001
342.6389,1.8595E+001
342.6458,1.3343E+001
342.6528,9.7835E+000
342.6597,7.1342E+000
342.6667,5.9219E+000
342.6736,2.2162E+000
342.6806,2.0615E-001
342.6875,0.0000E+000
342.6944,0.0000E+000
342.7014,0.0000E+000
342.7083,0.0000E+000
342.7153,0.0000E+000
342.7222,0.0000E+000
342.7292,0.0000E+000
342.7361,0.0000E+000
342.7431,0.0000E+000
342.7500,0.0000E+000
342.7569,0.0000E+000
342.7639,0.0000E+000
342.7708,0.0000E+000
342.7778,0.0000E+000
342.7847,0.0000E+000
342.7917,0.0000E+000
342.7986,0.0000E+000
342.8056,0.0000E+000
342.8125,0.0000E+000
342.8194,0.0000E+000
342.8264,0.0000E+000
342.8333,0.0000E+000
342.8403,0.0000E+000
342.8472,0.0000E+000
342.8542,0.0000E+000
342.8611,0.0000E+000
342.8681,0.0000E+000
342.8750,0.0000E+000
342.8819,0.0000E+000
342.8889,0.0000E+000
342.8958,0.0000E+000
342.9028,0.0000E+000
342.9097,0.0000E+000
342.9167,0.0000E+000
342.9236,0.0000E+000
342.9306,0.0000E+000
342.9375,0.0000E+000
342.9444,0.0000E+000
342.9514,0.0000E+000
342.9583,0.0000E+000
342.9653,0.0000E+000
342.9722,0.0000E+000
342.9792,0.0000E+000
342.9861,0.0000E+000
342.9931,0.0000E+000
343.0000,0.0000E+000
343.0069,0.0000E+000
343.0139,0.0000E+000
343.0208,0.0000E+000
343.0278,0.0000E+000
343.0347,0.0000E+000
343.0417,0.0000E+000
343.0486,0.0000E+000
343.0556,0.0000E+000
343.0625,0.0000E+000
343.0694,0.0000E+000
343.0764,0.0000E+000
343.0833,0.0000E+000
343.0903,0.0000E+000
343.0972,0.0000E+000
343.1042,0.0000E+000
343.1111,0.0000E+000
343.1181,0.0000E+000
343.1250,0.0000E+000
343.1319,0.0000E+000
343.1389,0.0000E+000
343.1458,0.0000E+000
343.1528,0.0000E+000
343.1597,0.0000E+000
343.1667,0.0000E+000
343.1736,0.0000E+000
343.1806,0.0000E+000
343.1875,0.0000E+000
343.1944,0.0000E+000
343.2014,0.0000E+000
343.2083,0.0000E+000
343.2153,0.0000E+000
343.2222,0.0000E+000
343.2292,0.0000E+000
343.2361,0.0000E+000
343.2431,0.0000E+000
343.2500,0.0000E+000
343.2569,0.0000E+000
343.2639,0.0000E+000
343.2708,0.0000E+000
343.2778,0.0000E+000
343.2847,0.0000E+000
343.2917,0.0000E+000
343.2986,0.0000E+000
343.3056,0.0000E+000
343.3125,0.0000E+000
343.3194,0.0000E+000
343.3264,0.0000E+000
343.3333,0.0000E+000
343.3403,0.0000E+000
343.3472,2.3902E-012
343.3542,7.3001E-002
343.3611,1.9178E+000
343.3681,5.4229E+000
343.3750,6.0414E+000
343.3819,6.5070E+000
343.3889,6.8171E+000
343.3958,6.5364E+000
343.4028,6.6512E+000
343.4097,8.6395E+000
343.4167,1.1270E+001
343.4236,1.4779E+001
343.4306,1.6741E+001
343.4375,1.5950E+001
343.4444,1.6299E+001
343.4514,2.0419E+001
343.4583,2.3229E+001
343.4653,2.3364E+001
343.4722,2.4578E+001
343.4792,2.2570E+001
343.4861,2.3609E+001
343.4931,1.9817E+001
343.5000,1.7581E+001
343.5069,1.4435E+001
343.5139,1.1207E+001
343.5208,8.6537E+000
343.5278,6.5489E+000
343.5347,1.0375E+001
343.5417,1.6348E+001
343.5486,8.4209E+000
343.5556,1.1283E+001
343.5625,8.3862E+000
343.5694,6.9344E+000
343.5764,6.2311E+000
343.5833,6.0665E+000
343.5903,8.7169E+000
343.5972,9.8828E+000
343.6042,1.0498E+001
343.6111,1.0380E+001
343.6181,8.0060E+000
343.6250,8.3386E+000
343.6319,7.3282E+000
343.6389,5.7951E+000
343.6458,4.5273E+000
343.6528,3.6108E+000
343.6597,2.0716E+000
343.6667,2.2294E+000
343.6736,2.2825E+000
343.6806,1.3407E+000
343.6875,6.8107E-001
343.6944,1.5273E-002
343.7014,2.5003E-013
343.7083,0.0000E+000
343.7153,0.0000E+000
343.7222,0.0000E+000
343.7292,0.0000E+000
343.7361,0.0000E+000
343.7431,0.0000E+000
343.7500,0.0000E+000
343.7569,0.0000E+000
343.7639,0.0000E+000
343.7708,0.0000E+000
343.7778,0.0000E+000
343.7847,0.0000E+000
343.7917,0.0000E+000
343.7986,0.0000E+000
343.8056,0.0000E+000
343.8125,0.0000E+000
343.8194,0.0000E+000
343.8264,0.0000E+000
343.8333,0.0000E+000
343.8403,0.0000E+000
343.8472,0.0000E+000
343.8542,0.0000E+000
343.8611,0.0000E+000
343.8681,0.0000E+000
343.8750,0.0000E+000
343.8819,0.0000E+000
343.8889,0.0000E+000
343.8958,0.0000E+000
343.9028,0.0000E+000
343.9097,0.0000E+000
343.9167,0.0000E+000
343.9236,0.0000E+000
343.9306,0.0000E+000
343.9375,0.0000E+000
343.9444,0.0000E+000
343.9514,0.0000E+000
343.9583,0.0000E+000
343.9653,0.0000E+000
343.9722,0.0000E+000
343.9792,0.0000E+000
343.9861,0.0000E+000
343.9931,0.0000E+000
344.0000,0.0000E+000
344.0069,0.0000E+000
344.0139,0.0000E+000
344.0208,0.0000E+000
344.0278,0.0000E+000
344.0347,0.0000E+000
344.0417,0.0000E+000
344.0486,0.0000E+000
344.0556,0.0000E+000
344.0625,0.0000E+000
344.0694,0.0000E+000
344.0764,0.0000E+000
344.0833,0.0000E+000
344.0903,0.0000E+000
344.0972,0.0000E+000
344.1042,0.0000E+000
344.1111,0.0000E+000
344.1181,0.0000E+000
344.1250,0.0000E+000
344.1319,0.0000E+000
344.1389,0.0000E+000
344.1458,0.0000E+000
344.1528,0.0000E+000
344.1597,0.0000E+000
344.1667,0.0000E+000
344.1736,0.0000E+000
344.1806,0.0000E+000
344.1875,0.0000E+000
344.1944,0.0000E+000
344.2014,0.0000E+000
344.2083,0.0000E+000
344.2153,0.0000E+000
344.2222,0.0000E+000
344.2292,0.0000E+000
344.2361,0.0000E+000
344.2431,0.0000E+000
344.2500,0.0000E+000
344.2569,0.0000E+000
344.2639,0.0000E+000
344.2708,0.0000E+000
344.2778,0.0000E+000
344.2847,0.0000E+000
344.2917,0.0000E+000
344.2986,0.0000E+000
344.3056,0.0000E+000
344.3125,0.0000E+000
344.3194,0.0000E+000
344.3264,0.0000E+000
344.3333,3.6921E-012
344.3403,7.5176E-002
344.3472,5.3753E-001
344.3542,1.3560E+000
344.3611,2.9069E+000
344.3681,4.0367E+000
344.3750,6.2003E+000
344.3819,8.4045E+000
344.3889,1.0236E+001
344.3958,1.1970E+001
344.4028,1.3876E+001
344.4097,1.6212E+001
344.4167,1.6571E+001
344.4236,1.7395E+001
344.4306,1.7288E+001
344.4375,1.9324E+001
344.4444,2.2479E+001
344.4514,2.1854E+001
344.4583,2.1072E+001
344.4653,2.4043E+001
344.4722,2.6229E+001
344.4792,2.2202E+001
344.4861,2.0700E+001
344.4931,2.0789E+001
344.5000,2.1880E+001
344.5069,2.4705E+001
344.5139,2.7458E+001
344.5208,2.7998E+001
344.5278,2.5352E+001
344.5347,2.4068E+001
344.5417,2.4831E+001
344.5486,2.6658E+001
344.5556,2.3876E+001
344.5625,2.3547E+001
344.5694,2.0751E+001
344.5764,2.1264E+001
344.5833,1.9554E+001
344.5903,1.6273E+001
344.5972,1.6344E+001
344.6042,1.5051E+001
344.6111,1.2318E+001
344.6181,1.3546E+001
344.6250,1.3286E+001
344.6319,9.5547E+000
344.6389,5.7746E+000
344.6458,3.0020E+000
344.6528,1.8199E+000
344.6597,1.2786E+000
344.6667,7.2434E-001
344.6736,6.3845E-001
344.6806,2.3730E-002
344.6875,0.0000E+000
344.6944,0.0000E+000
344.7014,0.0000E+000
344.7083,0.0000E+000
344.7153,0.0000E+000
344.7222,0.0000E+000
344.7292,0.0000E+000
344.7361,0.0000E+000
344.7431,0.0000E+000
344.7500,0.0000E+000
344.7569,0.0000E+000
344.7639,0.0000E+000
344.7708,0.0000E+000
344.7778,0.0000E+000
344.7847,0.0000E+000
344.7917,0.0000E+000
344.7986,0.0000E+000
344.8056,0.0000E+000
344.8125,0.0000E+000
344.8194,0.0000E+000
344.8264,0.0000E+000
344.8333,0.0000E+000
344.8403,0.0000E+000
344.8472,0.0000E+000
344.8542,0.0000E+000
344.8611,0.0000E+000
344.8681,0.0000E+000
344.8750,0.0000E+000
344.8819,0.0000E+000
344.8889,0.0000E+000
344.8958,0.0000E+000
344.9028,0.0000E+000
344.9097,0.0000E+000
344.9167,0.0000E+000
344.9236,0.0000E+000
344.9306,0.0000E+000
344.9375,0.0000E+000
344.9444,0.0000E+000
344.9514,0.0000E+000
344.9583,0.0000E+000
344.9653,0.0000E+000
344.9722,0.0000E+000
344.9792,0.0000E+000
344.9861,0.0000E+000
344.9931,0.0000E+000
345.0000,0.0000E+000
345.0069,0.0000E+000
345.0139,0.0000E+000
345.0208,0.0000E+000
345.0278,0.0000E+000
345.0347,0.0000E+000
345.0417,0.0000E+000
345.0486,0.0000E+000
345.0556,0.0000E+000
345.0625,0.0000E+000
345.0694,0.0000E+000
345.0764,0.0000E+000
345.0833,0.0000E+000
345.0903,0.0000E+000
345.0972,0.0000E+000
345.1042,0.0000E+000
345.1111,0.0000E+000
345.1181,0.0000E+000
345.1250,0.0000E+000
345.1319,0.0000E+000
345.1389,0.0000E+000
345.1458,0.0000E+000
345.1528,0.0000E+000
345.1597,0.0000E+000
345.1667,0.0000E+000
345.1736,0.0000E+000
345.1806,0.0000E+000
345.1875,0.0000E+000
345.1944,0.0000E+000
345.2014,0.0000E+000
345.2083,0.0000E+000
345.2153,0.0000E+000
345.2222,0.0000E+000
345.2292,0.0000E+000
345.2361,0.0000E+000
345.2431,0.0000E+000
345.2500,0.0000E+000
345.2569,0.0000E+000
345.2639,0.0000E+000
345.2708,0.0000E+000
345.2778,0.0000E+000
345.2847,0.0000E+000
345.2917,0.0000E+000
345.2986,0.0000E+000
345.3056,0.0000E+000
345.3125,0.0000E+000
345.3194,0.0000E+000
345.3264,0.0000E+000
345.3333,1.1091E-011
345.3403,2.2582E-001
345.3472,6.9552E-001
345.3542,1.9736E+000
345.3611,3.4584E+000
345.3681,1.0101E+001
345.3750,1.3314E+001
345.3819,1.0794E+001
345.3889,1.7745E+001
345.3958,2.2974E+001
345.4028,2.0572E+001
345.4097,2.1203E+001
345.4167,3.1256E+001
345.4236,2.5500E+001
345.4306,3.4787E+001
345.4375,1.9060E+001
345.4444,1.5325E+001
345.4514,2.4781E+001
345.4583,2.2416E+001
345.4653,2.4002E+001
345.4722,3.3499E+001
345.4792,3.7088E+001
345.4861,6.8536E+001
345.4931,7.7228E+001
345.5000,8.7357E+001
345.5069,6.1552E+001
345.5139,4.6829E+001
345.5208,3.8932E+001
345.5278,2.8734E+001
345.5347,2.8482E+001
345.5417,1.1349E+001
345.5486,1.2038E+001
345.5556,1.4020E+001
345.5625,2.0298E+001
345.5694,1.6567E+001
345.5764,1.7220E+001
345.5833,3.4345E+001
345.5903,3.0242E+001
345.5972,2.5951E+001
345.6042,2.2127E+001
345.6111,1.4893E+001
345.6181,1.6084E+001
345.6250,1.5164E+001
345.6319,1.0351E+001
345.6389,8.4399E+000
345.6458,7.8901E+000
345.6528,5.2941E+000
345.6597,2.9554E+000
345.6667,2.0231E+000
345.6736,3.5688E+000
345.6806,2.2483E+000
345.6875,4.4694E-001
345.6944,0.0000E+000
345.7014,0.0000E+000
345.7083,0.0000E+000
345.7153,0.0000E+000
345.7222,0.0000E+000
345.7292,0.0000E+000
345.7361,0.0000E+000
345.7431,0.0000E+000
345.7500,0.0000E+000
345.7569,0.0000E+000
345.7639,0.0000E+000
345.7708,0.0000E+000
345.7778,0.0000E+000
345.7847,0.0000E+000
345.7917,0.0000E+000
345.7986,0.0000E+000
345.8056,0.0000E+000
345.8125,0.0000E+000
345.8194,0.0000E+000
345.8264,0.0000E+000
345.8333,0.0000E+000
345.8403,0.0000E+000
345.8472,0.0000E+000
345.8542,0.0000E+000
345.8611,0.0000E+000
345.8681,0.0000E+000
345.8750,0.0000E+000
345.8819,0.0000E+000
345.8889,0.0000E+000
345.8958,0.0000E+000
345.9028,0.0000E+000
345.9097,0.0000E+000
345.9167,0.0000E+000
345.9236,0.0000E+000
345.9306,0.0000E+000
345.9375,0.0000E+000
345.9444,0.0000E+000
345.9514,0.0000E+000
345.9583,0.0000E+000
345.9653,0.0000E+000
345.9722,0.0000E+000
345.9792,0.0000E+000
345.9861,0.0000E+000
345.9931,0.0000E+000
346.0000,0.0000E+000
346.0069,2.2564E-003
346.0139,3.6939E-014
346.0208,0.0000E+000
346.0278,0.0000E+000
346.0347,0.0000E+000
346.0417,0.0000E+000
346.0486,0.0000E+000
346.0556,0.0000E+000
346.0625,0.0000E+000
346.0694,0.0000E+000
346.0764,0.0000E+000
346.0833,0.0000E+000
346.0903,0.0000E+000
346.0972,0.0000E+000
346.1042,0.0000E+000
346.1111,0.0000E+000
346.1181,0.0000E+000
346.1250,0.0000E+000
346.1319,0.0000E+000
346.1389,0.0000E+000
346.1458,0.0000E+000
346.1528,0.0000E+000
346.1597,0.0000E+000
346.1667,0.0000E+000
346.1736,0.0000E+000
346.1806,0.0000E+000
346.1875,0.0000E+000
346.1944,0.0000E+000
346.2014,0.0000E+000
346.2083,0.0000E+000
346.2153,0.0000E+000
346.2222,0.0000E+000
346.2292,0.0000E+000
346.2361,0.0000E+000
346.2431,0.0000E+000
346.2500,0.0000E+000
346.2569,0.0000E+000
346.2639,0.0000E+000
346.2708,0.0000E+000
346.2778,0.0000E+000
346.2847,0.0000E+000
346.2917,0.0000E+000
346.2986,0.0000E+000
346.3056,0.0000E+000
346.3125,0.0000E+000
346.3194,0.0000E+000
346.3264,0.0000E+000
346.3333,0.0000E+000
346.3403,0.0000E+000
346.3472,1.5901E-001
346.3542,6.2702E-001
346.3611,1.2394E+000
346.3681,1.6155E+000
346.3750,4.8604E+000
346.3819,7.5071E+000
346.3889,6.6049E+000
346.3958,5.4213E+000
346.4028,4.9973E+000
346.4097,5.1410E+000
346.4167,7.1724E+000
346.4236,7.8794E+000
346.4306,1.1735E+001
346.4375,1.0374E+001
346.4444,1.3915E+001
346.4514,1.4765E+001
346.4583,1.0500E+001
346.4653,1.4170E+001
346.4722,1.6147E+001
346.4792,1.8712E+001
346.4861,2.1527E+001
346.4931,2.5531E+001
346.5000,2.4407E+001
346.5069,2.6065E+001
346.5139,2.9696E+001
346.5208,3.8679E+001
346.5278,2.6817E+001
346.5347,2.5564E+001
346.5417,3.2362E+001
346.5486,3.3137E+001
346.5556,2.2716E+001
346.5625,1.6661E+001
346.5694,1.4001E+001
346.5764,7.2438E+000
346.5833,5.9872E+000
346.5903,5.7859E+000
346.5972,5.1049E+000
346.6042,1.0074E+001
346.6111,9.6707E+000
346.6181,9.4931E+000
346.6250,5.8725E+000
346.6319,5.7523E+000
346.6389,5.5973E+000
346.6458,5.1052E+000
346.6528,3.4293E+000
346.6597,1.5281E+000
346.6667,1.3979E+000
346.6736,8.3477E-001
346.6806,2.2771E-001
346.6875,1.4091E-002
346.6944,0.0000E+000
346.7014,0.0000E+000
346.7083,0.0000E+000
346.7153,0.0000E+000
346.7222,0.0000E+000
346.7292,0.0000E+000
346.7361,0.0000E+000
346.7431,0.0000E+000
346.7500,0.0000E+000
346.7569,0.0000E+000
346.7639,0.0000E+000
346.7708,0.0000E+000
346.7778,0.0000E+000
346.7847,0.0000E+000
346.7917,0.0000E+000
346.7986,0.0000E+000
346.8056,0.0000E+000
346.8125,0.0000E+000
346.8194,0.0000E+000
346.8264,0.0000E+000
346.8333,0.0000E+000
346.8403,0.0000E+000
346.8472,0.0000E+000
346.8542,0.0000E+000
346.8611,0.0000E+000
346.8681,0.0000E+000
346.8750,0.0000E+000
346.8819,0.0000E+000
346.8889,0.0000E+000
346.8958,0.0000E+000
346.9028,0.0000E+000
346.9097,0.0000E+000
346.9167,0.0000E+000
346.9236,0.0000E+000
346.9306,0.0000E+000
346.9375,0.0000E+000
346.9444,0.0000E+000
346.9514,0.0000E+000
346.9583,0.0000E+000
346.9653,0.0000E+000
346.9722,0.0000E+000
346.9792,0.0000E+000
346.9861,0.0000E+000
346.9931,0.0000E+000
347.0000,0.0000E+000
347.0069,0.0000E+000
347.0139,0.0000E+000
347.0208,0.0000E+000
347.0278,0.0000E+000
347.0347,0.0000E+000
347.0417,0.0000E+000
347.0486,0.0000E+000
347.0556,0.0000E+000
347.0625,0.0000E+000
347.0694,0.0000E+000
347.0764,0.0000E+000
347.0833,0.0000E+000
347.0903,0.0000E+000
347.0972,0.0000E+000
347.1042,0.0000E+000
347.1111,0.0000E+000
347.1181,0.0000E+000
347.1250,0.0000E+000
347.1319,0.0000E+000
347.1389,0.0000E+000
347.1458,0.0000E+000
347.1528,0.0000E+000
347.1597,0.0000E+000
347.1667,0.0000E+000
347.1736,0.0000E+000
347.1806,0.0000E+000
347.1875,0.0000E+000
347.1944,0.0000E+000
347.2014,0.0000E+000
347.2083,0.0000E+000
347.2153,0.0000E+000
347.2222,0.0000E+000
347.2292,0.0000E+000
347.2361,0.0000E+000
347.2431,0.0000E+000
347.2500,0.0000E+000
347.2569,0.0000E+000
347.2639,0.0000E+000
347.2708,0.0000E+000
347.2778,0.0000E+000
347.2847,0.0000E+000
347.2917,0.0000E+000
347.2986,0.0000E+000
347.3056,0.0000E+000
347.3125,0.0000E+000
347.3194,0.0000E+000
347.3264,0.0000E+000
347.3333,2.2128E-013
347.3403,4.5056E-003
347.3472,4.6126E-001
347.3542,1.4237E+000
347.3611,2.1514E+000
347.3681,3.9237E+000
347.3750,6.2462E+000
347.3819,1.1655E+001
347.3889,1.4392E+001
347.3958,1.7473E+001
347.4028,1.8038E+001
347.4097,2.8873E+001
347.4167,2.3658E+001
347.4236,1.8111E+001
347.4306,1.4655E+001
347.4375,1.7577E+001
347.4444,1.7884E+001
347.4514,1.9064E+001
347.4583,7.8060E+000
347.4653,4.5933E+000
347.4722,1.4719E+001
347.4792,3.6562E+001
347.4861,4.0796E+001
347.4931,4.4900E+001
347.5000,5.6144E+001
347.5069,8.8277E+001
347.5139,7.5554E+001
347.5208,9.1907E+001
347.5278,9.2307E+001
347.5347,6.1540E+001
347.5417,4.9108E+001
347.5486,1.0581E+002
347.5556,1.5109E+002
347.5625,9.0801E+001
347.5694,2.3713E+001
347.5764,2.5943E+001
347.5833,3.0670E+001
347.5903,3.5444E+001
347.5972,2.1828E+001
347.6042,1.2173E+001
347.6111,9.4514E+000
347.6181,7.8225E+000
347.6250,9.9005E+000
347.6319,8.2795E+000
347.6389,1.2348E+001
347.6458,6.5048E+000
347.6528,4.5529E+000
347.6597,6.0003E+000
347.6667,3.8907E+000
347.6736,1.5471E+000
347.6806,1.6776E-001
347.6875,0.0000E+000
347.6944,0.0000E+000
347.7014,0.0000E+000
347.7083,0.0000E+000
347.7153,0.0000E+000
347.7222,0.0000E+000
347.7292,0.0000E+000
347.7361,0.0000E+000
347.7431,0.0000E+000
347.7500,0.0000E+000
347.7569,0.0000E+000
347.7639,0.0000E+000
347.7708,0.0000E+000
347.7778,0.0000E+000
347.7847,0.0000E+000
347.7917,0.0000E+000
347.7986,0.0000E+000
347.8056,0.0000E+000
347.8125,0.0000E+000
347.8194,0.0000E+000
347.8264,0.0000E+000
347.8333,0.0000E+000
347.8403,0.0000E+000
347.8472,0.0000E+000
347.8542,0.0000E+000
347.8611,0.0000E+000
347.8681,0.0000E+000
347.8750,0.0000E+000
347.8819,0.0000E+000
347.8889,0.0000E+000
347.8958,0.0000E+000
347.9028,0.0000E+000
347.9097,0.0000E+000
347.9167,0.0000E+000
347.9236,0.0000E+000
347.9306,0.0000E+000
347.9375,0.0000E+000
347.9444,0.0000E+000
347.9514,0.0000E+000
347.9583,0.0000E+000
347.9653,0.0000E+000
347.9722,0.0000E+000
347.9792,0.0000E+000
347.9861,0.0000E+000
347.9931,0.0000E+000
348.0000,0.0000E+000
348.0069,0.0000E+000
348.0139,0.0000E+000
348.0208,0.0000E+000
348.0278,0.0000E+000
348.0347,0.0000E+000
348.0417,0.0000E+000
348.0486,0.0000E+000
348.0556,0.0000E+000
348.0625,0.0000E+000
348.0694,0.0000E+000
348.0764,0.0000E+000
348.0833,0.0000E+000
348.0903,0.0000E+000
348.0972,0.0000E+000
348.1042,0.0000E+000
348.1111,0.0000E+000
348.1181,0.0000E+000
348.1250,0.0000E+000
348.1319,0.0000E+000
348.1389,0.0000E+000
348.1458,0.0000E+000
348.1528,0.0000E+000
348.1597,0.0000E+000
348.1667,0.0000E+000
348.1736,1.6485E-001
348.1806,1.3503E-002
348.1875,0.0000E+000
348.1944,8.2705E-002
348.2014,6.7514E-002
348.2083,0.0000E+000
348.2153,0.0000E+000
348.2222,0.0000E+000
348.2292,0.0000E+000
348.2361,0.0000E+000
348.2431,0.0000E+000
348.2500,0.0000E+000
348.2569,0.0000E+000
348.2639,0.0000E+000
348.2708,0.0000E+000
348.2778,0.0000E+000
348.2847,0.0000E+000
348.2917,0.0000E+000
348.2986,0.0000E+000
348.3056,0.0000E+000
348.3125,0.0000E+000
348.3194,0.0000E+000
348.3264,0.0000E+000
348.3333,4.5002E-003
348.3403,6.8628E-002
348.3472,5.8221E-001
348.3542,1.7539E+000
348.3611,2.6922E+000
348.3681,4.8555E+000
348.3750,6.9952E+000
348.3819,8.1297E+000
348.3889,1.0994E+001
348.3958,1.6894E+001
348.4028,2.2639E+001
348.4097,1.7049E+001
348.4167,2.3818E+001
348.4236,3.1489E+001
348.4306,3.1826E+001
348.4375,2.9087E+001
348.4444,3.8503E+001
348.4514,3.5209E+001
348.4583,2.8609E+001
348.4653,6.9877E+001
348.4722,8.4651E+001
348.4792,6.3795E+001
348.4861,6.7680E+001
348.4931,7.0163E+001
348.5000,8.2214E+001
348.5069,7.2810E+001
348.5139,7.5223E+001
348.5208,6.9377E+001
348.5278,6.0020E+001
348.5347,5.2096E+001
348.5417,7.8240E+001
348.5486,1.0154E+002
348.5556,8.4926E+001
348.5625,8.0835E+001
348.5694,7.3999E+001
348.5764,5.3141E+001
348.5833,4.9650E+001
348.5903,4.3392E+001
348.5972,3.3645E+001
348.6042,3.1649E+001
348.6111,2.8345E+001
348.6181,2.0417E+001
348.6250,1.7925E+001
348.6319,1.9666E+001
348.6389,1.9995E+001
348.6458,1.4411E+001
348.6528,4.8089E+000
348.6597,2.4500E+000
348.6667,3.2456E+000
348.6736,2.1429E+000
348.6806,1.1977E-001
348.6875,0.0000E+000
348.6944,0.0000E+000
348.7014,0.0000E+000
348.7083,0.0000E+000
348.7153,0.0000E+000
348.7222,0.0000E+000
348.7292,0.0000E+000
348.7361,0.0000E+000
348.7431,0.0000E+000
348.7500,0.0000E+000
348.7569,0.0000E+000
348.7639,0.0000E+000
348.7708,0.0000E+000
348.7778,0.0000E+000
348.7847,0.0000E+000
348.7917,0.0000E+000
348.7986,0.0000E+000
348.8056,0.0000E+000
348.8125,0.0000E+000
348.8194,0.0000E+000
348.8264,0.0000E+000
348.8333,0.0000E+000
348.8403,0.0000E+000
348.8472,0.0000E+000
348.8542,0.0000E+000
348.8611,0.0000E+000
348.8681,0.0000E+000
348.8750,0.0000E+000
348.8819,0.0000E+000
348.8889,0.0000E+000
348.8958,0.0000E+000
348.9028,0.0000E+000
348.9097,0.0000E+000
348.9167,0.0000E+000
348.9236,0.0000E+000
348.9306,0.0000E+000
348.9375,0.0000E+000
348.9444,0.0000E+000
348.9514,0.0000E+000
348.9583,0.0000E+000
348.9653,0.0000E+000
348.9722,0.0000E+000
348.9792,0.0000E+000
348.9861,0.0000E+000
348.9931,0.0000E+000
349.0000,0.0000E+000
349.0069,0.0000E+000
349.0139,0.0000E+000
349.0208,0.0000E+000
349.0278,0.0000E+000
349.0347,0.0000E+000
349.0417,0.0000E+000
349.0486,0.0000E+000
349.0556,0.0000E+000
349.0625,0.0000E+000
349.0694,0.0000E+000
349.0764,0.0000E+000
349.0833,0.0000E+000
349.0903,0.0000E+000
349.0972,0.0000E+000
349.1042,0.0000E+000
349.1111,0.0000E+000
349.1181,0.0000E+000
349.1250,0.0000E+000
349.1319,0.0000E+000
349.1389,0.0000E+000
349.1458,0.0000E+000
349.1528,0.0000E+000
349.1597,0.0000E+000
349.1667,0.0000E+000
349.1736,0.0000E+000
349.1806,0.0000E+000
349.1875,0.0000E+000
349.1944,0.0000E+000
349.2014,0.0000E+000
349.2083,0.0000E+000
349.2153,0.0000E+000
349.2222,0.0000E+000
349.2292,0.0000E+000
349.2361,0.0000E+000
349.2431,0.0000E+000
349.2500,0.0000E+000
349.2569,0.0000E+000
349.2639,0.0000E+000
349.2708,0.0000E+000
349.2778,0.0000E+000
349.2847,2.2077E-013
349.2917,6.7426E-003
349.2986,9.1984E-015
349.3056,5.6187E-004
349.3125,1.6856E-003
349.3194,3.3712E-003
349.3264,5.5189E-014
349.3333,0.0000E+000
349.3403,0.0000E+000
349.3472,9.9446E-002
349.3542,4.5172E-001
349.3611,1.3147E+000
349.3681,2.3771E+000
349.3750,1.6967E+000
349.3819,3.4439E+000
349.3889,6.2867E+000
349.3958,6.8108E+000
349.4028,1.7623E+001
349.4097,2.3967E+001
349.4167,1.0470E+001
349.4236,8.7420E+000
349.4306,8.5790E+000
349.4375,1.4231E+001
349.4444,8.8682E+000
349.4514,7.4165E+000
349.4583,5.1649E+000
349.4653,6.7131E+000
349.4722,6.0625E+000
349.4792,6.9185E+000
349.4861,5.3697E+000
349.4931,5.2119E+000
349.5000,5.8067E+000
349.5069,8.4502E+000
349.5139,7.5176E+000
349.5208,1.1573E+001
349.5278,1.8424E+001
349.5347,1.5695E+001
349.5417,1.0121E+001
349.5486,9.5956E+000
349.5556,5.6715E+000
349.5625,5.6748E+000
349.5694,9.3668E+000
349.5764,5.2091E+000
349.5833,5.5343E+000
349.5903,1.0110E+001
349.5972,2.1373E+001
349.6042,1.2227E+001
349.6111,1.4610E+001
349.6181,1.0795E+001
349.6250,1.4556E+001
349.6319,1.2833E+001
349.6389,8.7880E+000
349.6458,5.3580E+000
349.6528,2.4583E+000
349.6597,2.6554E+000
349.6667,2.7115E+000
349.6736,2.6391E+000
349.6806,7.6436E-001
349.6875,8.4242E-003
349.6944,0.0000E+000
349.7014,0.0000E+000
349.7083,0.0000E+000
349.7153,0.0000E+000
349.7222,0.0000E+000
349.7292,0.0000E+000
349.7361,0.0000E+000
349.7431,0.0000E+000
349.7500,0.0000E+000
349.7569,0.0000E+000
349.7639,0.0000E+000
349.7708,0.0000E+000
349.7778,0.0000E+000
349.7847,0.0000E+000
349.7917,0.0000E+000
349.7986,0.0000E+000
349.8056,0.0000E+000
349.8125,0.0000E+000
349.8194,0.0000E+000
349.8264,0.0000E+000
349.8333,0.0000E+000
349.8403,0.0000E+000
349.8472,0.0000E+000
349.8542,0.0000E+000
349.8611,0.0000E+000
349.8681,0.0000E+000
349.8750,0.0000E+000
349.8819,0.0000E+000
349.8889,0.0000E+000
349.8958,0.0000E+000
349.9028,0.0000E+000
349.9097,0.0000E+000
349.9167,0.0000E+000
349.9236,0.0000E+000
349.9306,0.0000E+000
349.9375,0.0000E+000
349.9444,0.0000E+000
349.9514,0.0000E+000
349.9583,0.0000E+000
349.9653,0.0000E+000
349.9722,0.0000E+000
349.9792,0.0000E+000
349.9861,0.0000E+000
349.9931,0.0000E+000
350.0000,0.0000E+000
350.0069,0.0000E+000
350.0139,0.0000E+000
350.0208,0.0000E+000
350.0278,0.0000E+000
350.0347,0.0000E+000
350.0417,0.0000E+000
350.0486,0.0000E+000
350.0556,0.0000E+000
350.0625,0.0000E+000
350.0694,0.0000E+000
350.0764,0.0000E+000
350.0833,0.0000E+000
350.0903,0.0000E+000
350.0972,0.0000E+000
350.1042,0.0000E+000
350.1111,0.0000E+000
350.1181,0.0000E+000
350.1250,0.0000E+000
350.1319,0.0000E+000
350.1389,0.0000E+000
350.1458,0.0000E+000
350.1528,0.0000E+000
350.1597,0.0000E+000
350.1667,0.0000E+000
350.1736,0.0000E+000
350.1806,0.0000E+000
350.1875,0.0000E+000
350.1944,0.0000E+000
350.2014,0.0000E+000
350.2083,0.0000E+000
350.2153,0.0000E+000
350.2222,0.0000E+000
350.2292,0.0000E+000
350.2361,0.0000E+000
350.2431,0.0000E+000
350.2500,0.0000E+000
350.2569,0.0000E+000
350.2639,0.0000E+000
350.2708,0.0000E+000
350.2778,0.0000E+000
350.2847,0.0000E+000
350.2917,0.0000E+000
350.2986,0.0000E+000
350.3056,0.0000E+000
350.3125,0.0000E+000
350.3194,0.0000E+000
350.3264,0.0000E+000
350.3333,0.0000E+000
350.3403,0.0000E+000
350.3472,5.3651E-012
350.3542,1.6386E-001
350.3611,1.8580E+000
350.3681,2.2665E+000
350.3750,1.8922E+000
350.3819,2.0723E+000
350.3889,4.1939E+000
350.3958,6.7280E+000
350.4028,9.3804E+000
350.4097,8.7176E+000
350.4167,1.1746E+001
350.4236,1.4496E+001
350.4306,1.8355E+001
350.4375,2.6496E+001
350.4444,3.5002E+001
350.4514,5.1299E+001
350.4583,3.6315E+001
350.4653,3.5127E+001
350.4722,3.1253E+001
350.4792,2.8919E+001
350.4861,2.6387E+001
350.4931,2.5151E+001
350.5000,2.9864E+001
350.5069,2.6402E+001
350.5139,3.2958E+001
350.5208,2.9472E+001
350.5278,1.7537E+001
350.5347,3.6033E+001
350.5417,6.2860E+001
350.5486,4.7335E+001
350.5556,5.1126E+001
350.5625,2.9044E+001
350.5694,3.1627E+001
350.5764,3.8693E+001
350.5833,2.9500E+001
350.5903,3.4139E+001
350.5972,2.1346E+001
350.6042,3.0451E+001
350.6111,3.3745E+001
350.6181,2.2767E+001
350.6250,1.8185E+001
350.6319,1.6441E+001
350.6389,9.5701E+000
350.6458,8.0021E+000
350.6528,6.5486E+000
350.6597,3.2216E+000
350.6667,1.9078E+000
350.6736,8.0608E-001
350.6806,6.7313E-003
350.6875,0.0000E+000
350.6944,0.0000E+000
350.7014,0.0000E+000
350.7083,0.0000E+000
350.7153,0.0000E+000
350.7222,0.0000E+000
350.7292,0.0000E+000
350.7361,0.0000E+000
350.7431,0.0000E+000
350.7500,0.0000E+000
350.7569,0.0000E+000
350.7639,0.0000E+000
350.7708,0.0000E+000
350.7778,0.0000E+000
350.7847,0.0000E+000
350.7917,0.0000E+000
350.7986,0.0000E+000
350.8056,0.0000E+000
350.8125,0.0000E+000
350.8194,0.0000E+000
350.8264,0.0000E+000
350.8333,0.0000E+000
350.8403,0.0000E+000
350.8472,0.0000E+000
350.8542,0.0000E+000
350.8611,0.0000E+000
350.8681,0.0000E+000
350.8750,0.0000E+000
350.8819,0.0000E+000
350.8889,0.0000E+000
350.8958,0.0000E+000
350.9028,0.0000E+000
350.9097,0.0000E+000
350.9167,0.0000E+000
350.9236,0.0000E+000
350.9306,0.0000E+000
350.9375,0.0000E+000
350.9444,0.0000E+000
350.9514,0.0000E+000
350.9583,0.0000E+000
350.9653,0.0000E+000
350.9722,0.0000E+000
350.9792,0.0000E+000
350.9861,0.0000E+000
350.9931,0.0000E+000
351.0000,0.0000E+000
351.0069,0.0000E+000
351.0139,0.0000E+000
351.0208,0.0000E+000
351.0278,0.0000E+000
351.0347,0.0000E+000
351.0417,0.0000E+000
351.0486,0.0000E+000
351.0556,0.0000E+000
351.0625,0.0000E+000
351.0694,0.0000E+000
351.0764,0.0000E+000
351.0833,0.0000E+000
351.0903,0.0000E+000
351.0972,0.0000E+000
351.1042,0.0000E+000
351.1111,0.0000E+000
351.1181,0.0000E+000
351.1250,0.0000E+000
351.1319,0.0000E+000
351.1389,0.0000E+000
351.1458,0.0000E+000
351.1528,0.0000E+000
351.1597,0.0000E+000
351.1667,0.0000E+000
351.1736,0.0000E+000
351.1806,0.0000E+000
351.1875,0.0000E+000
351.1944,0.0000E+000
351.2014,0.0000E+000
351.2083,2.8098E-003
351.2153,9.1999E-014
351.2222,0.0000E+000
351.2292,0.0000E+000
351.2361,2.8099E-003
351.2431,1.8400E-013
351.2500,0.0000E+000
351.2569,6.9922E-013
351.2639,1.0678E-002
351.2708,3.9340E-003
351.2778,1.2881E-013
351.2847,2.7601E-013
351.2917,8.4300E-003
351.2986,1.6860E-002
351.3056,1.1041E-012
351.3125,0.0000E+000
351.3194,2.4167E-002
351.3264,3.9563E-013
351.3333,5.3392E-002
351.3403,2.0177E-001
351.3472,8.0932E-001
351.3542,1.6574E+000
351.3611,3.7971E+000
351.3681,9.8632E+000
351.3750,1.6202E+001
351.3819,1.0122E+001
351.3889,8.8337E+000
351.3958,3.5758E+000
351.4028,4.6988E+000
351.4097,1.7132E+000
351.4167,3.5983E+000
351.4236,1.1473E+001
351.4306,2.1395E+001
351.4375,1.6847E+001
351.4444,7.8392E+000
351.4514,1.0323E+001
351.4583,1.6283E+001
351.4653,2.7153E+001
351.4722,3.0938E+001
351.4792,3.2116E+001
351.4861,4.2468E+001
351.4931,3.4548E+001
351.5000,3.4556E+001
351.5069,5.5082E+001
351.5139,6.1985E+001
351.5208,3.6037E+001
351.5278,3.2747E+001
351.5347,3.8150E+001
351.5417,5.4746E+001
351.5486,4.9287E+001
351.5556,3.9489E+001
351.5625,4.7703E+001
351.5694,4.0368E+001
351.5764,2.5138E+001
351.5833,3.1515E+001
351.5903,3.0055E+001
351.5972,3.1761E+001
351.6042,2.8636E+001
351.6111,2.3962E+001
351.6181,2.0958E+001
351.6250,1.9985E+001
351.6319,1.9434E+001
351.6389,1.9123E+001
351.6458,1.5137E+001
351.6528,9.7863E+000
351.6597,7.0952E+000
351.6667,4.8229E+000
351.6736,2.3808E+000
351.6806,1.0322E+000
351.6875,2.7997E-001
351.6944,9.8383E-002
351.7014,1.6106E-012
351.7083,0.0000E+000
351.7153,0.0000E+000
351.7222,8.9953E-003
351.7292,4.4178E-013
351.7361,0.0000E+000
351.7431,0.0000E+000
351.7500,0.0000E+000
351.7569,1.1045E-013
351.7639,1.6867E-003
351.7708,5.6223E-004
351.7778,9.5579E-003
351.7847,5.6223E-002
351.7917,2.7613E-012
351.7986,0.0000E+000
351.8056,0.0000E+000
351.8125,3.0924E-002
351.8194,1.1045E-013
351.8264,1.6868E-003
351.8333,1.1807E-002
351.8403,4.4981E-003
351.8472,5.6226E-003
351.8542,4.5543E-002
351.8611,2.9238E-002
351.8681,1.9146E-012
351.8750,0.0000E+000
351.8819,0.0000E+000
351.8889,0.0000E+000
351.8958,5.6228E-003
351.9028,1.8410E-013
351.9097,0.0000E+000
351.9167,0.0000E+000
351.9236,0.0000E+000
351.9306,0.0000E+000
351.9375,8.9969E-003
351.9444,2.5775E-013
351.9514,3.9362E-003
351.9583,4.2736E-002
351.9653,2.2493E-003
351.9722,2.4742E-002
351.9792,8.4349E-003
351.9861,2.8116E-003
351.9931,1.8557E-002
352.0000,3.8801E-002
352.0069,8.4350E-003
352.0139,4.4987E-003
352.0208,4.9713E-013
352.0278,1.0122E-002
352.0347,1.8412E-013
352.0417,5.6235E-003
352.0486,1.3497E-002
352.0556,5.6236E-004
352.0625,8.4354E-003
352.0694,1.2934E-002
352.0764,1.6871E-003
352.0833,1.0123E-002
352.0903,3.3144E-013
352.0972,0.0000E+000
352.1042,0.0000E+000
352.1111,3.4065E-013
352.1181,2.0808E-002
352.1250,0.0000E+000
352.1319,0.0000E+000
352.1389,0.0000E+000
352.1458,0.0000E+000
352.1528,0.0000E+000
352.1597,3.6829E-014
352.1667,1.1248E-003
352.1736,0.0000E+000
352.1806,0.0000E+000
352.1875,0.0000E+000
352.1944,0.0000E+000
352.2014,0.0000E+000
352.2083,2.4860E-013
352.2153,5.0619E-003
352.2222,0.0000E+000
352.2292,0.0000E+000
352.2361,9.2077E-015
352.2431,5.6245E-004
352.2500,0.0000E+000
352.2569,0.0000E+000
352.2639,0.0000E+000
352.2708,0.0000E+000
352.2778,0.0000E+000
352.2847,0.0000E+000
352.2917,0.0000E+000
352.2986,1.8416E-013
352.3056,1.1250E-002
352.3125,8.9997E-003
352.3194,5.6248E-003
352.3264,8.4373E-003
352.3333,4.1062E-002
352.3403,3.6168E-001
352.3472,5.6475E-001
352.3542,3.7237E-001
352.3611,2.5228E+000
352.3681,5.2470E+000
352.3750,6.4902E+000
352.3819,8.3623E+000
352.3889,1.0053E+001
352.3958,1.2700E+001
352.4028,1.1703E+001
352.4097,1.8843E+001
352.4167,2.6624E+001
352.4236,2.2906E+001
352.4306,2.4733E+001
352.4375,3.1642E+001
352.4444,3.8638E+001
352.4514,3.9136E+001
352.4583,4.6703E+001
352.4653,5.1145E+001
352.4722,5.4274E+001
352.4792,5.9549E+001
352.4861,8.6209E+001
352.4931,1.0793E+002
352.5000,6.2122E+001
352.5069,6.5350E+001
352.5139,5.4570E+001
352.5208,5.2184E+001
352.5278,7.2117E+001
352.5347,8.4929E+001
352.5417,7.7720E+001
352.5486,8.8409E+001
352.5556,9.2554E+001
352.5625,9.1882E+001
352.5694,1.1461E+002
352.5764,6.0594E+001
352.5833,2.4236E+001
352.5903,2.4149E+001
352.5972,2.2143E+001
352.6042,1.4535E+001
352.6111,1.2198E+001
352.6181,1.0451E+001
352.6250,8.9379E+000
352.6319,7.6394E+000
352.6389,6.7437E+000
352.6458,5.4879E+000
352.6528,4.3931E+000
352.6597,3.2481E+000
352.6667,2.5387E+000
352.6736,1.6075E+000
352.6806,6.9094E-001
352.6875,1.4179E-001
352.6944,0.0000E+000
352.7014,0.0000E+000
352.7083,0.0000E+000
352.7153,0.0000E+000
352.7222,0.0000E+000
352.7292,0.0000E+000
352.7361,0.0000E+000
352.7431,0.0000E+000
352.7500,0.0000E+000
352.7569,0.0000E+000
352.7639,0.0000E+000
352.7708,0.0000E+000
352.7778,0.0000E+000
352.7847,0.0000E+000
352.7917,0.0000E+000
352.7986,0.0000E+000
352.8056,0.0000E+000
352.8125,0.0000E+000
352.8194,0.0000E+000
352.8264,0.0000E+000
352.8333,0.0000E+000
352.8403,0.0000E+000
352.8472,0.0000E+000
352.8542,0.0000E+000
352.8611,0.0000E+000
352.8681,0.0000E+000
352.8750,3.4890E-002
352.8819,0.0000E+000
352.8889,0.0000E+000
352.8958,0.0000E+000
352.9028,0.0000E+000
352.9097,0.0000E+000
352.9167,0.0000E+000
352.9236,0.0000E+000
352.9306,0.0000E+000
352.9375,0.0000E+000
352.9444,0.0000E+000
352.9514,0.0000E+000
352.9583,0.0000E+000
352.9653,0.0000E+000
352.9722,0.0000E+000
352.9792,0.0000E+000
352.9861,0.0000E+000
352.9931,0.0000E+000
353.0000,0.0000E+000
353.0069,0.0000E+000
353.0139,0.0000E+000
353.0208,0.0000E+000
353.0278,0.0000E+000
353.0347,0.0000E+000
353.0417,0.0000E+000
353.0486,0.0000E+000
353.0556,0.0000E+000
353.0625,0.0000E+000
353.0694,0.0000E+000
353.0764,0.0000E+000
353.0833,0.0000E+000
353.0903,0.0000E+000
353.0972,0.0000E+000
353.1042,0.0000E+000
353.1111,0.0000E+000
353.1181,0.0000E+000
353.1250,0.0000E+000
353.1319,0.0000E+000
353.1389,0.0000E+000
353.1458,0.0000E+000
353.1528,0.0000E+000
353.1597,0.0000E+000
353.1667,0.0000E+000
353.1736,0.0000E+000
353.1806,0.0000E+000
353.1875,0.0000E+000
353.1944,0.0000E+000
353.2014,0.0000E+000
353.2083,0.0000E+000
353.2153,0.0000E+000
353.2222,0.0000E+000
353.2292,0.0000E+000
353.2361,0.0000E+000
353.2431,0.0000E+000
353.2500,0.0000E+000
353.2569,0.0000E+000
353.2639,0.0000E+000
353.2708,0.0000E+000
353.2778,0.0000E+000
353.2847,0.0000E+000
353.2917,0.0000E+000
353.2986,0.0000E+000
353.3056,0.0000E+000
353.3125,0.0000E+000
353.3194,0.0000E+000
353.3264,0.0000E+000
353.3333,2.1955E-002
353.3403,1.2160E-001
353.3472,8.6809E-001
353.3542,2.3205E+000
353.3611,3.4606E+000
353.3681,4.5792E+000
353.3750,7.2393E+000
353.3819,9.0853E+000
353.3889,9.3522E+000
353.3958,9.1935E+000
353.4028,1.1729E+001
353.4097,1.1225E+001
353.4167,1.5351E+001
353.4236,1.4770E+001
353.4306,1.4514E+001
353.4375,1.9412E+001
353.4444,2.6710E+001
353.4514,2.5165E+001
353.4583,3.3508E+001
353.4653,2.8971E+001
353.4722,3.0539E+001
353.4792,3.3991E+001
353.4861,4.0149E+001
353.4931,4.7012E+001
353.5000,4.8613E+001
353.5069,2.7659E+001
353.5139,2.4821E+001
353.5208,2.3007E+001
353.5278,2.7611E+001
353.5347,3.5554E+001
353.5417,4.8544E+001
353.5486,4.1731E+001
353.5556,4.0349E+001
353.5625,4.1097E+001
353.5694,6.7498E+001
353.5764,3.5528E+001
353.5833,3.0802E+001
353.5903,2.4347E+001
353.5972,2.0526E+001
353.6042,2.0322E+001
353.6111,2.2872E+001
353.6181,2.9467E+001
353.6250,2.9321E+001
353.6319,1.5401E+001
353.6389,8.0129E+000
353.6458,4.8010E+000
353.6528,2.8594E+000
353.6597,3.4237E+000
353.6667,3.4096E+000
353.6736,2.3876E-001
353.6806,1.5635E-011
353.6875,0.0000E+000
353.6944,0.0000E+000
353.7014,0.0000E+000
353.7083,0.0000E+000
353.7153,0.0000E+000
353.7222,0.0000E+000
353.7292,0.0000E+000
353.7361,0.0000E+000
353.7431,0.0000E+000
353.7500,0.0000E+000
353.7569,0.0000E+000
353.7639,0.0000E+000
353.7708,0.0000E+000
353.7778,0.0000E+000
353.7847,0.0000E+000
353.7917,0.0000E+000
353.7986,0.0000E+000
353.8056,0.0000E+000
353.8125,0.0000E+000
353.8194,0.0000E+000
353.8264,0.0000E+000
353.8333,0.0000E+000
353.8403,0.0000E+000
353.8472,0.0000E+000
353.8542,0.0000E+000
353.8611,0.0000E+000
353.8681,0.0000E+000
353.8750,0.0000E+000
353.8819,0.0000E+000
353.8889,0.0000E+000
353.8958,0.0000E+000
353.9028,0.0000E+000
353.9097,0.0000E+000
353.9167,0.0000E+000
353.9236,0.0000E+000
353.9306,0.0000E+000
353.9375,0.0000E+000
353.9444,0.0000E+000
353.9514,0.0000E+000
353.9583,0.0000E+000
353.9653,0.0000E+000
353.9722,0.0000E+000
353.9792,0.0000E+000
353.9861,0.0000E+000
353.9931,0.0000E+000
354.0000,0.0000E+000
354.0069,0.0000E+000
354.0139,0.0000E+000
354.0208,0.0000E+000
354.0278,0.0000E+000
354.0347,0.0000E+000
354.0417,0.0000E+000
354.0486,0.0000E+000
354.0556,0.0000E+000
354.0625,0.0000E+000
354.0694,0.0000E+000
354.0764,0.0000E+000
354.0833,0.0000E+000
354.0903,0.0000E+000
354.0972,0.0000E+000
354.1042,0.0000E+000
354.1111,0.0000E+000
354.1181,0.0000E+000
354.1250,0.0000E+000
354.1319,0.0000E+000
354.1389,0.0000E+000
354.1458,0.0000E+000
354.1528,0.0000E+000
354.1597,0.0000E+000
354.1667,0.0000E+000
354.1736,0.0000E+000
354.1806,0.0000E+000
354.1875,0.0000E+000
354.1944,0.0000E+000
354.2014,0.0000E+000
354.2083,0.0000E+000
354.2153,0.0000E+000
354.2222,0.0000E+000
354.2292,0.0000E+000
354.2361,0.0000E+000
354.2431,0.0000E+000
354.2500,0.0000E+000
354.2569,0.0000E+000
354.2639,0.0000E+000
354.2708,0.0000E+000
354.2778,0.0000E+000
354.2847,0.0000E+000
354.2917,0.0000E+000
354.2986,0.0000E+000
354.3056,0.0000E+000
354.3125,0.0000E+000
354.3194,0.0000E+000
354.3264,0.0000E+000
354.3333,0.0000E+000
354.3403,0.0000E+000
354.3472,9.2238E-013
354.3542,2.8172E-002
354.3611,3.5947E-001
354.3681,1.2598E+000
354.3750,2.8645E+000
354.3819,4.5724E+000
354.3889,5.6176E+000
354.3958,7.9700E+000
354.4028,9.8216E+000
354.4097,1.6590E+001
354.4167,2.0258E+001
354.4236,2.1940E+001
354.4306,2.2898E+001
354.4375,2.4497E+001
354.4444,2.0940E+001
354.4514,2.0022E+001
354.4583,3.0064E+001
354.4653,3.6821E+001
354.4722,4.3292E+001
354.4792,4.7226E+001
354.4861,4.5012E+001
354.4931,4.4587E+001
354.5000,5.5048E+001
354.5069,6.5797E+001
354.5139,6.0707E+001
354.5208,4.2320E+001
354.5278,4.2218E+001
354.5347,4.5857E+001
354.5417,3.3214E+001
354.5486,2.7742E+001
354.5556,4.0368E+001
354.5625,4.1808E+001
354.5694,4.9784E+001
354.5764,4.4970E+001
354.5833,3.2570E+001
354.5903,3.6071E+001
354.5972,4.2962E+001
354.6042,2.7132E+001
354.6111,2.7520E+001
354.6181,3.0319E+001
354.6250,2.0505E+001
354.6319,1.6166E+001
354.6389,1.2676E+001
354.6458,1.5733E+001
354.6528,1.0691E+001
354.6597,4.8377E+000
354.6667,3.3229E+000
354.6736,1.7420E+000
354.6806,4.7848E-001
354.6875,4.1142E-002
354.6944,0.0000E+000
354.7014,0.0000E+000
354.7083,0.0000E+000
354.7153,0.0000E+000
354.7222,0.0000E+000
354.7292,0.0000E+000
354.7361,0.0000E+000
354.7431,0.0000E+000
354.7500,0.0000E+000
354.7569,0.0000E+000
354.7639,0.0000E+000
354.7708,0.0000E+000
354.7778,0.0000E+000
354.7847,0.0000E+000
354.7917,0.0000E+000
354.7986,0.0000E+000
354.8056,0.0000E+000
354.8125,0.0000E+000
354.8194,0.0000E+000
354.8264,0.0000E+000
354.8333,0.0000E+000
354.8403,0.0000E+000
354.8472,0.0000E+000
354.8542,0.0000E+000
354.8611,0.0000E+000
354.8681,0.0000E+000
354.8750,0.0000E+000
354.8819,0.0000E+000
354.8889,0.0000E+000
354.8958,0.0000E+000
354.9028,0.0000E+000
354.9097,0.0000E+000
354.9167,0.0000E+000
354.9236,0.0000E+000
354.9306,0.0000E+000
354.9375,0.0000E+000
354.9444,0.0000E+000
354.9514,0.0000E+000
354.9583,0.0000E+000
354.9653,0.0000E+000
354.9722,0.0000E+000
354.9792,0.0000E+000
354.9861,0.0000E+000
354.9931,0.0000E+000
355.0000,0.0000E+000
355.0069,0.0000E+000
355.0139,0.0000E+000
355.0208,0.0000E+000
355.0278,0.0000E+000
355.0347,0.0000E+000
355.0417,0.0000E+000
355.0486,0.0000E+000
355.0556,0.0000E+000
355.0625,0.0000E+000
355.0694,0.0000E+000
355.0764,0.0000E+000
355.0833,0.0000E+000
355.0903,0.0000E+000
355.0972,0.0000E+000
355.1042,0.0000E+000
355.1111,0.0000E+000
355.1181,0.0000E+000
355.1250,0.0000E+000
355.1319,0.0000E+000
355.1389,0.0000E+000
355.1458,0.0000E+000
355.1528,0.0000E+000
355.1597,0.0000E+000
355.1667,0.0000E+000
355.1736,0.0000E+000
355.1806,0.0000E+000
355.1875,0.0000E+000
355.1944,0.0000E+000
355.2014,0.0000E+000
355.2083,0.0000E+000
355.2153,0.0000E+000
355.2222,0.0000E+000
355.2292,0.0000E+000
355.2361,0.0000E+000
355.2431,0.0000E+000
355.2500,0.0000E+000
355.2569,0.0000E+000
355.2639,0.0000E+000
355.2708,0.0000E+000
355.2778,0.0000E+000
355.2847,0.0000E+000
355.2917,0.0000E+000
355.2986,0.0000E+000
355.3056,0.0000E+000
355.3125,0.0000E+000
355.3194,0.0000E+000
355.3264,0.0000E+000
355.3333,5.2619E-013
355.3403,1.0714E-002
355.3472,1.1447E-001
355.3542,3.1240E-001
355.3611,8.1935E-001
355.3681,2.5658E+000
355.3750,3.5825E+000
355.3819,4.4662E+000
355.3889,5.9713E+000
355.3958,8.1063E+000
355.4028,9.4970E+000
355.4097,1.1193E+001
355.4167,1.1407E+001
355.4236,1.2293E+001
355.4306,1.4516E+001
355.4375,1.7152E+001
355.4444,2.1156E+001
355.4514,1.9291E+001
355.4583,1.9132E+001
355.4653,2.0259E+001
355.4722,2.6548E+001
355.4792,2.8291E+001
355.4861,3.5563E+001
355.4931,2.7342E+001
355.5000,3.7884E+001
355.5069,5.6123E+001
355.5139,5.1424E+001
355.5208,4.3878E+001
355.5278,3.8954E+001
355.5347,3.8861E+001
355.5417,4.7338E+001
355.5486,4.2031E+001
355.5556,4.4772E+001
355.5625,4.9870E+001
355.5694,9.5270E+001
355.5764,7.1113E+001
355.5833,5.4891E+001
355.5903,3.6703E+001
355.5972,3.5789E+001
355.6042,2.5314E+001
355.6111,2.1212E+001
355.6181,1.2348E+001
355.6250,8.4824E+000
355.6319,9.3335E+000
355.6389,7.8344E+000
355.6458,7.2947E+000
355.6528,6.6201E+000
355.6597,2.9736E+000
355.6667,2.9894E+000
355.6736,1.0017E+000
355.6806,1.0379E-001
355.6875,0.0000E+000
355.6944,0.0000E+000
355.7014,0.0000E+000
355.7083,0.0000E+000
355.7153,0.0000E+000
355.7222,0.0000E+000
355.7292,0.0000E+000
355.7361,0.0000E+000
355.7431,0.0000E+000
355.7500,0.0000E+000
355.7569,0.0000E+000
355.7639,0.0000E+000
355.7708,0.0000E+000
355.7778,0.0000E+000
355.7847,0.0000E+000
355.7917,0.0000E+000
355.7986,0.0000E+000
355.8056,0.0000E+000
355.8125,4.5129E-003
355.8194,3.3246E-013
355.8264,5.0771E-003
355.8333,2.7706E-013
355.8403,5.6413E-003
355.8472,2.4258E-002
355.8542,1.1452E-001
355.8611,6.5440E-002
355.8681,1.3539E-002
355.8750,0.0000E+000
355.8819,3.9159E-012
355.8889,5.9800E-002
355.8958,1.5006E-001
355.9028,2.2566E-002
355.9097,5.6416E-004
355.9167,1.2524E-001
355.9236,1.2299E-001
355.9306,2.7644E-002
355.9375,1.5797E-002
355.9444,1.8618E-002
355.9514,3.0479E-013
355.9583,0.0000E+000
355.9653,0.0000E+000
355.9722,4.5135E-003
355.9792,2.2167E-013
355.9861,1.1848E-002
355.9931,5.6420E-004
356.0000,2.8210E-003
356.0069,3.4981E-002
356.0139,7.3347E-003
356.0208,1.6626E-013
356.0278,3.3853E-003
356.0347,9.0275E-003
356.0417,2.8211E-003
356.0486,1.0720E-002
356.0556,1.5798E-002
356.0625,0.0000E+000
356.0694,3.3854E-003
356.0764,2.3698E-002
356.0833,2.2570E-002
356.0903,4.8525E-002
356.0972,3.0469E-002
356.1042,4.9090E-002
356.1111,1.8620E-002
356.1181,6.6018E-002
356.1250,2.2570E-003
356.1319,9.5924E-003
356.1389,1.8621E-002
356.1458,1.0157E-002
356.1528,7.7305E-002
356.1597,1.2414E-002
356.1667,2.6521E-002
356.1736,2.3700E-002
356.1806,5.4171E-002
356.1875,1.5236E-002
356.1944,4.0065E-002
356.2014,4.3451E-002
356.2083,9.0852E-002
356.2153,9.4238E-002
356.2222,3.1601E-002
356.2292,1.6929E-002
356.2361,5.6431E-004
356.2431,7.9004E-003
356.2500,3.9502E-003
356.2569,2.5959E-002
356.2639,6.2640E-002
356.2708,8.4649E-003
356.2778,2.4831E-002
356.2847,3.9503E-003
356.2917,6.0948E-002
356.2986,4.7969E-002
356.3056,7.2236E-002
356.3125,9.8761E-002
356.3194,1.9752E-002
356.3264,8.1831E-002
356.3333,3.7812E-002
356.3403,4.5149E-002
356.3472,7.8446E-002
356.3542,1.9527E-001
356.3611,5.1583E-001
356.3681,1.2439E+000
356.3750,1.5876E+000
356.3819,2.1153E+000
356.3889,3.2429E+000
356.3958,3.3767E+000
356.4028,4.4293E+000
356.4097,6.5853E+000
356.4167,4.9537E+000
356.4236,5.2630E+000
356.4306,7.5449E+000
356.4375,7.8108E+000
356.4444,8.0603E+000
356.4514,1.1032E+001
356.4583,1.0038E+001
356.4653,1.7343E+001
356.4722,1.5571E+001
356.4792,1.6914E+001
356.4861,1.3660E+001
356.4931,1.6079E+001
356.5000,1.5774E+001
356.5069,1.5691E+001
356.5139,1.6017E+001
356.5208,3.1950E+001
356.5278,2.3701E+001
356.5347,2.1684E+001
356.5417,2.6892E+001
356.5486,1.8920E+001
356.5556,1.5883E+001
356.5625,1.9511E+001
356.5694,1.9353E+001
356.5764,1.9309E+001
356.5833,1.6851E+001
356.5903,1.5946E+001
356.5972,1.4708E+001
356.6042,1.4207E+001
356.6111,1.6269E+001
356.6181,1.1863E+001
356.6250,1.0212E+001
356.6319,7.0579E+000
356.6389,5.1409E+000
356.6458,4.6458E+000
356.6528,3.2431E+000
356.6597,2.9242E+000
356.6667,2.1926E+000
356.6736,9.4330E-001
356.6806,5.7129E-001
356.6875,1.2645E-001
356.6944,2.5404E-002
356.7014,4.1588E-013
356.7083,0.0000E+000
356.7153,0.0000E+000
356.7222,1.1291E-003
356.7292,3.9518E-003
356.7361,0.0000E+000
356.7431,0.0000E+000
356.7500,0.0000E+000
356.7569,2.1453E-002
356.7639,3.5121E-013
356.7708,1.2985E-002
356.7778,1.6937E-003
356.7847,1.1291E-003
356.7917,5.5455E-014
356.7986,0.0000E+000
356.8056,0.0000E+000
356.8125,0.0000E+000
356.8194,4.0668E-013
356.8264,6.2104E-003
356.8333,1.6360E-012
356.8403,3.3311E-002
356.8472,2.1455E-002
356.8542,6.7752E-003
356.8611,5.0814E-003
356.8681,2.2584E-003
356.8750,5.6461E-004
356.8819,4.2346E-002
356.8889,9.5985E-003
356.8958,0.0000E+000
356.9028,0.0000E+000
356.9097,0.0000E+000
356.9167,0.0000E+000
356.9236,8.4695E-003
356.9306,4.7429E-002
356.9375,2.5409E-002
356.9444,1.6375E-002
356.9514,2.6807E-013
356.9583,0.0000E+000
356.9653,0.0000E+000
356.9722,1.2987E-002
356.9792,6.3783E-013
356.9861,0.0000E+000
356.9931,0.0000E+000
357.0000,0.0000E+000
357.0069,0.0000E+000
357.0139,0.0000E+000
357.0208,0.0000E+000
357.0278,0.0000E+000
357.0347,5.9164E-013
357.0417,1.8070E-002
357.0486,1.9199E-002
357.0556,1.3553E-002
357.0625,1.3327E-001
357.0694,2.8235E-002
357.0764,4.6223E-013
357.0833,0.0000E+000
357.0903,0.0000E+000
357.0972,5.0824E-003
357.1042,2.4961E-013
357.1111,0.0000E+000
357.1181,0.0000E+000
357.1250,0.0000E+000
357.1319,0.0000E+000
357.1389,0.0000E+000
357.1458,0.0000E+000
357.1528,0.0000E+000
357.1597,0.0000E+000
357.1667,0.0000E+000
357.1736,0.0000E+000
357.1806,0.0000E+000
357.1875,0.0000E+000
357.1944,0.0000E+000
357.2014,0.0000E+000
357.2083,0.0000E+000
357.2153,0.0000E+000
357.2222,0.0000E+000
357.2292,0.0000E+000
357.2361,0.0000E+000
357.2431,0.0000E+000
357.2500,0.0000E+000
357.2569,0.0000E+000
357.2639,0.0000E+000
357.2708,0.0000E+000
357.2778,0.0000E+000
357.2847,0.0000E+000
357.2917,0.0000E+000
357.2986,0.0000E+000
357.3056,0.0000E+000
357.3125,0.0000E+000
357.3194,0.0000E+000
357.3264,0.0000E+000
357.3333,0.0000E+000
357.3403,0.0000E+000
357.3472,7.2495E-012
357.3542,2.2141E-001
357.3611,1.0489E+000
357.3681,1.0749E+000
357.3750,3.3953E+000
357.3819,6.1828E+000
357.3889,7.6672E+000
357.3958,7.8633E+000
357.4028,8.3525E+000
357.4097,7.3652E+000
357.4167,1.4981E+001
357.4236,1.2958E+001
357.4306,1.7149E+001
357.4375,2.7514E+001
357.4444,2.8464E+001
357.4514,2.8254E+001
357.4583,3.3715E+001
357.4653,2.8880E+001
357.4722,2.6187E+001
357.4792,2.7440E+001
357.4861,1.5907E+001
357.4931,1.1775E+001
357.5000,2.3257E+001
357.5069,2.6955E+001
357.5139,2.6294E+001
357.5208,3.1085E+001
357.5278,2.5568E+001
357.5347,1.7771E+001
357.5417,2.4247E+001
357.5486,1.4329E+001
357.5556,1.2454E+001
357.5625,1.4421E+001
357.5694,1.3260E+001
357.5764,1.2610E+001
357.5833,1.1084E+001
357.5903,1.2735E+001
357.5972,1.0799E+001
357.6042,9.9696E+000
357.6111,8.5743E+000
357.6181,1.1998E+001
357.6250,6.6908E+000
357.6319,7.9677E+000
357.6389,6.1140E+000
357.6458,4.7932E+000
357.6528,2.8294E+000
357.6597,2.5198E+000
357.6667,8.8645E-001
357.6736,6.3843E-002
357.6806,9.3222E-002
357.6875,1.1978E-001
357.6944,3.1244E-001
357.7014,1.3447E-001
357.7083,0.0000E+000
357.7153,0.0000E+000
357.7222,0.0000E+000
357.7292,0.0000E+000
357.7361,0.0000E+000
357.7431,0.0000E+000
357.7500,0.0000E+000
357.7569,0.0000E+000
357.7639,0.0000E+000
357.7708,0.0000E+000
357.7778,0.0000E+000
357.7847,0.0000E+000
357.7917,0.0000E+000
357.7986,2.7751E-013
357.8056,1.6951E-002
357.8125,3.9553E-003
357.8194,3.6261E-012
357.8264,5.5375E-002
357.8333,1.4126E-002
357.8403,4.6253E-013
357.8472,6.2904E-013
357.8542,1.9212E-002
357.8611,3.2209E-002
357.8681,7.9110E-003
357.8750,0.0000E+000
357.8819,0.0000E+000
357.8889,0.0000E+000
357.8958,1.5257E-001
357.9028,4.9955E-012
357.9097,2.0343E-002
357.9167,1.5258E-002
357.9236,6.2726E-002
357.9306,2.3904E-001
357.9375,1.5088E-001
357.9444,3.5037E-002
357.9514,5.7359E-013
357.9583,2.8030E-001
357.9653,2.1870E-001
357.9722,4.9731E-002
357.9792,2.4424E-012
357.9861,0.0000E+000
357.9931,0.0000E+000
358.0000,0.0000E+000
358.0069,3.7864E-002
358.0139,6.6121E-002
358.0208,0.0000E+000
358.0278,0.0000E+000
358.0347,0.0000E+000
358.0417,0.0000E+000
358.0486,0.0000E+000
358.0556,0.0000E+000
358.0625,0.0000E+000
358.0694,0.0000E+000
358.0764,0.0000E+000
358.0833,0.0000E+000
358.0903,0.0000E+000
358.0972,0.0000E+000
358.1042,0.0000E+000
358.1111,0.0000E+000
358.1181,0.0000E+000
358.1250,0.0000E+000
358.1319,0.0000E+000
358.1389,0.0000E+000
358.1458,0.0000E+000
358.1528,0.0000E+000
358.1597,0.0000E+000
358.1667,0.0000E+000
358.1736,0.0000E+000
358.1806,0.0000E+000
358.1875,0.0000E+000
358.1944,1.6391E-002
358.2014,8.0262E-002
358.2083,0.0000E+000
358.2153,0.0000E+000
358.2222,0.0000E+000
358.2292,0.0000E+000
358.2361,0.0000E+000
358.2431,0.0000E+000
358.2500,0.0000E+000
358.2569,0.0000E+000
358.2639,0.0000E+000
358.2708,0.0000E+000
358.2778,0.0000E+000
358.2847,1.0514E-001
358.2917,3.3464E-001
358.2986,3.3916E-002
358.3056,2.2210E-012
358.3125,1.6958E-002
358.3194,5.0875E-003
358.3264,3.9005E-002
358.3333,4.0701E-002
358.3403,2.3968E-001
358.3472,2.2160E-001
358.3542,4.7994E-001
358.3611,7.2472E-001
358.3681,1.1040E+000
358.3750,1.5444E+000
358.3819,1.7609E+000
358.3889,2.5377E+000
358.3958,4.3258E+000
358.4028,5.4084E+000
358.4097,6.5284E+000
358.4167,5.0846E+000
358.4236,9.1985E+000
358.4306,1.1642E+001
358.4375,8.4778E+000
358.4444,8.8204E+000
358.4514,2.5165E+001
358.4583,1.9120E+001
358.4653,2.2978E+001
358.4722,1.7714E+001
358.4792,2.1588E+001
358.4861,2.5620E+001
358.4931,3.0126E+001
358.5000,2.5107E+001
358.5069,2.6112E+001
358.5139,2.6861E+001
358.5208,1.8587E+001
358.5278,1.1660E+001
358.5347,2.6183E+001
358.5417,2.5113E+001
358.5486,3.1617E+001
358.5556,4.0671E+001
358.5625,3.1631E+001
358.5694,5.1382E+001
358.5764,4.4451E+001
358.5833,3.6821E+001
358.5903,3.4146E+001
358.5972,3.2210E+001
358.6042,3.7605E+001
358.6111,4.0234E+001
358.6181,3.2068E+001
358.6250,3.1265E+001
358.6319,2.2464E+001
358.6389,1.8071E+001
358.6458,7.4208E+000
358.6528,1.1006E+001
358.6597,1.2023E+001
358.6667,7.9903E+000
358.6736,3.7981E+000
358.6806,1.6104E+000
358.6875,2.9630E-001
358.6944,1.0178E-002
358.7014,1.6663E-013
358.7083,0.0000E+000
358.7153,0.0000E+000
358.7222,0.0000E+000
358.7292,0.0000E+000
358.7361,0.0000E+000
358.7431,0.0000E+000
358.7500,0.0000E+000
358.7569,3.6252E-011
358.7639,5.5361E-001
358.7708,5.7567E-001
358.7778,3.5570E-001
358.7847,1.8944E-001
358.7917,2.6296E-001
358.7986,1.8266E-001
358.8056,3.3987E-001
358.8125,2.5957E-001
358.8194,2.5109E-001
358.8264,2.1716E-001
358.8333,4.3149E-001
358.8403,4.2980E-001
358.8472,3.3310E-001
358.8542,5.3782E-001
358.8611,3.3197E-001
358.8681,6.5093E-001
358.8750,2.7598E-001
358.8819,2.6468E-001
358.8889,9.7840E-002
358.8958,1.9851E-001
358.9028,9.8972E-002
358.9097,9.6145E-003
358.9167,4.7220E-013
358.9236,0.0000E+000
358.9306,0.0000E+000
358.9375,0.0000E+000
358.9444,0.0000E+000
358.9514,0.0000E+000
358.9583,5.5554E-014
358.9653,1.1312E-003
358.9722,0.0000E+000
358.9792,0.0000E+000
358.9861,0.0000E+000
358.9931,0.0000E+000
359.0000,0.0000E+000
359.0069,0.0000E+000
359.0139,0.0000E+000
359.0208,0.0000E+000
359.0278,0.0000E+000
359.0347,0.0000E+000
359.0417,0.0000E+000
359.0486,0.0000E+000
359.0556,0.0000E+000
359.0625,0.0000E+000
359.0694,0.0000E+000
359.0764,0.0000E+000
359.0833,0.0000E+000
359.0903,0.0000E+000
359.0972,0.0000E+000
359.1042,0.0000E+000
359.1111,0.0000E+000
359.1181,0.0000E+000
359.1250,0.0000E+000
359.1319,0.0000E+000
359.1389,0.0000E+000
359.1458,0.0000E+000
359.1528,0.0000E+000
359.1597,0.0000E+000
359.1667,0.0000E+000
359.1736,0.0000E+000
359.1806,0.0000E+000
359.1875,0.0000E+000
359.1944,0.0000E+000
359.2014,0.0000E+000
359.2083,0.0000E+000
359.2153,0.0000E+000
359.2222,0.0000E+000
359.2292,0.0000E+000
359.2361,5.0914E-003
359.2431,3.3340E-013
359.2500,0.0000E+000
359.2569,1.1314E-003
359.2639,1.3577E-002
359.2708,0.0000E+000
359.2778,0.0000E+000
359.2847,0.0000E+000
359.2917,0.0000E+000
359.2986,0.0000E+000
359.3056,0.0000E+000
359.3125,0.0000E+000
359.3194,0.0000E+000
359.3264,0.0000E+000
359.3333,0.0000E+000
359.3403,0.0000E+000
359.3472,4.5261E-003
359.3542,4.4356E-001
359.3611,2.4283E+000
359.3681,3.0829E+000
359.3750,6.8368E+000
359.3819,1.1312E+001
359.3889,1.5409E+001
359.3958,1.5545E+001
359.4028,1.6699E+001
359.4097,1.5311E+001
359.4167,1.0484E+001
359.4236,1.6673E+001
359.4306,2.8622E+001
359.4375,1.9748E+001
359.4444,2.0642E+001
359.4514,3.0872E+001
359.4583,4.2725E+001
359.4653,5.1239E+001
359.4722,3.8222E+001
359.4792,2.1890E+001
359.4861,3.0422E+001
359.4931,4.8780E+001
359.5000,5.5685E+001
359.5069,4.7278E+001
359.5139,8.9435E+001
359.5208,1.4332E+002
359.5278,1.4289E+002
359.5347,1.4556E+002
359.5417,1.5031E+002
359.5486,1.2371E+002
359.5556,1.3603E+002
359.5625,1.2937E+002
359.5694,1.1698E+002
359.5764,8.9770E+001
359.5833,1.5432E+001
359.5903,1.4682E+001
359.5972,1.7242E+001
359.6042,1.3602E+001
359.6111,1.2152E+001
359.6181,1.0970E+001
359.6250,9.9093E+000
359.6319,1.2119E+001
359.6389,1.1187E+001
359.6458,7.5831E+000
359.6528,5.8192E+000
359.6597,4.5974E+000
359.6667,3.0101E+000
359.6736,1.8421E+000
359.6806,8.5737E-001
359.6875,8.5454E-002
359.6944,0.0000E+000
359.7014,0.0000E+000
359.7083,0.0000E+000
359.7153,0.0000E+000
359.7222,0.0000E+000
359.7292,0.0000E+000
359.7361,0.0000E+000
359.7431,0.0000E+000
359.7500,0.0000E+000
359.7569,0.0000E+000
359.7639,0.0000E+000
359.7708,2.7796E-014
359.7778,5.6596E-004
359.7847,0.0000E+000
359.7917,0.0000E+000
359.7986,0.0000E+000
359.8056,0.0000E+000
359.8125,0.0000E+000
359.8194,0.0000E+000
359.8264,0.0000E+000
359.8333,3.8916E-013
359.8403,7.9239E-003
359.8472,5.5743E-011
359.8542,1.7025E+000
359.8611,1.5622E-001
359.8681,9.5089E-002
359.8750,4.3583E-002
359.8819,6.3959E-002
359.8889,3.9621E-003
359.8958,6.6717E-013
359.9028,1.3585E-002
359.9097,3.9622E-003
359.9167,3.9622E-003
359.9236,1.8113E-002
359.9306,2.0943E-002
359.9375,4.9245E-002
359.9444,1.6415E-002
359.9514,9.6227E-003
359.9583,3.5661E-002
359.9653,3.3963E-003
359.9722,2.6038E-002
359.9792,7.5852E-002
359.9861,1.5850E-002
359.9931,1.5284E-002
360.0000,2.2643E-003
360.0069,2.3775E-002
360.0139,1.8680E-002
360.0208,8.4911E-003
360.0278,2.8304E-003
360.0347,3.6795E-002
360.0417,4.9249E-002
360.0486,4.1325E-002
360.0556,3.9626E-003
360.0625,0.0000E+000
360.0694,0.0000E+000
360.0764,0.0000E+000
360.0833,0.0000E+000
360.0903,0.0000E+000
360.0972,0.0000E+000
360.1042,0.0000E+000
360.1111,2.0389E-013
360.1181,1.2455E-002
360.1250,1.3587E-002
360.1319,9.0581E-003
360.1389,1.0190E-002
360.1458,5.6613E-003
360.1528,2.4910E-002
360.1597,3.9630E-003
360.1667,7.9260E-003
360.1736,1.0195E-013
360.1806,6.2277E-003
360.1875,1.8117E-002
360.1944,1.3588E-002
360.2014,2.2245E-013
360.2083,0.0000E+000
360.2153,0.0000E+000
360.2222,0.0000E+000
360.2292,0.0000E+000
360.2361,0.0000E+000
360.2431,0.0000E+000
360.2500,0.0000E+000
360.2569,0.0000E+000
360.2639,0.0000E+000
360.2708,0.0000E+000
360.2778,0.0000E+000
360.2847,0.0000E+000
360.2917,0.0000E+000
360.2986,0.0000E+000
360.3056,0.0000E+000
360.3125,0.0000E+000
360.3194,0.0000E+000
360.3264,0.0000E+000
360.3333,4.5328E-012
360.3403,9.2295E-002
360.3472,4.5412E-001
360.3542,1.4031E+000
360.3611,2.5169E+000
360.3681,3.8431E+000
360.3750,6.4659E+000
360.3819,1.0088E+001
360.3889,1.3853E+001
360.3958,1.6318E+001
360.4028,1.7130E+001
360.4097,1.8649E+001
360.4167,2.1402E+001
360.4236,2.0132E+001
360.4306,3.1009E+001
360.4375,4.2112E+001
360.4444,4.0856E+001
360.4514,4.0864E+001
360.4583,3.3417E+001
360.4653,3.2712E+001
360.4722,3.1275E+001
360.4792,3.5131E+001
360.4861,3.9074E+001
360.4931,6.6838E+001
360.5000,4.9039E+001
360.5069,3.6800E+001
360.5139,5.0671E+001
360.5208,5.0910E+001
360.5278,5.4992E+001
360.5347,4.8354E+001
360.5417,6.0549E+001
360.5486,6.0795E+001
360.5556,4.8005E+001
360.5625,3.4952E+001
360.5694,2.7817E+001
360.5764,2.1868E+001
360.5833,1.7840E+001
360.5903,1.4050E+001
360.5972,1.2043E+001
360.6042,1.1922E+001
360.6111,1.0833E+001
360.6181,1.0583E+001
360.6250,1.2311E+001
360.6319,1.0049E+001
360.6389,8.7509E+000
360.6458,6.1655E+000
360.6528,4.6539E+000
360.6597,3.0091E+000
360.6667,1.9138E+000
360.6736,1.2245E+000
360.6806,5.8224E-001
360.6875,2.5714E-001
360.6944,1.0082E-001
360.7014,4.6444E-002
360.7083,2.7817E-014
360.7153,5.6640E-004
360.7222,0.0000E+000
360.7292,0.0000E+000
360.7361,0.0000E+000
360.7431,0.0000E+000
360.7500,0.0000E+000
360.7569,0.0000E+000
360.7639,0.0000E+000
360.7708,0.0000E+000
360.7778,0.0000E+000
360.7847,0.0000E+000
360.7917,0.0000E+000
360.7986,0.0000E+000
360.8056,0.0000E+000
360.8125,0.0000E+000
360.8194,0.0000E+000
360.8264,0.0000E+000
360.8333,0.0000E+000
360.8403,0.0000E+000
360.8472,0.0000E+000
360.8542,0.0000E+000
360.8611,0.0000E+000
360.8681,0.0000E+000
360.8750,0.0000E+000
360.8819,0.0000E+000
360.8889,0.0000E+000
360.8958,0.0000E+000
360.9028,0.0000E+000
360.9097,0.0000E+000
360.9167,0.0000E+000
360.9236,0.0000E+000
360.9306,0.0000E+000
360.9375,0.0000E+000
360.9444,0.0000E+000
360.9514,0.0000E+000
360.9583,0.0000E+000
360.9653,0.0000E+000
360.9722,0.0000E+000
360.9792,0.0000E+000
360.9861,0.0000E+000
360.9931,0.0000E+000
361.0000,0.0000E+000
361.0069,0.0000E+000
361.0139,0.0000E+000
361.0208,0.0000E+000
361.0278,0.0000E+000
361.0347,0.0000E+000
361.0417,0.0000E+000
361.0486,0.0000E+000
361.0556,0.0000E+000
361.0625,0.0000E+000
361.0694,0.0000E+000
361.0764,0.0000E+000
361.0833,0.0000E+000
361.0903,0.0000E+000
361.0972,0.0000E+000
361.1042,0.0000E+000
361.1111,0.0000E+000
361.1181,0.0000E+000
361.1250,0.0000E+000
361.1319,0.0000E+000
361.1389,0.0000E+000
361.1458,0.0000E+000
361.1528,0.0000E+000
361.1597,0.0000E+000
361.1667,0.0000E+000
361.1736,0.0000E+000
361.1806,0.0000E+000
361.1875,0.0000E+000
361.1944,0.0000E+000
361.2014,0.0000E+000
361.2083,0.0000E+000
361.2153,0.0000E+000
361.2222,0.0000E+000
361.2292,0.0000E+000
361.2361,0.0000E+000
361.2431,0.0000E+000
361.2500,0.0000E+000
361.2569,0.0000E+000
361.2639,0.0000E+000
361.2708,0.0000E+000
361.2778,0.0000E+000
361.2847,0.0000E+000
361.2917,0.0000E+000
361.2986,0.0000E+000
361.3056,0.0000E+000
361.3125,0.0000E+000
361.3194,0.0000E+000
361.3264,0.0000E+000
361.3333,1.5558E-011
361.3403,3.1678E-001
361.3472,8.0811E-001
361.3542,4.5789E-001
361.3611,1.1158E+000
361.3681,2.8760E+000
361.3750,5.7011E+000
361.3819,8.7801E+000
361.3889,1.2713E+001
361.3958,1.6609E+001
361.4028,2.0361E+001
361.4097,2.5804E+001
361.4167,2.7771E+001
361.4236,3.3826E+001
361.4306,3.8423E+001
361.4375,3.3806E+001
361.4444,3.4933E+001
361.4514,3.9939E+001
361.4583,4.6435E+001
361.4653,3.6201E+001
361.4722,2.6185E+001
361.4792,2.3819E+001
361.4861,2.5085E+001
361.4931,2.6480E+001
361.5000,2.5824E+001
361.5069,2.1348E+001
361.5139,1.9803E+001
361.5208,2.2446E+001
361.5278,2.1670E+001
361.5347,1.7275E+001
361.5417,1.4087E+001
361.5486,1.1494E+001
361.5556,9.7177E+000
361.5625,9.7631E+000
361.5694,9.6815E+000
361.5764,1.2090E+001
361.5833,1.3428E+001
361.5903,1.3951E+001
361.5972,1.5588E+001
361.6042,1.6631E+001
361.6111,1.1400E+001
361.6181,1.1533E+001
361.6250,8.3992E+000
361.6319,7.9645E+000
361.6389,5.4251E+000
361.6458,4.1084E+000
361.6528,3.7666E+000
361.6597,1.9953E+000
361.6667,7.6581E-001
361.6736,2.2787E-001
361.6806,4.3648E-002
361.6875,0.0000E+000
361.6944,0.0000E+000
361.7014,0.0000E+000
361.7083,0.0000E+000
361.7153,0.0000E+000
361.7222,0.0000E+000
361.7292,0.0000E+000
361.7361,2.1345E-013
361.7431,1.3038E-002
361.7500,2.2675E-003
361.7569,0.0000E+000
361.7639,0.0000E+000
361.7708,0.0000E+000
361.7778,0.0000E+000
361.7847,0.0000E+000
361.7917,0.0000E+000
361.7986,6.8029E-003
361.8056,4.4548E-013
361.8125,0.0000E+000
361.8194,8.9097E-012
361.8264,1.3606E-001
361.8333,1.9389E-001
361.8403,3.2088E-001
361.8472,2.1090E-001
361.8542,3.0047E-002
361.8611,5.3292E-002
361.8681,1.0205E-001
361.8750,4.3088E-002
361.8819,8.5042E-003
361.8889,8.2774E-002
361.8958,4.4789E-002
361.9028,8.7311E-002
361.9097,4.2522E-002
361.9167,8.6178E-002
361.9236,5.8397E-002
361.9306,2.2679E-002
361.9375,1.1906E-002
361.9444,7.3707E-003
361.9514,3.9121E-002
361.9583,0.0000E+000
361.9653,0.0000E+000
361.9722,1.1139E-012
361.9792,3.4019E-002
361.9861,1.8654E-001
361.9931,6.1803E-002
362.0000,1.9335E-001
362.0069,5.9365E-001
362.0139,1.6273E-001
362.0208,9.4124E-002
362.0278,3.9691E-003
362.0347,1.4175E-002
362.0417,9.0723E-003
362.0486,3.7423E-002
362.0556,1.2475E-002
362.0625,3.5156E-002
362.0694,0.0000E+000
362.0764,0.0000E+000
362.0833,7.2407E-013
362.0903,1.4743E-002
362.0972,0.0000E+000
362.1042,0.0000E+000
362.1111,4.5364E-003
362.1181,2.9706E-013
362.1250,0.0000E+000
362.1319,0.0000E+000
362.1389,0.0000E+000
362.1458,0.0000E+000
362.1528,0.0000E+000
362.1597,4.5366E-003
362.1667,2.8354E-002
362.1736,0.0000E+000
362.1806,0.0000E+000
362.1875,8.7331E-002
362.1944,1.6899E-001
362.2014,1.7523E-001
362.2083,5.3307E-002
362.2153,1.5312E-001
362.2222,1.1342E-003
362.2292,5.5704E-014
362.2361,0.0000E+000
362.2431,0.0000E+000
362.2500,0.0000E+000
362.2569,0.0000E+000
362.2639,0.0000E+000
362.2708,0.0000E+000
362.2778,0.0000E+000
362.2847,0.0000E+000
362.2917,0.0000E+000
362.2986,0.0000E+000
362.3056,0.0000E+000
362.3125,0.0000E+000
362.3194,0.0000E+000
362.3264,0.0000E+000
362.3333,0.0000E+000
362.3403,0.0000E+000
362.3472,1.0776E-002
362.3542,3.4654E-001
362.3611,2.3759E+000
362.3681,5.5435E+000
362.3750,6.4879E+000
362.3819,4.4869E+000
362.3889,6.4891E+000
362.3958,1.2238E+001
362.4028,1.4987E+001
362.4097,2.1020E+001
362.4167,2.0337E+001
362.4236,1.8224E+001
362.4306,1.6696E+001
362.4375,1.3256E+001
362.4444,1.5226E+001
362.4514,1.9414E+001
362.4583,2.1083E+001
362.4653,1.8617E+001
362.4722,1.9665E+001
362.4792,1.6674E+001
362.4861,1.6903E+001
362.4931,1.1448E+001
362.5000,1.0310E+001
362.5069,9.8563E+000
362.5139,5.5992E+000
362.5208,4.8913E+000
362.5278,7.1689E+000
362.5347,8.1888E+000
362.5417,1.1770E+001
362.5486,1.5027E+001
362.5556,1.3363E+001
362.5625,1.0803E+001
362.5694,1.2374E+001
362.5764,1.5423E+001
362.5833,1.7019E+001
362.5903,1.9433E+001
362.5972,2.0543E+001
362.6042,2.5061E+001
362.6111,3.4053E+001
362.6181,4.2014E+001
362.6250,3.6188E+001
362.6319,2.5486E+001
362.6389,2.8318E+001
362.6458,1.7266E+001
362.6528,1.1647E+001
362.6597,1.0878E+001
362.6667,1.8346E+001
362.6736,9.8917E+000
362.6806,4.1091E+000
362.6875,1.7003E+000
362.6944,6.5469E-001
362.7014,7.3753E-003
362.7083,0.0000E+000
362.7153,0.0000E+000
362.7222,0.0000E+000
362.7292,0.0000E+000
362.7361,0.0000E+000
362.7431,0.0000E+000
362.7500,0.0000E+000
362.7569,0.0000E+000
362.7639,0.0000E+000
362.7708,0.0000E+000
362.7778,0.0000E+000
362.7847,0.0000E+000
362.7917,0.0000E+000
362.7986,0.0000E+000
362.8056,0.0000E+000
362.8125,0.0000E+000
362.8194,4.9362E-002
362.8264,1.1348E-002
362.8333,1.8156E-002
362.8403,1.1007E-001
362.8472,2.3263E-002
362.8542,1.1425E-012
362.8611,7.3382E-013
362.8681,4.4825E-002
362.8750,1.7022E-003
362.8819,1.4356E-001
362.8889,5.1067E-002
362.8958,1.2483E-002
362.9028,7.9439E-003
362.9097,7.9439E-002
362.9167,4.6302E-001
362.9236,5.1182E-001
362.9306,4.9650E-001
362.9375,5.0218E-001
362.9444,4.8459E-001
362.9514,4.4488E-001
362.9583,2.9394E-001
362.9653,5.6745E-004
362.9722,7.4132E-012
362.9792,2.2642E-001
362.9861,2.1904E-001
362.9931,3.8985E-001
363.0000,4.1028E-001
363.0069,4.8178E-001
363.0139,4.7724E-001
363.0208,4.6987E-001
363.0278,4.5852E-001
363.0347,4.6534E-001
363.0417,5.1074E-001
363.0486,4.5569E-001
363.0556,4.5343E-001
363.0625,5.0961E-001
363.0694,4.4038E-001
363.0764,4.0293E-001
363.0833,4.0633E-001
363.0903,3.9101E-001
363.0972,3.6207E-001
363.1042,3.1951E-001
363.1111,2.4347E-001
363.1181,3.5527E-001
363.1250,4.4437E-001
363.1319,4.9148E-001
363.1389,6.1634E-001
363.1458,6.4756E-001
363.1528,8.0420E-001
363.1597,9.0580E-001
363.1667,5.8287E-001
363.1736,3.7799E-001
363.1806,3.4791E-001
363.1875,9.5236E-001
363.1944,9.0185E-001
363.2014,7.6223E-001
363.2083,6.0275E-001
363.2153,4.8924E-001
363.2222,5.1989E-001
363.2292,5.5509E-001
363.2361,4.0752E-001
363.2431,4.3420E-001
363.2500,3.6496E-001
363.2569,3.0877E-001
363.2639,2.9288E-001
363.2708,2.2704E-001
363.2778,3.0650E-002
363.2847,1.5893E-002
363.2917,7.8054E-013
363.2986,1.4190E-002
363.3056,3.2921E-002
363.3125,1.1920E-002
363.3194,0.0000E+000
363.3264,0.0000E+000
363.3333,0.0000E+000
363.3403,0.0000E+000
363.3472,2.4718E-012
363.3542,7.5495E-002
363.3611,5.0576E-001
363.3681,1.0899E+000
363.3750,2.9898E+000
363.3819,4.1631E+000
363.3889,5.2945E+000
363.3958,6.6398E+000
363.4028,7.1161E+000
363.4097,6.0001E+000
363.4167,4.9001E+000
363.4236,5.9020E+000
363.4306,7.1668E+000
363.4375,5.9617E+000
363.4444,5.2186E+000
363.4514,6.2995E+000
363.4583,7.7602E+000
363.4653,1.5117E+001
363.4722,1.8398E+001
363.4792,1.8352E+001
363.4861,2.2062E+001
363.4931,2.4694E+001
363.5000,2.6033E+001
363.5069,2.3258E+001
363.5139,2.9828E+001
363.5208,5.4157E+001
363.5278,8.6962E+001
363.5347,6.3718E+001
363.5417,5.0713E+001
363.5486,3.4622E+001
363.5556,4.5189E+001
363.5625,4.3187E+001
363.5694,3.2573E+001
363.5764,1.7080E+001
363.5833,2.0783E+001
363.5903,3.1647E+001
363.5972,5.3796E+001
363.6042,3.1420E+001
363.6111,1.9916E+001
363.6181,1.8405E+001
363.6250,3.5018E+001
363.6319,2.2450E+001
363.6389,1.0787E+001
363.6458,5.1110E+000
363.6528,4.3168E+000
363.6597,1.5313E+000
363.6667,2.4471E-001
363.6736,4.0312E-001
363.6806,4.5991E-002
363.6875,0.0000E+000
363.6944,0.0000E+000
363.7014,0.0000E+000
363.7083,0.0000E+000
363.7153,0.0000E+000
363.7222,0.0000E+000
363.7292,0.0000E+000
363.7361,0.0000E+000
363.7431,0.0000E+000
363.7500,0.0000E+000
363.7569,0.0000E+000
363.7639,0.0000E+000
363.7708,0.0000E+000
363.7778,0.0000E+000
363.7847,0.0000E+000
363.7917,0.0000E+000
363.7986,0.0000E+000
363.8056,0.0000E+000
363.8125,0.0000E+000
363.8194,0.0000E+000
363.8264,0.0000E+000
363.8333,0.0000E+000
363.8403,0.0000E+000
363.8472,0.0000E+000
363.8542,0.0000E+000
363.8611,0.0000E+000
363.8681,0.0000E+000
363.8750,0.0000E+000
363.8819,0.0000E+000
363.8889,0.0000E+000
363.8958,0.0000E+000
363.9028,0.0000E+000
363.9097,0.0000E+000
363.9167,0.0000E+000
363.9236,0.0000E+000
363.9306,0.0000E+000
363.9375,0.0000E+000
363.9444,0.0000E+000
363.9514,0.0000E+000
363.9583,0.0000E+000
363.9653,0.0000E+000
363.9722,0.0000E+000
363.9792,0.0000E+000
363.9861,0.0000E+000
363.9931,0.0000E+000
364.0000,0.0000E+000
364.0069,7.8100E-013
364.0139,1.1927E-002
364.0208,1.1359E-003
364.0278,3.7191E-014
364.0347,4.5436E-003
364.0417,3.4077E-003
364.0486,0.0000E+000
364.0556,0.0000E+000
364.0625,0.0000E+000
364.0694,0.0000E+000
364.0764,0.0000E+000
364.0833,0.0000E+000
364.0903,0.0000E+000
364.0972,0.0000E+000
364.1042,0.0000E+000
364.1111,0.0000E+000
364.1181,0.0000E+000
364.1250,0.0000E+000
364.1319,0.0000E+000
364.1389,0.0000E+000
364.1458,0.0000E+000
364.1528,0.0000E+000
364.1597,0.0000E+000
364.1667,0.0000E+000
364.1736,2.8401E-003
364.1806,1.8598E-013
364.1875,0.0000E+000
364.1944,0.0000E+000
364.2014,0.0000E+000
364.2083,0.0000E+000
364.2153,0.0000E+000
364.2222,2.8402E-003
364.2292,2.4994E-002
364.2361,1.0793E-002
364.2431,3.4083E-003
364.2500,2.8402E-003
364.2569,0.0000E+000
364.2639,0.0000E+000
364.2708,0.0000E+000
364.2778,0.0000E+000
364.2847,0.0000E+000
364.2917,0.0000E+000
364.2986,0.0000E+000
364.3056,0.0000E+000
364.3125,0.0000E+000
364.3194,0.0000E+000
364.3264,0.0000E+000
364.3333,0.0000E+000
364.3403,0.0000E+000
364.3472,2.2507E-012
364.3542,6.8740E-002
364.3611,3.3575E-001
364.3681,1.0885E+000
364.3750,8.6182E-001
364.3819,1.8333E+000
364.3889,2.0861E+000
364.3958,3.4047E+000
364.4028,6.3346E+000
364.4097,5.4318E+000
364.4167,7.0601E+000
364.4236,8.4208E+000
364.4306,1.2878E+001
364.4375,2.9270E+001
364.4444,5.7291E+001
364.4514,4.7601E+001
364.4583,3.3935E+001
364.4653,8.2899E+000
364.4722,6.4423E+000
364.4792,9.7746E+000
364.4861,2.4174E+001
364.4931,1.2761E+001
364.5000,3.3834E+001
364.5069,2.8847E+001
364.5139,2.4767E+001
364.5208,2.9824E+001
364.5278,6.7847E+001
364.5347,5.4188E+001
364.5417,5.4436E+001
364.5486,5.0280E+001
364.5556,2.8173E+001
364.5625,1.8233E+001
364.5694,4.1459E+001
364.5764,4.2600E+001
364.5833,3.4565E+001
364.5903,4.2755E+001
364.5972,2.8757E+001
364.6042,1.3825E+001
364.6111,3.4153E+001
364.6181,3.9694E+001
364.6250,2.0810E+001
364.6319,2.9425E+001
364.6389,3.4735E+001
364.6458,1.6874E+001
364.6528,9.8470E+000
364.6597,6.5058E+000
364.6667,3.3498E+000
364.6736,3.1390E+000
364.6806,1.8730E+000
364.6875,1.5150E+000
364.6944,3.1652E-001
364.7014,5.1817E-012
364.7083,0.0000E+000
364.7153,0.0000E+000
364.7222,0.0000E+000
364.7292,0.0000E+000
364.7361,0.0000E+000
364.7431,0.0000E+000
364.7500,1.2673E-001
364.7569,0.0000E+000
364.7639,0.0000E+000
364.7708,0.0000E+000
364.7778,0.0000E+000
364.7847,0.0000E+000
364.7917,0.0000E+000
364.7986,0.0000E+000
364.8056,0.0000E+000
364.8125,0.0000E+000
364.8194,0.0000E+000
364.8264,0.0000E+000
364.8333,0.0000E+000
364.8403,0.0000E+000
364.8472,0.0000E+000
364.8542,0.0000E+000
364.8611,1.7050E-002
364.8681,1.1165E-012
364.8750,0.0000E+000
364.8819,1.9892E-002
364.8889,5.6835E-003
364.8958,1.5352E-012
364.9028,3.1260E-002
364.9097,6.5930E-002
364.9167,1.1367E-003
364.9236,9.8327E-002
364.9306,6.4388E-012
364.9375,0.0000E+000
364.9444,0.0000E+000
364.9514,0.0000E+000
364.9583,0.0000E+000
364.9653,0.0000E+000
364.9722,0.0000E+000
364.9792,0.0000E+000
364.9861,5.0019E-002
364.9931,3.2754E-012
365.0000,0.0000E+000
365.0069,0.0000E+000
365.0139,0.0000E+000
365.0208,0.0000E+000
365.0278,0.0000E+000
365.0347,0.0000E+000
365.0417,0.0000E+000
365.0486,0.0000E+000
365.0556,0.0000E+000
365.0625,0.0000E+000
365.0694,0.0000E+000
365.0764,0.0000E+000
365.0833,0.0000E+000
365.0903,0.0000E+000
365.0972,0.0000E+000
365.1042,0.0000E+000
365.1111,0.0000E+000
365.1181,0.0000E+000
365.1250,0.0000E+000
365.1319,0.0000E+000
365.1389,0.0000E+000
365.1458,0.0000E+000
365.1528,0.0000E+000
365.1597,0.0000E+000
365.1667,0.0000E+000
365.1736,0.0000E+000
365.1806,0.0000E+000
365.1875,1.7055E-003
365.1944,5.1164E-003
365.2014,2.7288E-002
365.2083,7.3905E-003
365.2153,2.4198E-013
365.2222,0.0000E+000
365.2292,0.0000E+000
365.2361,0.0000E+000
365.2431,0.0000E+000
365.2500,0.0000E+000
365.2569,0.0000E+000
365.2639,0.0000E+000
365.2708,0.0000E+000
365.2778,0.0000E+000
365.2847,0.0000E+000
365.2917,0.0000E+000
365.2986,0.0000E+000
365.3056,0.0000E+000
365.3125,0.0000E+000
365.3194,0.0000E+000
365.3264,0.0000E+000
365.3333,4.3002E-012
365.3403,8.7558E-002
365.3472,3.4171E-001
365.3542,8.4261E-001
365.3611,1.3128E+000
365.3681,1.7796E+000
365.3750,1.8103E+000
365.3819,2.0656E+000
365.3889,3.0885E+000
365.3958,4.0927E+000
365.4028,5.1747E+000
365.4097,6.1817E+000
365.4167,8.0871E+000
365.4236,9.0561E+000
365.4306,1.5056E+001
365.4375,1.8405E+001
365.4444,2.0389E+001
365.4514,2.8166E+001
365.4583,2.7519E+001
365.4653,2.8231E+001
365.4722,3.0996E+001
365.4792,2.3488E+001
365.4861,1.9419E+001
365.4931,1.9144E+001
365.5000,2.0216E+001
365.5069,1.5034E+001
365.5139,1.5880E+001
365.5208,2.0599E+001
365.5278,2.1563E+001
365.5347,1.8900E+001
365.5417,2.4377E+001
365.5486,2.7165E+001
365.5556,3.6714E+001
365.5625,2.8848E+001
365.5694,2.0169E+001
365.5764,1.9964E+001
365.5833,1.9273E+001
365.5903,1.5898E+001
365.5972,1.3504E+001
365.6042,1.3134E+001
365.6111,9.5943E+000
365.6181,1.2837E+001
365.6250,1.4638E+001
365.6319,1.7186E+001
365.6389,1.6809E+001
365.6458,1.1297E+001
365.6528,7.3590E+000
365.6597,5.2662E+000
365.6667,2.7924E+000
365.6736,1.5190E+000
365.6806,1.1824E+000
365.6875,6.3924E-001
365.6944,9.6114E-002
365.7014,1.5735E-012
365.7083,0.0000E+000
365.7153,0.0000E+000
365.7222,0.0000E+000
365.7292,0.0000E+000
365.7361,0.0000E+000
365.7431,0.0000E+000
365.7500,0.0000E+000
365.7569,0.0000E+000
365.7639,0.0000E+000
365.7708,0.0000E+000
365.7778,0.0000E+000
365.7847,2.8438E-003
365.7917,1.3967E-013
365.7986,0.0000E+000
365.8056,0.0000E+000
365.8125,0.0000E+000
365.8194,0.0000E+000
365.8264,0.0000E+000
365.8333,0.0000E+000
365.8403,0.0000E+000
365.8472,0.0000E+000
365.8542,0.0000E+000
365.8611,0.0000E+000
365.8681,0.0000E+000
365.8750,0.0000E+000
365.8819,0.0000E+000
365.8889,0.0000E+000
365.8958,0.0000E+000
365.9028,0.0000E+000
365.9097,0.0000E+000
365.9167,0.0000E+000
365.9236,2.0478E-002
365.9306,1.3410E-012
365.9375,0.0000E+000
365.9444,0.0000E+000
365.9514,0.0000E+000
365.9583,0.0000E+000
365.9653,0.0000E+000
365.9722,0.0000E+000
365.9792,0.0000E+000
365.9861,0.0000E+000
365.9931,0.0000E+000
366.0000,0.0000E+000
366.0069,0.0000E+000
366.0139,0.0000E+000
366.0208,0.0000E+000
366.0278,0.0000E+000
366.0347,0.0000E+000
366.0417,0.0000E+000
366.0486,0.0000E+000
366.0556,0.0000E+000
366.0625,1.1369E-003
366.0694,9.0949E-003
366.0764,1.4889E-013
366.0833,0.0000E+000
366.0903,0.0000E+000
366.0972,0.0000E+000
366.1042,0.0000E+000
366.1111,0.0000E+000
366.1181,0.0000E+000
366.1250,0.0000E+000
366.1319,0.0000E+000
366.1389,0.0000E+000
366.1458,2.2335E-012
366.1528,4.5478E-002
366.1597,6.2532E-002
366.1667,3.9793E-003
366.1736,5.6848E-003
366.1806,1.7055E-003
366.1875,0.0000E+000
366.1944,0.0000E+000
366.2014,0.0000E+000
366.2083,0.0000E+000
366.2153,0.0000E+000
366.2222,0.0000E+000
366.2292,0.0000E+000
366.2361,0.0000E+000
366.2431,0.0000E+000
366.2500,0.0000E+000
366.2569,0.0000E+000
366.2639,0.0000E+000
366.2708,0.0000E+000
366.2778,0.0000E+000
366.2847,0.0000E+000
366.2917,0.0000E+000
366.2986,0.0000E+000
366.3056,0.0000E+000
366.3125,0.0000E+000
366.3194,0.0000E+000
366.3264,0.0000E+000
366.3333,0.0000E+000
366.3403,0.0000E+000
366.3472,8.0167E-002
366.3542,5.5208E-001
366.3611,6.9763E-001
366.3681,1.9775E+000
366.3750,6.0189E+000
366.3819,1.4398E+001
366.3889,1.4082E+001
366.3958,1.2886E+001
366.4028,1.1611E+001
366.4097,1.4205E+001
366.4167,2.5060E+001
366.4236,3.7380E+001
366.4306,4.2072E+001
366.4375,3.6757E+001
366.4444,2.5880E+001
366.4514,2.4564E+001
366.4583,3.8563E+001
366.4653,1.9483E+001
366.4722,9.2554E+000
366.4792,1.0013E+001
366.4861,2.4744E+001
366.4931,2.8026E+001
366.5000,2.5295E+001
366.5069,5.4462E+001
366.5139,5.8519E+001
366.5208,5.1383E+001
366.5278,1.0746E+002
366.5347,9.4972E+001
366.5417,6.0733E+001
366.5486,3.7194E+001
366.5556,3.2688E+001
366.5625,4.5457E+001
366.5694,6.1113E+001
366.5764,5.2657E+001
366.5833,4.0279E+001
366.5903,4.8507E+001
366.5972,3.4747E+001
366.6042,1.1688E+001
366.6111,1.0531E+001
366.6181,1.1974E+001
366.6250,1.1484E+001
366.6319,1.7163E+001
366.6389,1.7253E+001
366.6458,1.5585E+001
366.6528,1.2402E+001
366.6597,1.1219E+001
366.6667,1.0051E+001
366.6736,7.0902E+000
366.6806,4.6117E+000
366.6875,2.0326E+000
366.6944,8.0929E-001
366.7014,5.4257E-001
366.7083,9.1566E-002
366.7153,2.9980E-012
366.7222,0.0000E+000
366.7292,0.0000E+000
366.7361,0.0000E+000
366.7431,0.0000E+000
366.7500,0.0000E+000
366.7569,0.0000E+000
366.7639,0.0000E+000
366.7708,0.0000E+000
366.7778,0.0000E+000
366.7847,0.0000E+000
366.7917,0.0000E+000
366.7986,0.0000E+000
366.8056,0.0000E+000
366.8125,0.0000E+000
366.8194,0.0000E+000
366.8264,0.0000E+000
366.8333,0.0000E+000
366.8403,0.0000E+000
366.8472,0.0000E+000
366.8542,0.0000E+000
366.8611,0.0000E+000
366.8681,0.0000E+000
366.8750,0.0000E+000
366.8819,0.0000E+000
366.8889,0.0000E+000
366.8958,0.0000E+000
366.9028,0.0000E+000
366.9097,5.1589E-012
366.9167,1.5757E-001
366.9236,2.0478E-002
366.9306,5.1195E-002
366.9375,0.0000E+000
366.9444,6.2572E-003
366.9514,1.7634E-001
366.9583,3.7089E-001
366.9653,1.3084E-001
366.9722,2.2128E-001
366.9792,1.1036E-001
366.9861,2.9581E-002
366.9931,1.9371E-012
367.0000,0.0000E+000
367.0069,0.0000E+000
367.0139,0.0000E+000
367.0208,0.0000E+000
367.0278,0.0000E+000
367.0347,0.0000E+000
367.0417,0.0000E+000
367.0486,1.4791E-002
367.0556,7.9645E-003
367.0625,2.7876E-002
367.0694,0.0000E+000
367.0764,0.0000E+000
367.0833,0.0000E+000
367.0903,0.0000E+000
367.0972,0.0000E+000
367.1042,0.0000E+000
367.1111,0.0000E+000
367.1181,0.0000E+000
367.1250,0.0000E+000
367.1319,0.0000E+000
367.1389,0.0000E+000
367.1458,0.0000E+000
367.1528,0.0000E+000
367.1597,0.0000E+000
367.1667,0.0000E+000
367.1736,0.0000E+000
367.1806,0.0000E+000
367.1875,0.0000E+000
367.1944,0.0000E+000
367.2014,0.0000E+000
367.2083,0.0000E+000
367.2153,0.0000E+000
367.2222,0.0000E+000
367.2292,0.0000E+000
367.2361,0.0000E+000
367.2431,0.0000E+000
367.2500,0.0000E+000
367.2569,0.0000E+000
367.2639,0.0000E+000
367.2708,0.0000E+000
367.2778,0.0000E+000
367.2847,0.0000E+000
367.2917,0.0000E+000
367.2986,0.0000E+000
367.3056,0.0000E+000
367.3125,0.0000E+000
367.3194,0.0000E+000
367.3264,0.0000E+000
367.3333,0.0000E+000
367.3403,0.0000E+000
367.3472,1.9347E-002
367.3542,3.2321E-001
367.3611,1.0214E+000
367.3681,2.2062E+000
367.3750,5.5590E+000
367.3819,7.4420E+000
367.3889,8.9562E+000
367.3958,1.1587E+001
367.4028,1.3360E+001
367.4097,1.3144E+001
367.4167,1.3969E+001
367.4236,1.6681E+001
367.4306,1.8153E+001
367.4375,2.0631E+001
367.4444,1.8625E+001
367.4514,2.0388E+001
367.4583,2.5699E+001
367.4653,2.5802E+001
367.4722,2.4134E+001
367.4792,2.1808E+001
367.4861,2.6955E+001
367.4931,2.8423E+001
367.5000,2.8351E+001
367.5069,2.9594E+001
367.5139,2.9791E+001
367.5208,2.8602E+001
367.5278,2.7850E+001
367.5347,3.0603E+001
367.5417,2.6298E+001
367.5486,2.8034E+001
367.5556,3.3872E+001
367.5625,3.9775E+001
367.5694,3.5979E+001
367.5764,2.8569E+001
367.5833,2.8000E+001
367.5903,3.0585E+001
367.5972,2.5564E+001
367.6042,2.2688E+001
367.6111,2.1721E+001
367.6181,1.6551E+001
367.6250,1.2901E+001
367.6319,1.5267E+001
367.6389,1.5987E+001
367.6458,1.3420E+001
367.6528,9.2445E+000
367.6597,8.9264E+000
367.6667,5.3975E+000
367.6736,2.6672E+000
367.6806,1.0684E+000
367.6875,6.1871E-001
367.6944,7.4564E-002
367.7014,1.2207E-012
367.7083,0.0000E+000
367.7153,0.0000E+000
367.7222,0.0000E+000
367.7292,0.0000E+000
367.7361,0.0000E+000
367.7431,0.0000E+000
367.7500,0.0000E+000
367.7569,0.0000E+000
367.7639,0.0000E+000
367.7708,0.0000E+000
367.7778,0.0000E+000
367.7847,0.0000E+000
367.7917,0.0000E+000
367.7986,0.0000E+000
367.8056,0.0000E+000
367.8125,0.0000E+000
367.8194,0.0000E+000
367.8264,0.0000E+000
367.8333,0.0000E+000
367.8403,0.0000E+000
367.8472,0.0000E+000
367.8542,0.0000E+000
367.8611,0.0000E+000
367.8681,0.0000E+000
367.8750,0.0000E+000
367.8819,0.0000E+000
367.8889,0.0000E+000
367.8958,0.0000E+000
367.9028,0.0000E+000
367.9097,0.0000E+000
367.9167,0.0000E+000
367.9236,0.0000E+000
367.9306,0.0000E+000
367.9375,0.0000E+000
367.9444,0.0000E+000
367.9514,0.0000E+000
367.9583,0.0000E+000
367.9653,0.0000E+000
367.9722,0.0000E+000
367.9792,0.0000E+000
367.9861,0.0000E+000
367.9931,0.0000E+000
368.0000,0.0000E+000
368.0069,0.0000E+000
368.0139,0.0000E+000
368.0208,0.0000E+000
368.0278,0.0000E+000
368.0347,0.0000E+000
368.0417,0.0000E+000
368.0486,0.0000E+000
368.0556,0.0000E+000
368.0625,0.0000E+000
368.0694,0.0000E+000
368.0764,0.0000E+000
368.0833,0.0000E+000
368.0903,0.0000E+000
368.0972,0.0000E+000
368.1042,0.0000E+000
368.1111,0.0000E+000
368.1181,0.0000E+000
368.1250,0.0000E+000
368.1319,0.0000E+000
368.1389,0.0000E+000
368.1458,0.0000E+000
368.1528,0.0000E+000
368.1597,0.0000E+000
368.1667,0.0000E+000
368.1736,0.0000E+000
368.1806,0.0000E+000
368.1875,0.0000E+000
368.1944,0.0000E+000
368.2014,0.0000E+000
368.2083,0.0000E+000
368.2153,0.0000E+000
368.2222,0.0000E+000
368.2292,0.0000E+000
368.2361,0.0000E+000
368.2431,0.0000E+000
368.2500,0.0000E+000
368.2569,0.0000E+000
368.2639,0.0000E+000
368.2708,0.0000E+000
368.2778,0.0000E+000
368.2847,0.0000E+000
368.2917,0.0000E+000
368.2986,0.0000E+000
368.3056,0.0000E+000
368.3125,0.0000E+000
368.3194,0.0000E+000
368.3264,0.0000E+000
368.3333,0.0000E+000
368.3403,0.0000E+000
368.3472,1.8143E-011
368.3542,5.5412E-001
368.3611,2.2302E+000
368.3681,4.3687E+000
368.3750,6.9594E+000
368.3819,1.0021E+001
368.3889,1.2631E+001
368.3958,1.3819E+001
368.4028,1.2265E+001
368.4097,1.3014E+001
368.4167,1.2815E+001
368.4236,1.3583E+001
368.4306,1.9283E+001
368.4375,2.9347E+001
368.4444,3.2832E+001
368.4514,3.1389E+001
368.4583,3.2134E+001
368.4653,3.5564E+001
368.4722,3.4876E+001
368.4792,2.6783E+001
368.4861,2.4094E+001
368.4931,2.6465E+001
368.5000,2.5824E+001
368.5069,2.5175E+001
368.5139,2.5044E+001
368.5208,2.2678E+001
368.5278,2.1583E+001
368.5347,2.6645E+001
368.5417,3.2536E+001
368.5486,2.6115E+001
368.5556,2.1830E+001
368.5625,2.3373E+001
368.5694,2.3872E+001
368.5764,1.7684E+001
368.5833,1.8403E+001
368.5903,1.9744E+001
368.5972,1.7471E+001
368.6042,1.8342E+001
368.6111,1.6821E+001
368.6181,1.5503E+001
368.6250,1.6709E+001
368.6319,1.6792E+001
368.6389,1.5139E+001
368.6458,1.1692E+001
368.6528,9.1097E+000
368.6597,6.7303E+000
368.6667,4.8545E+000
368.6736,3.3717E+000
368.6806,2.3635E+000
368.6875,1.2504E+000
368.6944,3.6116E-001
368.7014,1.9368E-002
368.7083,0.0000E+000
368.7153,0.0000E+000
368.7222,0.0000E+000
368.7292,0.0000E+000
368.7361,0.0000E+000
368.7431,0.0000E+000
368.7500,0.0000E+000
368.7569,0.0000E+000
368.7639,0.0000E+000
368.7708,0.0000E+000
368.7778,0.0000E+000
368.7847,0.0000E+000
368.7917,0.0000E+000
368.7986,0.0000E+000
368.8056,0.0000E+000
368.8125,0.0000E+000
368.8194,0.0000E+000
368.8264,0.0000E+000
368.8333,0.0000E+000
368.8403,0.0000E+000
368.8472,0.0000E+000
368.8542,0.0000E+000
368.8611,0.0000E+000
368.8681,0.0000E+000
368.8750,0.0000E+000
368.8819,0.0000E+000
368.8889,0.0000E+000
368.8958,0.0000E+000
368.9028,0.0000E+000
368.9097,0.0000E+000
368.9167,0.0000E+000
368.9236,0.0000E+000
368.9306,0.0000E+000
368.9375,0.0000E+000
368.9444,0.0000E+000
368.9514,0.0000E+000
368.9583,0.0000E+000
368.9653,0.0000E+000
368.9722,0.0000E+000
368.9792,0.0000E+000
368.9861,0.0000E+000
368.9931,0.0000E+000
369.0000,0.0000E+000
369.0069,0.0000E+000
369.0139,0.0000E+000
369.0208,0.0000E+000
369.0278,0.0000E+000
369.0347,0.0000E+000
369.0417,0.0000E+000
369.0486,0.0000E+000
369.0556,0.0000E+000
369.0625,0.0000E+000
369.0694,0.0000E+000
369.0764,0.0000E+000
369.0833,0.0000E+000
369.0903,0.0000E+000
369.0972,0.0000E+000
369.1042,0.0000E+000
369.1111,0.0000E+000
369.1181,0.0000E+000
369.1250,0.0000E+000
369.1319,0.0000E+000
369.1389,0.0000E+000
369.1458,0.0000E+000
369.1528,0.0000E+000
369.1597,0.0000E+000
369.1667,0.0000E+000
369.1736,0.0000E+000
369.1806,0.0000E+000
369.1875,0.0000E+000
369.1944,0.0000E+000
369.2014,0.0000E+000
369.2083,0.0000E+000
369.2153,0.0000E+000
369.2222,0.0000E+000
369.2292,0.0000E+000
369.2361,0.0000E+000
369.2431,0.0000E+000
369.2500,0.0000E+000
369.2569,0.0000E+000
369.2639,0.0000E+000
369.2708,0.0000E+000
369.2778,0.0000E+000
369.2847,0.0000E+000
369.2917,0.0000E+000
369.2986,0.0000E+000
369.3056,0.0000E+000
369.3125,0.0000E+000
369.3194,0.0000E+000
369.3264,0.0000E+000
369.3333,0.0000E+000
369.3403,0.0000E+000
369.3472,0.0000E+000
369.3542,0.0000E+000
369.3611,1.6516E-012
369.3681,1.0089E-001
369.3750,4.2064E-001
369.3819,6.9366E-001
369.3889,1.0870E+000
369.3958,1.9744E+000
369.4028,2.5427E+000
369.4097,4.1461E+000
369.4167,5.6903E+000
369.4236,6.6051E+000
369.4306,7.1051E+000
369.4375,8.3842E+000
369.4444,1.1278E+001
369.4514,1.2019E+001
369.4583,1.3580E+001
369.4653,1.2408E+001
369.4722,1.2397E+001
369.4792,1.8093E+001
369.4861,1.9985E+001
369.4931,1.9941E+001
369.5000,1.9897E+001
369.5069,1.9854E+001
369.5139,1.9810E+001
369.5208,1.9767E+001
369.5278,1.9723E+001
369.5347,1.9680E+001
369.5417,1.9636E+001
369.5486,1.9592E+001
369.5556,1.9549E+001
369.5625,1.9505E+001
369.5694,1.9462E+001
369.5764,1.9418E+001
369.5833,1.9375E+001
369.5903,1.9331E+001
369.5972,1.9287E+001
369.6042,1.9244E+001
369.6111,1.9200E+001
369.6181,1.9157E+001
369.6250,1.9113E+001
369.6319,1.9070E+001
369.6389,1.9026E+001
369.6458,1.8982E+001
369.6528,1.8939E+001
369.6597,1.8895E+001
369.6667,1.8852E+001
369.6736,1.8808E+001
369.6806,1.8764E+001
369.6875,1.8721E+001
369.6944,1.8677E+001
369.7014,1.8634E+001
369.7083,1.8590E+001
369.7153,1.8547E+001
369.7222,1.8503E+001
369.7292,1.8459E+001
369.7361,1.8416E+001
369.7431,1.8372E+001
369.7500,1.8329E+001
369.7569,1.8285E+001
369.7639,1.8241E+001
369.7708,1.8198E+001
369.7778,1.8154E+001
369.7847,1.8111E+001
369.7917,1.8067E+001
369.7986,1.8024E+001
369.8056,1.7980E+001
369.8125,1.7936E+001
369.8194,1.7893E+001
369.8264,1.7849E+001
369.8333,1.7806E+001
369.8403,1.7762E+001
369.8472,1.7718E+001
369.8542,1.7675E+001
369.8611,1.7631E+001
369.8681,1.7588E+001
369.8750,1.7544E+001
369.8819,1.7500E+001
369.8889,1.7457E+001
369.8958,1.7413E+001
369.9028,1.7370E+001
369.9097,1.7326E+001
369.9167,1.7282E+001
369.9236,1.7239E+001
369.9306,1.7195E+001
369.9375,1.7152E+001
369.9444,1.7108E+001
369.9514,1.7064E+001
369.9583,1.7021E+001
369.9653,1.6977E+001
369.9722,1.6934E+001
369.9792,1.6890E+001
369.9861,1.6846E+001
369.9931,1.6803E+001
370.0000,1.6759E+001
370.0069,1.6716E+001
370.0139,1.6672E+001
370.0208,1.6628E+001
370.0278,1.6585E+001
370.0347,1.6541E+001
370.0417,1.6498E+001
370.0486,1.6454E+001
370.0556,1.6410E+001
370.0625,1.6367E+001
370.0694,1.6323E+001
370.0764,1.6280E+001
370.0833,1.6236E+001
370.0903,1.6192E+001
370.0972,1.6149E+001
370.1042,1.6105E+001
370.1111,1.6062E+001
370.1181,1.6018E+001
370.1250,1.5974E+001
370.1319,1.5931E+001
370.1389,1.5887E+001
370.1458,1.5843E+001
370.1528,1.5800E+001
370.1597,1.5756E+001
370.1667,1.5713E+001
370.1736,1.5669E+001
370.1806,1.5625E+001
370.1875,1.5582E+001
370.1944,1.5538E+001
370.2014,1.5495E+001
370.2083,1.5451E+001
370.2153,1.5407E+001
370.2222,1.5364E+001
370.2292,1.5320E+001
370.2361,1.5276E+001
370.2431,1.5233E+001
370.2500,1.5189E+001
370.2569,1.5146E+001
370.2639,1.5102E+001
370.2708,1.5058E+001
370.2778,1.5015E+001
370.2847,1.4971E+001
370.2917,1.4927E+001
370.2986,1.4884E+001
370.3056,1.4840E+001
370.3125,1.4797E+001
370.3194,1.4753E+001
370.3264,1.4709E+001
370.3333,1.4666E+001
370.3403,1.4622E+001
370.3472,1.4578E+001
370.3542,1.4535E+001
370.3611,1.4491E+001
370.3681,1.4448E+001
370.3750,1.4404E+001
370.3819,1.4360E+001
370.3889,1.4317E+001
370.3958,1.4273E+001
370.4028,1.4229E+001
370.4097,1.3819E+001
370.4167,1.4710E+001
370.4236,1.5134E+001
370.4306,1.6519E+001
370.4375,1.9330E+001
370.4444,2.6467E+001
370.4514,2.8636E+001
370.4583,3.0330E+001
370.4653,3.2288E+001
370.4722,2.8888E+001
370.4792,2.6782E+001
370.4861,2.4529E+001
370.4931,2.2888E+001
370.5000,2.4240E+001
370.5069,2.2062E+001
370.5139,1.8228E+001
370.5208,1.7628E+001
370.5278,1.4738E+001
370.5347,1.2631E+001
370.5417,1.0688E+001
370.5486,1.0052E+001
370.5556,1.2514E+001
370.5625,1.4553E+001
370.5694,1.3782E+001
370.5764,1.0142E+001
370.5833,6.5264E+000
370.5903,7.0833E+000
370.5972,7.9534E+000
370.6042,7.3738E+000
370.6111,7.4782E+000
370.6181,5.5401E+000
370.6250,7.9427E+000
370.6319,6.5763E+000
370.6389,3.7623E+000
370.6458,3.0480E+000
370.6528,2.5413E+000
370.6597,2.4403E+000
370.6667,1.2804E+000
370.6736,5.1067E-001
370.6806,2.7160E-001
370.6875,1.1412E-001
370.6944,0.0000E+000
370.7014,0.0000E+000
370.7083,0.0000E+000
370.7153,0.0000E+000
370.7222,0.0000E+000
370.7292,0.0000E+000
370.7361,0.0000E+000
370.7431,0.0000E+000
370.7500,0.0000E+000
370.7569,0.0000E+000
370.7639,0.0000E+000
370.7708,0.0000E+000
370.7778,0.0000E+000
370.7847,0.0000E+000
370.7917,0.0000E+000
370.7986,0.0000E+000
370.8056,0.0000E+000
370.8125,0.0000E+000
370.8194,0.0000E+000
370.8264,0.0000E+000
370.8333,0.0000E+000
370.8403,0.0000E+000
370.8472,0.0000E+000
370.8542,0.0000E+000
370.8611,0.0000E+000
370.8681,0.0000E+000
370.8750,0.0000E+000
370.8819,0.0000E+000
370.8889,0.0000E+000
370.8958,5.3253E-013
370.9028,1.0843E-002
370.9097,0.0000E+000
370.9167,0.0000E+000
370.9236,1.3126E-002
370.9306,8.5955E-013
370.9375,0.0000E+000
370.9444,0.0000E+000
370.9514,0.0000E+000
370.9583,0.0000E+000
370.9653,0.0000E+000
370.9722,0.0000E+000
370.9792,0.0000E+000
370.9861,0.0000E+000
370.9931,0.0000E+000
371.0000,0.0000E+000
371.0069,0.0000E+000
371.0139,0.0000E+000
371.0208,0.0000E+000
371.0278,0.0000E+000
371.0347,0.0000E+000
371.0417,0.0000E+000
371.0486,0.0000E+000
371.0556,0.0000E+000
371.0625,0.0000E+000
371.0694,0.0000E+000
371.0764,0.0000E+000
371.0833,0.0000E+000
371.0903,0.0000E+000
371.0972,0.0000E+000
371.1042,0.0000E+000
371.1111,0.0000E+000
371.1181,0.0000E+000
371.1250,0.0000E+000
371.1319,0.0000E+000
371.1389,0.0000E+000
371.1458,0.0000E+000
371.1528,0.0000E+000
371.1597,0.0000E+000
371.1667,0.0000E+000
371.1736,0.0000E+000
371.1806,0.0000E+000
371.1875,0.0000E+000
371.1944,0.0000E+000
371.2014,0.0000E+000
371.2083,0.0000E+000
371.2153,0.0000E+000
371.2222,0.0000E+000
371.2292,0.0000E+000
371.2361,0.0000E+000
371.2431,0.0000E+000
371.2500,0.0000E+000
371.2569,0.0000E+000
371.2639,0.0000E+000
371.2708,0.0000E+000
371.2778,0.0000E+000
371.2847,0.0000E+000
371.2917,0.0000E+000
371.2986,0.0000E+000
371.3056,0.0000E+000
371.3125,0.0000E+000
371.3194,0.0000E+000
371.3264,0.0000E+000
371.3333,0.0000E+000
371.3403,0.0000E+000
371.3472,0.0000E+000
371.3542,0.0000E+000
371.3611,1.0505E-001
371.3681,6.1943E-001
371.3750,1.0225E+000
371.3819,1.5586E+000
371.3889,2.1563E+000
371.3958,2.6519E+000
371.4028,3.6276E+000
371.4097,4.2231E+000
371.4167,6.5154E+000
371.4236,8.7255E+000
371.4306,1.1187E+001
371.4375,1.3235E+001
371.4444,1.3197E+001
371.4514,9.9064E+000
371.4583,1.8520E+001
371.4653,1.9626E+001
371.4722,1.3306E+001
371.4792,1.9520E+001
371.4861,1.8931E+001
371.4931,1.5414E+001
371.5000,1.5313E+001
371.5069,1.6797E+001
371.5139,1.6017E+001
371.5208,2.0056E+001
371.5278,2.0130E+001
371.5347,1.9655E+001
371.5417,1.8880E+001
371.5486,1.6695E+001
371.5556,2.0057E+001
371.5625,2.3219E+001
371.5694,2.5520E+001
371.5764,2.6226E+001
371.5833,2.4871E+001
371.5903,2.1782E+001
371.5972,1.6434E+001
371.6042,1.3038E+001
371.6111,9.1466E+000
371.6181,8.7121E+000
371.6250,7.2977E+000
371.6319,4.9714E+000
371.6389,4.6705E+000
371.6458,3.5387E+000
371.6528,4.6277E+000
371.6597,4.9966E+000
371.6667,3.1602E+000
371.6736,2.1511E+000
371.6806,9.3652E-001
371.6875,7.2353E-001
371.6944,2.7297E-001
371.7014,1.4848E-002
371.7083,0.0000E+000
371.7153,0.0000E+000
371.7222,0.0000E+000
371.7292,0.0000E+000
371.7361,0.0000E+000
371.7431,0.0000E+000
371.7500,0.0000E+000
371.7569,0.0000E+000
371.7639,0.0000E+000
371.7708,0.0000E+000
371.7778,0.0000E+000
371.7847,0.0000E+000
371.7917,0.0000E+000
371.7986,0.0000E+000
371.8056,0.0000E+000
371.8125,0.0000E+000
371.8194,0.0000E+000
371.8264,0.0000E+000
371.8333,0.0000E+000
371.8403,0.0000E+000
371.8472,0.0000E+000
371.8542,0.0000E+000
371.8611,0.0000E+000
371.8681,0.0000E+000
371.8750,0.0000E+000
371.8819,0.0000E+000
371.8889,0.0000E+000
371.8958,0.0000E+000
371.9028,0.0000E+000
371.9097,0.0000E+000
371.9167,0.0000E+000
371.9236,0.0000E+000
371.9306,0.0000E+000
371.9375,0.0000E+000
371.9444,0.0000E+000
371.9514,0.0000E+000
371.9583,0.0000E+000
371.9653,0.0000E+000
371.9722,0.0000E+000
371.9792,0.0000E+000
371.9861,0.0000E+000
371.9931,0.0000E+000
372.0000,0.0000E+000
372.0069,0.0000E+000
372.0139,0.0000E+000
372.0208,0.0000E+000
372.0278,0.0000E+000
372.0347,0.0000E+000
372.0417,0.0000E+000
372.0486,0.0000E+000
372.0556,0.0000E+000
372.0625,0.0000E+000
372.0694,0.0000E+000
372.0764,0.0000E+000
372.0833,0.0000E+000
372.0903,0.0000E+000
372.0972,0.0000E+000
372.1042,0.0000E+000
372.1111,0.0000E+000
372.1181,0.0000E+000
372.1250,0.0000E+000
372.1319,0.0000E+000
372.1389,0.0000E+000
372.1458,0.0000E+000
372.1528,0.0000E+000
372.1597,0.0000E+000
372.1667,0.0000E+000
372.1736,0.0000E+000
372.1806,0.0000E+000
372.1875,0.0000E+000
372.1944,0.0000E+000
372.2014,0.0000E+000
372.2083,0.0000E+000
372.2153,0.0000E+000
372.2222,0.0000E+000
372.2292,0.0000E+000
372.2361,0.0000E+000
372.2431,0.0000E+000
372.2500,0.0000E+000
372.2569,0.0000E+000
372.2639,0.0000E+000
372.2708,0.0000E+000
372.2778,0.0000E+000
372.2847,0.0000E+000
372.2917,0.0000E+000
372.2986,0.0000E+000
372.3056,0.0000E+000
372.3125,0.0000E+000
372.3194,0.0000E+000
372.3264,0.0000E+000
372.3333,1.9081E-012
372.3403,3.8852E-002
372.3472,4.3366E-001
372.3542,1.2684E+000
372.3611,2.7180E+000
372.3681,4.8795E+000
372.3750,7.1965E+000
372.3819,8.6552E+000
372.3889,1.0565E+001
372.3958,1.0653E+001
372.4028,1.4357E+001
372.4097,1.6975E+001
372.4167,2.1968E+001
372.4236,2.5095E+001
372.4306,3.0080E+001
372.4375,2.9893E+001
372.4444,2.9717E+001
372.4514,3.1709E+001
372.4583,3.6036E+001
372.4653,3.8858E+001
372.4722,3.9699E+001
372.4792,4.3432E+001
372.4861,4.9883E+001
372.4931,5.1874E+001
372.5000,6.2974E+001
372.5069,6.5755E+001
372.5139,6.4156E+001
372.5208,6.0835E+001
372.5278,6.1770E+001
372.5347,5.9772E+001
372.5417,5.8690E+001
372.5486,6.1555E+001
372.5556,6.0164E+001
372.5625,4.5328E+001
372.5694,4.5387E+001
372.5764,4.6758E+001
372.5833,4.8965E+001
372.5903,4.2785E+001
372.5972,4.3338E+001
372.6042,3.2247E+001
372.6111,2.4379E+001
372.6181,3.1369E+001
372.6250,3.3241E+001
372.6319,2.0590E+001
372.6389,1.1513E+001
372.6458,1.5160E+001
372.6528,1.7621E+001
372.6597,1.3182E+001
372.6667,7.4679E+000
372.6736,5.2848E+000
372.6806,3.0896E+000
372.6875,1.2185E+000
372.6944,4.1035E-001
372.7014,6.7179E-012
372.7083,0.0000E+000
372.7153,0.0000E+000
372.7222,0.0000E+000
372.7292,0.0000E+000
372.7361,0.0000E+000
372.7431,0.0000E+000
372.7500,0.0000E+000
372.7569,0.0000E+000
372.7639,0.0000E+000
372.7708,0.0000E+000
372.7778,0.0000E+000
372.7847,0.0000E+000
372.7917,0.0000E+000
372.7986,0.0000E+000
372.8056,0.0000E+000
372.8125,0.0000E+000
372.8194,0.0000E+000
372.8264,0.0000E+000
372.8333,0.0000E+000
372.8403,0.0000E+000
372.8472,0.0000E+000
372.8542,0.0000E+000
372.8611,0.0000E+000
372.8681,0.0000E+000
372.8750,0.0000E+000
372.8819,0.0000E+000
372.8889,0.0000E+000
372.8958,0.0000E+000
372.9028,0.0000E+000
372.9097,0.0000E+000
372.9167,0.0000E+000
372.9236,0.0000E+000
372.9306,0.0000E+000
372.9375,0.0000E+000
372.9444,0.0000E+000
372.9514,0.0000E+000
372.9583,0.0000E+000
372.9653,0.0000E+000
372.9722,0.0000E+000
372.9792,0.0000E+000
372.9861,0.0000E+000
372.9931,0.0000E+000
373.0000,0.0000E+000
373.0069,0.0000E+000
373.0139,0.0000E+000
373.0208,0.0000E+000
373.0278,0.0000E+000
373.0347,0.0000E+000
373.0417,0.0000E+000
373.0486,0.0000E+000
373.0556,0.0000E+000
373.0625,4.9738E-002
373.0694,0.0000E+000
373.0764,0.0000E+000
373.0833,0.0000E+000
373.0903,0.0000E+000
373.0972,0.0000E+000
373.1042,0.0000E+000
373.1111,0.0000E+000
373.1181,0.0000E+000
373.1250,0.0000E+000
373.1319,0.0000E+000
373.1389,0.0000E+000
373.1458,0.0000E+000
373.1528,0.0000E+000
373.1597,0.0000E+000
373.1667,0.0000E+000
373.1736,0.0000E+000
373.1806,0.0000E+000
373.1875,0.0000E+000
373.1944,0.0000E+000
373.2014,0.0000E+000
373.2083,0.0000E+000
373.2153,0.0000E+000
373.2222,0.0000E+000
373.2292,0.0000E+000
373.2361,0.0000E+000
373.2431,0.0000E+000
373.2500,0.0000E+000
373.2569,1.3723E-002
373.2639,3.1448E-002
373.2708,0.0000E+000
373.2778,0.0000E+000
373.2847,3.3699E-013
373.2917,1.0292E-002
373.2986,0.0000E+000
373.3056,0.0000E+000
373.3125,0.0000E+000
373.3194,0.0000E+000
373.3264,0.0000E+000
373.3333,1.4296E-002
373.3403,1.5096E-001
373.3472,2.8706E-001
373.3542,3.8427E-001
373.3611,1.1528E+000
373.3681,2.3205E+000
373.3750,3.9428E+000
373.3819,6.1885E+000
373.3889,6.4064E+000
373.3958,8.5017E+000
373.4028,1.1407E+001
373.4097,1.1735E+001
373.4167,1.2700E+001
373.4236,1.3898E+001
373.4306,1.6159E+001
373.4375,1.2143E+001
373.4444,1.6112E+001
373.4514,2.5115E+001
373.4583,1.7331E+001
373.4653,1.6971E+001
373.4722,1.7552E+001
373.4792,2.3176E+001
373.4861,4.5611E+001
373.4931,5.4795E+001
373.5000,5.4428E+001
373.5069,8.1906E+001
373.5139,1.2038E+002
373.5208,1.2981E+002
373.5278,9.7412E+001
373.5347,7.5405E+001
373.5417,1.1590E+002
373.5486,8.4686E+001
373.5556,1.0481E+002
373.5625,6.5250E+001
373.5694,7.4348E+001
373.5764,5.0786E+001
373.5833,3.8231E+001
373.5903,2.7367E+001
373.5972,2.0523E+001
373.6042,2.7830E+001
373.6111,2.0964E+001
373.6181,2.9619E+001
373.6250,2.8682E+001
373.6319,2.0360E+001
373.6389,1.3060E+001
373.6458,1.2027E+001
373.6528,9.3815E+000
373.6597,7.1457E+000
373.6667,5.1478E+000
373.6736,5.2125E+000
373.6806,3.6327E+000
373.6875,2.5711E+000
373.6944,1.1897E+000
373.7014,1.6645E-001
373.7083,0.0000E+000
373.7153,0.0000E+000
373.7222,0.0000E+000
373.7292,0.0000E+000
373.7361,0.0000E+000
373.7431,0.0000E+000
373.7500,0.0000E+000
373.7569,0.0000E+000
373.7639,0.0000E+000
373.7708,0.0000E+000
373.7778,0.0000E+000
373.7847,0.0000E+000
373.7917,0.0000E+000
373.7986,0.0000E+000
373.8056,0.0000E+000
373.8125,0.0000E+000
373.8194,0.0000E+000
373.8264,0.0000E+000
373.8333,0.0000E+000
373.8403,0.0000E+000
373.8472,0.0000E+000
373.8542,0.0000E+000
373.8611,0.0000E+000
373.8681,0.0000E+000
373.8750,0.0000E+000
373.8819,0.0000E+000
373.8889,0.0000E+000
373.8958,0.0000E+000
373.9028,0.0000E+000
373.9097,0.0000E+000
373.9167,0.0000E+000
373.9236,0.0000E+000
373.9306,0.0000E+000
373.9375,0.0000E+000
373.9444,0.0000E+000
373.9514,0.0000E+000
373.9583,0.0000E+000
373.9653,0.0000E+000
373.9722,0.0000E+000
373.9792,0.0000E+000
373.9861,0.0000E+000
373.9931,0.0000E+000
374.0000,0.0000E+000
374.0069,0.0000E+000
374.0139,0.0000E+000
374.0208,0.0000E+000
374.0278,0.0000E+000
374.0347,0.0000E+000
374.0417,0.0000E+000
374.0486,0.0000E+000
374.0556,0.0000E+000
374.0625,0.0000E+000
374.0694,0.0000E+000
374.0764,0.0000E+000
374.0833,0.0000E+000
374.0903,0.0000E+000
374.0972,0.0000E+000
374.1042,0.0000E+000
374.1111,0.0000E+000
374.1181,0.0000E+000
374.1250,0.0000E+000
374.1319,0.0000E+000
374.1389,0.0000E+000
374.1458,0.0000E+000
374.1528,0.0000E+000
374.1597,0.0000E+000
374.1667,0.0000E+000
374.1736,0.0000E+000
374.1806,0.0000E+000
374.1875,0.0000E+000
374.1944,0.0000E+000
374.2014,0.0000E+000
374.2083,0.0000E+000
374.2153,0.0000E+000
374.2222,0.0000E+000
374.2292,0.0000E+000
374.2361,2.6323E-002
374.2431,1.7167E-003
374.2500,0.0000E+000
374.2569,0.0000E+000
374.2639,0.0000E+000
374.2708,0.0000E+000
374.2778,0.0000E+000
374.2847,0.0000E+000
374.2917,0.0000E+000
374.2986,0.0000E+000
374.3056,0.0000E+000
374.3125,0.0000E+000
374.3194,0.0000E+000
374.3264,0.0000E+000
374.3333,1.4307E-002
374.3403,2.0087E-001
374.3472,5.7058E-001
374.3542,1.2997E+000
374.3611,2.9016E+000
374.3681,4.7009E+000
374.3750,7.0508E+000
374.3819,9.8060E+000
374.3889,1.4073E+001
374.3958,2.0001E+001
374.4028,2.2565E+001
374.4097,2.5395E+001
374.4167,2.9975E+001
374.4236,3.6991E+001
374.4306,4.0920E+001
374.4375,4.8239E+001
374.4444,5.6000E+001
374.4514,5.3541E+001
374.4583,3.6825E+001
374.4653,3.7816E+001
374.4722,7.0497E+001
374.4792,7.5834E+001
374.4861,5.7654E+001
374.4931,9.4506E+001
374.5000,5.0690E+001
374.5069,7.0155E+001
374.5139,8.0985E+001
374.5208,4.9728E+001
374.5278,4.5958E+001
374.5347,5.8220E+001
374.5417,4.9827E+001
374.5486,3.6533E+001
374.5556,3.4961E+001
374.5625,3.2835E+001
374.5694,2.4935E+001
374.5764,4.0508E+001
374.5833,5.7865E+001
374.5903,2.8221E+001
374.5972,2.1975E+001
374.6042,2.0813E+001
374.6111,3.7679E+001
374.6181,1.4687E+001
374.6250,1.2033E+001
374.6319,1.8481E+001
374.6389,1.6642E+001
374.6458,5.3265E+000
374.6528,5.2853E+000
374.6597,7.8361E+000
374.6667,6.7342E+000
374.6736,2.5331E+000
374.6806,4.0415E-001
374.6875,8.5868E-003
374.6944,0.0000E+000
374.7014,0.0000E+000
374.7083,0.0000E+000
374.7153,0.0000E+000
374.7222,0.0000E+000
374.7292,0.0000E+000
374.7361,0.0000E+000
374.7431,0.0000E+000
374.7500,0.0000E+000
374.7569,0.0000E+000
374.7639,0.0000E+000
374.7708,0.0000E+000
374.7778,0.0000E+000
374.7847,0.0000E+000
374.7917,0.0000E+000
374.7986,0.0000E+000
374.8056,0.0000E+000
374.8125,0.0000E+000
374.8194,0.0000E+000
374.8264,0.0000E+000
374.8333,0.0000E+000
374.8403,0.0000E+000
374.8472,0.0000E+000
374.8542,0.0000E+000
374.8611,0.0000E+000
374.8681,0.0000E+000
374.8750,0.0000E+000
374.8819,0.0000E+000
374.8889,0.0000E+000
374.8958,0.0000E+000
374.9028,0.0000E+000
374.9097,0.0000E+000
374.9167,0.0000E+000
374.9236,0.0000E+000
374.9306,0.0000E+000
374.9375,0.0000E+000
374.9444,0.0000E+000
374.9514,0.0000E+000
374.9583,0.0000E+000
374.9653,0.0000E+000
374.9722,0.0000E+000
374.9792,0.0000E+000
374.9861,0.0000E+000
374.9931,0.0000E+000
375.0000,0.0000E+000
375.0069,0.0000E+000
375.0139,0.0000E+000
375.0208,0.0000E+000
375.0278,0.0000E+000
375.0347,0.0000E+000
375.0417,0.0000E+000
375.0486,0.0000E+000
375.0556,0.0000E+000
375.0625,0.0000E+000
375.0694,0.0000E+000
375.0764,0.0000E+000
375.0833,0.0000E+000
375.0903,0.0000E+000
375.0972,0.0000E+000
375.1042,0.0000E+000
375.1111,0.0000E+000
375.1181,0.0000E+000
375.1250,0.0000E+000
375.1319,0.0000E+000
375.1389,0.0000E+000
375.1458,0.0000E+000
375.1528,0.0000E+000
375.1597,0.0000E+000
375.1667,0.0000E+000
375.1736,0.0000E+000
375.1806,0.0000E+000
375.1875,0.0000E+000
375.1944,0.0000E+000
375.2014,0.0000E+000
375.2083,0.0000E+000
375.2153,0.0000E+000
375.2222,0.0000E+000
375.2292,0.0000E+000
375.2361,0.0000E+000
375.2431,0.0000E+000
375.2500,0.0000E+000
375.2569,0.0000E+000
375.2639,0.0000E+000
375.2708,0.0000E+000
375.2778,0.0000E+000
375.2847,0.0000E+000
375.2917,0.0000E+000
375.2986,0.0000E+000
375.3056,0.0000E+000
375.3125,0.0000E+000
375.3194,0.0000E+000
375.3264,0.0000E+000
375.3333,0.0000E+000
375.3403,0.0000E+000
375.3472,8.1332E-002
375.3542,7.7724E-001
375.3611,1.7206E+000
375.3681,2.7441E+000
375.3750,3.8628E+000
375.3819,4.8812E+000
375.3889,6.0440E+000
375.3958,8.4812E+000
375.4028,1.0864E+001
375.4097,1.0668E+001
375.4167,1.0652E+001
375.4236,1.2742E+001
375.4306,1.3990E+001
375.4375,1.4641E+001
375.4444,1.4437E+001
375.4514,2.0216E+001
375.4583,3.3945E+001
375.4653,2.0872E+001
375.4722,7.0090E+001
375.4792,7.0076E+001
375.4861,5.9674E+001
375.4931,1.4788E+002
375.5000,8.7121E+001
375.5069,1.6080E+002
375.5139,1.6160E+002
375.5208,1.5836E+002
375.5278,1.6395E+002
375.5347,1.4392E+002
375.5417,1.6630E+002
375.5486,1.5887E+002
375.5556,1.5511E+002
375.5625,1.5214E+002
375.5694,1.4758E+002
375.5764,1.4206E+002
375.5833,9.0594E+001
375.5903,3.8790E+001
375.5972,1.5934E+001
375.6042,1.6295E+001
375.6111,1.6892E+001
375.6181,1.5882E+001
375.6250,1.3418E+001
375.6319,1.2971E+001
375.6389,1.1053E+001
375.6458,1.0088E+001
375.6528,9.0702E+000
375.6597,7.6117E+000
375.6667,6.3009E+000
375.6736,5.6438E+000
375.6806,4.0442E+000
375.6875,1.5417E+000
375.6944,6.4110E-001
375.7014,2.4636E-002
375.7083,0.0000E+000
375.7153,0.0000E+000
375.7222,0.0000E+000
375.7292,0.0000E+000
375.7361,0.0000E+000
375.7431,0.0000E+000
375.7500,0.0000E+000
375.7569,0.0000E+000
375.7639,0.0000E+000
375.7708,0.0000E+000
375.7778,0.0000E+000
375.7847,0.0000E+000
375.7917,0.0000E+000
375.7986,0.0000E+000
375.8056,0.0000E+000
375.8125,0.0000E+000
375.8194,0.0000E+000
375.8264,0.0000E+000
375.8333,0.0000E+000
375.8403,0.0000E+000
375.8472,0.0000E+000
375.8542,0.0000E+000
375.8611,0.0000E+000
375.8681,0.0000E+000
375.8750,0.0000E+000
375.8819,1.5872E-001
375.8889,2.5985E-012
375.8958,0.0000E+000
375.9028,0.0000E+000
375.9097,0.0000E+000
375.9167,0.0000E+000
375.9236,0.0000E+000
375.9306,0.0000E+000
375.9375,0.0000E+000
375.9444,0.0000E+000
375.9514,0.0000E+000
375.9583,0.0000E+000
375.9653,0.0000E+000
375.9722,0.0000E+000
375.9792,0.0000E+000
375.9861,0.0000E+000
375.9931,0.0000E+000
376.0000,0.0000E+000
376.0069,0.0000E+000
376.0139,0.0000E+000
376.0208,0.0000E+000
376.0278,0.0000E+000
376.0347,0.0000E+000
376.0417,0.0000E+000
376.0486,0.0000E+000
376.0556,0.0000E+000
376.0625,0.0000E+000
376.0694,0.0000E+000
376.0764,0.0000E+000
376.0833,0.0000E+000
376.0903,0.0000E+000
376.0972,0.0000E+000
376.1042,0.0000E+000
376.1111,0.0000E+000
376.1181,0.0000E+000
376.1250,0.0000E+000
376.1319,0.0000E+000
376.1389,0.0000E+000
376.1458,0.0000E+000
376.1528,0.0000E+000
376.1597,0.0000E+000
376.1667,0.0000E+000
376.1736,0.0000E+000
376.1806,0.0000E+000
376.1875,0.0000E+000
376.1944,0.0000E+000
376.2014,0.0000E+000
376.2083,0.0000E+000
376.2153,0.0000E+000
376.2222,0.0000E+000
376.2292,0.0000E+000
376.2361,0.0000E+000
376.2431,0.0000E+000
376.2500,0.0000E+000
376.2569,0.0000E+000
376.2639,0.0000E+000
376.2708,0.0000E+000
376.2778,0.0000E+000
376.2847,0.0000E+000
376.2917,0.0000E+000
376.2986,0.0000E+000
376.3056,0.0000E+000
376.3125,0.0000E+000
376.3194,0.0000E+000
376.3264,0.0000E+000
376.3333,3.3783E-013
376.3403,6.8787E-003
376.3472,2.1037E-001
376.3542,7.0393E-001
376.3611,1.5030E+000
376.3681,2.4202E+000
376.3750,3.0634E+000
376.3819,3.9605E+000
376.3889,4.8038E+000
376.3958,5.8626E+000
376.4028,6.7352E+000
376.4097,7.5601E+000
376.4167,8.4854E+000
376.4236,1.0200E+001
376.4306,1.1969E+001
376.4375,1.5267E+001
376.4444,1.7457E+001
376.4514,1.9398E+001
376.4583,2.0869E+001
376.4653,2.0225E+001
376.4722,8.1987E+001
376.4792,9.6543E+001
376.4861,1.3791E+002
376.4931,1.4193E+002
376.5000,1.3387E+002
376.5069,1.4456E+002
376.5139,1.4680E+002
376.5208,1.5057E+002
376.5278,1.3033E+002
376.5347,1.3609E+002
376.5417,1.3709E+002
376.5486,1.5244E+002
376.5556,1.5171E+002
376.5625,1.4878E+002
376.5694,1.4222E+002
376.5764,1.4261E+002
376.5833,1.0765E+002
376.5903,4.6367E+001
376.5972,1.8926E+001
376.6042,3.0895E+001
376.6111,2.9394E+001
376.6181,2.1380E+001
376.6250,1.1695E+001
376.6319,9.7019E+000
376.6389,9.8378E+000
376.6458,1.8348E+001
376.6528,2.5028E+001
376.6597,2.3356E+001
376.6667,1.7598E+001
376.6736,1.3467E+001
376.6806,8.9425E+000
376.6875,4.5171E+000
376.6944,1.5459E+000
376.7014,4.9943E-001
376.7083,0.0000E+000
376.7153,0.0000E+000
376.7222,0.0000E+000
376.7292,0.0000E+000
376.7361,0.0000E+000
376.7431,0.0000E+000
376.7500,0.0000E+000
376.7569,0.0000E+000
376.7639,0.0000E+000
376.7708,0.0000E+000
376.7778,0.0000E+000
376.7847,0.0000E+000
376.7917,0.0000E+000
376.7986,0.0000E+000
376.8056,0.0000E+000
376.8125,0.0000E+000
376.8194,0.0000E+000
376.8264,0.0000E+000
376.8333,0.0000E+000
376.8403,0.0000E+000
376.8472,0.0000E+000
376.8542,0.0000E+000
376.8611,0.0000E+000
376.8681,0.0000E+000
376.8750,0.0000E+000
376.8819,0.0000E+000
376.8889,0.0000E+000
376.8958,0.0000E+000
376.9028,0.0000E+000
376.9097,0.0000E+000
376.9167,0.0000E+000
376.9236,0.0000E+000
376.9306,0.0000E+000
376.9375,0.0000E+000
376.9444,0.0000E+000
376.9514,0.0000E+000
376.9583,0.0000E+000
376.9653,0.0000E+000
376.9722,0.0000E+000
376.9792,0.0000E+000
376.9861,0.0000E+000
376.9931,0.0000E+000
377.0000,0.0000E+000
377.0069,1.8353E-002
377.0139,9.4061E-002
377.0208,2.2081E-001
377.0278,1.5371E-001
377.0347,1.4167E-001
377.0417,1.0152E-001
377.0486,5.7356E-003
377.0556,3.7559E-013
377.0625,0.0000E+000
377.0694,0.0000E+000
377.0764,0.0000E+000
377.0833,0.0000E+000
377.0903,0.0000E+000
377.0972,0.0000E+000
377.1042,0.0000E+000
377.1111,0.0000E+000
377.1181,0.0000E+000
377.1250,0.0000E+000
377.1319,0.0000E+000
377.1389,0.0000E+000
377.1458,0.0000E+000
377.1528,0.0000E+000
377.1597,0.0000E+000
377.1667,0.0000E+000
377.1736,1.3193E-002
377.1806,1.2046E-002
377.1875,0.0000E+000
377.1944,9.5222E-002
377.2014,8.4323E-002
377.2083,5.6789E-002
377.2153,2.8682E-002
377.2222,1.0842E-001
377.2292,1.9963E-001
377.2361,5.7938E-002
377.2431,2.2028E-001
377.2500,8.2032E-002
377.2569,9.4653E-002
377.2639,8.6622E-002
377.2708,1.4169E-001
377.2778,2.0709E-001
377.2847,3.1724E-001
377.2917,9.9245E-002
377.2986,2.2086E-001
377.3056,4.5320E-001
377.3125,5.8515E-001
377.3194,6.7637E-001
377.3264,5.4730E-001
377.3333,4.8018E-001
377.3403,5.2837E-001
377.3472,5.7886E-001
377.3542,7.0794E-001
377.3611,8.9268E-001
377.3681,1.2306E+000
377.3750,1.7561E+000
377.3819,2.1107E+000
377.3889,2.1078E+000
377.3958,2.5944E+000
377.4028,3.2857E+000
377.4097,4.0539E+000
377.4167,4.4257E+000
377.4236,5.0379E+000
377.4306,5.1848E+000
377.4375,4.5440E+000
377.4444,5.4523E+000
377.4514,8.8425E+000
377.4583,1.1768E+001
377.4653,1.3658E+001
377.4722,1.7825E+001
377.4792,1.8686E+001
377.4861,1.5382E+001
377.4931,2.1422E+001
377.5000,2.0902E+001
377.5069,1.9696E+001
377.5139,1.9491E+001
377.5208,1.8823E+001
377.5278,1.9881E+001
377.5347,1.8412E+001
377.5417,1.5695E+001
377.5486,1.6094E+001
377.5556,1.5939E+001
377.5625,1.4511E+001
377.5694,1.4077E+001
377.5764,1.7027E+001
377.5833,1.6731E+001
377.5903,1.6388E+001
377.5972,1.4541E+001
377.6042,1.2519E+001
377.6111,1.1321E+001
377.6181,1.0954E+001
377.6250,1.1942E+001
377.6319,9.0424E+000
377.6389,5.0790E+000
377.6458,3.2158E+000
377.6528,4.1816E+000
377.6597,4.3704E+000
377.6667,2.7436E+000
377.6736,2.2483E+000
377.6806,1.6458E+000
377.6875,1.6705E+000
377.6944,7.4315E-001
377.7014,7.9193E-002
377.7083,5.7386E-004
377.7153,4.5909E-003
377.7222,0.0000E+000
377.7292,0.0000E+000
377.7361,0.0000E+000
377.7431,0.0000E+000
377.7500,0.0000E+000
377.7569,0.0000E+000
377.7639,0.0000E+000
377.7708,0.0000E+000
377.7778,0.0000E+000
377.7847,0.0000E+000
377.7917,0.0000E+000
377.7986,0.0000E+000
377.8056,0.0000E+000
377.8125,0.0000E+000
377.8194,0.0000E+000
377.8264,0.0000E+000
377.8333,0.0000E+000
377.8403,0.0000E+000
377.8472,0.0000E+000
377.8542,0.0000E+000
377.8611,0.0000E+000
377.8681,0.0000E+000
377.8750,0.0000E+000
377.8819,0.0000E+000
377.8889,0.0000E+000
377.8958,3.7881E-001
377.9028,6.1528E-001
377.9097,2.0720E-001
377.9167,1.1537E-001
377.9236,8.8964E-002
377.9306,1.6243E-001
377.9375,2.3992E-001
377.9444,4.4139E-001
377.9514,4.2532E-001
377.9583,2.5542E-001
377.9653,2.7207E-001
377.9722,1.5211E-001
377.9792,2.3476E-001
377.9861,2.0319E-001
377.9931,2.4739E-001
378.0000,1.8425E-001
378.0069,1.9057E-001
378.0139,1.9287E-001
378.0208,6.4863E-002
378.0278,9.4712E-002
378.0347,7.6344E-002
378.0417,5.5106E-002
378.0486,6.2568E-002
378.0556,1.1021E-001
378.0625,1.5958E-001
378.0694,2.3248E-001
378.0764,2.0263E-001
378.0833,1.8484E-001
378.0903,2.0091E-001
378.0972,2.3765E-001
378.1042,1.6877E-001
378.1111,1.3605E-001
378.1181,1.1539E-001
378.1250,7.1757E-002
378.1319,1.1022E-001
378.1389,9.9313E-002
378.1458,9.8166E-002
378.1528,8.1518E-002
378.1597,8.7259E-002
378.1667,7.6926E-002
378.1736,9.3001E-002
378.1806,1.3147E-001
378.1875,1.0793E-001
378.1944,8.2095E-002
378.2014,2.8590E-001
378.2083,1.4697E-001
378.2153,1.0219E-001
378.2222,1.0334E-001
378.2292,5.8559E-002
378.2361,3.8465E-002
378.2431,1.8946E-002
378.2500,4.3059E-002
378.2569,4.6504E-002
378.2639,1.4927E-002
378.2708,3.2725E-002
378.2778,4.4782E-002
378.2847,3.4448E-002
378.2917,6.3155E-002
378.2986,8.3824E-002
378.3056,1.3894E-001
378.3125,3.2726E-002
378.3194,9.9328E-002
378.3264,4.4210E-002
378.3333,1.8947E-002
378.3403,4.7598E-001
378.3472,8.3024E-001
378.3542,1.4716E+000
378.3611,4.0002E+000
378.3681,5.6275E+000
378.3750,5.4053E+000
378.3819,8.2383E+000
378.3889,9.7421E+000
378.3958,1.2528E+001
378.4028,1.4520E+001
378.4097,1.9058E+001
378.4167,1.6582E+001
378.4236,3.2010E+001
378.4306,4.9245E+001
378.4375,4.0931E+001
378.4444,4.9595E+001
378.4514,4.4147E+001
378.4583,4.0905E+001
378.4653,5.4069E+001
378.4722,4.8564E+001
378.4792,4.5481E+001
378.4861,5.3121E+001
378.4931,5.5040E+001
378.5000,5.1269E+001
378.5069,5.0898E+001
378.5139,6.8595E+001
378.5208,8.4284E+001
378.5278,7.8802E+001
378.5347,8.0530E+001
378.5417,8.6969E+001
378.5486,8.8898E+001
378.5556,7.7855E+001
378.5625,6.0550E+001
378.5694,6.9695E+001
378.5764,6.6166E+001
378.5833,6.7193E+001
378.5903,6.5441E+001
378.5972,6.1889E+001
378.6042,5.1701E+001
378.6111,3.9289E+001
378.6181,3.2384E+001
378.6250,2.7867E+001
378.6319,3.0829E+001
378.6389,2.1104E+001
378.6458,1.7006E+001
378.6528,1.4968E+001
378.6597,1.1814E+001
378.6667,4.9287E+000
378.6736,3.3109E+000
378.6806,2.4426E+000
378.6875,1.0832E+000
378.6944,4.5142E-001
378.7014,3.5034E-002
378.7083,2.6797E-012
378.7153,5.4562E-002
378.7222,0.0000E+000
378.7292,0.0000E+000
378.7361,0.0000E+000
378.7431,0.0000E+000
378.7500,0.0000E+000
378.7569,0.0000E+000
378.7639,0.0000E+000
378.7708,0.0000E+000
378.7778,0.0000E+000
378.7847,0.0000E+000
378.7917,0.0000E+000
378.7986,0.0000E+000
378.8056,0.0000E+000
378.8125,0.0000E+000
378.8194,0.0000E+000
378.8264,0.0000E+000
378.8333,0.0000E+000
378.8403,0.0000E+000
378.8472,0.0000E+000
378.8542,0.0000E+000
378.8611,0.0000E+000
378.8681,0.0000E+000
378.8750,0.0000E+000
378.8819,4.5953E-003
378.8889,7.5230E-014
378.8958,0.0000E+000
378.9028,0.0000E+000
378.9097,0.0000E+000
378.9167,0.0000E+000
378.9236,0.0000E+000
378.9306,0.0000E+000
378.9375,0.0000E+000
378.9444,7.4677E-003
378.9514,1.2225E-013
378.9583,0.0000E+000
378.9653,0.0000E+000
378.9722,0.0000E+000
378.9792,0.0000E+000
378.9861,0.0000E+000
378.9931,0.0000E+000
379.0000,0.0000E+000
379.0069,0.0000E+000
379.0139,0.0000E+000
379.0208,0.0000E+000
379.0278,0.0000E+000
379.0347,0.0000E+000
379.0417,0.0000E+000
379.0486,0.0000E+000
379.0556,0.0000E+000
379.0625,0.0000E+000
379.0694,0.0000E+000
379.0764,0.0000E+000
379.0833,0.0000E+000
379.0903,0.0000E+000
379.0972,0.0000E+000
379.1042,0.0000E+000
379.1111,0.0000E+000
379.1181,0.0000E+000
379.1250,0.0000E+000
379.1319,0.0000E+000
379.1389,0.0000E+000
379.1458,0.0000E+000
379.1528,0.0000E+000
379.1597,0.0000E+000
379.1667,0.0000E+000
379.1736,0.0000E+000
379.1806,0.0000E+000
379.1875,0.0000E+000
379.1944,0.0000E+000
379.2014,0.0000E+000
379.2083,0.0000E+000
379.2153,0.0000E+000
379.2222,0.0000E+000
379.2292,0.0000E+000
379.2361,1.1382E-012
379.2431,6.9524E-002
379.2500,7.4696E-002
379.2569,3.0453E-002
379.2639,3.2579E-001
379.2708,4.7002E-001
379.2778,1.7180E-001
379.2847,5.8609E-002
379.2917,2.8785E-012
379.2986,0.0000E+000
379.3056,0.0000E+000
379.3125,0.0000E+000
379.3194,0.0000E+000
379.3264,0.0000E+000
379.3333,5.3620E-013
379.3403,1.0918E-002
379.3472,1.7986E-001
379.3542,3.9650E-001
379.3611,1.0206E+000
379.3681,1.3929E+000
379.3750,2.3980E+000
379.3819,3.0772E+000
379.3889,4.5139E+000
379.3958,7.0860E+000
379.4028,9.1410E+000
379.4097,1.1309E+001
379.4167,1.0278E+001
379.4236,9.4073E+000
379.4306,1.0991E+001
379.4375,1.5544E+001
379.4444,1.6490E+001
379.4514,1.5534E+001
379.4583,2.2557E+001
379.4653,1.8150E+001
379.4722,1.3172E+001
379.4792,1.6311E+001
379.4861,2.2936E+001
379.4931,1.9214E+001
379.5000,1.9046E+001
379.5069,1.9993E+001
379.5139,1.8607E+001
379.5208,1.6647E+001
379.5278,1.4576E+001
379.5347,1.0339E+001
379.5417,9.2300E+000
379.5486,1.0269E+001
379.5556,1.4653E+001
379.5625,1.9907E+001
379.5694,1.9389E+001
379.5764,3.2438E+001
379.5833,4.2477E+001
379.5903,4.6379E+001
379.5972,3.2928E+001
379.6042,3.7025E+001
379.6111,3.5041E+001
379.6181,2.7822E+001
379.6250,1.3892E+001
379.6319,1.4880E+001
379.6389,1.1197E+001
379.6458,7.1363E+000
379.6528,1.0153E+001
379.6597,8.4417E+000
379.6667,5.6811E+000
379.6736,4.1723E+000
379.6806,2.8687E+000
379.6875,1.8468E+000
379.6944,6.5296E-001
379.7014,7.4723E-002
379.7083,9.5416E-002
379.7153,3.1241E-012
379.7222,0.0000E+000
379.7292,0.0000E+000
379.7361,0.0000E+000
379.7431,0.0000E+000
379.7500,0.0000E+000
379.7569,0.0000E+000
379.7639,0.0000E+000
379.7708,0.0000E+000
379.7778,0.0000E+000
379.7847,0.0000E+000
379.7917,0.0000E+000
379.7986,0.0000E+000
379.8056,0.0000E+000
379.8125,0.0000E+000
379.8194,0.0000E+000
379.8264,0.0000E+000
379.8333,0.0000E+000
379.8403,0.0000E+000
379.8472,0.0000E+000
379.8542,0.0000E+000
379.8611,5.8062E-002
379.8681,3.8021E-012
379.8750,0.0000E+000
379.8819,5.5188E-002
379.8889,1.5924E-001
379.8958,2.2938E-001
379.9028,3.4033E-001
379.9097,1.6672E-001
379.9167,4.1967E-002
379.9236,2.5295E-002
379.9306,1.6565E-012
379.9375,0.0000E+000
379.9444,0.0000E+000
379.9514,0.0000E+000
379.9583,0.0000E+000
379.9653,0.0000E+000
379.9722,0.0000E+000
379.9792,0.0000E+000
379.9861,0.0000E+000
379.9931,0.0000E+000
380.0000,0.0000E+000
380.0069,0.0000E+000
380.0139,0.0000E+000
380.0208,0.0000E+000
380.0278,0.0000E+000
380.0347,0.0000E+000
380.0417,0.0000E+000
380.0486,0.0000E+000
380.0556,0.0000E+000
380.0625,0.0000E+000
380.0694,0.0000E+000
380.0764,0.0000E+000
380.0833,0.0000E+000
380.0903,0.0000E+000
380.0972,3.3349E-002
380.1042,1.6379E-012
380.1111,5.7499E-003
380.1181,2.7024E-002
380.1250,2.4725E-002
380.1319,6.9281E-012
380.1389,1.0580E-001
380.1458,1.1385E-001
380.1528,3.7277E-012
380.1597,3.4500E-003
380.1667,5.4051E-002
380.1736,3.2006E-013
380.1806,1.9551E-002
380.1875,4.3702E-002
380.1944,5.0834E-012
380.2014,7.7629E-002
380.2083,6.3253E-003
380.2153,2.0710E-013
380.2222,0.0000E+000
380.2292,0.0000E+000
380.2361,0.0000E+000
380.2431,0.0000E+000
380.2500,0.0000E+000
380.2569,0.0000E+000
380.2639,0.0000E+000
380.2708,0.0000E+000
380.2778,0.0000E+000
380.2847,0.0000E+000
380.2917,0.0000E+000
380.2986,0.0000E+000
380.3056,0.0000E+000
380.3125,0.0000E+000
380.3194,0.0000E+000
380.3264,0.0000E+000
380.3333,6.4962E-012
380.3403,1.3227E-001
380.3472,7.0507E-001
380.3542,2.2992E+000
380.3611,5.0132E+000
380.3681,9.1936E+000
380.3750,1.2974E+001
380.3819,1.5701E+001
380.3889,1.7172E+001
380.3958,1.5131E+001
380.4028,1.3400E+001
380.4097,1.2979E+001
380.4167,1.3931E+001
380.4236,1.4272E+001
380.4306,1.5940E+001
380.4375,1.8076E+001
380.4444,1.7997E+001
380.4514,1.8989E+001
380.4583,2.0958E+001
380.4653,2.0195E+001
380.4722,9.1315E+001
380.4792,1.1547E+002
380.4861,1.0882E+002
380.4931,1.6726E+002
380.5000,1.6529E+002
380.5069,1.7128E+002
380.5139,1.8010E+002
380.5208,1.7200E+002
380.5278,1.7849E+002
380.5347,1.6509E+002
380.5417,1.4112E+002
380.5486,1.2388E+002
380.5556,1.4605E+002
380.5625,1.6306E+002
380.5694,1.5598E+002
380.5764,1.5140E+002
380.5833,1.4221E+002
380.5903,8.3629E+001
380.5972,2.0346E+001
380.6042,1.9437E+001
380.6111,1.8534E+001
380.6181,1.7147E+001
380.6250,1.7709E+001
380.6319,1.6037E+001
380.6389,1.3654E+001
380.6458,1.1403E+001
380.6528,1.0460E+001
380.6597,8.4923E+000
380.6667,7.3810E+000
380.6736,6.1051E+000
380.6806,4.3903E+000
380.6875,3.0460E+000
380.6944,1.1183E+000
380.7014,7.5359E-002
380.7083,0.0000E+000
380.7153,0.0000E+000
380.7222,0.0000E+000
380.7292,0.0000E+000
380.7361,0.0000E+000
380.7431,0.0000E+000
380.7500,0.0000E+000
380.7569,3.8544E-002
380.7639,2.1861E-002
380.7708,0.0000E+000
380.7778,0.0000E+000
380.7847,0.0000E+000
380.7917,0.0000E+000
380.7986,0.0000E+000
380.8056,0.0000E+000
380.8125,0.0000E+000
380.8194,0.0000E+000
380.8264,0.0000E+000
380.8333,0.0000E+000
380.8403,0.0000E+000
380.8472,0.0000E+000
380.8542,0.0000E+000
380.8611,0.0000E+000
380.8681,0.0000E+000
380.8750,0.0000E+000
380.8819,0.0000E+000
380.8889,0.0000E+000
380.8958,0.0000E+000
380.9028,0.0000E+000
380.9097,0.0000E+000
380.9167,0.0000E+000
380.9236,0.0000E+000
380.9306,0.0000E+000
380.9375,0.0000E+000
380.9444,0.0000E+000
380.9514,0.0000E+000
380.9583,0.0000E+000
380.9653,0.0000E+000
380.9722,0.0000E+000
380.9792,0.0000E+000
380.9861,0.0000E+000
380.9931,0.0000E+000
381.0000,0.0000E+000
381.0069,0.0000E+000
381.0139,0.0000E+000
381.0208,0.0000E+000
381.0278,0.0000E+000
381.0347,0.0000E+000
381.0417,0.0000E+000
381.0486,0.0000E+000
381.0556,0.0000E+000
381.0625,0.0000E+000
381.0694,0.0000E+000
381.0764,0.0000E+000
381.0833,0.0000E+000
381.0903,0.0000E+000
381.0972,0.0000E+000
381.1042,0.0000E+000
381.1111,0.0000E+000
381.1181,0.0000E+000
381.1250,0.0000E+000
381.1319,0.0000E+000
381.1389,0.0000E+000
381.1458,0.0000E+000
381.1528,0.0000E+000
381.1597,0.0000E+000
381.1667,0.0000E+000
381.1736,0.0000E+000
381.1806,0.0000E+000
381.1875,0.0000E+000
381.1944,0.0000E+000
381.2014,0.0000E+000
381.2083,0.0000E+000
381.2153,0.0000E+000
381.2222,4.7767E-002
381.2292,2.3460E-012
381.2361,0.0000E+000
381.2431,0.0000E+000
381.2500,0.0000E+000
381.2569,0.0000E+000
381.2639,0.0000E+000
381.2708,0.0000E+000
381.2778,0.0000E+000
381.2847,0.0000E+000
381.2917,0.0000E+000
381.2986,0.0000E+000
381.3056,0.0000E+000
381.3125,0.0000E+000
381.3194,0.0000E+000
381.3264,0.0000E+000
381.3333,0.0000E+000
381.3403,0.0000E+000
381.3472,4.0140E-012
381.3542,1.2260E-001
381.3611,1.2421E+000
381.3681,2.6459E+000
381.3750,4.2195E+000
381.3819,5.4853E+000
381.3889,6.4350E+000
381.3958,8.7276E+000
381.4028,9.8967E+000
381.4097,1.1668E+001
381.4167,1.4746E+001
381.4236,1.7160E+001
381.4306,2.0702E+001
381.4375,2.6095E+001
381.4444,3.2885E+001
381.4514,3.6529E+001
381.4583,3.1958E+001
381.4653,3.0332E+001
381.4722,3.2462E+001
381.4792,3.5597E+001
381.4861,3.6129E+001
381.4931,5.0046E+001
381.5000,5.2573E+001
381.5069,6.3151E+001
381.5139,6.6981E+001
381.5208,7.8163E+001
381.5278,1.0240E+002
381.5347,1.0611E+002
381.5417,8.4913E+001
381.5486,8.8140E+001
381.5556,6.8406E+001
381.5625,1.2489E+002
381.5694,1.1176E+002
381.5764,8.7844E+001
381.5833,8.2605E+001
381.5903,7.7892E+001
381.5972,5.9930E+001
381.6042,5.4260E+001
381.6111,4.4755E+001
381.6181,3.5894E+001
381.6250,3.2536E+001
381.6319,3.0624E+001
381.6389,2.6498E+001
381.6458,2.5990E+001
381.6528,2.6859E+001
381.6597,2.0256E+001
381.6667,1.5971E+001
381.6736,1.0459E+001
381.6806,7.2679E+000
381.6875,4.1694E+000
381.6944,1.8694E+000
381.7014,7.1160E-001
381.7083,1.2148E-001
381.7153,3.9775E-012
381.7222,0.0000E+000
381.7292,0.0000E+000
381.7361,0.0000E+000
381.7431,0.0000E+000
381.7500,0.0000E+000
381.7569,0.0000E+000
381.7639,0.0000E+000
381.7708,0.0000E+000
381.7778,0.0000E+000
381.7847,0.0000E+000
381.7917,0.0000E+000
381.7986,8.0608E-003
381.8056,5.2785E-013
381.8125,0.0000E+000
381.8194,0.0000E+000
381.8264,0.0000E+000
381.8333,0.0000E+000
381.8403,0.0000E+000
381.8472,0.0000E+000
381.8542,0.0000E+000
381.8611,0.0000E+000
381.8681,0.0000E+000
381.8750,2.8215E-002
381.8819,0.0000E+000
381.8889,0.0000E+000
381.8958,0.0000E+000
381.9028,0.0000E+000
381.9097,0.0000E+000
381.9167,0.0000E+000
381.9236,0.0000E+000
381.9306,0.0000E+000
381.9375,0.0000E+000
381.9444,0.0000E+000
381.9514,0.0000E+000
381.9583,0.0000E+000
381.9653,0.0000E+000
381.9722,0.0000E+000
381.9792,0.0000E+000
381.9861,0.0000E+000
381.9931,0.0000E+000
382.0000,0.0000E+000
382.0069,0.0000E+000
382.0139,0.0000E+000
382.0208,0.0000E+000
382.0278,0.0000E+000
382.0347,0.0000E+000
382.0417,0.0000E+000
382.0486,0.0000E+000
382.0556,0.0000E+000
382.0625,0.0000E+000
382.0694,0.0000E+000
382.0764,0.0000E+000
382.0833,0.0000E+000
382.0903,0.0000E+000
382.0972,0.0000E+000
382.1042,0.0000E+000
382.1111,0.0000E+000
382.1181,0.0000E+000
382.1250,0.0000E+000
382.1319,0.0000E+000
382.1389,0.0000E+000
382.1458,0.0000E+000
382.1528,0.0000E+000
382.1597,0.0000E+000
382.1667,0.0000E+000
382.1736,0.0000E+000
382.1806,0.0000E+000
382.1875,0.0000E+000
382.1944,0.0000E+000
382.2014,0.0000E+000
382.2083,0.0000E+000
382.2153,0.0000E+000
382.2222,0.0000E+000
382.2292,0.0000E+000
382.2361,0.0000E+000
382.2431,0.0000E+000
382.2500,0.0000E+000
382.2569,0.0000E+000
382.2639,0.0000E+000
382.2708,0.0000E+000
382.2778,0.0000E+000
382.2847,0.0000E+000
382.2917,0.0000E+000
382.2986,0.0000E+000
382.3056,0.0000E+000
382.3125,0.0000E+000
382.3194,0.0000E+000
382.3264,0.0000E+000
382.3333,0.0000E+000
382.3403,0.0000E+000
382.3472,1.1729E-011
382.3542,3.5825E-001
382.3611,8.4572E-001
382.3681,1.4786E+000
382.3750,3.3830E+000
382.3819,5.0422E+000
382.3889,9.6837E+000
382.3958,1.6317E+001
382.4028,1.6146E+001
382.4097,1.7472E+001
382.4167,2.5526E+001
382.4236,2.0963E+001
382.4306,2.7051E+001
382.4375,2.2592E+001
382.4444,2.3823E+001
382.4514,2.7503E+001
382.4583,3.1972E+001
382.4653,4.2993E+001
382.4722,4.2346E+001
382.4792,3.7778E+001
382.4861,5.4129E+001
382.4931,5.9778E+001
382.5000,5.3305E+001
382.5069,6.3516E+001
382.5139,5.9128E+001
382.5208,3.6478E+001
382.5278,2.4392E+001
382.5347,3.1852E+001
382.5417,5.2946E+001
382.5486,3.6426E+001
382.5556,3.0685E+001
382.5625,2.9355E+001
382.5694,3.0573E+001
382.5764,2.5824E+001
382.5833,1.9660E+001
382.5903,1.7997E+001
382.5972,2.3300E+001
382.6042,2.9857E+001
382.6111,2.5943E+001
382.6181,3.0523E+001
382.6250,3.2545E+001
382.6319,2.1905E+001
382.6389,1.6955E+001
382.6458,9.3669E+000
382.6528,7.1540E+000
382.6597,5.5165E+000
382.6667,5.0300E+000
382.6736,3.7930E+000
382.6806,2.2218E+000
382.6875,1.7670E+000
382.6944,9.6922E-001
382.7014,3.6772E-001
382.7083,6.5232E-002
382.7153,2.1358E-012
382.7222,0.0000E+000
382.7292,0.0000E+000
382.7361,0.0000E+000
382.7431,0.0000E+000
382.7500,0.0000E+000
382.7569,0.0000E+000
382.7639,0.0000E+000
382.7708,0.0000E+000
382.7778,0.0000E+000
382.7847,0.0000E+000
382.7917,0.0000E+000
382.7986,0.0000E+000
382.8056,0.0000E+000
382.8125,0.0000E+000
382.8194,0.0000E+000
382.8264,0.0000E+000
382.8333,0.0000E+000
382.8403,0.0000E+000
382.8472,0.0000E+000
382.8542,0.0000E+000
382.8611,0.0000E+000
382.8681,0.0000E+000
382.8750,0.0000E+000
382.8819,0.0000E+000
382.8889,0.0000E+000
382.8958,0.0000E+000
382.9028,0.0000E+000
382.9097,0.0000E+000
382.9167,0.0000E+000
382.9236,0.0000E+000
382.9306,0.0000E+000
382.9375,0.0000E+000
382.9444,0.0000E+000
382.9514,0.0000E+000
382.9583,0.0000E+000
382.9653,0.0000E+000
382.9722,0.0000E+000
382.9792,0.0000E+000
382.9861,0.0000E+000
382.9931,0.0000E+000
383.0000,0.0000E+000
383.0069,0.0000E+000
383.0139,0.0000E+000
383.0208,0.0000E+000
383.0278,0.0000E+000
383.0347,0.0000E+000
383.0417,0.0000E+000
383.0486,0.0000E+000
383.0556,0.0000E+000
383.0625,0.0000E+000
383.0694,0.0000E+000
383.0764,0.0000E+000
383.0833,0.0000E+000
383.0903,0.0000E+000
383.0972,3.2155E-013
383.1042,9.8210E-003
383.1111,0.0000E+000
383.1181,0.0000E+000
383.1250,0.0000E+000
383.1319,0.0000E+000
383.1389,0.0000E+000
383.1458,0.0000E+000
383.1528,0.0000E+000
383.1597,0.0000E+000
383.1667,0.0000E+000
383.1736,0.0000E+000
383.1806,0.0000E+000
383.1875,0.0000E+000
383.1944,0.0000E+000
383.2014,0.0000E+000
383.2083,0.0000E+000
383.2153,0.0000E+000
383.2222,0.0000E+000
383.2292,0.0000E+000
383.2361,0.0000E+000
383.2431,0.0000E+000
383.2500,0.0000E+000
383.2569,0.0000E+000
383.2639,0.0000E+000
383.2708,0.0000E+000
383.2778,0.0000E+000
383.2847,0.0000E+000
383.2917,0.0000E+000
383.2986,0.0000E+000
383.3056,0.0000E+000
383.3125,0.0000E+000
383.3194,0.0000E+000
383.3264,0.0000E+000
383.3333,1.0474E-011
383.3403,2.1327E-001
383.3472,3.2020E-001
383.3542,6.4734E-001
383.3611,1.6692E+000
383.3681,3.2131E+000
383.3750,4.3125E+000
383.3819,4.6414E+000
383.3889,5.5600E+000
383.3958,1.1634E+001
383.4028,1.1267E+001
383.4097,1.1384E+001
383.4167,1.2132E+001
383.4236,1.3326E+001
383.4306,1.1308E+001
383.4375,1.5020E+001
383.4444,1.6094E+001
383.4514,1.7522E+001
383.4583,2.7392E+001
383.4653,2.9702E+001
383.4722,2.9433E+001
383.4792,4.5779E+001
383.4861,5.1062E+001
383.4931,7.2296E+001
383.5000,5.3461E+001
383.5069,3.4410E+001
383.5139,3.3461E+001
383.5208,3.7044E+001
383.5278,3.4517E+001
383.5347,3.8522E+001
383.5417,3.6425E+001
383.5486,3.8992E+001
383.5556,3.3039E+001
383.5625,4.7721E+001
383.5694,4.6254E+001
383.5764,4.7694E+001
383.5833,5.7885E+001
383.5903,5.6144E+001
383.5972,4.0045E+001
383.6042,3.0864E+001
383.6111,4.4175E+001
383.6181,5.7295E+001
383.6250,2.8806E+001
383.6319,3.6673E+001
383.6389,3.6502E+001
383.6458,2.9679E+001
383.6528,2.1470E+001
383.6597,1.3610E+001
383.6667,7.5431E+000
383.6736,4.4659E+000
383.6806,3.9385E+000
383.6875,1.8814E+000
383.6944,6.3908E-001
383.7014,2.2093E-001
383.7083,8.0972E-003
383.7153,2.6512E-013
383.7222,0.0000E+000
383.7292,0.0000E+000
383.7361,0.0000E+000
383.7431,0.0000E+000
383.7500,0.0000E+000
383.7569,0.0000E+000
383.7639,0.0000E+000
383.7708,0.0000E+000
383.7778,0.0000E+000
383.7847,0.0000E+000
383.7917,0.0000E+000
383.7986,0.0000E+000
383.8056,0.0000E+000
383.8125,0.0000E+000
383.8194,0.0000E+000
383.8264,0.0000E+000
383.8333,0.0000E+000
383.8403,0.0000E+000
383.8472,0.0000E+000
383.8542,0.0000E+000
383.8611,0.0000E+000
383.8681,0.0000E+000
383.8750,0.0000E+000
383.8819,0.0000E+000
383.8889,0.0000E+000
383.8958,0.0000E+000
383.9028,0.0000E+000
383.9097,0.0000E+000
383.9167,0.0000E+000
383.9236,0.0000E+000
383.9306,0.0000E+000
383.9375,0.0000E+000
383.9444,0.0000E+000
383.9514,0.0000E+000
383.9583,0.0000E+000
383.9653,0.0000E+000
383.9722,0.0000E+000
383.9792,0.0000E+000
383.9861,0.0000E+000
383.9931,0.0000E+000
384.0000,0.0000E+000
384.0069,0.0000E+000
384.0139,0.0000E+000
384.0208,0.0000E+000
384.0278,0.0000E+000
384.0347,0.0000E+000
384.0417,0.0000E+000
384.0486,0.0000E+000
384.0556,0.0000E+000
384.0625,0.0000E+000
384.0694,0.0000E+000
384.0764,0.0000E+000
384.0833,2.2740E-013
384.0903,4.6303E-003
384.0972,5.7880E-004
384.1042,1.4123E-001
384.1111,1.7306E-001
384.1181,3.0967E-001
384.1250,2.5816E-001
384.1319,3.3399E-001
384.1389,2.4832E-001
384.1458,1.8292E-001
384.1528,7.8725E-002
384.1597,0.0000E+000
384.1667,0.0000E+000
384.1736,0.0000E+000
384.1806,0.0000E+000
384.1875,0.0000E+000
384.1944,0.0000E+000
384.2014,0.0000E+000
384.2083,0.0000E+000
384.2153,0.0000E+000
384.2222,0.0000E+000
384.2292,0.0000E+000
384.2361,0.0000E+000
384.2431,0.0000E+000
384.2500,0.0000E+000
384.2569,0.0000E+000
384.2639,0.0000E+000
384.2708,0.0000E+000
384.2778,0.0000E+000
384.2847,0.0000E+000
384.2917,0.0000E+000
384.2986,0.0000E+000
384.3056,0.0000E+000
384.3125,0.0000E+000
384.3194,0.0000E+000
384.3264,0.0000E+000
384.3333,5.4034E-013
384.3403,1.1002E-002
384.3472,3.0922E-001
384.3542,1.6127E+000
384.3611,5.9547E+000
384.3681,1.0206E+001
384.3750,7.5700E+000
384.3819,8.9936E+000
384.3889,1.5832E+001
384.3958,1.6275E+001
384.4028,1.9166E+001
384.4097,2.4613E+001
384.4167,2.7031E+001
384.4236,3.8767E+001
384.4306,4.0837E+001
384.4375,4.4159E+001
384.4444,5.1228E+001
384.4514,3.7136E+001
384.4583,3.1670E+001
384.4653,3.3948E+001
384.4722,3.6513E+001
384.4792,4.3408E+001
384.4861,4.2216E+001
384.4931,3.1302E+001
384.5000,3.6824E+001
384.5069,3.7888E+001
384.5139,3.3825E+001
384.5208,3.3591E+001
384.5278,2.8828E+001
384.5347,2.8630E+001
384.5417,2.7195E+001
384.5486,3.0129E+001
384.5556,2.8521E+001
384.5625,2.2354E+001
384.5694,2.5583E+001
384.5764,2.1650E+001
384.5833,1.9424E+001
384.5903,1.3052E+001
384.5972,1.1336E+001
384.6042,1.1253E+001
384.6111,1.2267E+001
384.6181,1.2340E+001
384.6250,9.7289E+000
384.6319,9.2278E+000
384.6389,9.2106E+000
384.6458,1.0937E+001
384.6528,9.5335E+000
384.6597,7.0410E+000
384.6667,8.1339E+000
384.6736,7.4978E+000
384.6806,5.0376E+000
384.6875,3.1441E+000
384.6944,2.8011E+000
384.7014,1.7633E+000
384.7083,6.6233E-001
384.7153,1.7790E-001
384.7222,2.4976E-001
384.7292,3.3147E-001
384.7361,3.3379E-001
384.7431,2.6425E-001
384.7500,8.7506E-002
384.7569,1.4256E-001
384.7639,1.5068E-002
384.7708,0.0000E+000
384.7778,0.0000E+000
384.7847,0.0000E+000
384.7917,0.0000E+000
384.7986,0.0000E+000
384.8056,0.0000E+000
384.8125,0.0000E+000
384.8194,1.1386E-013
384.8264,1.7388E-003
384.8333,1.9926E-013
384.8403,4.0573E-003
384.8472,2.2773E-013
384.8542,6.9555E-003
384.8611,5.7963E-004
384.8681,3.5764E-001
384.8750,0.0000E+000
384.8819,2.6664E-002
384.8889,6.4922E-002
384.8958,4.9272E-002
384.9028,8.6372E-002
384.9097,8.1736E-002
384.9167,1.0261E-001
384.9236,1.3449E-001
384.9306,7.2464E-002
384.9375,7.2465E-002
384.9444,8.4060E-002
384.9514,1.5943E-001
384.9583,2.2088E-001
384.9653,9.3919E-002
384.9722,2.4756E-001
384.9792,1.5770E-001
384.9861,1.5712E-001
384.9931,1.1190E-001
385.0000,2.1452E-002
385.0069,5.0442E-002
385.0139,5.7400E-002
385.0208,2.4932E-002
385.0278,3.4209E-002
385.0347,2.4932E-002
385.0417,9.8572E-003
385.0486,2.3773E-002
385.0556,7.5380E-003
385.0625,6.9583E-002
385.0694,6.9584E-003
385.0764,2.0295E-002
385.0833,4.5810E-002
385.0903,2.4935E-002
385.0972,3.4214E-002
385.1042,2.3776E-002
385.1111,3.6534E-002
385.1181,2.0877E-002
385.1250,4.6394E-003
385.1319,3.7696E-002
385.1389,2.8997E-002
385.1458,1.9138E-002
385.1528,4.6976E-002
385.1597,3.5378E-002
385.1667,4.0598E-002
385.1736,3.5379E-002
385.1806,2.3167E-012
385.1875,8.6999E-003
385.1944,4.2340E-002
385.2014,1.7168E-001
385.2083,1.0440E-002
385.2153,6.0322E-002
385.2222,1.6821E-002
385.2292,5.6264E-002
385.2361,6.3805E-003
385.2431,2.2042E-002
385.2500,5.0233E-001
385.2569,4.8842E-001
385.2639,3.2136E-001
385.2708,0.0000E+000
385.2778,0.0000E+000
385.2847,0.0000E+000
385.2917,0.0000E+000
385.2986,0.0000E+000
385.3056,0.0000E+000
385.3125,0.0000E+000
385.3194,4.6411E-003
385.3264,7.5980E-014
385.3333,5.8015E-003
385.3403,8.1803E-002
385.3472,5.9699E-001
385.3542,2.1084E+000
385.3611,3.7770E+000
385.3681,5.8530E+000
385.3750,9.2164E+000
385.3819,1.2760E+001
385.3889,1.5319E+001
385.3958,1.9939E+001
385.4028,2.7282E+001
385.4097,3.1842E+001
385.4167,3.6855E+001
385.4236,4.2254E+001
385.4306,4.7286E+001
385.4375,5.5352E+001
385.4444,6.0194E+001
385.4514,6.5639E+001
385.4583,6.9021E+001
385.4653,6.8603E+001
385.4722,6.3691E+001
385.4792,6.2681E+001
385.4861,6.2178E+001
385.4931,5.5183E+001
385.5000,5.4088E+001
385.5069,6.5429E+001
385.5139,8.3259E+001
385.5208,8.3554E+001
385.5278,8.2425E+001
385.5347,1.1810E+002
385.5417,1.0308E+002
385.5486,1.0643E+002
385.5556,9.5400E+001
385.5625,9.7613E+001
385.5694,7.3069E+001
385.5764,7.1672E+001
385.5833,9.8922E+001
385.5903,1.0809E+002
385.5972,6.1791E+001
385.6042,6.0332E+001
385.6111,5.6743E+001
385.6181,5.3320E+001
385.6250,5.5310E+001
385.6319,5.4920E+001
385.6389,4.8221E+001
385.6458,4.2758E+001
385.6528,3.9157E+001
385.6597,3.3904E+001
385.6667,2.5104E+001
385.6736,1.8642E+001
385.6806,1.2728E+001
385.6875,9.9023E+000
385.6944,6.4807E+000
385.7014,2.4232E+000
385.7083,1.6198E-001
385.7153,5.3035E-012
385.7222,0.0000E+000
385.7292,0.0000E+000
385.7361,0.0000E+000
385.7431,0.0000E+000
385.7500,0.0000E+000
385.7569,0.0000E+000
385.7639,0.0000E+000
385.7708,0.0000E+000
385.7778,0.0000E+000
385.7847,0.0000E+000
385.7917,0.0000E+000
385.7986,0.0000E+000
385.8056,0.0000E+000
385.8125,0.0000E+000
385.8194,0.0000E+000
385.8264,0.0000E+000
385.8333,0.0000E+000
385.8403,0.0000E+000
385.8472,0.0000E+000
385.8542,0.0000E+000
385.8611,0.0000E+000
385.8681,0.0000E+000
385.8750,0.0000E+000
385.8819,0.0000E+000
385.8889,0.0000E+000
385.8958,0.0000E+000
385.9028,0.0000E+000
385.9097,0.0000E+000
385.9167,0.0000E+000
385.9236,0.0000E+000
385.9306,0.0000E+000
385.9375,0.0000E+000
385.9444,0.0000E+000
385.9514,0.0000E+000
385.9583,0.0000E+000
385.9653,0.0000E+000
385.9722,0.0000E+000
385.9792,0.0000E+000
385.9861,0.0000E+000
385.9931,0.0000E+000
386.0000,0.0000E+000
386.0069,0.0000E+000
386.0139,0.0000E+000
386.0208,0.0000E+000
386.0278,0.0000E+000
386.0347,0.0000E+000
386.0417,0.0000E+000
386.0486,0.0000E+000
386.0556,0.0000E+000
386.0625,0.0000E+000
386.0694,0.0000E+000
386.0764,0.0000E+000
386.0833,0.0000E+000
386.0903,0.0000E+000
386.0972,0.0000E+000
386.1042,0.0000E+000
386.1111,0.0000E+000
386.1181,0.0000E+000
386.1250,0.0000E+000
386.1319,0.0000E+000
386.1389,0.0000E+000
386.1458,0.0000E+000
386.1528,0.0000E+000
386.1597,0.0000E+000
386.1667,0.0000E+000
386.1736,0.0000E+000
386.1806,0.0000E+000
386.1875,0.0000E+000
386.1944,0.0000E+000
386.2014,0.0000E+000
386.2083,0.0000E+000
386.2153,0.0000E+000
386.2222,1.8015E-002
386.2292,8.8477E-013
386.2361,2.0835E-012
386.2431,1.2727E-001
386.2500,8.7174E-003
386.2569,1.2553E-001
386.2639,2.0551E-012
386.2708,1.3367E-002
386.2778,4.3767E-013
386.2847,3.1385E-002
386.2917,1.5414E-012
386.2986,4.7427E-001
386.3056,1.4461E+000
386.3125,1.1712E+000
386.3194,1.2799E+000
386.3264,4.4291E-001
386.3333,1.9821E-001
386.3403,7.5563E-002
386.3472,3.6038E-001
386.3542,2.1647E+000
386.3611,3.1563E+000
386.3681,5.0741E+000
386.3750,1.9461E+001
386.3819,3.4693E+001
386.3889,1.7440E+001
386.3958,9.6289E+000
386.4028,5.9888E+000
386.4097,6.8301E+000
386.4167,6.4023E+000
386.4236,7.1360E+000
386.4306,1.1075E+001
386.4375,1.3429E+001
386.4444,1.0444E+001
386.4514,8.9271E+000
386.4583,9.9580E+000
386.4653,9.9825E+000
386.4722,1.3650E+001
386.4792,1.0378E+001
386.4861,9.0968E+000
386.4931,2.1108E+001
386.5000,1.5003E+001
386.5069,1.3773E+001
386.5139,2.1290E+001
386.5208,1.6023E+001
386.5278,1.8539E+001
386.5347,3.2352E+001
386.5417,2.4430E+001
386.5486,2.6628E+001
386.5556,2.8695E+001
386.5625,3.9880E+001
386.5694,3.1522E+001
386.5764,2.7009E+001
386.5833,2.8107E+001
386.5903,3.4382E+001
386.5972,2.9757E+001
386.6042,3.8133E+001
386.6111,3.4653E+001
386.6181,3.5130E+001
386.6250,4.0730E+001
386.6319,3.6172E+001
386.6389,3.0060E+001
386.6458,2.1546E+001
386.6528,1.5175E+001
386.6597,1.6022E+001
386.6667,2.5129E+001
386.6736,1.6568E+001
386.6806,4.0621E+000
386.6875,1.2517E+000
386.6944,3.9145E-001
386.7014,8.9982E-001
386.7083,2.3383E-001
386.7153,7.6560E-012
386.7222,0.0000E+000
386.7292,0.0000E+000
386.7361,0.0000E+000
386.7431,0.0000E+000
386.7500,0.0000E+000
386.7569,0.0000E+000
386.7639,0.0000E+000
386.7708,0.0000E+000
386.7778,0.0000E+000
386.7847,0.0000E+000
386.7917,0.0000E+000
386.7986,0.0000E+000
386.8056,0.0000E+000
386.8125,0.0000E+000
386.8194,0.0000E+000
386.8264,0.0000E+000
386.8333,0.0000E+000
386.8403,0.0000E+000
386.8472,9.9058E-013
386.8542,3.0255E-002
386.8611,3.3746E-002
386.8681,2.2098E-012
386.8750,3.4329E-002
386.8819,6.9822E-003
386.8889,1.1431E-013
386.8958,6.9824E-002
386.9028,1.2219E-002
386.9097,3.4293E-013
386.9167,1.0474E-002
386.9236,0.0000E+000
386.9306,0.0000E+000
386.9375,2.7350E-002
386.9444,0.0000E+000
386.9514,0.0000E+000
386.9583,0.0000E+000
386.9653,0.0000E+000
386.9722,0.0000E+000
386.9792,0.0000E+000
386.9861,2.0951E-002
386.9931,1.3719E-012
387.0000,0.0000E+000
387.0069,1.0671E-012
387.0139,1.6296E-002
387.0208,0.0000E+000
387.0278,0.0000E+000
387.0347,2.9101E-002
387.0417,7.8573E-002
387.0486,2.0255E-001
387.0556,2.9626E-001
387.0625,4.1500E-001
387.0694,6.4084E-001
387.0764,4.9883E-001
387.0833,9.1909E-001
387.0903,3.6613E-001
387.0972,3.5682E-001
387.1042,7.7419E-001
387.1111,3.1201E-001
387.1181,8.1495E-002
387.1250,0.0000E+000
387.1319,1.7464E-003
387.1389,8.7320E-003
387.1458,1.0479E-002
387.1528,1.5776E-001
387.1597,2.8293E-001
387.1667,6.0545E-001
387.1736,7.8127E-001
387.1806,1.0095E+000
387.1875,1.5020E+000
387.1944,1.2890E+000
387.2014,1.1324E+000
387.2083,1.6605E+000
387.2153,8.9021E-001
387.2222,4.7277E-001
387.2292,2.8704E-001
387.2361,4.5065E-001
387.2431,3.7380E-001
387.2500,8.3204E-001
387.2569,3.5460E-001
387.2639,1.2519E-001
387.2708,3.9304E-001
387.2778,3.7849E-002
387.2847,7.5698E-003
387.2917,1.0889E-001
387.2986,7.2788E-002
387.3056,4.6585E-002
387.3125,0.0000E+000
387.3194,7.6266E-014
387.3264,1.1647E-003
387.3333,4.2901E-013
387.3403,8.7353E-003
387.3472,1.3161E-001
387.3542,5.5966E-001
387.3611,1.6685E+000
387.3681,2.7617E+000
387.3750,4.4116E+000
387.3819,1.9813E+000
387.3889,2.7053E+000
387.3958,7.9045E+000
387.4028,9.4783E+000
387.4097,6.9909E+000
387.4167,7.7866E+000
387.4236,1.2077E+001
387.4306,1.6301E+001
387.4375,1.2201E+001
387.4444,1.2758E+001
387.4514,1.4998E+001
387.4583,1.3621E+001
387.4653,1.3096E+001
387.4722,1.8200E+001
387.4792,1.8316E+001
387.4861,1.7055E+001
387.4931,1.6911E+001
387.5000,1.8748E+001
387.5069,1.3534E+001
387.5139,2.2928E+001
387.5208,2.9937E+001
387.5278,2.4378E+001
387.5347,2.4898E+001
387.5417,2.2606E+001
387.5486,2.3884E+001
387.5556,2.1618E+001
387.5625,2.9091E+001
387.5694,3.4138E+001
387.5764,3.4100E+001
387.5833,3.2218E+001
387.5903,3.8205E+001
387.5972,4.0578E+001
387.6042,3.4443E+001
387.6111,2.4222E+001
387.6181,2.4592E+001
387.6250,9.5371E+000
387.6319,1.3442E+001
387.6389,9.4202E+000
387.6458,6.6357E+000
387.6528,5.8235E+000
387.6597,8.5762E+000
387.6667,1.1953E+001
387.6736,6.9134E+000
387.6806,3.5290E+000
387.6875,3.8152E+000
387.6944,3.0163E+000
387.7014,2.0198E+000
387.7083,8.0129E-001
387.7153,1.4627E-001
387.7222,0.0000E+000
387.7292,0.0000E+000
387.7361,0.0000E+000
387.7431,0.0000E+000
387.7500,0.0000E+000
387.7569,0.0000E+000
387.7639,0.0000E+000
387.7708,0.0000E+000
387.7778,0.0000E+000
387.7847,0.0000E+000
387.7917,0.0000E+000
387.7986,0.0000E+000
387.8056,0.0000E+000
387.8125,0.0000E+000
387.8194,0.0000E+000
387.8264,0.0000E+000
387.8333,0.0000E+000
387.8403,0.0000E+000
387.8472,0.0000E+000
387.8542,0.0000E+000
387.8611,0.0000E+000
387.8681,0.0000E+000
387.8750,0.0000E+000
387.8819,0.0000E+000
387.8889,0.0000E+000
387.8958,0.0000E+000
387.9028,0.0000E+000
387.9097,2.4485E-002
387.9167,2.8566E-002
387.9236,1.1660E-003
387.9306,1.1660E-003
387.9375,0.0000E+000
387.9444,7.4626E-002
387.9514,3.0959E-001
387.9583,3.3233E-002
387.9653,1.0881E-012
387.9722,1.7491E-003
387.9792,8.5906E-014
387.9861,0.0000E+000
387.9931,0.0000E+000
388.0000,0.0000E+000
388.0069,0.0000E+000
388.0139,0.0000E+000
388.0208,0.0000E+000
388.0278,0.0000E+000
388.0347,0.0000E+000
388.0417,0.0000E+000
388.0486,0.0000E+000
388.0556,0.0000E+000
388.0625,0.0000E+000
388.0694,0.0000E+000
388.0764,0.0000E+000
388.0833,0.0000E+000
388.0903,0.0000E+000
388.0972,0.0000E+000
388.1042,0.0000E+000
388.1111,0.0000E+000
388.1181,0.0000E+000
388.1250,0.0000E+000
388.1319,0.0000E+000
388.1389,0.0000E+000
388.1458,0.0000E+000
388.1528,0.0000E+000
388.1597,0.0000E+000
388.1667,0.0000E+000
388.1736,0.0000E+000
388.1806,0.0000E+000
388.1875,0.0000E+000
388.1944,7.6392E-014
388.2014,1.1666E-003
388.2083,0.0000E+000
388.2153,0.0000E+000
388.2222,0.0000E+000
388.2292,0.0000E+000
388.2361,0.0000E+000
388.2431,0.0000E+000
388.2500,0.0000E+000
388.2569,0.0000E+000
388.2639,0.0000E+000
388.2708,0.0000E+000
388.2778,0.0000E+000
388.2847,0.0000E+000
388.2917,0.0000E+000
388.2986,0.0000E+000
388.3056,0.0000E+000
388.3125,0.0000E+000
388.3194,0.0000E+000
388.3264,0.0000E+000
388.3333,0.0000E+000
388.3403,0.0000E+000
388.3472,1.4586E-002
388.3542,2.5322E-001
388.3611,5.4963E-001
388.3681,2.2773E+000
388.3750,3.0820E+000
388.3819,2.9712E+000
388.3889,2.8463E+000
388.3958,3.1976E+000
388.4028,2.9829E+000
388.4097,4.3957E+000
388.4167,4.5341E+000
388.4236,4.9105E+000
388.4306,5.6978E+000
388.4375,9.6637E+000
388.4444,1.2126E+001
388.4514,1.5421E+001
388.4583,1.8445E+001
388.4653,3.1352E+001
388.4722,2.9272E+001
388.4792,3.5332E+001
388.4861,4.2053E+001
388.4931,4.4117E+001
388.5000,5.6916E+001
388.5069,6.3783E+001
388.5139,5.4066E+001
388.5208,4.5283E+001
388.5278,4.1057E+001
388.5347,3.8155E+001
388.5417,5.1226E+001
388.5486,5.9067E+001
388.5556,5.5072E+001
388.5625,7.4628E+001
388.5694,4.8262E+001
388.5764,3.6373E+001
388.5833,2.8159E+001
388.5903,4.1582E+001
388.5972,2.6979E+001
388.6042,3.4672E+001
388.6111,4.0521E+001
388.6181,3.6575E+001
388.6250,3.6179E+001
388.6319,2.6166E+001
388.6389,2.0093E+001
388.6458,1.8514E+001
388.6528,1.3301E+001
388.6597,5.5122E+000
388.6667,3.7959E+000
388.6736,1.9149E+000
388.6806,2.1362E+000
388.6875,4.8510E+000
388.6944,2.2513E+000
388.7014,2.6612E+000
388.7083,4.6066E-001
388.7153,1.5083E-011
388.7222,0.0000E+000
388.7292,0.0000E+000
388.7361,9.3421E-003
388.7431,6.1177E-013
388.7500,0.0000E+000
388.7569,3.8236E-013
388.7639,5.8391E-003
388.7708,0.0000E+000
388.7778,0.0000E+000
388.7847,1.4423E-001
388.7917,7.0837E-012
388.7986,0.0000E+000
388.8056,0.0000E+000
388.8125,0.0000E+000
388.8194,0.0000E+000
388.8264,0.0000E+000
388.8333,0.0000E+000
388.8403,0.0000E+000
388.8472,0.0000E+000
388.8542,0.0000E+000
388.8611,4.2050E-002
388.8681,1.8163E-001
388.8750,1.8105E-002
388.8819,8.1766E-003
388.8889,1.3386E-013
388.8958,0.0000E+000
388.9028,0.0000E+000
388.9097,7.5930E-003
388.9167,3.7292E-013
388.9236,0.0000E+000
388.9306,0.0000E+000
388.9375,0.0000E+000
388.9444,3.4425E-013
388.9514,5.2571E-003
388.9583,1.4631E-012
388.9653,2.9791E-002
388.9722,5.8414E-002
388.9792,2.8689E-012
388.9861,2.9208E-003
388.9931,1.9127E-013
389.0000,2.6872E-002
389.0069,1.7525E-002
389.0139,4.6735E-003
389.0208,9.9313E-003
389.0278,1.7351E-001
389.0347,8.9384E-002
389.0417,6.5433E-002
389.0486,2.4538E-002
389.0556,8.0040E-002
389.0625,5.8424E-004
389.0694,7.3615E-002
389.0764,1.0400E-001
389.0833,1.6593E-001
389.0903,1.0225E-001
389.0972,5.8428E-003
389.1042,7.5957E-003
389.1111,3.8563E-002
389.1181,1.1686E-003
389.1250,9.9333E-003
389.1319,0.0000E+000
389.1389,0.0000E+000
389.1458,6.3136E-013
389.1528,1.2855E-002
389.1597,0.0000E+000
389.1667,0.0000E+000
389.1736,9.9342E-003
389.1806,6.5053E-013
389.1875,3.6816E-002
389.1944,1.7532E-002
389.2014,9.3503E-003
389.2083,3.5064E-003
389.2153,1.1481E-013
389.2222,1.1104E-002
389.2292,3.5065E-003
389.2361,0.0000E+000
389.2431,0.0000E+000
389.2500,0.0000E+000
389.2569,0.0000E+000
389.2639,0.0000E+000
389.2708,0.0000E+000
389.2778,0.0000E+000
389.2847,6.1955E-002
389.2917,4.7928E-002
389.2986,1.2859E-002
389.3056,5.8451E-004
389.3125,0.0000E+000
389.3194,0.0000E+000
389.3264,0.0000E+000
389.3333,0.0000E+000
389.3403,0.0000E+000
389.3472,1.7800E-012
389.3542,5.4364E-002
389.3611,1.2574E+000
389.3681,2.6779E+000
389.3750,3.9606E+000
389.3819,5.6121E+000
389.3889,6.9567E+000
389.3958,4.3366E+000
389.4028,4.4729E+000
389.4097,7.7632E+000
389.4167,1.3944E+001
389.4236,2.0770E+001
389.4306,3.1287E+001
389.4375,2.5703E+001
389.4444,2.4464E+001
389.4514,2.7523E+001
389.4583,4.5155E+001
389.4653,7.2769E+001
389.4722,5.5043E+001
389.4792,3.4804E+001
389.4861,4.8970E+001
389.4931,1.3580E+002
389.5000,9.0231E+001
389.5069,6.7000E+001
389.5139,5.3591E+001
389.5208,5.7459E+001
389.5278,5.4955E+001
389.5347,5.6577E+001
389.5417,7.1945E+001
389.5486,7.8765E+001
389.5556,8.2505E+001
389.5625,8.6086E+001
389.5694,9.7393E+001
389.5764,7.9059E+001
389.5833,5.7219E+001
389.5903,5.1666E+001
389.5972,5.1677E+001
389.6042,3.6467E+001
389.6111,3.1562E+001
389.6181,3.4584E+001
389.6250,3.6800E+001
389.6319,4.2738E+001
389.6389,2.6865E+001
389.6458,4.0405E+001
389.6528,2.9399E+001
389.6597,2.4697E+001
389.6667,2.4715E+001
389.6736,2.9950E+001
389.6806,2.2785E+001
389.6875,1.4055E+001
389.6944,7.3637E+000
389.7014,3.2382E+000
389.7083,7.5049E-001
389.7153,2.4573E-011
389.7222,0.0000E+000
389.7292,0.0000E+000
389.7361,0.0000E+000
389.7431,0.0000E+000
389.7500,0.0000E+000
389.7569,0.0000E+000
389.7639,0.0000E+000
389.7708,0.0000E+000
389.7778,0.0000E+000
389.7847,0.0000E+000
389.7917,0.0000E+000
389.7986,0.0000E+000
389.8056,0.0000E+000
389.8125,0.0000E+000
389.8194,0.0000E+000
389.8264,0.0000E+000
389.8333,0.0000E+000
389.8403,0.0000E+000
389.8472,0.0000E+000
389.8542,0.0000E+000
389.8611,0.0000E+000
389.8681,0.0000E+000
389.8750,0.0000E+000
389.8819,0.0000E+000
389.8889,0.0000E+000
389.8958,0.0000E+000
389.9028,0.0000E+000
389.9097,0.0000E+000
389.9167,0.0000E+000
389.9236,0.0000E+000
389.9306,0.0000E+000
389.9375,0.0000E+000
389.9444,0.0000E+000
389.9514,0.0000E+000
389.9583,0.0000E+000
389.9653,0.0000E+000
389.9722,0.0000E+000
389.9792,0.0000E+000
389.9861,0.0000E+000
389.9931,0.0000E+000
390.0000,0.0000E+000
390.0069,0.0000E+000
390.0139,0.0000E+000
390.0208,0.0000E+000
390.0278,0.0000E+000
390.0347,0.0000E+000
390.0417,0.0000E+000
390.0486,0.0000E+000
390.0556,0.0000E+000
390.0625,0.0000E+000
390.0694,0.0000E+000
390.0764,0.0000E+000
390.0833,0.0000E+000
390.0903,0.0000E+000
390.0972,0.0000E+000
390.1042,0.0000E+000
390.1111,0.0000E+000
390.1181,0.0000E+000
390.1250,0.0000E+000
390.1319,0.0000E+000
390.1389,0.0000E+000
390.1458,0.0000E+000
390.1528,0.0000E+000
390.1597,5.7506E-014
390.1667,1.7564E-003
390.1736,0.0000E+000
390.1806,0.0000E+000
390.1875,0.0000E+000
390.1944,0.0000E+000
390.2014,0.0000E+000
390.2083,0.0000E+000
390.2153,0.0000E+000
390.2222,0.0000E+000
390.2292,0.0000E+000
390.2361,0.0000E+000
390.2431,0.0000E+000
390.2500,0.0000E+000
390.2569,0.0000E+000
390.2639,0.0000E+000
390.2708,0.0000E+000
390.2778,0.0000E+000
390.2847,0.0000E+000
390.2917,0.0000E+000
390.2986,0.0000E+000
390.3056,0.0000E+000
390.3125,0.0000E+000
390.3194,0.0000E+000
390.3264,0.0000E+000
390.3333,4.4006E-012
390.3403,8.9603E-002
390.3472,5.3119E-001
390.3542,1.1819E+000
390.3611,1.6820E+000
390.3681,2.6273E+000
390.3750,3.4210E+000
390.3819,4.4378E+000
390.3889,6.6974E+000
390.3958,9.1680E+000
390.4028,1.0374E+001
390.4097,1.4325E+001
390.4167,1.9181E+001
390.4236,1.8308E+001
390.4306,1.4982E+001
390.4375,1.1494E+001
390.4444,1.0513E+001
390.4514,1.0046E+001
390.4583,1.0003E+001
390.4653,1.2807E+001
390.4722,2.0148E+001
390.4792,3.5910E+001
390.4861,5.3204E+001
390.4931,7.0273E+001
390.5000,8.6654E+001
390.5069,7.3351E+001
390.5139,6.4312E+001
390.5208,9.4570E+001
390.5278,7.8558E+001
390.5347,6.1636E+001
390.5417,6.5160E+001
390.5486,6.3531E+001
390.5556,5.6438E+001
390.5625,4.1601E+001
390.5694,2.5104E+001
390.5764,4.1890E+001
390.5833,5.4953E+001
390.5903,6.4090E+001
390.5972,6.9999E+001
390.6042,7.2352E+001
390.6111,8.4501E+001
390.6181,8.8304E+001
390.6250,1.0749E+002
390.6319,5.7388E+001
390.6389,2.9013E+001
390.6458,5.1215E+001
390.6528,4.6497E+001
390.6597,2.4500E+001
390.6667,9.1815E+000
390.6736,2.7162E+000
390.6806,8.1398E+000
390.6875,1.0837E+001
390.6944,1.2281E+001
390.7014,9.2248E+000
390.7083,4.2313E+000
390.7153,1.2876E+000
390.7222,4.9757E-001
390.7292,1.7172E-001
390.7361,4.1377E-001
390.7431,6.5583E-001
390.7500,0.0000E+000
390.7569,0.0000E+000
390.7639,0.0000E+000
390.7708,8.0884E-002
390.7778,1.5825E-001
390.7847,1.5298E-001
390.7917,7.5134E-012
390.7986,1.2544E-001
390.8056,3.2766E-001
390.8125,1.2954E-001
390.8194,1.1723E-003
390.8264,4.8066E-002
390.8333,1.2310E-002
390.8403,4.0305E-013
390.8472,0.0000E+000
390.8542,0.0000E+000
390.8611,9.5969E-015
390.8681,5.8622E-004
390.8750,0.0000E+000
390.8819,1.1139E-002
390.8889,1.8235E-013
390.8958,8.6377E-014
390.9028,1.7588E-003
390.9097,2.5722E-012
390.9167,7.8561E-002
390.9236,1.1726E-002
390.9306,2.8142E-002
390.9375,5.9216E-002
390.9444,3.5178E-002
390.9514,1.0554E-002
390.9583,2.8796E-013
390.9653,5.8633E-003
390.9722,4.7994E-013
390.9792,1.4659E-002
390.9861,1.7591E-003
390.9931,4.8668E-002
391.0000,4.2805E-002
391.0069,2.8146E-002
391.0139,1.7005E-002
391.0208,2.4042E-002
391.0278,2.4042E-002
391.0347,5.2776E-003
391.0417,2.5920E-013
391.0486,1.4400E-013
391.0556,8.7964E-003
391.0625,0.0000E+000
391.0694,0.0000E+000
391.0764,0.0000E+000
391.0833,0.0000E+000
391.0903,0.0000E+000
391.0972,0.0000E+000
391.1042,0.0000E+000
391.1111,0.0000E+000
391.1181,0.0000E+000
391.1250,0.0000E+000
391.1319,3.8407E-014
391.1389,5.8652E-004
391.1458,2.9326E-003
391.1528,9.6021E-014
391.1597,0.0000E+000
391.1667,0.0000E+000
391.1736,0.0000E+000
391.1806,0.0000E+000
391.1875,0.0000E+000
391.1944,0.0000E+000
391.2014,0.0000E+000
391.2083,6.4525E-003
391.2153,2.3464E-003
391.2222,2.1127E-013
391.2292,6.4528E-003
391.2361,5.8663E-003
391.2431,4.3997E-002
391.2500,1.1967E-001
391.2569,9.5624E-002
391.2639,6.4532E-003
391.2708,0.0000E+000
391.2778,0.0000E+000
391.2847,0.0000E+000
391.2917,0.0000E+000
391.2986,0.0000E+000
391.3056,0.0000E+000
391.3125,0.0000E+000
391.3194,0.0000E+000
391.3264,0.0000E+000
391.3333,0.0000E+000
391.3403,0.0000E+000
391.3472,2.3470E-003
391.3542,8.8013E-002
391.3611,1.9715E-001
391.3681,6.6188E-001
391.3750,9.8168E-001
391.3819,1.1900E+000
391.3889,1.6166E+000
391.3958,2.7046E+000
391.4028,3.9698E+000
391.4097,7.2660E+000
391.4167,3.6031E+000
391.4236,7.4522E+000
391.4306,1.1710E+001
391.4375,1.1022E+001
391.4444,1.2886E+001
391.4514,1.7098E+001
391.4583,3.3924E+001
391.4653,6.8410E+001
391.4722,4.8545E+001
391.4792,3.0612E+001
391.4861,4.4245E+001
391.4931,4.5131E+001
391.5000,7.9518E+001
391.5069,1.1239E+002
391.5139,8.4049E+001
391.5208,5.8406E+001
391.5278,4.4940E+001
391.5347,6.1135E+001
391.5417,4.6966E+001
391.5486,3.9107E+001
391.5556,6.1736E+001
391.5625,7.9407E+001
391.5694,9.1801E+001
391.5764,9.1893E+001
391.5833,8.8040E+001
391.5903,9.4240E+001
391.5972,8.3536E+001
391.6042,7.5919E+001
391.6111,7.1029E+001
391.6181,5.8328E+001
391.6250,5.8092E+001
391.6319,5.8216E+001
391.6389,4.9183E+001
391.6458,4.9152E+001
391.6528,3.6045E+001
391.6597,2.7912E+001
391.6667,2.3206E+001
391.6736,1.6967E+001
391.6806,1.2705E+001
391.6875,1.0445E+001
391.6944,1.0032E+001
391.7014,4.8897E+000
391.7083,2.3034E+000
391.7153,6.1181E-001
391.7222,2.9358E-003
391.7292,1.4419E-013
391.7361,0.0000E+000
391.7431,0.0000E+000
391.7500,1.3094E-001
391.7569,0.0000E+000
391.7639,0.0000E+000
391.7708,0.0000E+000
391.7778,0.0000E+000
391.7847,0.0000E+000
391.7917,0.0000E+000
391.7986,0.0000E+000
391.8056,0.0000E+000
391.8125,0.0000E+000
391.8194,0.0000E+000
391.8264,0.0000E+000
391.8333,0.0000E+000
391.8403,0.0000E+000
391.8472,0.0000E+000
391.8542,0.0000E+000
391.8611,0.0000E+000
391.8681,0.0000E+000
391.8750,0.0000E+000
391.8819,0.0000E+000
391.8889,0.0000E+000
391.8958,0.0000E+000
391.9028,0.0000E+000
391.9097,0.0000E+000
391.9167,0.0000E+000
391.9236,0.0000E+000
391.9306,0.0000E+000
391.9375,0.0000E+000
391.9444,0.0000E+000
391.9514,0.0000E+000
391.9583,0.0000E+000
391.9653,0.0000E+000
391.9722,0.0000E+000
391.9792,0.0000E+000
391.9861,0.0000E+000
391.9931,0.0000E+000
392.0000,0.0000E+000
392.0069,0.0000E+000
392.0139,0.0000E+000
392.0208,0.0000E+000
392.0278,0.0000E+000
392.0347,0.0000E+000
392.0417,0.0000E+000
392.0486,0.0000E+000
392.0556,0.0000E+000
392.0625,0.0000E+000
392.0694,0.0000E+000
392.0764,0.0000E+000
392.0833,0.0000E+000
392.0903,0.0000E+000
392.0972,2.8203E-002
392.1042,2.2328E-002
392.1111,0.0000E+000
392.1181,0.0000E+000
392.1250,0.0000E+000
392.1319,0.0000E+000
392.1389,0.0000E+000
392.1458,0.0000E+000
392.1528,0.0000E+000
392.1597,0.0000E+000
392.1667,0.0000E+000
392.1736,0.0000E+000
392.1806,0.0000E+000
392.1875,0.0000E+000
392.1944,0.0000E+000
392.2014,0.0000E+000
392.2083,0.0000E+000
392.2153,0.0000E+000
392.2222,0.0000E+000
392.2292,0.0000E+000
392.2361,0.0000E+000
392.2431,0.0000E+000
392.2500,0.0000E+000
392.2569,0.0000E+000
392.2639,0.0000E+000
392.2708,0.0000E+000
392.2778,0.0000E+000
392.2847,0.0000E+000
392.2917,0.0000E+000
392.2986,0.0000E+000
392.3056,0.0000E+000
392.3125,2.3512E-003
392.3194,0.0000E+000
392.3264,0.0000E+000
392.3333,2.3513E-003
392.3403,6.6426E-002
392.3472,2.3925E-001
392.3542,5.2319E-001
392.3611,5.7787E-001
392.3681,7.2954E-001
392.3750,1.0352E+000
392.3819,1.1358E+000
392.3889,1.5691E+000
392.3958,1.8836E+000
392.4028,4.1247E+000
392.4097,7.2354E+000
392.4167,8.5695E+000
392.4236,7.9705E+000
392.4306,1.1409E+001
392.4375,1.2413E+001
392.4444,1.4863E+001
392.4514,1.2397E+001
392.4583,1.5845E+001
392.4653,2.2097E+001
392.4722,2.6997E+001
392.4792,2.3019E+001
392.4861,1.9178E+001
392.4931,2.0957E+001
392.5000,2.3627E+001
392.5069,2.2877E+001
392.5139,2.2781E+001
392.5208,2.8098E+001
392.5278,3.4343E+001
392.5347,4.4488E+001
392.5417,4.6789E+001
392.5486,5.1768E+001
392.5556,2.2095E+001
392.5625,3.2520E+001
392.5694,2.7364E+001
392.5764,2.1926E+001
392.5833,2.2957E+001
392.5903,3.8784E+001
392.5972,3.9430E+001
392.6042,3.1962E+001
392.6111,2.5332E+001
392.6181,1.9806E+001
392.6250,1.8405E+001
392.6319,9.4917E+000
392.6389,1.2058E+001
392.6458,1.1845E+001
392.6528,1.2219E+001
392.6597,8.4264E+000
392.6667,9.1600E+000
392.6736,7.4496E+000
392.6806,4.8521E+000
392.6875,3.5569E+000
392.6944,1.8511E+000
392.7014,1.1547E+000
392.7083,7.2412E-001
392.7153,2.3177E-001
392.7222,1.1765E-002
392.7292,5.7782E-013
392.7361,0.0000E+000
392.7431,0.0000E+000
392.7500,0.0000E+000
392.7569,0.0000E+000
392.7639,0.0000E+000
392.7708,0.0000E+000
392.7778,0.0000E+000
392.7847,0.0000E+000
392.7917,0.0000E+000
392.7986,0.0000E+000
392.8056,0.0000E+000
392.8125,0.0000E+000
392.8194,0.0000E+000
392.8264,0.0000E+000
392.8333,0.0000E+000
392.8403,0.0000E+000
392.8472,0.0000E+000
392.8542,0.0000E+000
392.8611,0.0000E+000
392.8681,0.0000E+000
392.8750,0.0000E+000
392.8819,0.0000E+000
392.8889,0.0000E+000
392.8958,0.0000E+000
392.9028,0.0000E+000
392.9097,0.0000E+000
392.9167,0.0000E+000
392.9236,0.0000E+000
392.9306,0.0000E+000
392.9375,0.0000E+000
392.9444,0.0000E+000
392.9514,0.0000E+000
392.9583,0.0000E+000
392.9653,0.0000E+000
392.9722,0.0000E+000
392.9792,0.0000E+000
392.9861,0.0000E+000
392.9931,0.0000E+000
393.0000,0.0000E+000
393.0069,0.0000E+000
393.0139,0.0000E+000
393.0208,0.0000E+000
393.0278,0.0000E+000
393.0347,0.0000E+000
393.0417,0.0000E+000
393.0486,0.0000E+000
393.0556,0.0000E+000
393.0625,0.0000E+000
393.0694,0.0000E+000
393.0764,0.0000E+000
393.0833,0.0000E+000
393.0903,0.0000E+000
393.0972,0.0000E+000
393.1042,0.0000E+000
393.1111,0.0000E+000
393.1181,0.0000E+000
393.1250,0.0000E+000
393.1319,0.0000E+000
393.1389,0.0000E+000
393.1458,0.0000E+000
393.1528,0.0000E+000
393.1597,0.0000E+000
393.1667,0.0000E+000
393.1736,0.0000E+000
393.1806,0.0000E+000
393.1875,0.0000E+000
393.1944,0.0000E+000
393.2014,0.0000E+000
393.2083,0.0000E+000
393.2153,0.0000E+000
393.2222,0.0000E+000
393.2292,0.0000E+000
393.2361,0.0000E+000
393.2431,0.0000E+000
393.2500,0.0000E+000
393.2569,0.0000E+000
393.2639,0.0000E+000
393.2708,0.0000E+000
393.2778,0.0000E+000
393.2847,0.0000E+000
393.2917,0.0000E+000
393.2986,0.0000E+000
393.3056,0.0000E+000
393.3125,0.0000E+000
393.3194,0.0000E+000
393.3264,0.0000E+000
393.3333,0.0000E+000
393.3403,0.0000E+000
393.3472,8.5985E-002
393.3542,3.7634E-001
393.3611,6.7671E-001
393.3681,9.6001E-001
393.3750,1.2427E+000
393.3819,2.4113E+000
393.3889,3.5822E+000
393.3958,5.6467E+000
393.4028,7.4008E+000
393.4097,4.9765E+000
393.4167,3.0923E+000
393.4236,4.7010E+000
393.4306,6.7356E+000
393.4375,7.4455E+000
393.4444,7.9345E+000
393.4514,1.1584E+001
393.4583,1.5473E+001
393.4653,2.2045E+001
393.4722,2.2158E+001
393.4792,1.4953E+001
393.4861,1.8231E+001
393.4931,1.4336E+001
393.5000,3.3064E+001
393.5069,4.4291E+001
393.5139,2.8498E+001
393.5208,3.2661E+001
393.5278,4.2856E+001
393.5347,3.0839E+001
393.5417,3.0037E+001
393.5486,2.7084E+001
393.5556,3.0258E+001
393.5625,2.0899E+001
393.5694,3.6828E+001
393.5764,3.0013E+001
393.5833,3.2795E+001
393.5903,3.3615E+001
393.5972,2.4927E+001
393.6042,1.9151E+001
393.6111,1.7622E+001
393.6181,1.7281E+001
393.6250,1.3686E+001
393.6319,1.3357E+001
393.6389,1.4205E+001
393.6458,1.0981E+001
393.6528,1.0975E+001
393.6597,8.7644E+000
393.6667,5.8004E+000
393.6736,4.2842E+000
393.6806,6.3227E+000
393.6875,4.6226E+000
393.6944,2.4634E+000
393.7014,1.8157E+000
393.7083,1.7279E+000
393.7153,1.4586E+000
393.7222,4.6912E-001
393.7292,8.0153E-002
393.7361,4.7149E-002
393.7431,4.9507E-002
393.7500,1.0020E-002
393.7569,2.0629E-002
393.7639,4.4205E-002
393.7708,1.0421E-012
393.7778,2.1219E-002
393.7847,1.0610E-002
393.7917,4.1260E-003
393.7986,6.1757E-013
393.8056,3.7724E-002
393.8125,5.1872E-002
393.8194,2.0631E-002
393.8264,1.1789E-002
393.8333,1.4147E-002
393.8403,6.4843E-003
393.8472,2.4759E-002
393.8542,2.1811E-002
393.8611,3.5370E-003
393.8681,2.9476E-002
393.8750,0.0000E+000
393.8819,1.6507E-002
393.8889,2.7023E-013
393.8958,2.5350E-002
393.9028,8.3003E-013
393.9097,3.5373E-003
393.9167,1.7373E-013
393.9236,0.0000E+000
393.9306,0.0000E+000
393.9375,0.0000E+000
393.9444,8.2543E-003
393.9514,1.9457E-002
393.9583,1.0613E-002
393.9653,3.4749E-013
393.9722,0.0000E+000
393.9792,0.0000E+000
393.9861,0.0000E+000
393.9931,0.0000E+000
394.0000,0.0000E+000
394.0069,1.7762E-012
394.0139,2.7125E-002
394.0208,1.0025E-002
394.0278,3.2823E-013
394.0347,0.0000E+000
394.0417,0.0000E+000
394.0486,0.0000E+000
394.0556,0.0000E+000
394.0625,0.0000E+000
394.0694,0.0000E+000
394.0764,0.0000E+000
394.0833,1.1795E-003
394.0903,3.8619E-014
394.0972,0.0000E+000
394.1042,0.0000E+000
394.1111,0.0000E+000
394.1181,0.0000E+000
394.1250,2.2412E-002
394.1319,0.0000E+000
394.1389,0.0000E+000
394.1458,3.5389E-003
394.1528,1.2799E-001
394.1597,3.9519E-002
394.1667,1.1030E-001
394.1736,4.5418E-002
394.1806,6.9013E-002
394.1875,6.7244E-002
394.1944,1.3213E-001
394.2014,1.6870E-001
394.2083,1.7225E-001
394.2153,6.4298E-002
394.2222,1.9467E-002
394.2292,1.4748E-002
394.2361,3.1266E-002
394.2431,1.1327E-001
394.2500,4.1295E-002
394.2569,1.4807E-001
394.2639,1.1799E-003
394.2708,1.3097E-001
394.2778,1.7109E-001
394.2847,0.0000E+000
394.2917,0.0000E+000
394.2986,0.0000E+000
394.3056,0.0000E+000
394.3125,0.0000E+000
394.3194,0.0000E+000
394.3264,0.0000E+000
394.3333,3.9989E-012
394.3403,8.1424E-002
394.3472,6.8798E-001
394.3542,1.1683E+000
394.3611,1.9112E+000
394.3681,2.4547E+000
394.3750,7.1286E+000
394.3819,8.4670E+000
394.3889,1.2063E+001
394.3958,1.5802E+001
394.4028,2.5947E+001
394.4097,2.7582E+001
394.4167,2.1446E+001
394.4236,3.7603E+001
394.4306,4.9243E+001
394.4375,4.3526E+001
394.4444,3.4377E+001
394.4514,4.5646E+001
394.4583,2.4535E+001
394.4653,3.1533E+001
394.4722,3.8112E+001
394.4792,4.8663E+001
394.4861,3.7774E+001
394.4931,5.0594E+001
394.5000,2.9658E+001
394.5069,2.8489E+001
394.5139,5.0274E+001
394.5208,4.2389E+001
394.5278,9.7651E+001
394.5347,9.7753E+001
394.5417,1.4002E+002
394.5486,1.0367E+002
394.5556,1.3559E+002
394.5625,6.4170E+001
394.5694,6.2730E+001
394.5764,4.7796E+001
394.5833,4.4120E+001
394.5903,4.6465E+001
394.5972,2.1051E+001
394.6042,2.6369E+001
394.6111,5.9517E+000
394.6181,1.5348E+001
394.6250,2.2551E+001
394.6319,3.5133E+001
394.6389,5.6969E+001
394.6458,2.7132E+001
394.6528,7.3224E+000
394.6597,1.1067E+001
394.6667,1.4105E+001
394.6736,1.2124E+001
394.6806,1.5764E+001
394.6875,2.2760E+001
394.6944,1.6871E+001
394.7014,1.2529E+001
394.7083,2.6091E+000
394.7153,7.0971E-001
394.7222,9.9786E-002
394.7292,4.9008E-012
394.7361,0.0000E+000
394.7431,0.0000E+000
394.7500,1.3581E-002
394.7569,2.3619E-003
394.7639,3.8668E-014
394.7708,0.0000E+000
394.7778,0.0000E+000
394.7847,0.0000E+000
394.7917,0.0000E+000
394.7986,1.9335E-014
394.8056,1.1811E-003
394.8125,0.0000E+000
394.8194,0.0000E+000
394.8264,0.0000E+000
394.8333,0.0000E+000
394.8403,0.0000E+000
394.8472,0.0000E+000
394.8542,0.0000E+000
394.8611,0.0000E+000
394.8681,0.0000E+000
394.8750,0.0000E+000
394.8819,0.0000E+000
394.8889,0.0000E+000
394.8958,0.0000E+000
394.9028,0.0000E+000
394.9097,0.0000E+000
394.9167,0.0000E+000
394.9236,0.0000E+000
394.9306,0.0000E+000
394.9375,0.0000E+000
394.9444,0.0000E+000
394.9514,0.0000E+000
394.9583,0.0000E+000
394.9653,0.0000E+000
394.9722,0.0000E+000
394.9792,0.0000E+000
394.9861,0.0000E+000
394.9931,0.0000E+000
395.0000,0.0000E+000
395.0069,0.0000E+000
395.0139,0.0000E+000
395.0208,0.0000E+000
395.0278,0.0000E+000
395.0347,0.0000E+000
395.0417,0.0000E+000
395.0486,8.8621E-003
395.0556,5.8033E-013
395.0625,0.0000E+000
395.0694,0.0000E+000
395.0764,0.0000E+000
395.0833,8.7054E-013
395.0903,1.7726E-002
395.0972,0.0000E+000
395.1042,0.0000E+000
395.1111,0.0000E+000
395.1181,0.0000E+000
395.1250,0.0000E+000
395.1319,2.9545E-003
395.1389,4.8368E-014
395.1458,5.9682E-002
395.1528,5.9092E-003
395.1597,3.1319E-002
395.1667,6.4412E-002
395.1736,7.8362E-013
395.1806,4.7867E-002
395.1875,0.0000E+000
395.1944,5.0308E-013
395.2014,7.6827E-003
395.2083,0.0000E+000
395.2153,0.0000E+000
395.2222,0.0000E+000
395.2292,0.0000E+000
395.2361,0.0000E+000
395.2431,0.0000E+000
395.2500,0.0000E+000
395.2569,0.0000E+000
395.2639,0.0000E+000
395.2708,0.0000E+000
395.2778,0.0000E+000
395.2847,0.0000E+000
395.2917,0.0000E+000
395.2986,0.0000E+000
395.3056,0.0000E+000
395.3125,0.0000E+000
395.3194,0.0000E+000
395.3264,0.0000E+000
395.3333,2.1483E-012
395.3403,4.3743E-002
395.3472,9.0444E-001
395.3542,2.0034E+000
395.3611,2.6738E+000
395.3681,3.6599E+000
395.3750,4.7145E+000
395.3819,1.0080E+001
395.3889,1.7734E+001
395.3958,1.7643E+001
395.4028,2.1385E+001
395.4097,2.0834E+001
395.4167,2.3453E+001
395.4236,3.8436E+001
395.4306,3.3467E+001
395.4375,2.4030E+001
395.4444,2.5196E+001
395.4514,3.1879E+001
395.4583,3.1971E+001
395.4653,2.1539E+001
395.4722,2.6228E+001
395.4792,3.0610E+001
395.4861,3.7865E+001
395.4931,3.8620E+001
395.5000,3.8791E+001
395.5069,4.1492E+001
395.5139,4.4606E+001
395.5208,4.6122E+001
395.5278,3.7134E+001
395.5347,3.0028E+001
395.5417,3.2578E+001
395.5486,5.0673E+001
395.5556,4.3468E+001
395.5625,3.7342E+001
395.5694,3.5805E+001
395.5764,3.0533E+001
395.5833,2.5467E+001
395.5903,2.7128E+001
395.5972,1.6889E+001
395.6042,1.4857E+001
395.6111,1.5609E+001
395.6181,1.6669E+001
395.6250,1.6496E+001
395.6319,1.1767E+001
395.6389,1.1020E+001
395.6458,1.4601E+001
395.6528,1.8085E+001
395.6597,1.5762E+001
395.6667,1.2638E+001
395.6736,1.2635E+001
395.6806,1.0618E+001
395.6875,8.6230E+000
395.6944,7.5152E+000
395.7014,4.5074E+000
395.7083,1.9112E+000
395.7153,7.2641E-001
395.7222,3.1943E-001
395.7292,5.0282E-002
395.7361,0.0000E+000
395.7431,0.0000E+000
395.7500,2.6621E-002
395.7569,0.0000E+000
395.7639,0.0000E+000
395.7708,8.2232E-002
395.7778,9.9390E-002
395.7847,1.5086E-001
395.7917,6.9811E-002
395.7986,2.9759E-001
395.8056,1.6507E-001
395.8125,6.5673E-002
395.8194,3.0995E-013
395.8264,4.7333E-003
395.8333,6.0942E-002
395.8403,5.6209E-002
395.8472,2.1301E-002
395.8542,2.7809E-002
395.8611,2.4260E-002
395.8681,1.5886E-012
395.8750,0.0000E+000
395.8819,0.0000E+000
395.8889,0.0000E+000
395.8958,1.1835E-002
395.9028,8.8762E-003
395.9097,0.0000E+000
395.9167,0.0000E+000
395.9236,2.4219E-013
395.9306,1.4794E-002
395.9375,5.3852E-002
395.9444,3.4324E-002
395.9514,5.9180E-003
395.9583,8.2853E-003
395.9653,7.1017E-003
395.9722,1.4795E-002
395.9792,1.1837E-002
395.9861,2.9067E-014
395.9931,1.7755E-003
396.0000,0.0000E+000
396.0069,0.0000E+000
396.0139,0.0000E+000
396.0208,0.0000E+000
396.0278,0.0000E+000
396.0347,1.9767E-012
396.0417,6.0373E-002
396.0486,2.8101E-013
396.0556,1.7165E-002
396.0625,0.0000E+000
396.0694,4.6514E-013
396.0764,7.1032E-003
396.0833,0.0000E+000
396.0903,0.0000E+000
396.0972,0.0000E+000
396.1042,0.0000E+000
396.1111,0.0000E+000
396.1181,0.0000E+000
396.1250,0.0000E+000
396.1319,0.0000E+000
396.1389,0.0000E+000
396.1458,0.0000E+000
396.1528,0.0000E+000
396.1597,0.0000E+000
396.1667,0.0000E+000
396.1736,0.0000E+000
396.1806,0.0000E+000
396.1875,0.0000E+000
396.1944,0.0000E+000
396.2014,0.0000E+000
396.2083,0.0000E+000
396.2153,0.0000E+000
396.2222,0.0000E+000
396.2292,0.0000E+000
396.2361,0.0000E+000
396.2431,0.0000E+000
396.2500,0.0000E+000
396.2569,0.0000E+000
396.2639,0.0000E+000
396.2708,0.0000E+000
396.2778,0.0000E+000
396.2847,0.0000E+000
396.2917,0.0000E+000
396.2986,9.6945E-015
396.3056,5.9219E-004
396.3125,0.0000E+000
396.3194,0.0000E+000
396.3264,0.0000E+000
396.3333,1.7766E-002
396.3403,4.0153E-001
396.3472,1.8578E+000
396.3542,1.9976E+000
396.3611,3.0767E+000
396.3681,5.3001E+000
396.3750,6.5557E+000
396.3819,9.2536E+000
396.3889,1.1543E+001
396.3958,9.9468E+000
396.4028,1.3788E+001
396.4097,1.7003E+001
396.4167,2.3480E+001
396.4236,1.7050E+001
396.4306,2.8647E+001
396.4375,4.5281E+001
396.4444,4.0531E+001
396.4514,3.2832E+001
396.4583,3.1968E+001
396.4653,2.3986E+001
396.4722,3.5476E+001
396.4792,4.8293E+001
396.4861,3.3728E+001
396.4931,3.5455E+001
396.5000,3.7845E+001
396.5069,3.8476E+001
396.5139,3.6815E+001
396.5208,3.7325E+001
396.5278,4.0246E+001
396.5347,4.2052E+001
396.5417,3.6402E+001
396.5486,3.3330E+001
396.5556,2.7583E+001
396.5625,1.9523E+001
396.5694,1.7180E+001
396.5764,1.9189E+001
396.5833,2.3471E+001
396.5903,1.9574E+001
396.5972,2.3015E+001
396.6042,3.0738E+001
396.6111,2.1710E+001
396.6181,2.0174E+001
396.6250,1.5044E+001
396.6319,1.4555E+001
396.6389,8.8580E+000
396.6458,7.9124E+000
396.6528,9.1593E+000
396.6597,8.0306E+000
396.6667,5.4073E+000
396.6736,4.9801E+000
396.6806,5.5586E+000
396.6875,4.7681E+000
396.6944,3.4597E+000
396.7014,2.1411E+000
396.7083,1.4644E+000
396.7153,8.1902E-001
396.7222,4.3381E-001
396.7292,1.0964E-001
396.7361,1.8372E-002
396.7431,1.0075E-002
396.7500,6.5194E-003
396.7569,0.0000E+000
396.7639,0.0000E+000
396.7708,0.0000E+000
396.7778,0.0000E+000
396.7847,0.0000E+000
396.7917,0.0000E+000
396.7986,0.0000E+000
396.8056,0.0000E+000
396.8125,0.0000E+000
396.8194,0.0000E+000
396.8264,0.0000E+000
396.8333,0.0000E+000
396.8403,0.0000E+000
396.8472,0.0000E+000
396.8542,0.0000E+000
396.8611,0.0000E+000
396.8681,0.0000E+000
396.8750,0.0000E+000
396.8819,1.9410E-013
396.8889,2.9641E-003
396.8958,9.4853E-003
396.9028,3.1057E-013
396.9097,3.8822E-014
396.9167,1.1857E-003
396.9236,3.2999E-013
396.9306,2.0158E-002
396.9375,1.6008E-002
396.9444,7.1146E-003
396.9514,2.0751E-002
396.9583,0.0000E+000
396.9653,0.0000E+000
396.9722,0.0000E+000
396.9792,0.0000E+000
396.9861,0.0000E+000
396.9931,0.0000E+000
397.0000,0.0000E+000
397.0069,0.0000E+000
397.0139,0.0000E+000
397.0208,0.0000E+000
397.0278,0.0000E+000
397.0347,0.0000E+000
397.0417,0.0000E+000
397.0486,0.0000E+000
397.0556,0.0000E+000
397.0625,0.0000E+000
397.0694,0.0000E+000
397.0764,0.0000E+000
397.0833,0.0000E+000
397.0903,0.0000E+000
397.0972,0.0000E+000
397.1042,0.0000E+000
397.1111,0.0000E+000
397.1181,0.0000E+000
397.1250,0.0000E+000
397.1319,0.0000E+000
397.1389,0.0000E+000
397.1458,0.0000E+000
397.1528,0.0000E+000
397.1597,0.0000E+000
397.1667,0.0000E+000
397.1736,0.0000E+000
397.1806,0.0000E+000
397.1875,0.0000E+000
397.1944,0.0000E+000
397.2014,0.0000E+000
397.2083,0.0000E+000
397.2153,0.0000E+000
397.2222,0.0000E+000
397.2292,0.0000E+000
397.2361,0.0000E+000
397.2431,0.0000E+000
397.2500,0.0000E+000
397.2569,0.0000E+000
397.2639,0.0000E+000
397.2708,0.0000E+000
397.2778,0.0000E+000
397.2847,0.0000E+000
397.2917,0.0000E+000
397.2986,0.0000E+000
397.3056,0.0000E+000
397.3125,0.0000E+000
397.3194,0.0000E+000
397.3264,0.0000E+000
397.3333,4.7377E-003
397.3403,7.6397E-002
397.3472,5.6203E-001
397.3542,1.5641E+000
397.3611,2.6396E+000
397.3681,3.1318E+000
397.3750,4.9371E+000
397.3819,5.7367E+000
397.3889,8.5069E+000
397.3958,1.0955E+001
397.4028,1.2889E+001
397.4097,1.3725E+001
397.4167,2.1236E+001
397.4236,2.2165E+001
397.4306,2.0148E+001
397.4375,2.6897E+001
397.4444,4.4422E+001
397.4514,4.9412E+001
397.4583,3.4644E+001
397.4653,2.0276E+001
397.4722,2.1517E+001
397.4792,2.8576E+001
397.4861,3.3073E+001
397.4931,5.1425E+001
397.5000,5.0446E+001
397.5069,5.0962E+001
397.5139,4.0011E+001
397.5208,4.2525E+001
397.5278,6.1419E+001
397.5347,7.9058E+001
397.5417,7.0831E+001
397.5486,5.0810E+001
397.5556,5.7626E+001
397.5625,5.5514E+001
397.5694,5.1183E+001
397.5764,6.1765E+001
397.5833,5.8432E+001
397.5903,5.5100E+001
397.5972,4.9234E+001
397.6042,4.3172E+001
397.6111,2.5443E+001
397.6181,3.0511E+001
397.6250,1.9980E+001
397.6319,3.0346E+001
397.6389,2.7881E+001
397.6458,1.9553E+001
397.6528,2.6524E+001
397.6597,3.9122E+001
397.6667,2.8780E+001
397.6736,1.5918E+001
397.6806,9.4507E+000
397.6875,1.0749E+001
397.6944,7.1422E+000
397.7014,1.6030E+000
397.7083,9.5531E-001
397.7153,3.8284E-001
397.7222,0.0000E+000
397.7292,0.0000E+000
397.7361,0.0000E+000
397.7431,0.0000E+000
397.7500,0.0000E+000
397.7569,0.0000E+000
397.7639,0.0000E+000
397.7708,0.0000E+000
397.7778,0.0000E+000
397.7847,0.0000E+000
397.7917,0.0000E+000
397.7986,0.0000E+000
397.8056,0.0000E+000
397.8125,0.0000E+000
397.8194,0.0000E+000
397.8264,0.0000E+000
397.8333,0.0000E+000
397.8403,0.0000E+000
397.8472,0.0000E+000
397.8542,0.0000E+000
397.8611,0.0000E+000
397.8681,0.0000E+000
397.8750,0.0000E+000
397.8819,0.0000E+000
397.8889,0.0000E+000
397.8958,0.0000E+000
397.9028,0.0000E+000
397.9097,0.0000E+000
397.9167,0.0000E+000
397.9236,0.0000E+000
397.9306,0.0000E+000
397.9375,0.0000E+000
397.9444,0.0000E+000
397.9514,0.0000E+000
397.9583,0.0000E+000
397.9653,0.0000E+000
397.9722,0.0000E+000
397.9792,0.0000E+000
397.9861,0.0000E+000
397.9931,0.0000E+000
398.0000,0.0000E+000
398.0069,0.0000E+000
398.0139,0.0000E+000
398.0208,0.0000E+000
398.0278,0.0000E+000
398.0347,0.0000E+000
398.0417,0.0000E+000
398.0486,0.0000E+000
398.0556,0.0000E+000
398.0625,0.0000E+000
398.0694,6.5233E-003
398.0764,1.1268E-002
398.0833,0.0000E+000
398.0903,0.0000E+000
398.0972,9.7088E-014
398.1042,2.9653E-003
398.1111,4.1515E-003
398.1181,2.7186E-013
398.1250,0.0000E+000
398.1319,0.0000E+000
398.1389,0.0000E+000
398.1458,0.0000E+000
398.1528,0.0000E+000
398.1597,0.0000E+000
398.1667,0.0000E+000
398.1736,0.0000E+000
398.1806,0.0000E+000
398.1875,0.0000E+000
398.1944,0.0000E+000
398.2014,0.0000E+000
398.2083,0.0000E+000
398.2153,0.0000E+000
398.2222,0.0000E+000
398.2292,0.0000E+000
398.2361,0.0000E+000
398.2431,0.0000E+000
398.2500,0.0000E+000
398.2569,0.0000E+000
398.2639,0.0000E+000
398.2708,0.0000E+000
398.2778,0.0000E+000
398.2847,0.0000E+000
398.2917,0.0000E+000
398.2986,0.0000E+000
398.3056,0.0000E+000
398.3125,0.0000E+000
398.3194,0.0000E+000
398.3264,0.0000E+000
398.3333,1.0561E-001
398.3403,9.8313E-001
398.3472,1.5266E+000
398.3542,1.9432E+000
398.3611,3.9339E+000
398.3681,5.5923E+000
398.3750,7.6211E+000
398.3819,1.3212E+001
398.3889,1.2227E+001
398.3958,8.5221E+000
398.4028,9.9577E+000
398.4097,1.8377E+001
398.4167,3.1357E+001
398.4236,1.8921E+001
398.4306,2.2057E+001
398.4375,2.0752E+001
398.4444,2.3516E+001
398.4514,1.7425E+001
398.4583,1.9939E+001
398.4653,2.2198E+001
398.4722,2.1914E+001
398.4792,2.1091E+001
398.4861,2.9143E+001
398.4931,2.5648E+001
398.5000,2.2692E+001
398.5069,2.8799E+001
398.5139,2.7208E+001
398.5208,3.1826E+001
398.5278,3.3805E+001
398.5347,3.8126E+001
398.5417,3.7455E+001
398.5486,3.7131E+001
398.5556,3.8233E+001
398.5625,4.6766E+001
398.5694,3.3492E+001
398.5764,3.6312E+001
398.5833,5.3880E+001
398.5903,4.8576E+001
398.5972,3.5250E+001
398.6042,3.4808E+001
398.6111,4.5784E+001
398.6181,2.5129E+001
398.6250,1.6623E+001
398.6319,1.4368E+001
398.6389,1.9396E+001
398.6458,2.5954E+001
398.6528,3.3928E+001
398.6597,4.3803E+001
398.6667,3.9315E+001
398.6736,2.4755E+001
398.6806,2.2001E+001
398.6875,1.2290E+001
398.6944,1.5081E+001
398.7014,8.0935E+000
398.7083,2.2508E+000
398.7153,8.3835E-001
398.7222,7.5999E-002
398.7292,2.7906E-002
398.7361,5.3438E-002
398.7431,4.9282E-002
398.7500,0.0000E+000
398.7569,2.1376E-002
398.7639,3.4995E-013
398.7708,0.0000E+000
398.7778,0.0000E+000
398.7847,5.9381E-004
398.7917,2.9164E-014
398.7986,0.0000E+000
398.8056,0.0000E+000
398.8125,0.0000E+000
398.8194,0.0000E+000
398.8264,0.0000E+000
398.8333,4.1570E-003
398.8403,1.3611E-013
398.8472,0.0000E+000
398.8542,0.0000E+000
398.8611,0.0000E+000
398.8681,0.0000E+000
398.8750,0.0000E+000
398.8819,5.0559E-013
398.8889,7.7210E-003
398.8958,1.6043E-012
398.9028,3.2667E-002
398.9097,1.8412E-002
398.9167,9.0429E-013
398.9236,2.0789E-002
398.9306,2.8510E-002
398.9375,5.9397E-004
398.9444,0.0000E+000
398.9514,0.0000E+000
398.9583,0.0000E+000
398.9653,0.0000E+000
398.9722,2.5284E-013
398.9792,7.7223E-003
398.9861,0.0000E+000
398.9931,0.0000E+000
399.0000,0.0000E+000
399.0069,0.0000E+000
399.0139,0.0000E+000
399.0208,0.0000E+000
399.0278,0.0000E+000
399.0347,0.0000E+000
399.0417,0.0000E+000
399.0486,0.0000E+000
399.0556,0.0000E+000
399.0625,0.0000E+000
399.0694,0.0000E+000
399.0764,0.0000E+000
399.0833,0.0000E+000
399.0903,0.0000E+000
399.0972,0.0000E+000
399.1042,0.0000E+000
399.1111,4.8635E-014
399.1181,2.9709E-003
399.1250,8.9127E-003
399.1319,0.0000E+000
399.1389,0.0000E+000
399.1458,0.0000E+000
399.1528,0.0000E+000
399.1597,2.9184E-013
399.1667,8.9134E-003
399.1736,0.0000E+000
399.1806,0.0000E+000
399.1875,0.0000E+000
399.1944,3.1131E-013
399.2014,4.7541E-003
399.2083,0.0000E+000
399.2153,0.0000E+000
399.2222,0.0000E+000
399.2292,0.0000E+000
399.2361,0.0000E+000
399.2431,0.0000E+000
399.2500,0.0000E+000
399.2569,0.0000E+000
399.2639,0.0000E+000
399.2708,0.0000E+000
399.2778,0.0000E+000
399.2847,0.0000E+000
399.2917,0.0000E+000
399.2986,0.0000E+000
399.3056,0.0000E+000
399.3125,0.0000E+000
399.3194,4.2815E-013
399.3264,6.5384E-003
399.3333,1.7516E-013
399.3403,3.5665E-003
399.3472,4.7554E-003
399.3542,7.2164E-001
399.3611,2.9978E+000
399.3681,1.0724E+000
399.3750,2.6649E+000
399.3819,5.6831E-001
399.3889,3.0859E+000
399.3958,5.7504E+000
399.4028,1.2790E+001
399.4097,2.1494E+001
399.4167,1.4731E+001
399.4236,1.2703E+001
399.4306,2.5680E+001
399.4375,1.9974E+001
399.4444,1.6782E+001
399.4514,1.8866E+001
399.4583,1.6913E+001
399.4653,1.7837E+001
399.4722,1.1216E+001
399.4792,5.7608E+000
399.4861,3.3808E+000
399.4931,5.0528E+000
399.5000,1.1057E+001
399.5069,1.3672E+001
399.5139,1.4545E+001
399.5208,2.0097E+001
399.5278,2.1780E+001
399.5347,2.0288E+001
399.5417,1.9009E+001
399.5486,2.1488E+001
399.5556,1.9587E+001
399.5625,1.9714E+001
399.5694,2.7111E+001
399.5764,2.5501E+001
399.5833,4.1749E+001
399.5903,2.2493E+001
399.5972,3.7365E+001
399.6042,4.8800E+001
399.6111,3.2710E+001
399.6181,6.5933E+001
399.6250,3.5464E+001
399.6319,2.9624E+001
399.6389,4.1256E+001
399.6458,3.5271E+001
399.6528,3.2179E+001
399.6597,2.7259E+001
399.6667,2.7631E+001
399.6736,2.1544E+001
399.6806,3.4196E+001
399.6875,1.0682E+001
399.6944,1.3199E+001
399.7014,7.8069E+000
399.7083,5.5503E+000
399.7153,2.7981E+000
399.7222,2.1783E+000
399.7292,6.3767E-001
399.7361,8.3874E-002
399.7431,5.4924E-012
399.7500,0.0000E+000
399.7569,1.9088E-012
399.7639,2.9149E-002
399.7708,0.0000E+000
399.7778,0.0000E+000
399.7847,0.0000E+000
399.7917,0.0000E+000
399.7986,3.6350E-001
399.8056,1.0221E+000
399.8125,3.6113E-001
399.8194,1.0768E-001
399.8264,2.5166E-001
399.8333,4.1112E-001
399.8403,3.9327E-001
399.8472,6.2710E-001
399.8542,6.3722E-001
399.8611,2.9511E-001
399.8681,3.0404E-001
399.8750,2.0052E-001
399.8819,4.5816E-002
399.8889,7.5006E-013
399.8958,9.5204E-003
399.9028,3.1172E-013
399.9097,0.0000E+000
399.9167,0.0000E+000
399.9236,0.0000E+000
399.9306,0.0000E+000
399.9375,0.0000E+000
399.9444,1.6367E-012
399.9514,2.4994E-002
399.9583,1.1902E-002
399.9653,1.7853E-003
399.9722,1.0117E-002
399.9792,2.6185E-002
399.9861,1.5057E-001
399.9931,3.6303E-002
400.0000,1.1308E-001
400.0069,9.3438E-002
400.0139,1.5297E-012
400.0208,5.5945E-002
400.0278,3.5710E-003
400.0347,5.9518E-003
400.0417,1.2499E-002
400.0486,1.3451E-001
400.0556,4.5235E-002
400.0625,0.0000E+000
400.0694,0.0000E+000
400.0764,0.0000E+000
400.0833,0.0000E+000
400.0903,0.0000E+000
400.0972,0.0000E+000
400.1042,0.0000E+000
400.1111,0.0000E+000
400.1181,0.0000E+000
400.1250,0.0000E+000
400.1319,0.0000E+000
400.1389,0.0000E+000
400.1458,5.5550E-013
400.1528,1.1311E-002
400.1597,1.4883E-001
400.1667,7.3095E-012
400.1736,0.0000E+000
400.1806,0.0000E+000
400.1875,0.0000E+000
400.1944,0.0000E+000
400.2014,0.0000E+000
400.2083,0.0000E+000
400.2153,0.0000E+000
400.2222,0.0000E+000
400.2292,0.0000E+000
400.2361,0.0000E+000
400.2431,0.0000E+000
400.2500,0.0000E+000
400.2569,0.0000E+000
400.2639,0.0000E+000
400.2708,0.0000E+000
400.2778,0.0000E+000
400.2847,0.0000E+000
400.2917,0.0000E+000
400.2986,0.0000E+000
400.3056,0.0000E+000
400.3125,0.0000E+000
400.3194,0.0000E+000
400.3264,0.0000E+000
400.3333,4.0852E-001
400.3403,3.3641E+000
400.3472,5.3478E+000
400.3542,6.8009E+000
400.3611,1.3074E+001
400.3681,1.0585E+001
400.3750,8.2990E+000
400.3819,9.8631E+000
400.3889,1.6693E+001
400.3958,2.6100E+001
400.4028,2.4843E+001
400.4097,2.6048E+001
400.4167,5.0401E+001
400.4236,5.3838E+001
400.4306,3.9827E+001
400.4375,5.5078E+001
400.4444,4.6525E+001
400.4514,5.3730E+001
400.4583,5.6267E+001
400.4653,7.1920E+001
400.4722,1.9169E+002
400.4792,1.7368E+002
400.4861,1.8621E+002
400.4931,2.2037E+002
400.5000,2.2194E+002
400.5069,2.3261E+002
400.5139,1.8910E+002
400.5208,1.6645E+002
400.5278,1.3564E+002
400.5347,1.3459E+002
400.5417,1.3968E+002
400.5486,1.5307E+002
400.5556,1.3206E+002
400.5625,1.2306E+002
400.5694,1.0783E+002
400.5764,9.0135E+001
400.5833,9.0445E+001
400.5903,8.9934E+001
400.5972,8.4567E+001
400.6042,7.3839E+001
400.6111,6.8904E+001
400.6181,5.8608E+001
400.6250,5.6092E+001
400.6319,5.0034E+001
400.6389,4.5588E+001
400.6458,4.0413E+001
400.6528,2.9771E+001
400.6597,2.6888E+001
400.6667,1.6594E+001
400.6736,1.5439E+001
400.6806,1.6200E+001
400.6875,1.1043E+001
400.6944,8.6066E+000
400.7014,5.1457E+000
400.7083,3.5380E+000
400.7153,2.2460E+000
400.7222,1.1919E-002
400.7292,5.8536E-013
400.7361,0.0000E+000
400.7431,0.0000E+000
400.7500,0.0000E+000
400.7569,0.0000E+000
400.7639,0.0000E+000
400.7708,0.0000E+000
400.7778,0.0000E+000
400.7847,0.0000E+000
400.7917,0.0000E+000
400.7986,0.0000E+000
400.8056,0.0000E+000
400.8125,0.0000E+000
400.8194,0.0000E+000
400.8264,0.0000E+000
400.8333,0.0000E+000
400.8403,0.0000E+000
400.8472,0.0000E+000
400.8542,0.0000E+000
400.8611,0.0000E+000
400.8681,0.0000E+000
400.8750,0.0000E+000
400.8819,0.0000E+000
400.8889,0.0000E+000
400.8958,0.0000E+000
400.9028,0.0000E+000
400.9097,0.0000E+000
400.9167,0.0000E+000
400.9236,0.0000E+000
400.9306,0.0000E+000
400.9375,0.0000E+000
400.9444,0.0000E+000
400.9514,0.0000E+000
400.9583,0.0000E+000
400.9653,0.0000E+000
400.9722,0.0000E+000
400.9792,0.0000E+000
400.9861,0.0000E+000
400.9931,0.0000E+000
401.0000,0.0000E+000
401.0069,0.0000E+000
401.0139,0.0000E+000
401.0208,0.0000E+000
401.0278,0.0000E+000
401.0347,0.0000E+000
401.0417,0.0000E+000
401.0486,0.0000E+000
401.0556,0.0000E+000
401.0625,0.0000E+000
401.0694,0.0000E+000
401.0764,0.0000E+000
401.0833,0.0000E+000
401.0903,0.0000E+000
401.0972,0.0000E+000
401.1042,0.0000E+000
401.1111,0.0000E+000
401.1181,0.0000E+000
401.1250,0.0000E+000
401.1319,0.0000E+000
401.1389,0.0000E+000
401.1458,0.0000E+000
401.1528,0.0000E+000
401.1597,0.0000E+000
401.1667,0.0000E+000
401.1736,0.0000E+000
401.1806,0.0000E+000
401.1875,0.0000E+000
401.1944,0.0000E+000
401.2014,0.0000E+000
401.2083,0.0000E+000
401.2153,0.0000E+000
401.2222,0.0000E+000
401.2292,0.0000E+000
401.2361,0.0000E+000
401.2431,0.0000E+000
401.2500,0.0000E+000
401.2569,0.0000E+000
401.2639,0.0000E+000
401.2708,0.0000E+000
401.2778,0.0000E+000
401.2847,0.0000E+000
401.2917,0.0000E+000
401.2986,0.0000E+000
401.3056,0.0000E+000
401.3125,0.0000E+000
401.3194,3.9067E-014
401.3264,5.9659E-004
401.3333,4.2359E-002
401.3403,2.5893E-001
401.3472,7.7918E-001
401.3542,1.2696E+000
401.3611,2.3364E+000
401.3681,3.2636E+000
401.3750,5.5297E+000
401.3819,5.6551E+000
401.3889,5.7667E+000
401.3958,3.1850E+000
401.4028,6.1225E+000
401.4097,1.4425E+001
401.4167,1.1700E+001
401.4236,1.0757E+001
401.4306,1.4573E+001
401.4375,2.7217E+001
401.4444,2.7704E+001
401.4514,2.9835E+001
401.4583,2.3391E+001
401.4653,1.2175E+001
401.4722,1.6424E+001
401.4792,1.3767E+001
401.4861,1.6153E+001
401.4931,1.8804E+001
401.5000,2.1613E+001
401.5069,3.4451E+001
401.5139,3.6416E+001
401.5208,4.5575E+001
401.5278,9.0227E+001
401.5347,1.0151E+002
401.5417,6.3065E+001
401.5486,4.7427E+001
401.5556,3.7580E+001
401.5625,2.6964E+001
401.5694,2.7764E+001
401.5764,3.4432E+001
401.5833,2.3739E+001
401.5903,9.8355E+000
401.5972,1.9628E+001
401.6042,1.6465E+001
401.6111,1.8634E+001
401.6181,1.9091E+001
401.6250,2.0260E+001
401.6319,1.9423E+001
401.6389,2.1885E+001
401.6458,3.3043E+001
401.6528,2.5145E+001
401.6597,3.2532E+001
401.6667,3.3209E+001
401.6736,2.5535E+001
401.6806,1.8777E+001
401.6875,1.5990E+001
401.6944,1.0514E+001
401.7014,8.9175E+000
401.7083,4.8710E+000
401.7153,2.2914E+000
401.7222,3.9702E-001
401.7292,1.9499E-011
401.7361,0.0000E+000
401.7431,0.0000E+000
401.7500,0.0000E+000
401.7569,0.0000E+000
401.7639,0.0000E+000
401.7708,0.0000E+000
401.7778,0.0000E+000
401.7847,0.0000E+000
401.7917,0.0000E+000
401.7986,0.0000E+000
401.8056,0.0000E+000
401.8125,0.0000E+000
401.8194,0.0000E+000
401.8264,0.0000E+000
401.8333,0.0000E+000
401.8403,0.0000E+000
401.8472,0.0000E+000
401.8542,0.0000E+000
401.8611,0.0000E+000
401.8681,0.0000E+000
401.8750,0.0000E+000
401.8819,0.0000E+000
401.8889,0.0000E+000
401.8958,0.0000E+000
401.9028,0.0000E+000
401.9097,0.0000E+000
401.9167,0.0000E+000
401.9236,0.0000E+000
401.9306,0.0000E+000
401.9375,0.0000E+000
401.9444,0.0000E+000
401.9514,0.0000E+000
401.9583,0.0000E+000
401.9653,0.0000E+000
401.9722,0.0000E+000
401.9792,0.0000E+000
401.9861,0.0000E+000
401.9931,0.0000E+000
402.0000,0.0000E+000
402.0069,0.0000E+000
402.0139,0.0000E+000
402.0208,0.0000E+000
402.0278,0.0000E+000
402.0347,0.0000E+000
402.0417,0.0000E+000
402.0486,0.0000E+000
402.0556,0.0000E+000
402.0625,0.0000E+000
402.0694,0.0000E+000
402.0764,0.0000E+000
402.0833,0.0000E+000
402.0903,0.0000E+000
402.0972,0.0000E+000
402.1042,0.0000E+000
402.1111,0.0000E+000
402.1181,0.0000E+000
402.1250,0.0000E+000
402.1319,0.0000E+000
402.1389,0.0000E+000
402.1458,0.0000E+000
402.1528,0.0000E+000
402.1597,0.0000E+000
402.1667,0.0000E+000
402.1736,0.0000E+000
402.1806,0.0000E+000
402.1875,0.0000E+000
402.1944,0.0000E+000
402.2014,0.0000E+000
402.2083,0.0000E+000
402.2153,0.0000E+000
402.2222,0.0000E+000
402.2292,0.0000E+000
402.2361,0.0000E+000
402.2431,0.0000E+000
402.2500,0.0000E+000
402.2569,0.0000E+000
402.2639,0.0000E+000
402.2708,0.0000E+000
402.2778,0.0000E+000
402.2847,0.0000E+000
402.2917,0.0000E+000
402.2986,0.0000E+000
402.3056,0.0000E+000
402.3125,0.0000E+000
402.3194,0.0000E+000
402.3264,0.0000E+000
402.3333,1.4345E-002
402.3403,5.4989E-002
402.3472,4.7757E-001
402.3542,1.6228E+000
402.3611,1.8195E+000
402.3681,2.2726E+000
402.3750,2.6008E+000
402.3819,3.7348E+000
402.3889,4.7570E+000
402.3958,5.3225E+000
402.4028,7.8542E+000
402.4097,1.3749E+001
402.4167,7.1699E+000
402.4236,1.0166E+001
402.4306,2.1795E+001
402.4375,2.2906E+001
402.4444,2.3845E+001
402.4514,2.7260E+001
402.4583,2.5676E+001
402.4653,1.5176E+001
402.4722,1.4559E+001
402.4792,2.0221E+001
402.4861,1.5582E+001
402.4931,1.5606E+001
402.5000,1.9530E+001
402.5069,1.9109E+001
402.5139,1.7548E+001
402.5208,2.3361E+001
402.5278,2.5561E+001
402.5347,2.6815E+001
402.5417,2.3281E+001
402.5486,1.8996E+001
402.5556,1.6023E+001
402.5625,1.3267E+001
402.5694,8.5012E+000
402.5764,9.1549E+000
402.5833,1.0975E+001
402.5903,9.7190E+000
402.5972,9.7771E+000
402.6042,7.9886E+000
402.6111,7.2233E+000
402.6181,4.5120E+000
402.6250,5.0724E+000
402.6319,5.6448E+000
402.6389,4.8847E+000
402.6458,4.3783E+000
402.6528,5.8364E+000
402.6597,6.3358E+000
402.6667,4.3079E+000
402.6736,2.5657E+000
402.6806,1.9025E+000
402.6875,1.8708E+000
402.6944,1.1316E+000
402.7014,7.6916E-001
402.7083,1.8123E-001
402.7153,3.4332E-001
402.7222,8.0747E-002
402.7292,3.9658E-012
402.7361,0.0000E+000
402.7431,0.0000E+000
402.7500,0.0000E+000
402.7569,0.0000E+000
402.7639,0.0000E+000
402.7708,5.3836E-003
402.7778,1.7627E-013
402.7847,0.0000E+000
402.7917,0.0000E+000
402.7986,0.0000E+000
402.8056,0.0000E+000
402.8125,0.0000E+000
402.8194,0.0000E+000
402.8264,0.0000E+000
402.8333,0.0000E+000
402.8403,0.0000E+000
402.8472,6.8800E-002
402.8542,3.3790E-012
402.8611,0.0000E+000
402.8681,0.0000E+000
402.8750,0.0000E+000
402.8819,0.0000E+000
402.8889,0.0000E+000
402.8958,0.0000E+000
402.9028,0.0000E+000
402.9097,0.0000E+000
402.9167,0.0000E+000
402.9236,1.0775E-013
402.9306,6.5819E-003
402.9375,3.5902E-003
402.9444,1.1967E-003
402.9514,1.7951E-003
402.9583,0.0000E+000
402.9653,0.0000E+000
402.9722,0.0000E+000
402.9792,0.0000E+000
402.9861,0.0000E+000
402.9931,0.0000E+000
403.0000,0.0000E+000
403.0069,0.0000E+000
403.0139,0.0000E+000
403.0208,1.0772E-002
403.0278,6.1641E-002
403.0347,1.5560E-002
403.0417,2.1246E-001
403.0486,1.1251E-001
403.0556,7.3680E-012
403.0625,4.9077E-002
403.0694,1.0055E-001
403.0764,1.1013E-001
403.0833,4.3094E-002
403.0903,5.9853E-002
403.0972,1.5562E-002
403.1042,5.2073E-002
403.1111,3.1125E-002
403.1181,1.6161E-002
403.1250,1.5204E-001
403.1319,1.2211E-001
403.1389,8.0210E-002
403.1458,7.1232E-002
403.1528,8.2606E-002
403.1597,1.7360E-002
403.1667,3.5917E-002
403.1736,1.6761E-002
403.1806,1.4367E-002
403.1875,8.9795E-003
403.1944,0.0000E+000
403.2014,0.0000E+000
403.2083,0.0000E+000
403.2153,0.0000E+000
403.2222,6.1065E-002
403.2292,1.4368E-002
403.2361,0.0000E+000
403.2431,0.0000E+000
403.2500,0.0000E+000
403.2569,2.3523E-012
403.2639,3.5923E-002
403.2708,4.6102E-002
403.2778,3.2332E-002
403.2847,5.9874E-003
403.2917,2.9406E-013
403.2986,0.0000E+000
403.3056,0.0000E+000
403.3125,8.9816E-003
403.3194,4.1915E-003
403.3264,2.9341E-002
403.3333,4.0119E-002
403.3403,6.9521E-001
403.3472,1.5246E+000
403.3542,1.8396E+000
403.3611,1.9462E+000
403.3681,4.0505E+000
403.3750,2.7349E+000
403.3819,2.9673E+000
403.3889,7.0138E+000
403.3958,7.9332E+000
403.4028,6.0109E+000
403.4097,7.1668E+000
403.4167,1.4390E+001
403.4236,1.6395E+001
403.4306,2.1280E+001
403.4375,2.1675E+001
403.4444,2.3871E+001
403.4514,2.5213E+001
403.4583,3.2172E+001
403.4653,3.9759E+001
403.4722,4.3823E+001
403.4792,3.2448E+001
403.4861,6.3996E+001
403.4931,7.6493E+001
403.5000,6.5460E+001
403.5069,7.3094E+001
403.5139,4.1992E+001
403.5208,4.1190E+001
403.5278,5.7841E+001
403.5347,4.6439E+001
403.5417,1.3476E+002
403.5486,6.6878E+001
403.5556,8.2177E+001
403.5625,9.7408E+001
403.5694,9.0535E+001
403.5764,7.2819E+001
403.5833,7.7886E+001
403.5903,7.0512E+001
403.5972,6.2604E+001
403.6042,6.0638E+001
403.6111,6.0989E+001
403.6181,6.9727E+001
403.6250,2.8575E+001
403.6319,1.2343E+001
403.6389,9.1577E+000
403.6458,9.8079E+000
403.6528,8.5312E+000
403.6597,9.5062E+000
403.6667,8.6842E+000
403.6736,1.4970E+001
403.6806,1.3153E+001
403.6875,1.1452E+001
403.6944,9.0011E+000
403.7014,2.8037E+000
403.7083,1.7131E+000
403.7153,7.6040E-001
403.7222,1.8336E-001
403.7292,6.8312E-002
403.7361,1.1685E-001
403.7431,7.6519E-012
403.7500,0.0000E+000
403.7569,0.0000E+000
403.7639,0.0000E+000
403.7708,0.0000E+000
403.7778,0.0000E+000
403.7847,0.0000E+000
403.7917,0.0000E+000
403.7986,0.0000E+000
403.8056,0.0000E+000
403.8125,0.0000E+000
403.8194,0.0000E+000
403.8264,0.0000E+000
403.8333,0.0000E+000
403.8403,0.0000E+000
403.8472,0.0000E+000
403.8542,0.0000E+000
403.8611,0.0000E+000
403.8681,0.0000E+000
403.8750,0.0000E+000
403.8819,0.0000E+000
403.8889,0.0000E+000
403.8958,0.0000E+000
403.9028,0.0000E+000
403.9097,0.0000E+000
403.9167,0.0000E+000
403.9236,0.0000E+000
403.9306,0.0000E+000
403.9375,0.0000E+000
403.9444,0.0000E+000
403.9514,0.0000E+000
403.9583,0.0000E+000
403.9653,0.0000E+000
403.9722,0.0000E+000
403.9792,0.0000E+000
403.9861,0.0000E+000
403.9931,0.0000E+000
404.0000,0.0000E+000
404.0069,2.8267E-012
404.0139,4.3167E-002
404.0208,7.7342E-002
404.0278,1.5289E-001
404.0347,6.1755E-002
404.0417,4.9165E-002
404.0486,3.8281E-013
404.0556,2.3384E-002
404.0625,2.2185E-002
404.0694,2.2185E-002
404.0764,2.3984E-003
404.0833,1.3791E-002
404.0903,4.7970E-003
404.0972,1.9188E-002
404.1042,1.6790E-002
404.1111,3.5979E-003
404.1181,2.7584E-002
404.1250,4.0177E-002
404.1319,3.0630E-012
404.1389,4.6775E-002
404.1458,2.3388E-002
404.1528,7.6577E-013
404.1597,4.3787E-012
404.1667,1.3374E-001
404.1736,7.6764E-002
404.1806,5.3975E-003
404.1875,8.7561E-002
404.1944,9.1760E-002
404.2014,1.1635E-001
404.2083,4.1743E-001
404.2153,2.1591E-001
404.2222,4.3183E-002
404.2292,3.5987E-003
404.2361,1.7994E-003
404.2431,5.3981E-003
404.2500,1.5595E-002
404.2569,5.7582E-002
404.2639,3.6589E-002
404.2708,4.4387E-002
404.2778,8.3976E-003
404.2847,1.7995E-003
404.2917,1.7995E-003
404.2986,0.0000E+000
404.3056,0.0000E+000
404.3125,4.1991E-003
404.3194,1.9796E-002
404.3264,1.7097E-001
404.3333,7.1027E-001
404.3403,8.8305E-001
404.3472,1.1374E+000
404.3542,2.7122E+000
404.3611,3.8683E+000
404.3681,6.7144E+000
404.3750,8.7297E+000
404.3819,9.3897E+000
404.3889,1.0739E+001
404.3958,1.1749E+001
404.4028,1.6938E+001
404.4097,2.2870E+001
404.4167,4.3603E+001
404.4236,4.9946E+001
404.4306,3.7889E+001
404.4375,3.9848E+001
404.4444,3.6495E+001
404.4514,3.7326E+001
404.4583,4.1019E+001
404.4653,3.9373E+001
404.4722,3.5511E+001
404.4792,2.4071E+001
404.4861,2.3993E+001
404.4931,2.0851E+001
404.5000,1.3530E+001
404.5069,1.1222E+001
404.5139,1.3491E+001
404.5208,2.1201E+001
404.5278,3.5790E+001
404.5347,4.1750E+001
404.5417,4.0057E+001
404.5486,4.4448E+001
404.5556,4.5484E+001
404.5625,4.3036E+001
404.5694,4.0654E+001
404.5764,4.4493E+001
404.5833,3.9581E+001
404.5903,3.1192E+001
404.5972,2.7177E+001
404.6042,2.4655E+001
404.6111,2.1597E+001
404.6181,2.7488E+001
404.6250,3.2802E+001
404.6319,2.6491E+001
404.6389,1.7847E+001
404.6458,1.6012E+001
404.6528,1.0837E+001
404.6597,6.0613E+000
404.6667,8.5987E+000
404.6736,8.0201E+000
404.6806,8.0016E+000
404.6875,8.6602E+000
404.6944,9.7607E+000
404.7014,6.8194E+000
404.7083,4.0671E+000
404.7153,2.9535E+000
404.7222,2.6504E+000
404.7292,7.2339E-001
404.7361,0.0000E+000
404.7431,0.0000E+000
404.7500,0.0000E+000
404.7569,0.0000E+000
404.7639,0.0000E+000
404.7708,0.0000E+000
404.7778,0.0000E+000
404.7847,0.0000E+000
404.7917,0.0000E+000
404.7986,0.0000E+000
404.8056,0.0000E+000
404.8125,0.0000E+000
404.8194,0.0000E+000
404.8264,0.0000E+000
404.8333,0.0000E+000
404.8403,0.0000E+000
404.8472,0.0000E+000
404.8542,0.0000E+000
404.8611,0.0000E+000
404.8681,0.0000E+000
404.8750,0.0000E+000
404.8819,0.0000E+000
404.8889,0.0000E+000
404.8958,0.0000E+000
404.9028,0.0000E+000
404.9097,0.0000E+000
404.9167,0.0000E+000
404.9236,0.0000E+000
404.9306,0.0000E+000
404.9375,0.0000E+000
404.9444,0.0000E+000
404.9514,0.0000E+000
404.9583,0.0000E+000
404.9653,0.0000E+000
404.9722,0.0000E+000
404.9792,0.0000E+000
404.9861,0.0000E+000
404.9931,0.0000E+000
405.0000,0.0000E+000
405.0069,0.0000E+000
405.0139,0.0000E+000
405.0208,0.0000E+000
405.0278,0.0000E+000
405.0347,0.0000E+000
405.0417,0.0000E+000
405.0486,0.0000E+000
405.0556,0.0000E+000
405.0625,0.0000E+000
405.0694,0.0000E+000
405.0764,0.0000E+000
405.0833,0.0000E+000
405.0903,0.0000E+000
405.0972,0.0000E+000
405.1042,0.0000E+000
405.1111,0.0000E+000
405.1181,0.0000E+000
405.1250,0.0000E+000
405.1319,0.0000E+000
405.1389,0.0000E+000
405.1458,0.0000E+000
405.1528,0.0000E+000
405.1597,0.0000E+000
405.1667,0.0000E+000
405.1736,0.0000E+000
405.1806,0.0000E+000
405.1875,0.0000E+000
405.1944,0.0000E+000
405.2014,0.0000E+000
405.2083,0.0000E+000
405.2153,0.0000E+000
405.2222,0.0000E+000
405.2292,0.0000E+000
405.2361,0.0000E+000
405.2431,0.0000E+000
405.2500,0.0000E+000
405.2569,0.0000E+000
405.2639,0.0000E+000
405.2708,0.0000E+000
405.2778,0.0000E+000
405.2847,0.0000E+000
405.2917,0.0000E+000
405.2986,0.0000E+000
405.3056,0.0000E+000
405.3125,0.0000E+000
405.3194,2.3612E-013
405.3264,3.6059E-003
405.3333,5.8657E-001
405.3403,1.4923E+000
405.3472,2.3740E+000
405.3542,4.6470E+000
405.3611,6.0907E+000
405.3681,7.6330E+000
405.3750,9.7283E+000
405.3819,1.0422E+001
405.3889,1.2847E+001
405.3958,1.5191E+001
405.4028,1.9450E+001
405.4097,2.3288E+001
405.4167,2.3396E+001
405.4236,2.3732E+001
405.4306,2.3057E+001
405.4375,2.4737E+001
405.4444,3.1119E+001
405.4514,3.3171E+001
405.4583,3.6699E+001
405.4653,3.8991E+001
405.4722,4.6527E+001
405.4792,5.2480E+001
405.4861,5.5045E+001
405.4931,5.0898E+001
405.5000,5.1081E+001
405.5069,5.0132E+001
405.5139,4.2242E+001
405.5208,4.2067E+001
405.5278,4.3600E+001
405.5347,4.5856E+001
405.5417,4.7457E+001
405.5486,4.6219E+001
405.5556,4.4420E+001
405.5625,4.0523E+001
405.5694,3.9324E+001
405.5764,4.1936E+001
405.5833,3.9051E+001
405.5903,3.4782E+001
405.5972,3.3610E+001
405.6042,3.2395E+001
405.6111,3.0403E+001
405.6181,3.1233E+001
405.6250,2.8939E+001
405.6319,2.5856E+001
405.6389,2.4013E+001
405.6458,2.3802E+001
405.6528,2.1496E+001
405.6597,1.9342E+001
405.6667,1.5674E+001
405.6736,1.5782E+001
405.6806,1.3365E+001
405.6875,1.0060E+001
405.6944,8.2582E+000
405.7014,4.4449E+000
405.7083,2.6792E+000
405.7153,1.6635E+000
405.7222,4.4084E-001
405.7292,2.1651E-011
405.7361,0.0000E+000
405.7431,0.0000E+000
405.7500,0.0000E+000
405.7569,0.0000E+000
405.7639,0.0000E+000
405.7708,0.0000E+000
405.7778,0.0000E+000
405.7847,0.0000E+000
405.7917,0.0000E+000
405.7986,0.0000E+000
405.8056,0.0000E+000
405.8125,0.0000E+000
405.8194,0.0000E+000
405.8264,0.0000E+000
405.8333,0.0000E+000
405.8403,0.0000E+000
405.8472,0.0000E+000
405.8542,0.0000E+000
405.8611,0.0000E+000
405.8681,0.0000E+000
405.8750,0.0000E+000
405.8819,0.0000E+000
405.8889,0.0000E+000
405.8958,0.0000E+000
405.9028,0.0000E+000
405.9097,0.0000E+000
405.9167,0.0000E+000
405.9236,0.0000E+000
405.9306,0.0000E+000
405.9375,0.0000E+000
405.9444,0.0000E+000
405.9514,0.0000E+000
405.9583,0.0000E+000
405.9653,0.0000E+000
405.9722,0.0000E+000
405.9792,0.0000E+000
405.9861,0.0000E+000
405.9931,0.0000E+000
406.0000,0.0000E+000
406.0069,0.0000E+000
406.0139,0.0000E+000
406.0208,0.0000E+000
406.0278,0.0000E+000
406.0347,0.0000E+000
406.0417,0.0000E+000
406.0486,0.0000E+000
406.0556,0.0000E+000
406.0625,0.0000E+000
406.0694,0.0000E+000
406.0764,0.0000E+000
406.0833,0.0000E+000
406.0903,0.0000E+000
406.0972,0.0000E+000
406.1042,0.0000E+000
406.1111,0.0000E+000
406.1181,0.0000E+000
406.1250,0.0000E+000
406.1319,0.0000E+000
406.1389,0.0000E+000
406.1458,0.0000E+000
406.1528,0.0000E+000
406.1597,0.0000E+000
406.1667,0.0000E+000
406.1736,0.0000E+000
406.1806,0.0000E+000
406.1875,0.0000E+000
406.1944,0.0000E+000
406.2014,0.0000E+000
406.2083,0.0000E+000
406.2153,0.0000E+000
406.2222,0.0000E+000
406.2292,0.0000E+000
406.2361,0.0000E+000
406.2431,0.0000E+000
406.2500,0.0000E+000
406.2569,0.0000E+000
406.2639,0.0000E+000
406.2708,0.0000E+000
406.2778,0.0000E+000
406.2847,0.0000E+000
406.2917,0.0000E+000
406.2986,0.0000E+000
406.3056,0.0000E+000
406.3125,0.0000E+000
406.3194,2.1921E-011
406.3264,3.3476E-001
406.3333,2.1494E+000
406.3403,5.4008E+000
406.3472,9.2308E+000
406.3542,1.2973E+001
406.3611,1.7418E+001
406.3681,2.0852E+001
406.3750,2.4202E+001
406.3819,2.7981E+001
406.3889,3.2755E+001
406.3958,3.7903E+001
406.4028,4.1140E+001
406.4097,4.4564E+001
406.4167,4.6733E+001
406.4236,4.8117E+001
406.4306,5.1734E+001
406.4375,5.7146E+001
406.4444,6.2400E+001
406.4514,6.9575E+001
406.4583,7.2624E+001
406.4653,7.1567E+001
406.4722,7.1040E+001
406.4792,6.8834E+001
406.4861,7.3588E+001
406.4931,8.1795E+001
406.5000,8.5841E+001
406.5069,8.4891E+001
406.5139,9.5616E+001
406.5208,1.0304E+002
406.5278,1.0659E+002
406.5347,1.0933E+002
406.5417,1.0826E+002
406.5486,9.5497E+001
406.5556,6.8716E+001
406.5625,6.1358E+001
406.5694,6.9179E+001
406.5764,8.0777E+001
406.5833,7.6327E+001
406.5903,7.1473E+001
406.5972,7.2554E+001
406.6042,7.0662E+001
406.6111,7.8217E+001
406.6181,7.5270E+001
406.6250,7.1880E+001
406.6319,5.2948E+001
406.6389,3.6691E+001
406.6458,2.9238E+001
406.6528,3.4467E+001
406.6597,3.2987E+001
406.6667,2.8607E+001
406.6736,2.6150E+001
406.6806,3.0306E+001
406.6875,2.5927E+001
406.6944,2.0201E+001
406.7014,1.5403E+001
406.7083,1.0494E+001
406.7153,6.4986E+000
406.7222,3.6115E+000
406.7292,1.6702E+000
406.7361,5.2299E-001
406.7431,3.4248E-011
406.7500,0.0000E+000
406.7569,0.0000E+000
406.7639,0.0000E+000
406.7708,0.0000E+000
406.7778,0.0000E+000
406.7847,0.0000E+000
406.7917,0.0000E+000
406.7986,0.0000E+000
406.8056,0.0000E+000
406.8125,0.0000E+000
406.8194,0.0000E+000
406.8264,0.0000E+000
406.8333,0.0000E+000
406.8403,0.0000E+000
406.8472,0.0000E+000
406.8542,0.0000E+000
406.8611,0.0000E+000
406.8681,0.0000E+000
406.8750,0.0000E+000
406.8819,0.0000E+000
406.8889,0.0000E+000
406.8958,0.0000E+000
406.9028,0.0000E+000
406.9097,0.0000E+000
406.9167,0.0000E+000
406.9236,0.0000E+000
406.9306,0.0000E+000
406.9375,0.0000E+000
406.9444,0.0000E+000
406.9514,0.0000E+000
406.9583,0.0000E+000
406.9653,0.0000E+000
406.9722,0.0000E+000
406.9792,0.0000E+000
406.9861,0.0000E+000
406.9931,0.0000E+000
407.0000,0.0000E+000
407.0069,0.0000E+000
407.0139,0.0000E+000
407.0208,0.0000E+000
407.0278,0.0000E+000
407.0347,0.0000E+000
407.0417,0.0000E+000
407.0486,0.0000E+000
407.0556,0.0000E+000
407.0625,0.0000E+000
407.0694,0.0000E+000
407.0764,0.0000E+000
407.0833,0.0000E+000
407.0903,0.0000E+000
407.0972,0.0000E+000
407.1042,0.0000E+000
407.1111,0.0000E+000
407.1181,0.0000E+000
407.1250,0.0000E+000
407.1319,0.0000E+000
407.1389,0.0000E+000
407.1458,0.0000E+000
407.1528,0.0000E+000
407.1597,0.0000E+000
407.1667,0.0000E+000
407.1736,0.0000E+000
407.1806,0.0000E+000
407.1875,0.0000E+000
407.1944,7.2364E-003
407.2014,1.2061E-002
407.2083,0.0000E+000
407.2153,0.0000E+000
407.2222,0.0000E+000
407.2292,0.0000E+000
407.2361,0.0000E+000
407.2431,0.0000E+000
407.2500,0.0000E+000
407.2569,0.0000E+000
407.2639,0.0000E+000
407.2708,0.0000E+000
407.2778,0.0000E+000
407.2847,0.0000E+000
407.2917,0.0000E+000
407.2986,0.0000E+000
407.3056,0.0000E+000
407.3125,0.0000E+000
407.3194,7.0701E-011
407.3264,1.0797E+000
407.3333,3.1124E+000
407.3403,5.9245E+000
407.3472,1.1221E+001
407.3542,1.3995E+001
407.3611,1.3691E+001
407.3681,1.9844E+001
407.3750,2.3859E+001
407.3819,2.2936E+001
407.3889,2.2352E+001
407.3958,2.4453E+001
407.4028,2.5463E+001
407.4097,2.5371E+001
407.4167,2.7565E+001
407.4236,2.5382E+001
407.4306,3.2737E+001
407.4375,3.4992E+001
407.4444,3.3277E+001
407.4514,2.7886E+001
407.4583,2.8764E+001
407.4653,1.5170E+002
407.4722,2.9179E+002
407.4792,3.0654E+002
407.4861,3.0011E+002
407.4931,2.9911E+002
407.5000,2.9215E+002
407.5069,2.9031E+002
407.5139,2.8302E+002
407.5208,2.8828E+002
407.5278,2.8361E+002
407.5347,2.8791E+002
407.5417,2.8642E+002
407.5486,2.8407E+002
407.5556,2.7661E+002
407.5625,2.7565E+002
407.5694,2.6526E+002
407.5764,2.5810E+002
407.5833,2.5882E+002
407.5903,2.5130E+002
407.5972,2.3499E+002
407.6042,1.0476E+002
407.6111,3.3830E+001
407.6181,2.8730E+001
407.6250,2.9402E+001
407.6319,2.4864E+001
407.6389,2.2946E+001
407.6458,2.0464E+001
407.6528,1.7822E+001
407.6597,1.6586E+001
407.6667,1.5229E+001
407.6736,1.3601E+001
407.6806,1.2356E+001
407.6875,1.0889E+001
407.6944,9.5058E+000
407.7014,8.1822E+000
407.7083,6.2629E+000
407.7153,4.4866E+000
407.7222,2.9764E+000
407.7292,5.8128E-001
407.7361,5.6137E-002
407.7431,3.6761E-012
407.7500,0.0000E+000
407.7569,0.0000E+000
407.7639,0.0000E+000
407.7708,0.0000E+000
407.7778,0.0000E+000
407.7847,0.0000E+000
407.7917,0.0000E+000
407.7986,0.0000E+000
407.8056,0.0000E+000
407.8125,0.0000E+000
407.8194,0.0000E+000
407.8264,0.0000E+000
407.8333,0.0000E+000
407.8403,0.0000E+000
407.8472,0.0000E+000
407.8542,0.0000E+000
407.8611,0.0000E+000
407.8681,0.0000E+000
407.8750,0.0000E+000
407.8819,0.0000E+000
407.8889,0.0000E+000
407.8958,0.0000E+000
407.9028,0.0000E+000
407.9097,0.0000E+000
407.9167,0.0000E+000
407.9236,0.0000E+000
407.9306,0.0000E+000
407.9375,0.0000E+000
407.9444,0.0000E+000
407.9514,0.0000E+000
407.9583,0.0000E+000
407.9653,0.0000E+000
407.9722,0.0000E+000
407.9792,0.0000E+000
407.9861,0.0000E+000
407.9931,0.0000E+000
408.0000,0.0000E+000
408.0069,0.0000E+000
408.0139,0.0000E+000
408.0208,0.0000E+000
408.0278,0.0000E+000
408.0347,0.0000E+000
408.0417,0.0000E+000
408.0486,0.0000E+000
408.0556,0.0000E+000
408.0625,0.0000E+000
408.0694,0.0000E+000
408.0764,0.0000E+000
408.0833,0.0000E+000
408.0903,0.0000E+000
408.0972,0.0000E+000
408.1042,0.0000E+000
408.1111,0.0000E+000
408.1181,0.0000E+000
408.1250,0.0000E+000
408.1319,0.0000E+000
408.1389,0.0000E+000
408.1458,0.0000E+000
408.1528,0.0000E+000
408.1597,0.0000E+000
408.1667,0.0000E+000
408.1736,0.0000E+000
408.1806,0.0000E+000
408.1875,0.0000E+000
408.1944,0.0000E+000
408.2014,0.0000E+000
408.2083,0.0000E+000
408.2153,0.0000E+000
408.2222,0.0000E+000
408.2292,0.0000E+000
408.2361,0.0000E+000
408.2431,0.0000E+000
408.2500,0.0000E+000
408.2569,0.0000E+000
408.2639,0.0000E+000
408.2708,0.0000E+000
408.2778,0.0000E+000
408.2847,0.0000E+000
408.2917,0.0000E+000
408.2986,0.0000E+000
408.3056,0.0000E+000
408.3125,1.8128E-002
408.3194,1.4744E-001
408.3264,9.4145E-001
408.3333,2.2117E+000
408.3403,3.4426E+000
408.3472,4.5219E+000
408.3542,5.7644E+000
408.3611,6.5568E+000
408.3681,7.8344E+000
408.3750,8.9579E+000
408.3819,1.0304E+001
408.3889,1.1556E+001
408.3958,1.3074E+001
408.4028,1.4597E+001
408.4097,1.5885E+001
408.4167,1.6798E+001
408.4236,1.8078E+001
408.4306,1.9726E+001
408.4375,1.9564E+001
408.4444,2.0415E+001
408.4514,2.3713E+001
408.4583,2.5854E+001
408.4653,1.4594E+002
408.4722,2.7223E+002
408.4792,2.7301E+002
408.4861,2.7573E+002
408.4931,2.7927E+002
408.5000,2.7980E+002
408.5069,2.8553E+002
408.5139,2.8977E+002
408.5208,2.9378E+002
408.5278,2.9217E+002
408.5347,2.9197E+002
408.5417,2.8651E+002
408.5486,2.8279E+002
408.5556,2.8283E+002
408.5625,2.8485E+002
408.5694,2.8178E+002
408.5764,2.7246E+002
408.5833,2.3161E+002
408.5903,2.1428E+002
408.5972,2.3177E+002
408.6042,1.0715E+002
408.6111,4.3462E+001
408.6181,3.3783E+001
408.6250,2.7252E+001
408.6319,2.8100E+001
408.6389,2.8558E+001
408.6458,2.7519E+001
408.6528,2.8265E+001
408.6597,2.7243E+001
408.6667,2.4057E+001
408.6736,1.7788E+001
408.6806,1.4983E+001
408.6875,1.4773E+001
408.6944,1.1679E+001
408.7014,9.3442E+000
408.7083,7.2460E+000
408.7153,4.9186E+000
408.7222,2.2701E+000
408.7292,8.3571E-001
408.7361,1.2578E-001
408.7431,8.2368E-012
408.7500,0.0000E+000
408.7569,0.0000E+000
408.7639,0.0000E+000
408.7708,0.0000E+000
408.7778,0.0000E+000
408.7847,0.0000E+000
408.7917,0.0000E+000
408.7986,0.0000E+000
408.8056,0.0000E+000
408.8125,0.0000E+000
408.8194,0.0000E+000
408.8264,0.0000E+000
408.8333,0.0000E+000
408.8403,0.0000E+000
408.8472,0.0000E+000
408.8542,0.0000E+000
408.8611,0.0000E+000
408.8681,0.0000E+000
408.8750,0.0000E+000
408.8819,0.0000E+000
408.8889,0.0000E+000
408.8958,0.0000E+000
408.9028,0.0000E+000
408.9097,0.0000E+000
408.9167,0.0000E+000
408.9236,0.0000E+000
408.9306,0.0000E+000
408.9375,0.0000E+000
408.9444,0.0000E+000
408.9514,0.0000E+000
408.9583,0.0000E+000
408.9653,0.0000E+000
408.9722,0.0000E+000
408.9792,0.0000E+000
408.9861,0.0000E+000
408.9931,0.0000E+000
409.0000,0.0000E+000
409.0069,0.0000E+000
409.0139,0.0000E+000
409.0208,0.0000E+000
409.0278,0.0000E+000
409.0347,0.0000E+000
409.0417,0.0000E+000
409.0486,0.0000E+000
409.0556,0.0000E+000
409.0625,0.0000E+000
409.0694,0.0000E+000
409.0764,0.0000E+000
409.0833,0.0000E+000
409.0903,0.0000E+000
409.0972,0.0000E+000
409.1042,0.0000E+000
409.1111,0.0000E+000
409.1181,0.0000E+000
409.1250,0.0000E+000
409.1319,0.0000E+000
409.1389,0.0000E+000
409.1458,0.0000E+000
409.1528,0.0000E+000
409.1597,0.0000E+000
409.1667,0.0000E+000
409.1736,0.0000E+000
409.1806,0.0000E+000
409.1875,0.0000E+000
409.1944,0.0000E+000
409.2014,0.0000E+000
409.2083,0.0000E+000
409.2153,0.0000E+000
409.2222,0.0000E+000
409.2292,0.0000E+000
409.2361,0.0000E+000
409.2431,0.0000E+000
409.2500,0.0000E+000
409.2569,0.0000E+000
409.2639,0.0000E+000
409.2708,0.0000E+000
409.2778,0.0000E+000
409.2847,0.0000E+000
409.2917,0.0000E+000
409.2986,0.0000E+000
409.3056,0.0000E+000
409.3125,0.0000E+000
409.3194,4.2375E-003
409.3264,9.1168E-001
409.3333,2.1763E+000
409.3403,3.8424E+000
409.3472,5.2294E+000
409.3542,6.4893E+000
409.3611,7.8921E+000
409.3681,9.5534E+000
409.3750,1.1102E+001
409.3819,1.2503E+001
409.3889,1.3773E+001
409.3958,1.5438E+001
409.4028,1.7295E+001
409.4097,1.7677E+001
409.4167,1.9807E+001
409.4236,2.2172E+001
409.4306,2.4355E+001
409.4375,2.3288E+001
409.4444,2.4042E+001
409.4514,2.6743E+001
409.4583,2.6608E+001
409.4653,1.4602E+002
409.4722,2.6064E+002
409.4792,2.7190E+002
409.4861,2.8057E+002
409.4931,2.9040E+002
409.5000,2.9744E+002
409.5069,2.9635E+002
409.5139,2.9952E+002
409.5208,3.0840E+002
409.5278,3.0523E+002
409.5347,3.0427E+002
409.5417,3.0354E+002
409.5486,3.0116E+002
409.5556,2.9570E+002
409.5625,2.9197E+002
409.5694,2.9116E+002
409.5764,2.8185E+002
409.5833,2.7232E+002
409.5903,2.6025E+002
409.5972,2.5093E+002
409.6042,1.1799E+002
409.6111,3.1761E+001
409.6181,2.7252E+001
409.6250,2.5102E+001
409.6319,2.2618E+001
409.6389,2.1321E+001
409.6458,1.9414E+001
409.6528,1.6212E+001
409.6597,1.4397E+001
409.6667,1.3251E+001
409.6736,1.1758E+001
409.6806,1.0535E+001
409.6875,9.3191E+000
409.6944,8.7128E+000
409.7014,7.7946E+000
409.7083,5.8792E+000
409.7153,3.6608E+000
409.7222,3.0532E+000
409.7292,1.6127E+000
409.7361,2.3263E-001
409.7431,1.5234E-011
409.7500,0.0000E+000
409.7569,0.0000E+000
409.7639,0.0000E+000
409.7708,0.0000E+000
409.7778,0.0000E+000
409.7847,0.0000E+000
409.7917,0.0000E+000
409.7986,0.0000E+000
409.8056,0.0000E+000
409.8125,0.0000E+000
409.8194,0.0000E+000
409.8264,0.0000E+000
409.8333,0.0000E+000
409.8403,0.0000E+000
409.8472,0.0000E+000
409.8542,0.0000E+000
409.8611,0.0000E+000
409.8681,0.0000E+000
409.8750,0.0000E+000
409.8819,0.0000E+000
409.8889,0.0000E+000
409.8958,0.0000E+000
409.9028,0.0000E+000
409.9097,0.0000E+000
409.9167,0.0000E+000
409.9236,0.0000E+000
409.9306,0.0000E+000
409.9375,0.0000E+000
409.9444,0.0000E+000
409.9514,0.0000E+000
409.9583,0.0000E+000
409.9653,0.0000E+000
409.9722,0.0000E+000
409.9792,0.0000E+000
409.9861,0.0000E+000
409.9931,0.0000E+000
410.0000,0.0000E+000
410.0069,0.0000E+000
410.0139,0.0000E+000
410.0208,0.0000E+000
410.0278,0.0000E+000
410.0347,1.5877E-013
410.0417,4.8492E-003
410.0486,0.0000E+000
410.0556,0.0000E+000
410.0625,0.0000E+000
410.0694,0.0000E+000
410.0764,0.0000E+000
410.0833,0.0000E+000
410.0903,0.0000E+000
410.0972,0.0000E+000
410.1042,0.0000E+000
410.1111,0.0000E+000
410.1181,0.0000E+000
410.1250,0.0000E+000
410.1319,0.0000E+000
410.1389,0.0000E+000
410.1458,0.0000E+000
410.1528,0.0000E+000
410.1597,0.0000E+000
410.1667,0.0000E+000
410.1736,0.0000E+000
410.1806,0.0000E+000
410.1875,0.0000E+000
410.1944,0.0000E+000
410.2014,0.0000E+000
410.2083,0.0000E+000
410.2153,0.0000E+000
410.2222,0.0000E+000
410.2292,0.0000E+000
410.2361,0.0000E+000
410.2431,0.0000E+000
410.2500,0.0000E+000
410.2569,0.0000E+000
410.2639,0.0000E+000
410.2708,0.0000E+000
410.2778,0.0000E+000
410.2847,0.0000E+000
410.2917,0.0000E+000
410.2986,0.0000E+000
410.3056,0.0000E+000
410.3125,0.0000E+000
410.3194,6.4891E-002
410.3264,7.1745E-001
410.3333,1.7606E+000
410.3403,2.8177E+000
410.3472,3.9501E+000
410.3542,5.0285E+000
410.3611,6.1233E+000
410.3681,6.5485E+000
410.3750,8.0885E+000
410.3819,1.0643E+001
410.3889,1.1541E+001
410.3958,1.2446E+001
410.4028,1.5927E+001
410.4097,1.7923E+001
410.4167,2.1839E+001
410.4236,2.5686E+001
410.4306,2.2684E+001
410.4375,2.4612E+001
410.4444,3.0768E+001
410.4514,3.8125E+001
410.4583,4.0025E+001
410.4653,1.4332E+002
410.4722,2.5229E+002
410.4792,2.7920E+002
410.4861,2.9293E+002
410.4931,2.8787E+002
410.5000,2.9108E+002
410.5069,2.8821E+002
410.5139,2.8470E+002
410.5208,2.8615E+002
410.5278,2.9444E+002
410.5347,3.1968E+002
410.5417,3.2244E+002
410.5486,3.1652E+002
410.5556,3.0486E+002
410.5625,3.0429E+002
410.5694,3.0514E+002
410.5764,2.9801E+002
410.5833,2.5264E+002
410.5903,2.6674E+002
410.5972,2.6531E+002
410.6042,1.3734E+002
410.6111,4.3454E+001
410.6181,2.7713E+001
410.6250,2.5566E+001
410.6319,2.7500E+001
410.6389,3.4256E+001
410.6458,3.3179E+001
410.6528,2.8289E+001
410.6597,3.2493E+001
410.6667,3.5454E+001
410.6736,3.2980E+001
410.6806,2.9028E+001
410.6875,2.4531E+001
410.6944,2.3940E+001
410.7014,2.1623E+001
410.7083,1.3334E+001
410.7153,1.0164E+001
410.7222,5.9579E+000
410.7292,1.8268E+000
410.7361,6.6275E-001
410.7431,4.3400E-011
410.7500,0.0000E+000
410.7569,8.7399E-002
410.7639,1.4308E-012
410.7708,0.0000E+000
410.7778,0.0000E+000
410.7847,0.0000E+000
410.7917,0.0000E+000
410.7986,0.0000E+000
410.8056,0.0000E+000
410.8125,0.0000E+000
410.8194,0.0000E+000
410.8264,0.0000E+000
410.8333,0.0000E+000
410.8403,0.0000E+000
410.8472,0.0000E+000
410.8542,0.0000E+000
410.8611,0.0000E+000
410.8681,0.0000E+000
410.8750,0.0000E+000
410.8819,0.0000E+000
410.8889,0.0000E+000
410.8958,0.0000E+000
410.9028,0.0000E+000
410.9097,0.0000E+000
410.9167,0.0000E+000
410.9236,0.0000E+000
410.9306,0.0000E+000
410.9375,0.0000E+000
410.9444,0.0000E+000
410.9514,0.0000E+000
410.9583,0.0000E+000
410.9653,0.0000E+000
410.9722,0.0000E+000
410.9792,0.0000E+000
410.9861,0.0000E+000
410.9931,0.0000E+000
411.0000,0.0000E+000
411.0069,0.0000E+000
411.0139,0.0000E+000
411.0208,0.0000E+000
411.0278,0.0000E+000
411.0347,0.0000E+000
411.0417,0.0000E+000
411.0486,0.0000E+000
411.0556,0.0000E+000
411.0625,0.0000E+000
411.0694,0.0000E+000
411.0764,0.0000E+000
411.0833,0.0000E+000
411.0903,0.0000E+000
411.0972,0.0000E+000
411.1042,0.0000E+000
411.1111,0.0000E+000
411.1181,0.0000E+000
411.1250,0.0000E+000
411.1319,0.0000E+000
411.1389,0.0000E+000
411.1458,0.0000E+000
411.1528,0.0000E+000
411.1597,0.0000E+000
411.1667,0.0000E+000
411.1736,0.0000E+000
411.1806,0.0000E+000
411.1875,0.0000E+000
411.1944,0.0000E+000
411.2014,0.0000E+000
411.2083,0.0000E+000
411.2153,0.0000E+000
411.2222,0.0000E+000
411.2292,0.0000E+000
411.2361,0.0000E+000
411.2431,0.0000E+000
411.2500,0.0000E+000
411.2569,0.0000E+000
411.2639,0.0000E+000
411.2708,0.0000E+000
411.2778,0.0000E+000
411.2847,0.0000E+000
411.2917,0.0000E+000
411.2986,0.0000E+000
411.3056,0.0000E+000
411.3125,4.8604E-003
411.3194,4.0706E-002
411.3264,1.9563E+000
411.3333,5.2761E+000
411.3403,9.2449E+000
411.3472,1.3718E+001
411.3542,1.5650E+001
411.3611,1.2221E+001
411.3681,1.1152E+001
411.3750,1.5748E+001
411.3819,1.6627E+001
411.3889,1.4908E+001
411.3958,1.8738E+001
411.4028,2.4684E+001
411.4097,2.3841E+001
411.4167,3.3502E+001
411.4236,4.9274E+001
411.4306,5.8029E+001
411.4375,6.7241E+001
411.4444,6.3495E+001
411.4514,6.6704E+001
411.4583,7.2054E+001
411.4653,7.5061E+001
411.4722,6.6200E+001
411.4792,7.0658E+001
411.4861,6.7171E+001
411.4931,7.2782E+001
411.5000,7.0881E+001
411.5069,7.0146E+001
411.5139,1.0375E+002
411.5208,9.5883E+001
411.5278,6.9044E+001
411.5347,7.2703E+001
411.5417,7.5483E+001
411.5486,4.9515E+001
411.5556,4.8456E+001
411.5625,4.4628E+001
411.5694,4.2527E+001
411.5764,5.1534E+001
411.5833,6.1601E+001
411.5903,7.4721E+001
411.5972,6.5035E+001
411.6042,5.9511E+001
411.6111,7.1862E+001
411.6181,5.9919E+001
411.6250,4.5463E+001
411.6319,4.6219E+001
411.6389,4.2936E+001
411.6458,2.7419E+001
411.6528,3.4554E+001
411.6597,2.3811E+001
411.6667,2.2993E+001
411.6736,2.3674E+001
411.6806,9.7102E+000
411.6875,1.3734E+001
411.6944,2.2785E+001
411.7014,2.3868E+001
411.7083,1.3626E+001
411.7153,1.1037E+001
411.7222,6.5396E+000
411.7292,2.4734E+000
411.7361,5.3687E-001
411.7431,1.7025E-002
411.7500,0.0000E+000
411.7569,0.0000E+000
411.7639,0.0000E+000
411.7708,0.0000E+000
411.7778,0.0000E+000
411.7847,0.0000E+000
411.7917,0.0000E+000
411.7986,0.0000E+000
411.8056,0.0000E+000
411.8125,0.0000E+000
411.8194,0.0000E+000
411.8264,0.0000E+000
411.8333,0.0000E+000
411.8403,0.0000E+000
411.8472,0.0000E+000
411.8542,0.0000E+000
411.8611,0.0000E+000
411.8681,0.0000E+000
411.8750,0.0000E+000
411.8819,0.0000E+000
411.8889,0.0000E+000
411.8958,0.0000E+000
411.9028,0.0000E+000
411.9097,0.0000E+000
411.9167,0.0000E+000
411.9236,0.0000E+000
411.9306,0.0000E+000
411.9375,0.0000E+000
411.9444,0.0000E+000
411.9514,0.0000E+000
411.9583,0.0000E+000
411.9653,0.0000E+000
411.9722,0.0000E+000
411.9792,0.0000E+000
411.9861,0.0000E+000
411.9931,0.0000E+000
412.0000,0.0000E+000
412.0069,0.0000E+000
412.0139,0.0000E+000
412.0208,0.0000E+000
412.0278,0.0000E+000
412.0347,0.0000E+000
412.0417,0.0000E+000
412.0486,0.0000E+000
412.0556,0.0000E+000
412.0625,0.0000E+000
412.0694,0.0000E+000
412.0764,0.0000E+000
412.0833,0.0000E+000
412.0903,0.0000E+000
412.0972,0.0000E+000
412.1042,0.0000E+000
412.1111,0.0000E+000
412.1181,0.0000E+000
412.1250,0.0000E+000
412.1319,0.0000E+000
412.1389,0.0000E+000
412.1458,0.0000E+000
412.1528,0.0000E+000
412.1597,0.0000E+000
412.1667,0.0000E+000
412.1736,0.0000E+000
412.1806,0.0000E+000
412.1875,0.0000E+000
412.1944,0.0000E+000
412.2014,0.0000E+000
412.2083,0.0000E+000
412.2153,0.0000E+000
412.2222,0.0000E+000
412.2292,0.0000E+000
412.2361,0.0000E+000
412.2431,0.0000E+000
412.2500,0.0000E+000
412.2569,0.0000E+000
412.2639,0.0000E+000
412.2708,0.0000E+000
412.2778,0.0000E+000
412.2847,0.0000E+000
412.2917,0.0000E+000
412.2986,0.0000E+000
412.3056,0.0000E+000
412.3125,1.7042E-001
412.3194,9.5558E-001
412.3264,1.4370E+000
412.3333,1.9514E+000
412.3403,4.1767E+000
412.3472,1.0155E+001
412.3542,1.6059E+001
412.3611,1.5311E+001
412.3681,1.7382E+001
412.3750,2.1741E+001
412.3819,3.3255E+001
412.3889,4.9533E+001
412.3958,5.6613E+001
412.4028,5.3952E+001
412.4097,3.5749E+001
412.4167,4.9146E+001
412.4236,5.8573E+001
412.4306,1.0047E+002
412.4375,1.0080E+002
412.4444,1.0026E+002
412.4514,9.8969E+001
412.4583,9.2333E+001
412.4653,1.3843E+002
412.4722,1.5325E+002
412.4792,1.4025E+002
412.4861,1.6521E+002
412.4931,1.4963E+002
412.5000,1.3658E+002
412.5069,1.4142E+002
412.5139,1.2536E+002
412.5208,1.2215E+002
412.5278,1.8853E+002
412.5347,1.7785E+002
412.5417,1.5562E+002
412.5486,1.7761E+002
412.5556,2.0694E+002
412.5625,1.1240E+002
412.5694,1.0409E+002
412.5764,1.0185E+002
412.5833,9.8990E+001
412.5903,8.8552E+001
412.5972,8.7513E+001
412.6042,1.0009E+002
412.6111,1.0005E+002
412.6181,6.4082E+001
412.6250,5.6717E+001
412.6319,6.3302E+001
412.6389,6.4539E+001
412.6458,4.2991E+001
412.6528,3.2469E+001
412.6597,4.2895E+001
412.6667,5.0533E+001
412.6736,3.7340E+001
412.6806,3.3721E+001
412.6875,3.0501E+001
412.6944,3.9191E+001
412.7014,2.5333E+001
412.7083,1.8085E+001
412.7153,1.1101E+001
412.7222,7.1891E+000
412.7292,3.8678E+000
412.7361,7.8514E-001
412.7431,5.1414E-011
412.7500,0.0000E+000
412.7569,0.0000E+000
412.7639,0.0000E+000
412.7708,0.0000E+000
412.7778,0.0000E+000
412.7847,0.0000E+000
412.7917,0.0000E+000
412.7986,0.0000E+000
412.8056,0.0000E+000
412.8125,0.0000E+000
412.8194,0.0000E+000
412.8264,0.0000E+000
412.8333,0.0000E+000
412.8403,0.0000E+000
412.8472,0.0000E+000
412.8542,0.0000E+000
412.8611,0.0000E+000
412.8681,0.0000E+000
412.8750,0.0000E+000
412.8819,0.0000E+000
412.8889,0.0000E+000
412.8958,0.0000E+000
412.9028,0.0000E+000
412.9097,0.0000E+000
412.9167,0.0000E+000
412.9236,5.4838E-003
412.9306,3.5910E-013
412.9375,0.0000E+000
412.9444,3.5341E-002
412.9514,5.1185E-002
412.9583,2.0109E-002
412.9653,1.4625E-002
412.9722,0.0000E+000
412.9792,0.0000E+000
412.9861,1.0974E-013
412.9931,6.7033E-003
413.0000,0.0000E+000
413.0069,2.6802E-002
413.0139,4.8732E-003
413.0208,7.9190E-003
413.0278,2.5929E-013
413.0347,3.4723E-002
413.0417,1.7666E-002
413.0486,8.4676E-002
413.0556,2.8632E-002
413.0625,4.8735E-003
413.0694,1.9547E-012
413.0764,2.9851E-002
413.0833,0.0000E+000
413.0903,0.0000E+000
413.0972,1.2184E-003
413.1042,5.9842E-014
413.1111,0.0000E+000
413.1181,0.0000E+000
413.1250,0.0000E+000
413.1319,0.0000E+000
413.1389,0.0000E+000
413.1458,0.0000E+000
413.1528,0.0000E+000
413.1597,0.0000E+000
413.1667,0.0000E+000
413.1736,0.0000E+000
413.1806,0.0000E+000
413.1875,0.0000E+000
413.1944,1.0967E-002
413.2014,1.7955E-013
413.2083,8.5304E-003
413.2153,2.7930E-013
413.2222,2.9248E-002
413.2292,1.4364E-012
413.2361,0.0000E+000
413.2431,0.0000E+000
413.2500,0.0000E+000
413.2569,0.0000E+000
413.2639,0.0000E+000
413.2708,0.0000E+000
413.2778,0.0000E+000
413.2847,0.0000E+000
413.2917,0.0000E+000
413.2986,1.7063E-002
413.3056,9.1410E-003
413.3125,3.0470E-003
413.3194,4.9362E-002
413.3264,1.0244E+000
413.3333,2.3085E+000
413.3403,6.2149E+000
413.3472,6.2570E+000
413.3542,1.2216E+001
413.3611,1.6114E+001
413.3681,1.9002E+001
413.3750,4.3465E+001
413.3819,3.5841E+001
413.3889,2.3871E+001
413.3958,2.3960E+001
413.4028,5.1055E+001
413.4097,5.5137E+001
413.4167,7.5218E+001
413.4236,8.1475E+001
413.4306,1.0200E+002
413.4375,1.0072E+002
413.4444,1.1624E+002
413.4514,1.2396E+002
413.4583,7.1603E+001
413.4653,1.4609E+002
413.4722,2.4285E+002
413.4792,2.5637E+002
413.4861,2.1345E+002
413.4931,9.3125E+001
413.5000,2.4477E+002
413.5069,1.1427E+002
413.5139,2.0574E+002
413.5208,2.4259E+002
413.5278,1.8149E+002
413.5347,1.9674E+002
413.5417,1.6873E+002
413.5486,1.0837E+002
413.5556,7.2103E+001
413.5625,7.9873E+001
413.5694,9.2510E+001
413.5764,1.1429E+002
413.5833,1.1033E+002
413.5903,8.8687E+001
413.5972,6.4597E+001
413.6042,7.2491E+001
413.6111,7.4065E+001
413.6181,6.9570E+001
413.6250,4.2562E+001
413.6319,4.3610E+001
413.6389,3.5671E+001
413.6458,6.7941E+001
413.6528,4.3838E+001
413.6597,4.1098E+001
413.6667,4.0923E+001
413.6736,3.6328E+001
413.6806,2.5274E+001
413.6875,1.7622E+001
413.6944,1.3060E+001
413.7014,6.3442E+000
413.7083,6.3181E+000
413.7153,2.9554E+000
413.7222,3.1323E+000
413.7292,4.0097E+000
413.7361,1.5305E+000
413.7431,1.0488E-001
413.7500,0.0000E+000
413.7569,0.0000E+000
413.7639,0.0000E+000
413.7708,0.0000E+000
413.7778,0.0000E+000
413.7847,0.0000E+000
413.7917,0.0000E+000
413.7986,0.0000E+000
413.8056,0.0000E+000
413.8125,0.0000E+000
413.8194,0.0000E+000
413.8264,0.0000E+000
413.8333,0.0000E+000
413.8403,0.0000E+000
413.8472,0.0000E+000
413.8542,0.0000E+000
413.8611,0.0000E+000
413.8681,0.0000E+000
413.8750,0.0000E+000
413.8819,0.0000E+000
413.8889,0.0000E+000
413.8958,0.0000E+000
413.9028,0.0000E+000
413.9097,0.0000E+000
413.9167,0.0000E+000
413.9236,0.0000E+000
413.9306,0.0000E+000
413.9375,0.0000E+000
413.9444,0.0000E+000
413.9514,0.0000E+000
413.9583,0.0000E+000
413.9653,0.0000E+000
413.9722,0.0000E+000
413.9792,0.0000E+000
413.9861,0.0000E+000
413.9931,0.0000E+000
414.0000,0.0000E+000
414.0069,0.0000E+000
414.0139,0.0000E+000
414.0208,0.0000E+000
414.0278,0.0000E+000
414.0347,4.3940E-013
414.0417,1.3420E-002
414.0486,1.3378E+000
414.0556,8.7603E-011
414.0625,7.3204E-003
414.0694,9.1506E-003
414.0764,1.4980E-013
414.0833,1.8301E-003
414.0903,5.9923E-014
414.0972,1.4031E-002
414.1042,7.9309E-003
414.1111,1.5862E-002
414.1181,2.1963E-002
414.1250,0.0000E+000
414.1319,1.5862E-002
414.1389,3.6606E-003
414.1458,1.0372E-002
414.1528,3.3959E-013
414.1597,3.2946E-002
414.1667,1.0372E-002
414.1736,5.4911E-003
414.1806,1.4643E-002
414.1875,4.8201E-002
414.1944,1.9525E-002
414.2014,2.8067E-002
414.2083,1.5254E-002
414.2153,4.6372E-002
414.2222,1.6474E-002
414.2292,6.7119E-003
414.2361,1.4034E-002
414.2431,1.2814E-002
414.2500,3.4781E-002
414.2569,8.3597E-002
414.2639,1.0373E-002
414.2708,1.5255E-002
414.2778,3.0511E-003
414.2847,0.0000E+000
414.2917,0.0000E+000
414.2986,8.6913E-013
414.3056,5.3091E-002
414.3125,2.9841E-001
414.3194,1.0032E+000
414.3264,2.3727E+000
414.3333,3.8587E+000
414.3403,6.5713E+000
414.3472,1.2234E+001
414.3542,1.5097E+001
414.3611,2.0713E+001
414.3681,2.4439E+001
414.3750,2.7259E+001
414.3819,2.9510E+001
414.3889,3.4014E+001
414.3958,4.5163E+001
414.4028,6.0890E+001
414.4097,6.6707E+001
414.4167,7.5796E+001
414.4236,6.9988E+001
414.4306,7.3537E+001
414.4375,8.3250E+001
414.4444,8.5952E+001
414.4514,8.7491E+001
414.4583,9.8313E+001
414.4653,1.1128E+002
414.4722,1.3661E+002
414.4792,2.0011E+002
414.4861,2.1319E+002
414.4931,1.7813E+002
414.5000,1.4795E+002
414.5069,1.4339E+002
414.5139,1.2982E+002
414.5208,1.2439E+002
414.5278,1.2148E+002
414.5347,1.0155E+002
414.5417,1.0510E+002
414.5486,1.2456E+002
414.5556,8.9990E+001
414.5625,8.5076E+001
414.5694,7.6896E+001
414.5764,6.3286E+001
414.5833,6.0102E+001
414.5903,7.3017E+001
414.5972,8.7957E+001
414.6042,7.2802E+001
414.6111,5.3279E+001
414.6181,3.4382E+001
414.6250,3.4415E+001
414.6319,2.3482E+001
414.6389,2.2811E+001
414.6458,4.1880E+001
414.6528,6.3616E+001
414.6597,6.6255E+001
414.6667,5.8871E+001
414.6736,4.7747E+001
414.6806,4.1245E+001
414.6875,3.8408E+001
414.6944,3.1035E+001
414.7014,2.3064E+001
414.7083,1.9331E+001
414.7153,1.7228E+001
414.7222,1.0458E+001
414.7292,5.9557E+000
414.7361,2.4760E+000
414.7431,9.0980E-002
414.7500,0.0000E+000
414.7569,0.0000E+000
414.7639,0.0000E+000
414.7708,0.0000E+000
414.7778,0.0000E+000
414.7847,0.0000E+000
414.7917,0.0000E+000
414.7986,0.0000E+000
414.8056,0.0000E+000
414.8125,0.0000E+000
414.8194,0.0000E+000
414.8264,0.0000E+000
414.8333,0.0000E+000
414.8403,0.0000E+000
414.8472,0.0000E+000
414.8542,0.0000E+000
414.8611,0.0000E+000
414.8681,0.0000E+000
414.8750,0.0000E+000
414.8819,1.5357E-011
414.8889,2.3452E-001
414.8958,1.4902E-001
414.9028,3.0109E-001
414.9097,3.0415E-001
414.9167,1.4938E-011
414.9236,6.7183E-002
414.9306,2.3820E-002
414.9375,8.4897E-002
414.9444,2.2599E-002
414.9514,6.9018E-002
414.9583,3.0539E-002
414.9653,2.2599E-002
414.9722,1.6369E-001
414.9792,2.9319E-002
414.9861,2.0157E-002
414.9931,1.3199E-012
415.0000,4.2757E-003
415.0069,0.0000E+000
415.0139,0.0000E+000
415.0208,0.0000E+000
415.0278,0.0000E+000
415.0347,0.0000E+000
415.0417,0.0000E+000
415.0486,0.0000E+000
415.0556,0.0000E+000
415.0625,0.0000E+000
415.0694,0.0000E+000
415.0764,0.0000E+000
415.0833,0.0000E+000
415.0903,0.0000E+000
415.0972,0.0000E+000
415.1042,0.0000E+000
415.1111,0.0000E+000
415.1181,0.0000E+000
415.1250,0.0000E+000
415.1319,0.0000E+000
415.1389,0.0000E+000
415.1458,0.0000E+000
415.1528,0.0000E+000
415.1597,0.0000E+000
415.1667,0.0000E+000
415.1736,0.0000E+000
415.1806,0.0000E+000
415.1875,9.1647E-003
415.1944,8.4020E-013
415.2014,1.2831E-002
415.2083,0.0000E+000
415.2153,0.0000E+000
415.2222,2.0005E-014
415.2292,6.1101E-004
415.2361,0.0000E+000
415.2431,0.0000E+000
415.2500,3.0551E-003
415.2569,0.0000E+000
415.2639,0.0000E+000
415.2708,1.0999E-002
415.2778,2.0776E-002
415.2847,0.0000E+000
415.2917,0.0000E+000
415.2986,1.3705E-012
415.3056,8.3718E-002
415.3125,1.8009E+000
415.3194,2.2904E+000
415.3264,4.2954E+000
415.3333,8.1814E+000
415.3403,1.3049E+001
415.3472,1.8122E+001
415.3542,2.2448E+001
415.3611,3.1706E+001
415.3681,3.3970E+001
415.3750,2.6271E+001
415.3819,2.5460E+001
415.3889,3.6299E+001
415.3958,4.8703E+001
415.4028,5.0204E+001
415.4097,6.8161E+001
415.4167,8.2577E+001
415.4236,7.6814E+001
415.4306,7.4960E+001
415.4375,6.8713E+001
415.4444,7.5351E+001
415.4514,8.5959E+001
415.4583,1.1929E+002
415.4653,1.5237E+002
415.4722,2.4540E+002
415.4792,1.4042E+002
415.4861,1.9539E+002
415.4931,1.1334E+002
415.5000,9.9020E+001
415.5069,1.2242E+002
415.5139,6.9688E+001
415.5208,9.5476E+001
415.5278,1.1219E+002
415.5347,1.5345E+002
415.5417,7.1659E+001
415.5486,4.8542E+001
415.5556,6.9515E+001
415.5625,1.7922E+002
415.5694,1.6305E+002
415.5764,1.8835E+002
415.5833,1.5270E+002
415.5903,1.4138E+002
415.5972,1.1837E+002
415.6042,1.2961E+002
415.6111,1.2099E+002
415.6181,1.2217E+002
415.6250,8.5883E+001
415.6319,8.2238E+001
415.6389,7.0400E+001
415.6458,6.2402E+001
415.6528,5.0583E+001
415.6597,4.3574E+001
415.6667,4.1952E+001
415.6736,4.4064E+001
415.6806,3.1092E+001
415.6875,2.4411E+001
415.6944,1.9185E+001
415.7014,1.4369E+001
415.7083,1.0701E+001
415.7153,7.5853E+000
415.7222,5.5414E+000
415.7292,3.7842E+000
415.7361,1.9603E+000
415.7431,5.4235E-001
415.7500,0.0000E+000
415.7569,0.0000E+000
415.7639,0.0000E+000
415.7708,0.0000E+000
415.7778,0.0000E+000
415.7847,0.0000E+000
415.7917,0.0000E+000
415.7986,0.0000E+000
415.8056,0.0000E+000
415.8125,0.0000E+000
415.8194,0.0000E+000
415.8264,0.0000E+000
415.8333,0.0000E+000
415.8403,0.0000E+000
415.8472,0.0000E+000
415.8542,0.0000E+000
415.8611,0.0000E+000
415.8681,0.0000E+000
415.8750,0.0000E+000
415.8819,0.0000E+000
415.8889,0.0000E+000
415.8958,0.0000E+000
415.9028,0.0000E+000
415.9097,1.2232E-003
415.9167,6.0074E-014
415.9236,0.0000E+000
415.9306,0.0000E+000
415.9375,0.0000E+000
415.9444,0.0000E+000
415.9514,0.0000E+000
415.9583,0.0000E+000
415.9653,0.0000E+000
415.9722,0.0000E+000
415.9792,0.0000E+000
415.9861,0.0000E+000
415.9931,0.0000E+000
416.0000,0.0000E+000
416.0069,0.0000E+000
416.0139,0.0000E+000
416.0208,0.0000E+000
416.0278,0.0000E+000
416.0347,0.0000E+000
416.0417,0.0000E+000
416.0486,0.0000E+000
416.0556,0.0000E+000
416.0625,0.0000E+000
416.0694,0.0000E+000
416.0764,0.0000E+000
416.0833,0.0000E+000
416.0903,0.0000E+000
416.0972,0.0000E+000
416.1042,0.0000E+000
416.1111,0.0000E+000
416.1181,0.0000E+000
416.1250,0.0000E+000
416.1319,0.0000E+000
416.1389,0.0000E+000
416.1458,0.0000E+000
416.1528,0.0000E+000
416.1597,0.0000E+000
416.1667,0.0000E+000
416.1736,0.0000E+000
416.1806,0.0000E+000
416.1875,0.0000E+000
416.1944,0.0000E+000
416.2014,0.0000E+000
416.2083,0.0000E+000
416.2153,0.0000E+000
416.2222,0.0000E+000
416.2292,0.0000E+000
416.2361,0.0000E+000
416.2431,0.0000E+000
416.2500,0.0000E+000
416.2569,7.3425E-003
416.2639,1.2020E-013
416.2708,0.0000E+000
416.2778,0.0000E+000
416.2847,0.0000E+000
416.2917,0.0000E+000
416.2986,1.2238E-003
416.3056,3.5308E-001
416.3125,1.5010E+000
416.3194,2.9513E+000
416.3264,5.4328E+000
416.3333,8.1706E+000
416.3403,1.1677E+001
416.3472,1.5846E+001
416.3542,1.7851E+001
416.3611,1.9033E+001
416.3681,1.7869E+001
416.3750,1.8247E+001
416.3819,2.3801E+001
416.3889,3.1798E+001
416.3958,3.8577E+001
416.4028,4.0707E+001
416.4097,4.0753E+001
416.4167,4.7162E+001
416.4236,3.5654E+001
416.4306,3.1882E+001
416.4375,3.3925E+001
416.4444,3.7914E+001
416.4514,4.1181E+001
416.4583,4.2933E+001
416.4653,1.0616E+002
416.4722,1.8276E+002
416.4792,2.1642E+002
416.4861,2.4217E+002
416.4931,2.2591E+002
416.5000,2.3726E+002
416.5069,2.6529E+002
416.5139,2.6856E+002
416.5208,2.8001E+002
416.5278,2.9071E+002
416.5347,2.9325E+002
416.5417,2.9213E+002
416.5486,2.8852E+002
416.5556,2.7562E+002
416.5625,2.8612E+002
416.5694,2.7558E+002
416.5764,2.8324E+002
416.5833,2.1493E+002
416.5903,2.4953E+002
416.5972,2.2708E+002
416.6042,1.6654E+002
416.6111,1.6000E+002
416.6181,1.1736E+002
416.6250,8.2919E+001
416.6319,7.2449E+001
416.6389,6.4489E+001
416.6458,5.7740E+001
416.6528,5.0878E+001
416.6597,4.3679E+001
416.6667,3.5975E+001
416.6736,2.7284E+001
416.6806,2.3291E+001
416.6875,1.9604E+001
416.6944,1.5441E+001
416.7014,1.2791E+001
416.7083,1.0827E+001
416.7153,9.0590E+000
416.7222,7.3031E+000
416.7292,4.2510E+000
416.7361,1.6532E+000
416.7431,1.1756E-001
416.7500,0.0000E+000
416.7569,0.0000E+000
416.7639,0.0000E+000
416.7708,0.0000E+000
416.7778,0.0000E+000
416.7847,0.0000E+000
416.7917,0.0000E+000
416.7986,0.0000E+000
416.8056,0.0000E+000
416.8125,0.0000E+000
416.8194,0.0000E+000
416.8264,0.0000E+000
416.8333,0.0000E+000
416.8403,0.0000E+000
416.8472,0.0000E+000
416.8542,0.0000E+000
416.8611,0.0000E+000
416.8681,0.0000E+000
416.8750,0.0000E+000
416.8819,0.0000E+000
416.8889,0.0000E+000
416.8958,0.0000E+000
416.9028,0.0000E+000
416.9097,0.0000E+000
416.9167,0.0000E+000
416.9236,0.0000E+000
416.9306,0.0000E+000
416.9375,0.0000E+000
416.9444,2.8074E-013
416.9514,4.2872E-003
416.9583,0.0000E+000
416.9653,0.0000E+000
416.9722,0.0000E+000
416.9792,0.0000E+000
416.9861,0.0000E+000
416.9931,0.0000E+000
417.0000,0.0000E+000
417.0069,0.0000E+000
417.0139,0.0000E+000
417.0208,0.0000E+000
417.0278,0.0000E+000
417.0347,0.0000E+000
417.0417,0.0000E+000
417.0486,0.0000E+000
417.0556,0.0000E+000
417.0625,4.2879E-003
417.0694,3.0628E-003
417.0764,1.2251E-003
417.0833,0.0000E+000
417.0903,0.0000E+000
417.0972,0.0000E+000
417.1042,0.0000E+000
417.1111,2.9083E-013
417.1181,1.7765E-002
417.1250,0.0000E+000
417.1319,1.2252E-003
417.1389,2.0058E-014
417.1458,1.3478E-002
417.1528,1.2253E-003
417.1597,0.0000E+000
417.1667,0.0000E+000
417.1736,1.5929E-002
417.1806,7.9645E-003
417.1875,0.0000E+000
417.1944,1.5929E-002
417.2014,2.6078E-013
417.2083,0.0000E+000
417.2153,0.0000E+000
417.2222,1.2254E-003
417.2292,6.0182E-014
417.2361,2.5076E-013
417.2431,1.5318E-002
417.2500,5.5144E-003
417.2569,3.1861E-002
417.2639,2.1445E-002
417.2708,2.3284E-002
417.2778,8.5783E-003
417.2847,2.6961E-002
417.2917,6.1275E-003
417.2986,1.5319E-001
417.3056,3.9829E-001
417.3125,1.1281E+000
417.3194,2.0773E+000
417.3264,3.0057E+000
417.3333,3.7085E+000
417.3403,4.5328E+000
417.3472,7.3615E+000
417.3542,1.0363E+001
417.3611,1.1830E+001
417.3681,1.2236E+001
417.3750,1.3063E+001
417.3819,1.4222E+001
417.3889,1.5446E+001
417.3958,1.7602E+001
417.4028,1.9220E+001
417.4097,2.1311E+001
417.4167,7.1971E+001
417.4236,2.4938E+001
417.4306,2.2099E+001
417.4375,2.3182E+001
417.4444,2.3460E+001
417.4514,2.5270E+001
417.4583,3.0873E+001
417.4653,1.3124E+002
417.4722,2.4478E+002
417.4792,2.5935E+002
417.4861,2.9206E+002
417.4931,2.9374E+002
417.5000,3.0177E+002
417.5069,3.1641E+002
417.5139,3.1986E+002
417.5208,3.2279E+002
417.5278,3.2435E+002
417.5347,3.2425E+002
417.5417,3.2482E+002
417.5486,3.1789E+002
417.5556,3.1126E+002
417.5625,3.1049E+002
417.5694,3.0527E+002
417.5764,2.9425E+002
417.5833,2.8349E+002
417.5903,2.7211E+002
417.5972,2.6561E+002
417.6042,2.1669E+002
417.6111,2.3893E+002
417.6181,1.0824E+002
417.6250,2.7479E+001
417.6319,2.7483E+001
417.6389,2.0671E+001
417.6458,1.8651E+001
417.6528,1.6872E+001
417.6597,1.3709E+001
417.6667,1.1479E+001
417.6736,1.1032E+001
417.6806,1.0085E+001
417.6875,9.2599E+000
417.6944,8.7744E+000
417.7014,7.7022E+000
417.7083,6.3737E+000
417.7153,5.4069E+000
417.7222,4.4438E+000
417.7292,3.1201E+000
417.7361,1.8320E+000
417.7431,7.5782E-001
417.7500,0.0000E+000
417.7569,0.0000E+000
417.7639,0.0000E+000
417.7708,0.0000E+000
417.7778,0.0000E+000
417.7847,0.0000E+000
417.7917,0.0000E+000
417.7986,0.0000E+000
417.8056,0.0000E+000
417.8125,0.0000E+000
417.8194,0.0000E+000
417.8264,0.0000E+000
417.8333,0.0000E+000
417.8403,0.0000E+000
417.8472,0.0000E+000
417.8542,0.0000E+000
417.8611,0.0000E+000
417.8681,0.0000E+000
417.8750,0.0000E+000
417.8819,0.0000E+000
417.8889,0.0000E+000
417.8958,0.0000E+000
417.9028,0.0000E+000
417.9097,0.0000E+000
417.9167,0.0000E+000
417.9236,0.0000E+000
417.9306,0.0000E+000
417.9375,0.0000E+000
417.9444,3.9251E-002
417.9514,6.4258E-013
417.9583,1.8073E-013
417.9653,3.6799E-003
417.9722,9.2373E-013
417.9792,2.8213E-002
417.9861,2.0081E-013
417.9931,1.2267E-002
418.0000,3.0667E-003
418.0069,0.0000E+000
418.0139,0.0000E+000
418.0208,2.2694E-002
418.0278,7.4306E-013
418.0347,1.7174E-002
418.0417,5.5204E-003
418.0486,2.9442E-002
418.0556,4.9071E-003
418.0625,1.2881E-002
418.0694,1.4108E-002
418.0764,2.3097E-013
418.0833,4.2939E-003
418.0903,7.3610E-003
418.0972,6.1342E-003
418.1042,2.6377E-002
418.1111,8.5881E-003
418.1181,2.5151E-002
418.1250,4.7849E-002
418.1319,2.4103E-013
418.1389,3.6807E-003
418.1458,2.3312E-002
418.1528,2.2085E-002
418.1597,3.6808E-003
418.1667,1.8078E-013
418.1736,1.3497E-002
418.1806,1.8405E-002
418.1875,3.0675E-003
418.1944,1.5338E-002
418.2014,2.5109E-013
418.2083,4.2946E-003
418.2153,1.4061E-013
418.2222,1.2271E-003
418.2292,3.0677E-002
418.2361,0.0000E+000
418.2431,0.0000E+000
418.2500,0.0000E+000
418.2569,1.8407E-003
418.2639,3.0134E-014
418.2708,1.7180E-002
418.2778,5.6251E-013
418.2847,1.6726E+000
418.2917,8.4368E-001
418.2986,6.1850E-001
418.3056,3.5576E+000
418.3125,6.2189E+000
418.3194,9.1606E+000
418.3264,1.4300E+001
418.3333,2.2464E+001
418.3403,3.1327E+001
418.3472,3.6366E+001
418.3542,3.4925E+001
418.3611,3.8611E+001
418.3681,4.3510E+001
418.3750,4.8925E+001
418.3819,5.3357E+001
418.3889,6.1923E+001
418.3958,7.6424E+001
418.4028,8.7416E+001
418.4097,8.7818E+001
418.4167,1.0103E+002
418.4236,1.0273E+002
418.4306,1.0772E+002
418.4375,1.2396E+002
418.4444,1.2593E+002
418.4514,1.2496E+002
418.4583,1.2067E+002
418.4653,1.3576E+002
418.4722,1.4749E+002
418.4792,1.3846E+002
418.4861,1.2836E+002
418.4931,1.2889E+002
418.5000,1.3347E+002
418.5069,2.0587E+002
418.5139,1.4609E+002
418.5208,1.6518E+002
418.5278,2.6280E+002
418.5347,2.2920E+002
418.5417,2.5619E+002
418.5486,2.4022E+002
418.5556,2.3701E+002
418.5625,2.5354E+002
418.5694,2.6253E+002
418.5764,2.5187E+002
418.5833,2.0608E+002
418.5903,2.2879E+002
418.5972,2.1691E+002
418.6042,1.8758E+002
418.6111,1.7904E+002
418.6181,1.2643E+002
418.6250,8.1257E+001
418.6319,7.5831E+001
418.6389,6.9600E+001
418.6458,6.1989E+001
418.6528,5.6081E+001
418.6597,5.1115E+001
418.6667,5.1336E+001
418.6736,4.8312E+001
418.6806,4.5250E+001
418.6875,5.2307E+001
418.6944,2.8720E+001
418.7014,2.0490E+001
418.7083,1.7404E+001
418.7153,1.4727E+001
418.7222,7.4238E+000
418.7292,4.2915E+000
418.7361,2.6861E+000
418.7431,1.8622E+000
418.7500,2.6094E-001
418.7569,0.0000E+000
418.7639,0.0000E+000
418.7708,0.0000E+000
418.7778,0.0000E+000
418.7847,0.0000E+000
418.7917,0.0000E+000
418.7986,0.0000E+000
418.8056,0.0000E+000
418.8125,0.0000E+000
418.8194,0.0000E+000
418.8264,0.0000E+000
418.8333,0.0000E+000
418.8403,0.0000E+000
418.8472,0.0000E+000
418.8542,0.0000E+000
418.8611,0.0000E+000
418.8681,0.0000E+000
418.8750,0.0000E+000
418.8819,0.0000E+000
418.8889,0.0000E+000
418.8958,0.0000E+000
418.9028,0.0000E+000
418.9097,0.0000E+000
418.9167,0.0000E+000
418.9236,0.0000E+000
418.9306,0.0000E+000
418.9375,0.0000E+000
418.9444,0.0000E+000
418.9514,0.0000E+000
418.9583,0.0000E+000
418.9653,0.0000E+000
418.9722,0.0000E+000
418.9792,0.0000E+000
418.9861,0.0000E+000
418.9931,0.0000E+000
419.0000,0.0000E+000
419.0069,0.0000E+000
419.0139,0.0000E+000
419.0208,0.0000E+000
419.0278,0.0000E+000
419.0347,0.0000E+000
419.0417,0.0000E+000
419.0486,0.0000E+000
419.0556,0.0000E+000
419.0625,0.0000E+000
419.0694,0.0000E+000
419.0764,0.0000E+000
419.0833,0.0000E+000
419.0903,0.0000E+000
419.0972,0.0000E+000
419.1042,0.0000E+000
419.1111,0.0000E+000
419.1181,0.0000E+000
419.1250,0.0000E+000
419.1319,0.0000E+000
419.1389,0.0000E+000
419.1458,0.0000E+000
419.1528,0.0000E+000
419.1597,0.0000E+000
419.1667,0.0000E+000
419.1736,0.0000E+000
419.1806,0.0000E+000
419.1875,0.0000E+000
419.1944,0.0000E+000
419.2014,0.0000E+000
419.2083,0.0000E+000
419.2153,0.0000E+000
419.2222,0.0000E+000
419.2292,0.0000E+000
419.2361,0.0000E+000
419.2431,0.0000E+000
419.2500,0.0000E+000
419.2569,0.0000E+000
419.2639,0.0000E+000
419.2708,0.0000E+000
419.2778,0.0000E+000
419.2847,0.0000E+000
419.2917,0.0000E+000
419.2986,0.0000E+000
419.3056,0.0000E+000
419.3125,5.3579E-001
419.3194,2.5678E+000
419.3264,4.9851E+000
419.3333,7.6470E+000
419.3403,1.0485E+001
419.3472,1.3690E+001
419.3542,1.6816E+001
419.3611,1.9874E+001
419.3681,2.2732E+001
419.3750,2.5570E+001
419.3819,2.8612E+001
419.3889,3.2414E+001
419.3958,3.4505E+001
419.4028,3.7936E+001
419.4097,4.1361E+001
419.4167,6.0807E+001
419.4236,5.2437E+001
419.4306,5.0569E+001
419.4375,5.3858E+001
419.4444,5.7635E+001
419.4514,6.4501E+001
419.4583,9.9620E+001
419.4653,1.5672E+002
419.4722,2.2138E+002
419.4792,2.3436E+002
419.4861,2.4680E+002
419.4931,2.5407E+002
419.5000,2.5516E+002
419.5069,2.5774E+002
419.5139,2.6410E+002
419.5208,2.6916E+002
419.5278,2.6811E+002
419.5347,2.6610E+002
419.5417,2.6821E+002
419.5486,2.7078E+002
419.5556,2.6532E+002
419.5625,2.5956E+002
419.5694,2.5740E+002
419.5764,2.4631E+002
419.5833,2.3943E+002
419.5903,2.3122E+002
419.5972,2.1904E+002
419.6042,2.0048E+002
419.6111,1.8650E+002
419.6181,1.4917E+002
419.6250,7.4008E+001
419.6319,6.5328E+001
419.6389,5.3877E+001
419.6458,5.0975E+001
419.6528,4.2677E+001
419.6597,4.0521E+001
419.6667,3.4632E+001
419.6736,3.3850E+001
419.6806,3.0352E+001
419.6875,2.5208E+001
419.6944,2.1335E+001
419.7014,1.8401E+001
419.7083,1.6146E+001
419.7153,1.3182E+001
419.7222,9.8015E+000
419.7292,6.8273E+000
419.7361,3.8732E+000
419.7431,8.9577E-001
419.7500,0.0000E+000
419.7569,0.0000E+000
419.7639,0.0000E+000
419.7708,0.0000E+000
419.7778,0.0000E+000
419.7847,0.0000E+000
419.7917,0.0000E+000
419.7986,0.0000E+000
419.8056,0.0000E+000
419.8125,0.0000E+000
419.8194,0.0000E+000
419.8264,0.0000E+000
419.8333,0.0000E+000
419.8403,0.0000E+000
419.8472,0.0000E+000
419.8542,0.0000E+000
419.8611,0.0000E+000
419.8681,0.0000E+000
419.8750,0.0000E+000
419.8819,0.0000E+000
419.8889,0.0000E+000
419.8958,0.0000E+000
419.9028,0.0000E+000
419.9097,0.0000E+000
419.9167,0.0000E+000
419.9236,0.0000E+000
419.9306,0.0000E+000
419.9375,0.0000E+000
419.9444,0.0000E+000
419.9514,0.0000E+000
419.9583,0.0000E+000
419.9653,0.0000E+000
419.9722,0.0000E+000
419.9792,0.0000E+000
419.9861,0.0000E+000
419.9931,0.0000E+000
420.0000,0.0000E+000
420.0069,0.0000E+000
420.0139,0.0000E+000
420.0208,0.0000E+000
420.0278,0.0000E+000
420.0347,0.0000E+000
420.0417,0.0000E+000
420.0486,0.0000E+000
420.0556,0.0000E+000
420.0625,0.0000E+000
420.0694,0.0000E+000
420.0764,0.0000E+000
420.0833,0.0000E+000
420.0903,0.0000E+000
420.0972,0.0000E+000
420.1042,0.0000E+000
420.1111,0.0000E+000
420.1181,0.0000E+000
420.1250,0.0000E+000
420.1319,0.0000E+000
420.1389,0.0000E+000
420.1458,0.0000E+000
420.1528,0.0000E+000
420.1597,0.0000E+000
420.1667,0.0000E+000
420.1736,2.0142E-014
420.1806,1.2303E-003
420.1875,0.0000E+000
420.1944,4.0284E-013
420.2014,6.1519E-003
420.2083,0.0000E+000
420.2153,0.0000E+000
420.2222,3.6912E-003
420.2292,1.8129E-013
420.2361,1.8457E-003
420.2431,1.2086E-013
420.2500,0.0000E+000
420.2569,0.0000E+000
420.2639,0.0000E+000
420.2708,0.0000E+000
420.2778,0.0000E+000
420.2847,4.3068E-003
420.2917,2.1152E-013
420.2986,4.4300E-002
420.3056,4.9284E-001
420.3125,1.8698E+000
420.3194,4.0572E+000
420.3264,6.7584E+000
420.3333,9.8147E+000
420.3403,1.2813E+001
420.3472,1.6018E+001
420.3542,1.8984E+001
420.3611,2.1858E+001
420.3681,2.4611E+001
420.3750,2.7585E+001
420.3819,3.0544E+001
420.3889,3.3653E+001
420.3958,3.6763E+001
420.4028,4.0161E+001
420.4097,4.3220E+001
420.4167,6.5707E+001
420.4236,5.4124E+001
420.4306,5.8122E+001
420.4375,6.1243E+001
420.4444,6.3440E+001
420.4514,6.4673E+001
420.4583,1.0931E+002
420.4653,1.5511E+002
420.4722,2.1742E+002
420.4792,2.2926E+002
420.4861,2.4284E+002
420.4931,2.5453E+002
420.5000,2.6212E+002
420.5069,2.6579E+002
420.5139,2.6749E+002
420.5208,2.6745E+002
420.5278,2.6375E+002
420.5347,2.6884E+002
420.5417,2.7225E+002
420.5486,2.7219E+002
420.5556,2.6890E+002
420.5625,2.6378E+002
420.5694,2.5784E+002
420.5764,2.4878E+002
420.5833,2.4432E+002
420.5903,2.3311E+002
420.5972,2.1965E+002
420.6042,2.1093E+002
420.6111,1.9761E+002
420.6181,1.6477E+002
420.6250,7.7011E+001
420.6319,6.5404E+001
420.6389,5.4942E+001
420.6458,5.2299E+001
420.6528,5.0205E+001
420.6597,4.3077E+001
420.6667,4.0471E+001
420.6736,3.7276E+001
420.6806,3.2472E+001
420.6875,2.7690E+001
420.6944,2.4098E+001
420.7014,2.0824E+001
420.7083,1.8189E+001
420.7153,1.5150E+001
420.7222,1.1499E+001
420.7292,7.8721E+000
420.7361,4.1106E+000
420.7431,1.5748E+000
420.7500,3.5092E-002
420.7569,0.0000E+000
420.7639,0.0000E+000
420.7708,0.0000E+000
420.7778,0.0000E+000
420.7847,0.0000E+000
420.7917,0.0000E+000
420.7986,0.0000E+000
420.8056,0.0000E+000
420.8125,0.0000E+000
420.8194,0.0000E+000
420.8264,0.0000E+000
420.8333,0.0000E+000
420.8403,0.0000E+000
420.8472,0.0000E+000
420.8542,0.0000E+000
420.8611,0.0000E+000
420.8681,0.0000E+000
420.8750,0.0000E+000
420.8819,0.0000E+000
420.8889,0.0000E+000
420.8958,0.0000E+000
420.9028,0.0000E+000
420.9097,0.0000E+000
420.9167,0.0000E+000
420.9236,0.0000E+000
420.9306,0.0000E+000
420.9375,0.0000E+000
420.9444,0.0000E+000
420.9514,0.0000E+000
420.9583,0.0000E+000
420.9653,0.0000E+000
420.9722,0.0000E+000
420.9792,0.0000E+000
420.9861,0.0000E+000
420.9931,0.0000E+000
421.0000,0.0000E+000
421.0069,1.2317E-003
421.0139,2.0165E-014
421.0208,0.0000E+000
421.0278,0.0000E+000
421.0347,0.0000E+000
421.0417,0.0000E+000
421.0486,7.3908E-003
421.0556,4.8398E-013
421.0625,0.0000E+000
421.0694,4.4366E-013
421.0764,6.7752E-003
421.0833,0.0000E+000
421.0903,0.0000E+000
421.0972,3.6956E-003
421.1042,1.8151E-013
421.1111,0.0000E+000
421.1181,0.0000E+000
421.1250,0.0000E+000
421.1319,1.3551E-002
421.1389,2.2185E-013
421.1458,0.0000E+000
421.1528,0.0000E+000
421.1597,0.0000E+000
421.1667,0.0000E+000
421.1736,2.0944E-002
421.1806,2.0944E-002
421.1875,3.6961E-003
421.1944,2.4641E-002
421.2014,3.7578E-002
421.2083,1.1089E-002
421.2153,1.7249E-002
421.2222,7.6648E-013
421.2292,2.3410E-002
421.2361,2.4026E-002
421.2431,6.1606E-003
421.2500,1.8482E-002
421.2569,1.8482E-002
421.2639,4.9287E-003
421.2708,1.2322E-002
421.2778,1.2938E-002
421.2847,9.2792E-013
421.2917,2.8341E-002
421.2986,1.5403E-001
421.3056,8.3053E-001
421.3125,2.1823E+000
421.3194,4.4059E+000
421.3264,6.8545E+000
421.3333,9.6506E+000
421.3403,1.2572E+001
421.3472,1.5235E+001
421.3542,1.7703E+001
421.3611,2.0098E+001
421.3681,2.2231E+001
421.3750,2.4016E+001
421.3819,2.6480E+001
421.3889,2.8980E+001
421.3958,3.1091E+001
421.4028,3.3406E+001
421.4097,3.6561E+001
421.4167,6.5587E+001
421.4236,5.0289E+001
421.4306,4.6186E+001
421.4375,4.8941E+001
421.4444,4.7095E+001
421.4514,4.8820E+001
421.4583,1.2304E+002
421.4653,1.6156E+002
421.4722,2.5966E+002
421.4792,2.7132E+002
421.4861,2.8205E+002
421.4931,2.9298E+002
421.5000,2.9944E+002
421.5069,3.0768E+002
421.5139,3.1177E+002
421.5208,3.1591E+002
421.5278,3.1844E+002
421.5347,3.1212E+002
421.5417,3.1091E+002
421.5486,3.0440E+002
421.5556,3.0462E+002
421.5625,2.9803E+002
421.5694,2.8483E+002
421.5764,2.8092E+002
421.5833,2.7430E+002
421.5903,2.6688E+002
421.5972,2.5818E+002
421.6042,2.4759E+002
421.6111,2.2823E+002
421.6181,1.8305E+002
421.6250,6.5741E+001
421.6319,5.0476E+001
421.6389,4.2989E+001
421.6458,3.4888E+001
421.6528,3.2134E+001
421.6597,2.8260E+001
421.6667,2.6203E+001
421.6736,2.2810E+001
421.6806,2.0878E+001
421.6875,1.9236E+001
421.6944,1.8106E+001
421.7014,1.5806E+001
421.7083,1.3433E+001
421.7153,1.1205E+001
421.7222,8.8494E+000
421.7292,6.5136E+000
421.7361,3.2883E+000
421.7431,5.7333E-001
421.7500,0.0000E+000
421.7569,0.0000E+000
421.7639,0.0000E+000
421.7708,0.0000E+000
421.7778,0.0000E+000
421.7847,0.0000E+000
421.7917,0.0000E+000
421.7986,0.0000E+000
421.8056,0.0000E+000
421.8125,0.0000E+000
421.8194,0.0000E+000
421.8264,0.0000E+000
421.8333,0.0000E+000
421.8403,0.0000E+000
421.8472,0.0000E+000
421.8542,0.0000E+000
421.8611,0.0000E+000
421.8681,0.0000E+000
421.8750,0.0000E+000
421.8819,0.0000E+000
421.8889,0.0000E+000
421.8958,0.0000E+000
421.9028,0.0000E+000
421.9097,0.0000E+000
421.9167,0.0000E+000
421.9236,0.0000E+000
421.9306,0.0000E+000
421.9375,0.0000E+000
421.9444,0.0000E+000
421.9514,0.0000E+000
421.9583,0.0000E+000
421.9653,0.0000E+000
421.9722,0.0000E+000
421.9792,0.0000E+000
421.9861,0.0000E+000
421.9931,0.0000E+000
422.0000,0.0000E+000
422.0069,0.0000E+000
422.0139,0.0000E+000
422.0208,0.0000E+000
422.0278,0.0000E+000
422.0347,0.0000E+000
422.0417,0.0000E+000
422.0486,0.0000E+000
422.0556,0.0000E+000
422.0625,0.0000E+000
422.0694,0.0000E+000
422.0764,0.0000E+000
422.0833,0.0000E+000
422.0903,0.0000E+000
422.0972,0.0000E+000
422.1042,0.0000E+000
422.1111,0.0000E+000
422.1181,0.0000E+000
422.1250,0.0000E+000
422.1319,0.0000E+000
422.1389,0.0000E+000
422.1458,0.0000E+000
422.1528,0.0000E+000
422.1597,0.0000E+000
422.1667,0.0000E+000
422.1736,0.0000E+000
422.1806,0.0000E+000
422.1875,0.0000E+000
422.1944,0.0000E+000
422.2014,0.0000E+000
422.2083,0.0000E+000
422.2153,0.0000E+000
422.2222,0.0000E+000
422.2292,0.0000E+000
422.2361,0.0000E+000
422.2431,0.0000E+000
422.2500,0.0000E+000
422.2569,0.0000E+000
422.2639,0.0000E+000
422.2708,0.0000E+000
422.2778,0.0000E+000
422.2847,0.0000E+000
422.2917,0.0000E+000
422.2986,4.9356E-002
422.3056,7.1197E-001
422.3125,3.3970E+000
422.3194,6.7873E+000
422.3264,9.8346E+000
422.3333,1.4032E+001
422.3403,2.3255E+001
422.3472,3.0876E+001
422.3542,2.9498E+001
422.3611,3.1234E+001
422.3681,3.2626E+001
422.3750,3.6160E+001
422.3819,5.4848E+001
422.3889,6.3650E+001
422.3958,5.6091E+001
422.4028,5.1062E+001
422.4097,5.6789E+001
422.4167,7.7490E+001
422.4236,8.5201E+001
422.4306,8.0206E+001
422.4375,7.1624E+001
422.4444,9.3244E+001
422.4514,1.3718E+002
422.4583,1.7360E+002
422.4653,1.5625E+002
422.4722,1.9551E+002
422.4792,1.7955E+002
422.4861,9.9095E+001
422.4931,5.1552E+001
422.5000,7.1690E+001
422.5069,6.7191E+001
422.5139,5.4740E+001
422.5208,4.5751E+001
422.5278,3.1633E+001
422.5347,1.9883E+001
422.5417,1.2958E+001
422.5486,1.3555E+001
422.5556,1.8583E+001
422.5625,2.2936E+001
422.5694,2.5930E+001
422.5764,2.0982E+001
422.5833,1.8150E+001
422.5903,1.3583E+001
422.5972,1.6110E+001
422.6042,1.8337E+001
422.6111,1.4244E+001
422.6181,2.0398E+001
422.6250,1.5526E+001
422.6319,1.1900E+001
422.6389,1.0043E+001
422.6458,1.0733E+001
422.6528,9.6624E+000
422.6597,1.2343E+001
422.6667,1.0625E+001
422.6736,1.0065E+001
422.6806,4.3857E+000
422.6875,3.7450E+000
422.6944,5.3469E+000
422.7014,8.6822E+000
422.7083,5.3803E+000
422.7153,2.9649E+000
422.7222,3.2396E+000
422.7292,2.9094E+000
422.7361,2.9212E+000
422.7431,2.4841E+000
422.7500,1.0223E+000
422.7569,3.0867E-002
422.7639,5.0532E-013
422.7708,0.0000E+000
422.7778,0.0000E+000
422.7847,0.0000E+000
422.7917,0.0000E+000
422.7986,0.0000E+000
422.8056,0.0000E+000
422.8125,0.0000E+000
422.8194,0.0000E+000
422.8264,0.0000E+000
422.8333,0.0000E+000
422.8403,0.0000E+000
422.8472,0.0000E+000
422.8542,0.0000E+000
422.8611,0.0000E+000
422.8681,0.0000E+000
422.8750,0.0000E+000
422.8819,0.0000E+000
422.8889,0.0000E+000
422.8958,0.0000E+000
422.9028,0.0000E+000
422.9097,0.0000E+000
422.9167,0.0000E+000
422.9236,0.0000E+000
422.9306,0.0000E+000
422.9375,0.0000E+000
422.9444,0.0000E+000
422.9514,0.0000E+000
422.9583,0.0000E+000
422.9653,0.0000E+000
422.9722,4.8525E-013
422.9792,1.4821E-002
422.9861,4.6315E-002
422.9931,3.0329E-012
423.0000,2.8407E-002
423.0069,1.6176E-013
423.0139,2.4702E-003
423.0208,1.7292E-002
423.0278,8.0283E-003
423.0347,4.9406E-003
423.0417,2.4265E-013
423.0486,1.2352E-003
423.0556,8.0884E-014
423.0625,0.0000E+000
423.0694,6.1760E-004
423.0764,1.0111E-014
423.0833,1.8528E-003
423.0903,2.4705E-002
423.0972,5.6622E-013
423.1042,1.7294E-002
423.1111,0.0000E+000
423.1181,0.0000E+000
423.1250,0.0000E+000
423.1319,0.0000E+000
423.1389,0.0000E+000
423.1458,0.0000E+000
423.1528,0.0000E+000
423.1597,0.0000E+000
423.1667,0.0000E+000
423.1736,6.7945E-003
423.1806,8.0300E-003
423.1875,0.0000E+000
423.1944,7.4124E-003
423.2014,1.2135E-013
423.2083,1.1119E-002
423.2153,3.4592E-002
423.2222,1.8532E-003
423.2292,4.3241E-003
423.2361,1.5443E-002
423.2431,1.4208E-002
423.2500,4.9420E-003
423.2569,5.9305E-002
423.2639,9.7088E-013
423.2708,1.3591E-002
423.2778,4.4499E-013
423.2847,4.2627E-002
423.2917,2.1789E+000
423.2986,3.3917E-001
423.3056,1.2405E+000
423.3125,2.9123E+000
423.3194,6.8305E+000
423.3264,9.7917E+000
423.3333,1.0146E+001
423.3403,1.0190E+001
423.3472,1.1935E+001
423.3542,1.3536E+001
423.3611,1.6517E+001
423.3681,1.7119E+001
423.3750,1.8482E+001
423.3819,2.0467E+001
423.3889,2.3100E+001
423.3958,2.3857E+001
423.4028,2.4421E+001
423.4097,3.7506E+001
423.4167,6.1698E+001
423.4236,7.7563E+001
423.4306,8.4751E+001
423.4375,6.8482E+001
423.4444,7.3671E+001
423.4514,8.8704E+001
423.4583,1.8772E+002
423.4653,2.6374E+002
423.4722,3.5745E+002
423.4792,3.4857E+002
423.4861,3.7122E+002
423.4931,3.8153E+002
423.5000,3.5529E+002
423.5069,3.5659E+002
423.5139,3.2380E+002
423.5208,3.5098E+002
423.5278,3.2898E+002
423.5347,3.4882E+002
423.5417,3.5385E+002
423.5486,3.4637E+002
423.5556,3.4940E+002
423.5625,3.4495E+002
423.5694,3.4148E+002
423.5764,3.3212E+002
423.5833,3.2014E+002
423.5903,3.1252E+002
423.5972,2.9559E+002
423.6042,2.8338E+002
423.6111,2.5164E+002
423.6181,1.9346E+002
423.6250,5.3629E+001
423.6319,3.3792E+001
423.6389,2.9090E+001
423.6458,2.2517E+001
423.6528,2.0876E+001
423.6597,2.0169E+001
423.6667,1.7011E+001
423.6736,1.4749E+001
423.6806,1.3781E+001
423.6875,1.3097E+001
423.6944,1.1736E+001
423.7014,1.0347E+001
423.7083,9.4655E+000
423.7153,7.5160E+000
423.7222,6.3193E+000
423.7292,5.0429E+000
423.7361,3.1341E+000
423.7431,2.1939E+000
423.7500,5.3966E-001
423.7569,0.0000E+000
423.7639,0.0000E+000
423.7708,0.0000E+000
423.7778,0.0000E+000
423.7847,0.0000E+000
423.7917,0.0000E+000
423.7986,0.0000E+000
423.8056,0.0000E+000
423.8125,0.0000E+000
423.8194,0.0000E+000
423.8264,0.0000E+000
423.8333,0.0000E+000
423.8403,0.0000E+000
423.8472,0.0000E+000
423.8542,0.0000E+000
423.8611,0.0000E+000
423.8681,0.0000E+000
423.8750,0.0000E+000
423.8819,0.0000E+000
423.8889,0.0000E+000
423.8958,0.0000E+000
423.9028,0.0000E+000
423.9097,0.0000E+000
423.9167,0.0000E+000
423.9236,0.0000E+000
423.9306,0.0000E+000
423.9375,0.0000E+000
423.9444,0.0000E+000
423.9514,0.0000E+000
423.9583,0.0000E+000
423.9653,0.0000E+000
423.9722,0.0000E+000
423.9792,0.0000E+000
423.9861,0.0000E+000
423.9931,0.0000E+000
424.0000,0.0000E+000
424.0069,0.0000E+000
424.0139,0.0000E+000
424.0208,0.0000E+000
424.0278,0.0000E+000
424.0347,0.0000E+000
424.0417,0.0000E+000
424.0486,0.0000E+000
424.0556,0.0000E+000
424.0625,0.0000E+000
424.0694,4.4095E-001
424.0764,6.2092E-001
424.0833,6.8030E-003
424.0903,1.0514E-002
424.0972,4.9477E-003
424.1042,9.8955E-003
424.1111,0.0000E+000
424.1181,0.0000E+000
424.1250,0.0000E+000
424.1319,0.0000E+000
424.1389,0.0000E+000
424.1458,3.7110E-003
424.1528,1.2151E-013
424.1597,0.0000E+000
424.1667,0.0000E+000
424.1736,0.0000E+000
424.1806,0.0000E+000
424.1875,0.0000E+000
424.1944,0.0000E+000
424.2014,0.0000E+000
424.2083,4.5568E-013
424.2153,9.2784E-003
424.2222,3.7114E-003
424.2292,4.1444E-002
424.2361,1.2990E-002
424.2431,2.4125E-002
424.2500,6.1859E-003
424.2569,5.3199E-002
424.2639,3.2786E-002
424.2708,2.5982E-002
424.2778,1.3609E-002
424.2847,3.2787E-002
424.2917,6.1862E-002
424.2986,4.2005E-001
424.3056,1.0449E+000
424.3125,2.0409E+000
424.3194,3.3401E+000
424.3264,4.5360E+000
424.3333,5.8179E+000
424.3403,6.8369E+000
424.3472,7.9091E+000
424.3542,9.0117E+000
424.3611,9.9602E+000
424.3681,1.1410E+001
424.3750,1.2937E+001
424.3819,1.4807E+001
424.3889,1.6535E+001
424.3958,1.9984E+001
424.4028,2.1632E+001
424.4097,3.7007E+001
424.4167,3.0528E+001
424.4236,3.5284E+001
424.4306,3.1111E+001
424.4375,3.8632E+001
424.4444,3.9555E+001
424.4514,3.4834E+001
424.4583,1.5318E+002
424.4653,2.1900E+002
424.4722,3.1228E+002
424.4792,3.2314E+002
424.4861,3.4037E+002
424.4931,3.4061E+002
424.5000,3.4626E+002
424.5069,3.4560E+002
424.5139,3.5101E+002
424.5208,3.5811E+002
424.5278,3.5826E+002
424.5347,3.5833E+002
424.5417,3.5973E+002
424.5486,3.5675E+002
424.5556,3.5400E+002
424.5625,3.4587E+002
424.5694,3.4318E+002
424.5764,3.3167E+002
424.5833,3.2241E+002
424.5903,3.1212E+002
424.5972,3.0053E+002
424.6042,2.9021E+002
424.6111,2.7367E+002
424.6181,2.3788E+002
424.6250,6.6295E+001
424.6319,3.8135E+001
424.6389,2.7770E+001
424.6458,2.5609E+001
424.6528,2.4117E+001
424.6597,2.2234E+001
424.6667,1.8834E+001
424.6736,1.6232E+001
424.6806,1.4613E+001
424.6875,1.2440E+001
424.6944,1.1212E+001
424.7014,1.0287E+001
424.7083,8.8582E+000
424.7153,7.8010E+000
424.7222,6.2072E+000
424.7292,4.5762E+000
424.7361,3.4274E+000
424.7431,1.8446E+000
424.7500,4.7045E-001
424.7569,0.0000E+000
424.7639,0.0000E+000
424.7708,0.0000E+000
424.7778,0.0000E+000
424.7847,0.0000E+000
424.7917,0.0000E+000
424.7986,0.0000E+000
424.8056,0.0000E+000
424.8125,0.0000E+000
424.8194,0.0000E+000
424.8264,0.0000E+000
424.8333,0.0000E+000
424.8403,0.0000E+000
424.8472,0.0000E+000
424.8542,0.0000E+000
424.8611,0.0000E+000
424.8681,0.0000E+000
424.8750,0.0000E+000
424.8819,0.0000E+000
424.8889,0.0000E+000
424.8958,0.0000E+000
424.9028,0.0000E+000
424.9097,0.0000E+000
424.9167,0.0000E+000
424.9236,0.0000E+000
424.9306,0.0000E+000
424.9375,0.0000E+000
424.9444,0.0000E+000
424.9514,0.0000E+000
424.9583,0.0000E+000
424.9653,0.0000E+000
424.9722,0.0000E+000
424.9792,0.0000E+000
424.9861,0.0000E+000
424.9931,0.0000E+000
425.0000,0.0000E+000
425.0069,0.0000E+000
425.0139,0.0000E+000
425.0208,0.0000E+000
425.0278,0.0000E+000
425.0347,0.0000E+000
425.0417,0.0000E+000
425.0486,0.0000E+000
425.0556,0.0000E+000
425.0625,0.0000E+000
425.0694,0.0000E+000
425.0764,0.0000E+000
425.0833,0.0000E+000
425.0903,0.0000E+000
425.0972,0.0000E+000
425.1042,0.0000E+000
425.1111,0.0000E+000
425.1181,0.0000E+000
425.1250,0.0000E+000
425.1319,0.0000E+000
425.1389,0.0000E+000
425.1458,0.0000E+000
425.1528,0.0000E+000
425.1597,0.0000E+000
425.1667,0.0000E+000
425.1736,0.0000E+000
425.1806,0.0000E+000
425.1875,0.0000E+000
425.1944,0.0000E+000
425.2014,0.0000E+000
425.2083,0.0000E+000
425.2153,0.0000E+000
425.2222,0.0000E+000
425.2292,0.0000E+000
425.2361,0.0000E+000
425.2431,0.0000E+000
425.2500,0.0000E+000
425.2569,0.0000E+000
425.2639,0.0000E+000
425.2708,0.0000E+000
425.2778,0.0000E+000
425.2847,0.0000E+000
425.2917,0.0000E+000
425.2986,4.3481E-003
425.3056,7.5533E-001
425.3125,2.1492E+000
425.3194,3.6394E+000
425.3264,5.1427E+000
425.3333,1.0054E+001
425.3403,8.3525E+000
425.3472,9.4241E+000
425.3542,1.0645E+001
425.3611,1.1892E+001
425.3681,1.3108E+001
425.3750,1.4556E+001
425.3819,1.6094E+001
425.3889,1.7669E+001
425.3958,1.8814E+001
425.4028,1.9742E+001
425.4097,2.4070E+001
425.4167,3.1494E+001
425.4236,2.3639E+001
425.4306,2.8840E+001
425.4375,4.3414E+001
425.4444,3.5677E+001
425.4514,4.0618E+001
425.4583,1.8602E+002
425.4653,2.2488E+002
425.4722,3.0676E+002
425.4792,3.1417E+002
425.4861,3.1959E+002
425.4931,3.3996E+002
425.5000,3.4088E+002
425.5069,3.4429E+002
425.5139,3.4727E+002
425.5208,3.4868E+002
425.5278,3.4986E+002
425.5347,3.5143E+002
425.5417,3.5351E+002
425.5486,3.4832E+002
425.5556,3.4276E+002
425.5625,3.4336E+002
425.5694,3.3103E+002
425.5764,3.1829E+002
425.5833,3.1716E+002
425.5903,3.0654E+002
425.5972,2.9858E+002
425.6042,2.7969E+002
425.6111,2.7451E+002
425.6181,2.3966E+002
425.6250,7.6973E+001
425.6319,3.5944E+001
425.6389,2.6281E+001
425.6458,2.3461E+001
425.6528,2.2941E+001
425.6597,2.1028E+001
425.6667,1.7350E+001
425.6736,1.6271E+001
425.6806,1.4064E+001
425.6875,1.1885E+001
425.6944,1.0399E+001
425.7014,9.6275E+000
425.7083,9.1720E+000
425.7153,7.7961E+000
425.7222,6.8956E+000
425.7292,6.1076E+000
425.7361,4.2816E+000
425.7431,2.7248E+000
425.7500,1.0908E+000
425.7569,2.5483E-002
425.7639,4.1718E-013
425.7708,0.0000E+000
425.7778,0.0000E+000
425.7847,0.0000E+000
425.7917,0.0000E+000
425.7986,0.0000E+000
425.8056,0.0000E+000
425.8125,0.0000E+000
425.8194,0.0000E+000
425.8264,0.0000E+000
425.8333,0.0000E+000
425.8403,0.0000E+000
425.8472,0.0000E+000
425.8542,0.0000E+000
425.8611,0.0000E+000
425.8681,0.0000E+000
425.8750,0.0000E+000
425.8819,0.0000E+000
425.8889,0.0000E+000
425.8958,0.0000E+000
425.9028,0.0000E+000
425.9097,0.0000E+000
425.9167,0.0000E+000
425.9236,0.0000E+000
425.9306,0.0000E+000
425.9375,0.0000E+000
425.9444,0.0000E+000
425.9514,0.0000E+000
425.9583,0.0000E+000
425.9653,0.0000E+000
425.9722,0.0000E+000
425.9792,0.0000E+000
425.9861,0.0000E+000
425.9931,0.0000E+000
426.0000,0.0000E+000
426.0069,0.0000E+000
426.0139,0.0000E+000
426.0208,0.0000E+000
426.0278,0.0000E+000
426.0347,0.0000E+000
426.0417,0.0000E+000
426.0486,0.0000E+000
426.0556,0.0000E+000
426.0625,0.0000E+000
426.0694,0.0000E+000
426.0764,0.0000E+000
426.0833,0.0000E+000
426.0903,0.0000E+000
426.0972,1.7346E-011
426.1042,5.2980E-001
426.1111,5.5343E-002
426.1181,3.6241E-012
426.1250,0.0000E+000
426.1319,5.5967E-003
426.1389,9.1623E-014
426.1458,1.8656E-002
426.1528,6.1083E-013
426.1597,0.0000E+000
426.1667,0.0000E+000
426.1736,0.0000E+000
426.1806,0.0000E+000
426.1875,0.0000E+000
426.1944,0.0000E+000
426.2014,0.0000E+000
426.2083,0.0000E+000
426.2153,0.0000E+000
426.2222,0.0000E+000
426.2292,0.0000E+000
426.2361,0.0000E+000
426.2431,0.0000E+000
426.2500,0.0000E+000
426.2569,0.0000E+000
426.2639,0.0000E+000
426.2708,1.8659E-003
426.2778,6.1094E-014
426.2847,9.9517E-003
426.2917,8.3346E-002
426.2986,5.4424E-001
426.3056,1.4499E+000
426.3125,2.6000E+000
426.3194,3.8117E+000
426.3264,5.0029E+000
426.3333,6.1418E+000
426.3403,7.2466E+000
426.3472,8.2991E+000
426.3542,9.3355E+000
426.3611,1.0579E+001
426.3681,1.1761E+001
426.3750,1.3085E+001
426.3819,1.4826E+001
426.3889,1.6303E+001
426.3958,1.7839E+001
426.4028,1.9114E+001
426.4097,2.4970E+001
426.4167,4.2693E+001
426.4236,2.9902E+001
426.4306,3.9350E+001
426.4375,4.3775E+001
426.4444,4.5786E+001
426.4514,1.0332E+002
426.4583,1.8891E+002
426.4653,2.5027E+002
426.4722,3.1682E+002
426.4792,3.2643E+002
426.4861,3.3350E+002
426.4931,3.3914E+002
426.5000,3.4758E+002
426.5069,3.5237E+002
426.5139,3.5489E+002
426.5208,3.5713E+002
426.5278,3.5436E+002
426.5347,3.5571E+002
426.5417,3.5381E+002
426.5486,3.5248E+002
426.5556,3.5145E+002
426.5625,3.4642E+002
426.5694,3.4174E+002
426.5764,3.3283E+002
426.5833,3.2448E+002
426.5903,3.1177E+002
426.5972,3.0240E+002
426.6042,2.9030E+002
426.6111,2.7747E+002
426.6181,2.4806E+002
426.6250,9.1765E+001
426.6319,4.8345E+001
426.6389,3.5667E+001
426.6458,2.9761E+001
426.6528,2.7771E+001
426.6597,2.5569E+001
426.6667,2.2749E+001
426.6736,1.9862E+001
426.6806,1.7845E+001
426.6875,1.6289E+001
426.6944,1.4816E+001
426.7014,1.3081E+001
426.7083,1.0476E+001
426.7153,8.7763E+000
426.7222,7.7569E+000
426.7292,6.1015E+000
426.7361,4.1847E+000
426.7431,2.3364E+000
426.7500,7.9228E-001
426.7569,3.9832E-002
426.7639,6.5209E-013
426.7708,0.0000E+000
426.7778,0.0000E+000
426.7847,0.0000E+000
426.7917,0.0000E+000
426.7986,0.0000E+000
426.8056,0.0000E+000
426.8125,0.0000E+000
426.8194,0.0000E+000
426.8264,0.0000E+000
426.8333,0.0000E+000
426.8403,0.0000E+000
426.8472,0.0000E+000
426.8542,0.0000E+000
426.8611,0.0000E+000
426.8681,0.0000E+000
426.8750,0.0000E+000
426.8819,0.0000E+000
426.8889,0.0000E+000
426.8958,0.0000E+000
426.9028,0.0000E+000
426.9097,0.0000E+000
426.9167,0.0000E+000
426.9236,0.0000E+000
426.9306,0.0000E+000
426.9375,0.0000E+000
426.9444,0.0000E+000
426.9514,0.0000E+000
426.9583,0.0000E+000
426.9653,0.0000E+000
426.9722,0.0000E+000
426.9792,0.0000E+000
426.9861,0.0000E+000
426.9931,0.0000E+000
427.0000,0.0000E+000
427.0069,0.0000E+000
427.0139,0.0000E+000
427.0208,0.0000E+000
427.0278,0.0000E+000
427.0347,0.0000E+000
427.0417,0.0000E+000
427.0486,0.0000E+000
427.0556,0.0000E+000
427.0625,0.0000E+000
427.0694,0.0000E+000
427.0764,0.0000E+000
427.0833,0.0000E+000
427.0903,0.0000E+000
427.0972,0.0000E+000
427.1042,0.0000E+000
427.1111,0.0000E+000
427.1181,0.0000E+000
427.1250,0.0000E+000
427.1319,0.0000E+000
427.1389,0.0000E+000
427.1458,0.0000E+000
427.1528,0.0000E+000
427.1597,0.0000E+000
427.1667,0.0000E+000
427.1736,0.0000E+000
427.1806,0.0000E+000
427.1875,0.0000E+000
427.1944,0.0000E+000
427.2014,0.0000E+000
427.2083,0.0000E+000
427.2153,0.0000E+000
427.2222,0.0000E+000
427.2292,0.0000E+000
427.2361,0.0000E+000
427.2431,0.0000E+000
427.2500,0.0000E+000
427.2569,0.0000E+000
427.2639,0.0000E+000
427.2708,0.0000E+000
427.2778,0.0000E+000
427.2847,1.5090E-012
427.2917,4.6089E-002
427.2986,3.6000E-001
427.3056,1.0551E+000
427.3125,3.4817E+000
427.3194,8.0522E+000
427.3264,1.2552E+001
427.3333,1.5805E+001
427.3403,2.0828E+001
427.3472,2.5109E+001
427.3542,2.9024E+001
427.3611,3.5180E+001
427.3681,4.3183E+001
427.3750,5.4736E+001
427.3819,5.9685E+001
427.3889,5.8558E+001
427.3958,5.4978E+001
427.4028,5.1946E+001
427.4097,5.4285E+001
427.4167,5.9264E+001
427.4236,6.5109E+001
427.4306,6.2378E+001
427.4375,7.1068E+001
427.4444,9.5265E+001
427.4514,1.1196E+002
427.4583,1.2763E+002
427.4653,1.7373E+002
427.4722,2.0320E+002
427.4792,1.5864E+002
427.4861,1.9574E+002
427.4931,1.9084E+002
427.5000,1.9076E+002
427.5069,2.3138E+002
427.5139,2.3613E+002
427.5208,2.0595E+002
427.5278,2.1471E+002
427.5347,2.4526E+002
427.5417,2.6263E+002
427.5486,2.1196E+002
427.5556,2.2750E+002
427.5625,2.2464E+002
427.5694,1.7559E+002
427.5764,1.7350E+002
427.5833,1.4758E+002
427.5903,1.7976E+002
427.5972,1.6743E+002
427.6042,2.1006E+002
427.6111,1.9521E+002
427.6181,1.0977E+002
427.6250,8.5251E+001
427.6319,7.2509E+001
427.6389,5.5465E+001
427.6458,5.3918E+001
427.6528,3.6756E+001
427.6597,3.2087E+001
427.6667,3.9669E+001
427.6736,6.1227E+001
427.6806,7.1246E+001
427.6875,4.7473E+001
427.6944,3.3043E+001
427.7014,2.7292E+001
427.7083,2.9993E+001
427.7153,2.6986E+001
427.7222,1.8858E+001
427.7292,1.2106E+001
427.7361,7.9009E+000
427.7431,3.8458E+000
427.7500,1.3605E+000
427.7569,2.3682E-002
427.7639,3.8770E-013
427.7708,0.0000E+000
427.7778,0.0000E+000
427.7847,0.0000E+000
427.7917,0.0000E+000
427.7986,0.0000E+000
427.8056,0.0000E+000
427.8125,0.0000E+000
427.8194,0.0000E+000
427.8264,0.0000E+000
427.8333,0.0000E+000
427.8403,0.0000E+000
427.8472,0.0000E+000
427.8542,0.0000E+000
427.8611,0.0000E+000
427.8681,0.0000E+000
427.8750,0.0000E+000
427.8819,0.0000E+000
427.8889,0.0000E+000
427.8958,0.0000E+000
427.9028,0.0000E+000
427.9097,0.0000E+000
427.9167,0.0000E+000
427.9236,0.0000E+000
427.9306,0.0000E+000
427.9375,0.0000E+000
427.9444,0.0000E+000
427.9514,0.0000E+000
427.9583,0.0000E+000
427.9653,0.0000E+000
427.9722,0.0000E+000
427.9792,0.0000E+000
427.9861,0.0000E+000
427.9931,0.0000E+000
428.0000,0.0000E+000
428.0069,0.0000E+000
428.0139,0.0000E+000
428.0208,0.0000E+000
428.0278,0.0000E+000
428.0347,0.0000E+000
428.0417,0.0000E+000
428.0486,0.0000E+000
428.0556,0.0000E+000
428.0625,0.0000E+000
428.0694,0.0000E+000
428.0764,0.0000E+000
428.0833,0.0000E+000
428.0903,0.0000E+000
428.0972,0.0000E+000
428.1042,0.0000E+000
428.1111,0.0000E+000
428.1181,0.0000E+000
428.1250,0.0000E+000
428.1319,0.0000E+000
428.1389,0.0000E+000
428.1458,0.0000E+000
428.1528,0.0000E+000
428.1597,0.0000E+000
428.1667,0.0000E+000
428.1736,0.0000E+000
428.1806,0.0000E+000
428.1875,0.0000E+000
428.1944,0.0000E+000
428.2014,0.0000E+000
428.2083,0.0000E+000
428.2153,0.0000E+000
428.2222,0.0000E+000
428.2292,0.0000E+000
428.2361,0.0000E+000
428.2431,0.0000E+000
428.2500,0.0000E+000
428.2569,0.0000E+000
428.2639,0.0000E+000
428.2708,0.0000E+000
428.2778,0.0000E+000
428.2847,0.0000E+000
428.2917,0.0000E+000
428.2986,1.6839E-002
428.3056,9.6420E-001
428.3125,4.2217E+000
428.3194,9.1333E+000
428.3264,1.0134E+001
428.3333,1.3254E+001
428.3403,1.9928E+001
428.3472,3.4231E+001
428.3542,4.2012E+001
428.3611,3.9734E+001
428.3681,4.0889E+001
428.3750,3.8238E+001
428.3819,3.5540E+001
428.3889,3.4214E+001
428.3958,3.4064E+001
428.4028,3.6736E+001
428.4097,5.4135E+001
428.4167,1.0031E+002
428.4236,7.4895E+001
428.4306,8.0095E+001
428.4375,8.2477E+001
428.4444,7.0617E+001
428.4514,1.2233E+002
428.4583,1.9513E+002
428.4653,1.8962E+002
428.4722,1.1876E+002
428.4792,1.0300E+002
428.4861,1.2402E+002
428.4931,1.4356E+002
428.5000,2.8762E+002
428.5069,3.3289E+002
428.5139,3.2050E+002
428.5208,3.2755E+002
428.5278,2.5121E+002
428.5347,2.1486E+002
428.5417,1.4800E+002
428.5486,1.1408E+002
428.5556,5.4747E+001
428.5625,4.7729E+001
428.5694,4.9641E+001
428.5764,6.9758E+001
428.5833,1.1248E+002
428.5903,1.5520E+002
428.5972,1.4785E+002
428.6042,1.0014E+002
428.6111,1.2542E+002
428.6181,7.7558E+001
428.6250,6.5358E+001
428.6319,1.2103E+002
428.6389,6.0974E+001
428.6458,7.5524E+001
428.6528,8.3523E+001
428.6597,4.6265E+001
428.6667,4.3634E+001
428.6736,4.1987E+001
428.6806,3.5528E+001
428.6875,3.6018E+001
428.6944,2.5512E+001
428.7014,1.6733E+001
428.7083,9.5562E+000
428.7153,5.7528E+000
428.7222,7.8128E+000
428.7292,1.7392E+000
428.7361,1.9096E-001
428.7431,3.9128E-001
428.7500,1.9346E-002
428.7569,0.0000E+000
428.7639,0.0000E+000
428.7708,5.4294E-002
428.7778,4.3685E-003
428.7847,0.0000E+000
428.7917,0.0000E+000
428.7986,0.0000E+000
428.8056,0.0000E+000
428.8125,0.0000E+000
428.8194,0.0000E+000
428.8264,0.0000E+000
428.8333,0.0000E+000
428.8403,0.0000E+000
428.8472,0.0000E+000
428.8542,0.0000E+000
428.8611,0.0000E+000
428.8681,0.0000E+000
428.8750,0.0000E+000
428.8819,0.0000E+000
428.8889,0.0000E+000
428.8958,0.0000E+000
428.9028,0.0000E+000
428.9097,0.0000E+000
428.9167,0.0000E+000
428.9236,0.0000E+000
428.9306,0.0000E+000
428.9375,0.0000E+000
428.9444,6.2421E-004
428.9514,1.0219E-014
428.9583,0.0000E+000
428.9653,0.0000E+000
428.9722,0.0000E+000
428.9792,0.0000E+000
428.9861,5.6807E-002
428.9931,1.9477E-001
429.0000,8.7396E-003
429.0069,8.1779E-002
429.0139,3.5271E-001
429.0208,3.9142E-001
429.0278,5.6747E-001
429.0347,5.5999E-001
429.0417,3.2089E-001
429.0486,3.3775E-001
429.0556,3.0591E-001
429.0625,3.5024E-001
429.0694,1.7731E-001
429.0764,2.5722E-001
429.0833,2.7658E-001
429.0903,2.2726E-001
429.0972,2.2164E-001
429.1042,2.2601E-001
429.1111,1.9355E-002
429.1181,1.0614E-002
429.1250,0.0000E+000
429.1319,0.0000E+000
429.1389,0.0000E+000
429.1458,0.0000E+000
429.1528,0.0000E+000
429.1597,0.0000E+000
429.1667,0.0000E+000
429.1736,0.0000E+000
429.1806,0.0000E+000
429.1875,0.0000E+000
429.1944,0.0000E+000
429.2014,0.0000E+000
429.2083,0.0000E+000
429.2153,0.0000E+000
429.2222,0.0000E+000
429.2292,0.0000E+000
429.2361,0.0000E+000
429.2431,0.0000E+000
429.2500,0.0000E+000
429.2569,0.0000E+000
429.2639,0.0000E+000
429.2708,0.0000E+000
429.2778,0.0000E+000
429.2847,1.9016E-012
429.2917,5.8079E-002
429.2986,2.9602E-001
429.3056,5.3646E-001
429.3125,1.3371E+000
429.3194,1.9485E+000
429.3264,1.6706E+000
429.3333,1.5376E+000
429.3403,2.9104E+000
429.3472,7.1923E+000
429.3542,1.6957E+001
429.3611,3.2655E+001
429.3681,4.0991E+001
429.3750,4.7062E+001
429.3819,5.8447E+001
429.3889,6.2485E+001
429.3958,6.9919E+001
429.4028,7.0941E+001
429.4097,6.9994E+001
429.4167,7.2603E+001
429.4236,7.0633E+001
429.4306,7.2421E+001
429.4375,7.6257E+001
429.4444,7.9552E+001
429.4514,7.8640E+001
429.4583,6.8780E+001
429.4653,6.3378E+001
429.4722,8.6822E+001
429.4792,9.1095E+001
429.4861,4.2749E+001
429.4931,3.2799E+001
429.5000,6.8888E+001
429.5069,7.6462E+001
429.5139,5.0489E+001
429.5208,7.6380E+001
429.5278,1.1515E+002
429.5347,1.2486E+002
429.5417,1.1300E+002
429.5486,1.3243E+002
429.5556,1.4535E+002
429.5625,1.4282E+002
429.5694,1.1784E+002
429.5764,1.3191E+002
429.5833,1.2350E+002
429.5903,1.0441E+002
429.5972,6.5176E+001
429.6042,8.5467E+001
429.6111,8.8183E+001
429.6181,2.8972E+001
429.6250,2.1323E+001
429.6319,3.0110E+001
429.6389,5.8278E+001
429.6458,3.2691E+001
429.6528,1.5210E+001
429.6597,4.1704E+001
429.6667,3.9029E+001
429.6736,2.7877E+001
429.6806,3.8104E+001
429.6875,3.7184E+001
429.6944,4.3803E+001
429.7014,3.1856E+001
429.7083,2.4402E+001
429.7153,1.9938E+001
429.7222,1.2052E+001
429.7292,1.1293E+001
429.7361,8.6258E+000
429.7431,2.5701E+000
429.7500,8.1111E-001
429.7569,3.2620E-001
429.7639,5.3402E-012
429.7708,0.0000E+000
429.7778,0.0000E+000
429.7847,0.0000E+000
429.7917,0.0000E+000
429.7986,0.0000E+000
429.8056,0.0000E+000
429.8125,0.0000E+000
429.8194,0.0000E+000
429.8264,0.0000E+000
429.8333,0.0000E+000
429.8403,0.0000E+000
429.8472,0.0000E+000
429.8542,0.0000E+000
429.8611,0.0000E+000
429.8681,0.0000E+000
429.8750,0.0000E+000
429.8819,0.0000E+000
429.8889,0.0000E+000
429.8958,0.0000E+000
429.9028,0.0000E+000
429.9097,0.0000E+000
429.9167,0.0000E+000
429.9236,0.0000E+000
429.9306,0.0000E+000
429.9375,0.0000E+000
429.9444,0.0000E+000
429.9514,0.0000E+000
429.9583,0.0000E+000
429.9653,0.0000E+000
429.9722,0.0000E+000
429.9792,0.0000E+000
429.9861,0.0000E+000
429.9931,0.0000E+000
430.0000,0.0000E+000
430.0069,0.0000E+000
430.0139,0.0000E+000
430.0208,0.0000E+000
430.0278,0.0000E+000
430.0347,0.0000E+000
430.0417,0.0000E+000
430.0486,0.0000E+000
430.0556,0.0000E+000
430.0625,0.0000E+000
430.0694,0.0000E+000
430.0764,0.0000E+000
430.0833,0.0000E+000
430.0903,0.0000E+000
430.0972,0.0000E+000
430.1042,0.0000E+000
430.1111,0.0000E+000
430.1181,0.0000E+000
430.1250,0.0000E+000
430.1319,0.0000E+000
430.1389,0.0000E+000
430.1458,0.0000E+000
430.1528,0.0000E+000
430.1597,0.0000E+000
430.1667,0.0000E+000
430.1736,0.0000E+000
430.1806,0.0000E+000
430.1875,0.0000E+000
430.1944,0.0000E+000
430.2014,0.0000E+000
430.2083,0.0000E+000
430.2153,0.0000E+000
430.2222,0.0000E+000
430.2292,0.0000E+000
430.2361,0.0000E+000
430.2431,0.0000E+000
430.2500,0.0000E+000
430.2569,1.3132E-002
430.2639,3.2517E-002
430.2708,0.0000E+000
430.2778,0.0000E+000
430.2847,4.0647E-002
430.2917,1.3132E-002
430.2986,1.1994E+000
430.3056,2.6052E+000
430.3125,4.3069E+000
430.3194,5.7296E+000
430.3264,7.2900E+000
430.3333,8.6953E+000
430.3403,9.9274E+000
430.3472,1.1251E+001
430.3542,1.2428E+001
430.3611,1.4641E+001
430.3681,1.5390E+001
430.3750,1.7611E+001
430.3819,1.9091E+001
430.3889,1.9959E+001
430.3958,2.1654E+001
430.4028,2.3021E+001
430.4097,3.6056E+001
430.4167,3.1475E+001
430.4236,4.3022E+001
430.4306,4.9162E+001
430.4375,8.9723E+001
430.4444,1.0216E+002
430.4514,2.5256E+002
430.4583,2.4867E+002
430.4653,3.4530E+002
430.4722,3.6268E+002
430.4792,3.6779E+002
430.4861,3.7410E+002
430.4931,3.8347E+002
430.5000,3.8671E+002
430.5069,3.9214E+002
430.5139,3.9703E+002
430.5208,3.9688E+002
430.5278,3.9722E+002
430.5347,3.9715E+002
430.5417,3.9004E+002
430.5486,3.9245E+002
430.5556,3.8290E+002
430.5625,3.8004E+002
430.5694,3.7346E+002
430.5764,3.7316E+002
430.5833,3.5543E+002
430.5903,3.4134E+002
430.5972,3.3710E+002
430.6042,3.2438E+002
430.6111,3.1154E+002
430.6181,2.9424E+002
430.6250,1.2374E+002
430.6319,3.9434E+001
430.6389,2.5129E+001
430.6458,2.2593E+001
430.6528,2.2217E+001
430.6597,2.0182E+001
430.6667,1.7405E+001
430.6736,1.5098E+001
430.6806,1.4491E+001
430.6875,1.3049E+001
430.6944,1.1862E+001
430.7014,1.0905E+001
430.7083,9.5519E+000
430.7153,8.6190E+000
430.7222,7.5704E+000
430.7292,5.2097E+000
430.7361,4.0647E+000
430.7431,3.1073E+000
430.7500,1.1194E+000
430.7569,4.7556E-002
430.7639,7.7854E-013
430.7708,0.0000E+000
430.7778,0.0000E+000
430.7847,0.0000E+000
430.7917,0.0000E+000
430.7986,0.0000E+000
430.8056,0.0000E+000
430.8125,0.0000E+000
430.8194,0.0000E+000
430.8264,0.0000E+000
430.8333,0.0000E+000
430.8403,0.0000E+000
430.8472,0.0000E+000
430.8542,0.0000E+000
430.8611,0.0000E+000
430.8681,0.0000E+000
430.8750,0.0000E+000
430.8819,0.0000E+000
430.8889,0.0000E+000
430.8958,0.0000E+000
430.9028,0.0000E+000
430.9097,0.0000E+000
430.9167,0.0000E+000
430.9236,0.0000E+000
430.9306,0.0000E+000
430.9375,0.0000E+000
430.9444,0.0000E+000
430.9514,0.0000E+000
430.9583,0.0000E+000
430.9653,0.0000E+000
430.9722,0.0000E+000
430.9792,0.0000E+000
430.9861,0.0000E+000
430.9931,0.0000E+000
431.0000,0.0000E+000
431.0069,0.0000E+000
431.0139,0.0000E+000
431.0208,0.0000E+000
431.0278,0.0000E+000
431.0347,0.0000E+000
431.0417,0.0000E+000
431.0486,0.0000E+000
431.0556,0.0000E+000
431.0625,0.0000E+000
431.0694,0.0000E+000
431.0764,0.0000E+000
431.0833,0.0000E+000
431.0903,0.0000E+000
431.0972,0.0000E+000
431.1042,0.0000E+000
431.1111,0.0000E+000
431.1181,0.0000E+000
431.1250,0.0000E+000
431.1319,0.0000E+000
431.1389,0.0000E+000
431.1458,0.0000E+000
431.1528,0.0000E+000
431.1597,0.0000E+000
431.1667,0.0000E+000
431.1736,0.0000E+000
431.1806,0.0000E+000
431.1875,0.0000E+000
431.1944,0.0000E+000
431.2014,0.0000E+000
431.2083,0.0000E+000
431.2153,0.0000E+000
431.2222,0.0000E+000
431.2292,0.0000E+000
431.2361,0.0000E+000
431.2431,0.0000E+000
431.2500,0.0000E+000
431.2569,0.0000E+000
431.2639,0.0000E+000
431.2708,0.0000E+000
431.2778,0.0000E+000
431.2847,6.8888E-012
431.2917,2.1040E-001
431.2986,1.1127E+000
431.3056,2.8116E+000
431.3125,4.2463E+000
431.3194,5.6578E+000
431.3264,7.0111E+000
431.3333,8.1709E+000
431.3403,9.3251E+000
431.3472,1.0713E+001
431.3542,1.2130E+001
431.3611,1.3629E+001
431.3681,1.5315E+001
431.3750,1.7297E+001
431.3819,1.8859E+001
431.3889,1.9972E+001
431.3958,2.3180E+001
431.4028,2.3434E+001
431.4097,3.4156E+001
431.4167,3.0106E+001
431.4236,4.3067E+001
431.4306,6.2342E+001
431.4375,8.5123E+001
431.4444,1.0585E+002
431.4514,2.4768E+002
431.4583,2.5279E+002
431.4653,3.2922E+002
431.4722,3.3946E+002
431.4792,3.5306E+002
431.4861,3.6160E+002
431.4931,3.6603E+002
431.5000,3.7581E+002
431.5069,3.8131E+002
431.5139,2.1760E+002
431.5208,3.4924E+002
431.5278,3.7742E+002
431.5347,3.4358E+002
431.5417,3.3904E+002
431.5486,3.7526E+002
431.5556,3.7459E+002
431.5625,3.6516E+002
431.5694,3.5422E+002
431.5764,3.5193E+002
431.5833,3.4591E+002
431.5903,3.3888E+002
431.5972,3.2932E+002
431.6042,3.1842E+002
431.6111,2.9871E+002
431.6181,2.8446E+002
431.6250,1.3351E+002
431.6319,6.3883E+001
431.6389,3.3471E+001
431.6458,3.1610E+001
431.6528,2.9695E+001
431.6597,2.7813E+001
431.6667,2.4091E+001
431.6736,2.1396E+001
431.6806,2.0181E+001
431.6875,1.8558E+001
431.6944,1.6876E+001
431.7014,1.5404E+001
431.7083,1.3405E+001
431.7153,1.1292E+001
431.7222,8.6407E+000
431.7292,6.5262E+000
431.7361,5.2643E+000
431.7431,3.9085E+000
431.7500,2.4518E+000
431.7569,4.2607E-001
431.7639,6.9752E-012
431.7708,0.0000E+000
431.7778,0.0000E+000
431.7847,0.0000E+000
431.7917,0.0000E+000
431.7986,0.0000E+000
431.8056,0.0000E+000
431.8125,0.0000E+000
431.8194,0.0000E+000
431.8264,0.0000E+000
431.8333,0.0000E+000
431.8403,0.0000E+000
431.8472,0.0000E+000
431.8542,0.0000E+000
431.8611,0.0000E+000
431.8681,0.0000E+000
431.8750,0.0000E+000
431.8819,0.0000E+000
431.8889,0.0000E+000
431.8958,0.0000E+000
431.9028,0.0000E+000
431.9097,0.0000E+000
431.9167,0.0000E+000
431.9236,0.0000E+000
431.9306,0.0000E+000
431.9375,0.0000E+000
431.9444,0.0000E+000
431.9514,0.0000E+000
431.9583,0.0000E+000
431.9653,0.0000E+000
431.9722,0.0000E+000
431.9792,0.0000E+000
431.9861,0.0000E+000
431.9931,0.0000E+000
432.0000,0.0000E+000
432.0069,0.0000E+000
432.0139,0.0000E+000
432.0208,0.0000E+000
432.0278,0.0000E+000
432.0347,0.0000E+000
432.0417,0.0000E+000
432.0486,0.0000E+000
432.0556,0.0000E+000
432.0625,0.0000E+000
432.0694,0.0000E+000
432.0764,0.0000E+000
432.0833,0.0000E+000
432.0903,0.0000E+000
432.0972,0.0000E+000
432.1042,0.0000E+000
432.1111,0.0000E+000
432.1181,0.0000E+000
432.1250,0.0000E+000
432.1319,0.0000E+000
432.1389,0.0000E+000
432.1458,0.0000E+000
432.1528,0.0000E+000
432.1597,0.0000E+000
432.1667,0.0000E+000
432.1736,0.0000E+000
432.1806,0.0000E+000
432.1875,0.0000E+000
432.1944,0.0000E+000
432.2014,0.0000E+000
432.2083,0.0000E+000
432.2153,0.0000E+000
432.2222,0.0000E+000
432.2292,0.0000E+000
432.2361,0.0000E+000
432.2431,0.0000E+000
432.2500,0.0000E+000
432.2569,0.0000E+000
432.2639,0.0000E+000
432.2708,0.0000E+000
432.2778,0.0000E+000
432.2847,1.8811E-002
432.2917,7.0227E-001
432.2986,2.1771E+000
432.3056,3.8406E+000
432.3125,5.3763E+000
432.3194,6.9790E+000
432.3264,8.4778E+000
432.3333,9.9596E+000
432.3403,1.1149E+001
432.3472,1.2575E+001
432.3542,1.3712E+001
432.3611,1.5017E+001
432.3681,1.6694E+001
432.3750,1.8767E+001
432.3819,2.0812E+001
432.3889,2.2175E+001
432.3958,2.6609E+001
432.4028,2.9281E+001
432.4097,5.5631E+001
432.4167,5.3398E+001
432.4236,5.1917E+001
432.4306,8.3315E+001
432.4375,9.4435E+001
432.4444,9.7847E+001
432.4514,2.5035E+002
432.4583,2.8378E+002
432.4653,3.3429E+002
432.4722,3.6942E+002
432.4792,3.3343E+002
432.4861,3.0004E+002
432.4931,2.2685E+002
432.5000,2.9514E+002
432.5069,3.3542E+002
432.5139,3.1489E+002
432.5208,3.6007E+002
432.5278,3.7045E+002
432.5347,3.5481E+002
432.5417,3.3586E+002
432.5486,3.3104E+002
432.5556,3.4271E+002
432.5625,3.3766E+002
432.5694,3.2809E+002
432.5764,3.3674E+002
432.5833,2.8184E+002
432.5903,2.7395E+002
432.5972,2.8989E+002
432.6042,2.6196E+002
432.6111,2.4927E+002
432.6181,2.2642E+002
432.6250,1.2638E+002
432.6319,9.0285E+001
432.6389,6.6936E+001
432.6458,7.2456E+001
432.6528,7.6002E+001
432.6597,7.8184E+001
432.6667,6.1972E+001
432.6736,4.5594E+001
432.6806,3.1758E+001
432.6875,3.0114E+001
432.6944,2.8916E+001
432.7014,3.2609E+001
432.7083,2.5188E+001
432.7153,1.8747E+001
432.7222,1.2302E+001
432.7292,8.6348E+000
432.7361,7.3305E+000
432.7431,4.2494E+000
432.7500,2.3955E+000
432.7569,1.0835E+000
432.7639,1.3803E-002
432.7708,0.0000E+000
432.7778,0.0000E+000
432.7847,0.0000E+000
432.7917,0.0000E+000
432.7986,0.0000E+000
432.8056,0.0000E+000
432.8125,0.0000E+000
432.8194,0.0000E+000
432.8264,0.0000E+000
432.8333,0.0000E+000
432.8403,0.0000E+000
432.8472,0.0000E+000
432.8542,0.0000E+000
432.8611,0.0000E+000
432.8681,0.0000E+000
432.8750,0.0000E+000
432.8819,0.0000E+000
432.8889,0.0000E+000
432.8958,0.0000E+000
432.9028,0.0000E+000
432.9097,0.0000E+000
432.9167,0.0000E+000
432.9236,0.0000E+000
432.9306,0.0000E+000
432.9375,0.0000E+000
432.9444,0.0000E+000
432.9514,0.0000E+000
432.9583,0.0000E+000
432.9653,0.0000E+000
432.9722,0.0000E+000
432.9792,0.0000E+000
432.9861,0.0000E+000
432.9931,0.0000E+000
433.0000,0.0000E+000
433.0069,0.0000E+000
433.0139,0.0000E+000
433.0208,0.0000E+000
433.0278,0.0000E+000
433.0347,0.0000E+000
433.0417,0.0000E+000
433.0486,0.0000E+000
433.0556,0.0000E+000
433.0625,0.0000E+000
433.0694,0.0000E+000
433.0764,0.0000E+000
433.0833,0.0000E+000
433.0903,0.0000E+000
433.0972,0.0000E+000
433.1042,0.0000E+000
433.1111,0.0000E+000
433.1181,0.0000E+000
433.1250,0.0000E+000
433.1319,0.0000E+000
433.1389,0.0000E+000
433.1458,0.0000E+000
433.1528,0.0000E+000
433.1597,0.0000E+000
433.1667,0.0000E+000
433.1736,0.0000E+000
433.1806,0.0000E+000
433.1875,0.0000E+000
433.1944,0.0000E+000
433.2014,0.0000E+000
433.2083,0.0000E+000
433.2153,0.0000E+000
433.2222,0.0000E+000
433.2292,0.0000E+000
433.2361,0.0000E+000
433.2431,0.0000E+000
433.2500,0.0000E+000
433.2569,0.0000E+000
433.2639,0.0000E+000
433.2708,0.0000E+000
433.2778,0.0000E+000
433.2847,1.2293E-011
433.2917,3.7546E-001
433.2986,2.4926E+000
433.3056,5.5988E+000
433.3125,8.7847E+000
433.3194,1.2721E+001
433.3264,1.8301E+001
433.3333,2.4406E+001
433.3403,3.0064E+001
433.3472,3.7407E+001
433.3542,4.2323E+001
433.3611,4.6401E+001
433.3681,5.1665E+001
433.3750,5.9649E+001
433.3819,7.0152E+001
433.3889,7.6274E+001
433.3958,8.1131E+001
433.4028,9.2002E+001
433.4097,9.8817E+001
433.4167,1.0370E+002
433.4236,1.1246E+002
433.4306,1.1450E+002
433.4375,1.2343E+002
433.4444,1.4537E+002
433.4514,2.0189E+002
433.4583,2.1865E+002
433.4653,1.9121E+002
433.4722,1.7251E+002
433.4792,2.0689E+002
433.4861,1.7612E+002
433.4931,2.3279E+002
433.5000,2.2525E+002
433.5069,1.7377E+002
433.5139,1.7692E+002
433.5208,2.2697E+002
433.5278,1.3556E+002
433.5347,1.6279E+002
433.5417,1.7738E+002
433.5486,1.4921E+002
433.5556,1.4648E+002
433.5625,9.5615E+001
433.5694,8.5773E+001
433.5764,9.3003E+001
433.5833,9.7229E+001
433.5903,1.3126E+002
433.5972,1.3968E+002
433.6042,1.5673E+002
433.6111,1.4775E+002
433.6181,2.2419E+002
433.6250,2.1162E+002
433.6319,9.4385E+001
433.6389,6.5717E+001
433.6458,6.3862E+001
433.6528,4.0909E+001
433.6597,2.2793E+001
433.6667,2.5954E+001
433.6736,2.5124E+001
433.6806,2.2710E+001
433.6875,1.9097E+001
433.6944,1.7343E+001
433.7014,1.6389E+001
433.7083,1.6326E+001
433.7153,1.3608E+001
433.7222,1.4746E+001
433.7292,1.3692E+001
433.7361,8.3587E+000
433.7431,4.2727E+000
433.7500,2.2586E+000
433.7569,1.0963E+000
433.7639,1.6146E-001
433.7708,0.0000E+000
433.7778,0.0000E+000
433.7847,0.0000E+000
433.7917,0.0000E+000
433.7986,0.0000E+000
433.8056,0.0000E+000
433.8125,0.0000E+000
433.8194,0.0000E+000
433.8264,0.0000E+000
433.8333,0.0000E+000
433.8403,0.0000E+000
433.8472,0.0000E+000
433.8542,0.0000E+000
433.8611,0.0000E+000
433.8681,0.0000E+000
433.8750,0.0000E+000
433.8819,0.0000E+000
433.8889,0.0000E+000
433.8958,0.0000E+000
433.9028,0.0000E+000
433.9097,0.0000E+000
433.9167,0.0000E+000
433.9236,0.0000E+000
433.9306,0.0000E+000
433.9375,0.0000E+000
433.9444,0.0000E+000
433.9514,0.0000E+000
433.9583,0.0000E+000
433.9653,0.0000E+000
433.9722,0.0000E+000
433.9792,0.0000E+000
433.9861,0.0000E+000
433.9931,0.0000E+000
434.0000,0.0000E+000
434.0069,0.0000E+000
434.0139,0.0000E+000
434.0208,0.0000E+000
434.0278,0.0000E+000
434.0347,0.0000E+000
434.0417,0.0000E+000
434.0486,0.0000E+000
434.0556,0.0000E+000
434.0625,0.0000E+000
434.0694,0.0000E+000
434.0764,0.0000E+000
434.0833,0.0000E+000
434.0903,0.0000E+000
434.0972,0.0000E+000
434.1042,0.0000E+000
434.1111,0.0000E+000
434.1181,0.0000E+000
434.1250,0.0000E+000
434.1319,0.0000E+000
434.1389,0.0000E+000
434.1458,0.0000E+000
434.1528,0.0000E+000
434.1597,0.0000E+000
434.1667,0.0000E+000
434.1736,0.0000E+000
434.1806,0.0000E+000
434.1875,0.0000E+000
434.1944,0.0000E+000
434.2014,0.0000E+000
434.2083,0.0000E+000
434.2153,0.0000E+000
434.2222,0.0000E+000
434.2292,0.0000E+000
434.2361,0.0000E+000
434.2431,0.0000E+000
434.2500,0.0000E+000
434.2569,0.0000E+000
434.2639,0.0000E+000
434.2708,0.0000E+000
434.2778,0.0000E+000
434.2847,2.1439E-001
434.2917,1.6900E+000
434.2986,5.8200E+000
434.3056,7.1812E+000
434.3125,1.2649E+001
434.3194,1.9121E+001
434.3264,2.1888E+001
434.3333,2.8071E+001
434.3403,3.7974E+001
434.3472,3.9094E+001
434.3542,4.1730E+001
434.3611,5.1689E+001
434.3681,6.0329E+001
434.3750,6.9399E+001
434.3819,6.5725E+001
434.3889,5.7800E+001
434.3958,6.9434E+001
434.4028,9.2074E+001
434.4097,1.3664E+002
434.4167,1.4492E+002
434.4236,1.2623E+002
434.4306,1.0362E+002
434.4375,1.1400E+002
434.4444,1.3234E+002
434.4514,1.1725E+002
434.4583,1.2650E+002
434.4653,1.2260E+002
434.4722,1.2597E+002
434.4792,1.4464E+002
434.4861,1.3380E+002
434.4931,9.1336E+001
434.5000,1.2150E+002
434.5069,1.9270E+002
434.5139,1.8344E+002
434.5208,1.2281E+002
434.5278,1.1020E+002
434.5347,6.4947E+001
434.5417,9.1201E+001
434.5486,5.9210E+001
434.5556,8.2998E+001
434.5625,9.8096E+001
434.5694,5.8679E+001
434.5764,9.1300E+001
434.5833,1.1370E+002
434.5903,6.6845E+001
434.5972,8.6010E+001
434.6042,6.7326E+001
434.6111,5.8179E+001
434.6181,9.7378E+001
434.6250,1.0379E+002
434.6319,1.1093E+002
434.6389,8.6097E+001
434.6458,6.7730E+001
434.6528,4.5652E+001
434.6597,2.9841E+001
434.6667,3.7059E+001
434.6736,2.1931E+001
434.6806,1.1641E+001
434.6875,2.0365E+001
434.6944,3.0075E+001
434.7014,3.8873E+001
434.7083,3.3634E+001
434.7153,2.8885E+001
434.7222,1.8381E+001
434.7292,1.4411E+001
434.7361,9.6004E+000
434.7431,5.5290E+000
434.7500,3.1127E+000
434.7569,7.8260E-001
434.7639,1.2812E-011
434.7708,0.0000E+000
434.7778,0.0000E+000
434.7847,0.0000E+000
434.7917,0.0000E+000
434.7986,0.0000E+000
434.8056,0.0000E+000
434.8125,0.0000E+000
434.8194,0.0000E+000
434.8264,0.0000E+000
434.8333,0.0000E+000
434.8403,0.0000E+000
434.8472,0.0000E+000
434.8542,0.0000E+000
434.8611,0.0000E+000
434.8681,0.0000E+000
434.8750,0.0000E+000
434.8819,0.0000E+000
434.8889,0.0000E+000
434.8958,0.0000E+000
434.9028,0.0000E+000
434.9097,0.0000E+000
434.9167,0.0000E+000
434.9236,0.0000E+000
434.9306,0.0000E+000
434.9375,0.0000E+000
434.9444,0.0000E+000
434.9514,0.0000E+000
434.9583,0.0000E+000
434.9653,0.0000E+000
434.9722,0.0000E+000
434.9792,0.0000E+000
434.9861,0.0000E+000
434.9931,0.0000E+000
435.0000,2.7752E-001
435.0069,6.7336E-002
435.0139,2.2026E-001
435.0208,1.3908E-001
435.0278,4.5537E-012
435.0347,0.0000E+000
435.0417,0.0000E+000
435.0486,0.0000E+000
435.0556,0.0000E+000
435.0625,0.0000E+000
435.0694,0.0000E+000
435.0764,0.0000E+000
435.0833,0.0000E+000
435.0903,0.0000E+000
435.0972,0.0000E+000
435.1042,0.0000E+000
435.1111,0.0000E+000
435.1181,0.0000E+000
435.1250,7.8046E-002
435.1319,5.9165E-002
435.1389,9.6859E-013
435.1458,0.0000E+000
435.1528,0.0000E+000
435.1597,0.0000E+000
435.1667,0.0000E+000
435.1736,2.0898E-001
435.1806,1.3685E-011
435.1875,0.0000E+000
435.1944,0.0000E+000
435.2014,0.0000E+000
435.2083,0.0000E+000
435.2153,0.0000E+000
435.2222,0.0000E+000
435.2292,0.0000E+000
435.2361,3.6511E-002
435.2431,1.1142E-001
435.2500,1.2590E-003
435.2569,0.0000E+000
435.2639,0.0000E+000
435.2708,0.0000E+000
435.2778,0.0000E+000
435.2847,5.9051E-001
435.2917,3.1414E-001
435.2986,2.6819E-001
435.3056,7.3217E-001
435.3125,1.7571E+000
435.3194,2.3162E+000
435.3264,3.3468E+000
435.3333,5.2205E+000
435.3403,7.3819E+000
435.3472,5.5725E+000
435.3542,6.3243E+000
435.3611,7.5754E+000
435.3681,8.4355E+000
435.3750,7.1921E+000
435.3819,1.2338E+001
435.3889,1.5768E+001
435.3958,1.7630E+001
435.4028,2.5236E+001
435.4097,2.9072E+001
435.4167,2.3092E+001
435.4236,2.1065E+001
435.4306,1.4228E+001
435.4375,1.6872E+001
435.4444,1.3360E+001
435.4514,1.5178E+001
435.4583,1.6881E+001
435.4653,2.2164E+001
435.4722,2.2985E+001
435.4792,3.2782E+001
435.4861,2.4741E+001
435.4931,1.3932E+001
435.5000,1.8936E+001
435.5069,2.4499E+001
435.5139,4.2437E+001
435.5208,3.5630E+001
435.5278,3.6817E+001
435.5347,3.8577E+001
435.5417,4.5577E+001
435.5486,9.8611E+001
435.5556,9.4891E+001
435.5625,6.0150E+001
435.5694,4.3295E+001
435.5764,2.0925E+001
435.5833,1.9249E+001
435.5903,3.1213E+001
435.5972,4.3684E+001
435.6042,3.4398E+001
435.6111,1.0428E+002
435.6181,8.6508E+001
435.6250,4.0655E+001
435.6319,8.3665E+001
435.6389,7.9324E+001
435.6458,5.3395E+001
435.6528,7.6923E+001
435.6597,5.7691E+001
435.6667,4.2076E+001
435.6736,6.7447E+001
435.6806,4.1697E+001
435.6875,2.8483E+001
435.6944,3.5442E+001
435.7014,3.3377E+001
435.7083,2.4148E+001
435.7153,1.6314E+001
435.7222,1.3872E+001
435.7292,1.8213E+001
435.7361,1.7159E+001
435.7431,6.3969E+000
435.7500,3.4577E+000
435.7569,2.7087E-001
435.7639,3.4143E-001
435.7708,2.9041E-001
435.7778,5.4176E-002
435.7847,2.9923E-001
435.7917,8.3407E-001
435.7986,7.9376E-002
435.8056,5.1979E-012
435.8125,1.9655E-001
435.8194,1.5939E-001
435.8264,9.8909E-002
435.8333,0.0000E+000
435.8403,0.0000E+000
435.8472,0.0000E+000
435.8542,0.0000E+000
435.8611,1.3408E-013
435.8681,8.1904E-003
435.8750,0.0000E+000
435.8819,0.0000E+000
435.8889,0.0000E+000
435.8958,0.0000E+000
435.9028,0.0000E+000
435.9097,2.2682E-002
435.9167,1.1140E-012
435.9236,1.0315E-014
435.9306,6.3008E-004
435.9375,0.0000E+000
435.9444,0.0000E+000
435.9514,0.0000E+000
435.9583,0.0000E+000
435.9653,0.0000E+000
435.9722,0.0000E+000
435.9792,0.0000E+000
435.9861,0.0000E+000
435.9931,0.0000E+000
436.0000,0.0000E+000
436.0069,7.5618E-003
436.0139,4.8144E-001
436.0208,2.4759E-012
436.0278,5.0413E-002
436.0347,3.0374E-001
436.0417,2.8295E-001
436.0486,2.7035E-001
436.0556,4.2853E-002
436.0625,0.0000E+000
436.0694,0.0000E+000
436.0764,0.0000E+000
436.0833,0.0000E+000
436.0903,0.0000E+000
436.0972,8.5710E-002
436.1042,7.4997E-002
436.1111,9.4535E-002
436.1181,3.1512E-003
436.1250,0.0000E+000
436.1319,5.4891E-012
436.1389,8.3824E-002
436.1458,6.6241E-012
436.1528,1.3488E-001
436.1597,6.3027E-002
436.1667,3.0884E-002
436.1736,8.3198E-002
436.1806,3.6557E-002
436.1875,8.5720E-002
436.1944,0.0000E+000
436.2014,0.0000E+000
436.2083,0.0000E+000
436.2153,0.0000E+000
436.2222,0.0000E+000
436.2292,0.0000E+000
436.2361,0.0000E+000
436.2431,0.0000E+000
436.2500,0.0000E+000
436.2569,0.0000E+000
436.2639,0.0000E+000
436.2708,3.7822E-003
436.2778,3.5175E-001
436.2847,1.8313E+000
436.2917,4.3389E+000
436.2986,9.5347E+000
436.3056,1.5720E+001
436.3125,2.2321E+001
436.3194,2.4615E+001
436.3264,2.5714E+001
436.3333,3.0998E+001
436.3403,3.4475E+001
436.3472,3.1300E+001
436.3542,3.5083E+001
436.3611,6.1951E+001
436.3681,5.5584E+001
436.3750,4.0788E+001
436.3819,6.4580E+001
436.3889,7.4926E+001
436.3958,6.9709E+001
436.4028,6.8457E+001
436.4097,6.8516E+001
436.4167,1.1278E+002
436.4236,1.4282E+002
436.4306,1.8184E+002
436.4375,1.0563E+002
436.4444,2.0378E+002
436.4514,1.6777E+002
436.4583,1.5678E+002
436.4653,1.2891E+002
436.4722,1.7457E+002
436.4792,3.1809E+002
436.4861,3.8994E+002
436.4931,4.1648E+002
436.5000,4.1527E+002
436.5069,3.3877E+002
436.5139,1.6722E+002
436.5208,2.8198E+002
436.5278,3.5760E+002
436.5347,2.6095E+002
436.5417,3.9200E+002
436.5486,2.8786E+002
436.5556,2.3027E+002
436.5625,2.2237E+002
436.5694,2.7631E+002
436.5764,9.8331E+001
436.5833,7.5218E+001
436.5903,5.2712E+001
436.5972,8.5221E+001
436.6042,1.2770E+002
436.6111,1.3625E+002
436.6181,9.2079E+001
436.6250,1.3109E+002
436.6319,1.4108E+002
436.6389,7.6089E+001
436.6458,4.3191E+001
436.6528,8.1443E+001
436.6597,7.5181E+001
436.6667,7.5781E+001
436.6736,4.8557E+001
436.6806,5.4765E+001
436.6875,4.5396E+001
436.6944,4.8397E+001
436.7014,7.0878E+001
436.7083,4.4787E+001
436.7153,1.5885E+001
436.7222,1.1557E+001
436.7292,1.5456E+001
436.7361,1.3009E+001
436.7431,8.8332E+000
436.7500,8.0959E+000
436.7569,5.1635E+000
436.7639,7.7649E-001
436.7708,1.3321E-012
436.7778,2.7124E-002
436.7847,0.0000E+000
436.7917,0.0000E+000
436.7986,0.0000E+000
436.8056,0.0000E+000
436.8125,0.0000E+000
436.8194,0.0000E+000
436.8264,0.0000E+000
436.8333,0.0000E+000
436.8403,0.0000E+000
436.8472,1.0724E-001
436.8542,8.9519E-001
436.8611,7.5767E-001
436.8681,2.3721E-001
436.8750,9.3369E-002
436.8819,5.6779E-003
436.8889,2.3974E-002
436.8958,0.0000E+000
436.9028,0.0000E+000
436.9097,0.0000E+000
436.9167,0.0000E+000
436.9236,0.0000E+000
436.9306,0.0000E+000
436.9375,0.0000E+000
436.9444,0.0000E+000
436.9514,0.0000E+000
436.9583,4.8583E-002
436.9653,2.5238E-003
436.9722,5.7844E-013
436.9792,1.7667E-002
436.9861,9.1490E-002
436.9931,4.7134E-001
437.0000,6.6758E-001
437.0069,3.0477E-001
437.0139,2.4546E-001
437.0208,1.0475E-001
437.0278,1.6406E-002
437.0347,5.0481E-002
437.0417,1.2557E-001
437.0486,7.5722E-003
437.0556,4.9586E-013
437.0625,5.5531E-002
437.0694,1.5776E-002
437.0764,1.2621E-003
437.0833,0.0000E+000
437.0903,0.0000E+000
437.0972,1.2621E-003
437.1042,1.9563E-002
437.1111,0.0000E+000
437.1181,0.0000E+000
437.1250,6.0584E-002
437.1319,2.9030E-001
437.1389,4.9352E-001
437.1458,2.6128E-001
437.1528,2.2278E-001
437.1597,7.4471E-002
437.1667,2.5876E-002
437.1736,8.5833E-002
437.1806,8.2047E-003
437.1875,0.0000E+000
437.1944,0.0000E+000
437.2014,0.0000E+000
437.2083,4.6705E-002
437.2153,7.1952E-002
437.2222,5.7436E-002
437.2292,2.3353E-002
437.2361,0.0000E+000
437.2431,0.0000E+000
437.2500,0.0000E+000
437.2569,1.5275E-001
437.2639,4.6078E-002
437.2708,5.5546E-002
437.2778,4.2102E-001
437.2847,6.6278E-001
437.2917,1.2738E+000
437.2986,3.2805E+000
437.3056,4.7431E+000
437.3125,5.0196E+000
437.3194,7.2152E+000
437.3264,1.3816E+001
437.3333,1.7337E+001
437.3403,1.3029E+001
437.3472,2.3363E+001
437.3542,1.3692E+001
437.3611,1.2164E+001
437.3681,1.3753E+001
437.3750,2.2463E+001
437.3819,2.1226E+001
437.3889,2.8349E+001
437.3958,2.4836E+001
437.4028,3.7084E+001
437.4097,2.4323E+001
437.4167,1.9083E+001
437.4236,1.9957E+001
437.4306,2.2359E+001
437.4375,2.6279E+001
437.4444,3.0569E+001
437.4514,3.1759E+001
437.4583,3.4611E+001
437.4653,2.8418E+001
437.4722,2.3146E+001
437.4792,4.3194E+001
437.4861,3.7298E+001
437.4931,4.1107E+001
437.5000,3.8624E+001
437.5069,4.1897E+001
437.5139,2.3828E+001
437.5208,3.1389E+001
437.5278,4.0243E+001
437.5347,4.3721E+001
437.5417,9.6245E+001
437.5486,5.9251E+001
437.5556,4.8667E+001
437.5625,4.3564E+001
437.5694,6.5739E+001
437.5764,7.0211E+001
437.5833,7.4437E+001
437.5903,8.0946E+001
437.5972,8.1800E+001
437.6042,7.3679E+001
437.6111,5.9393E+001
437.6181,5.5790E+001
437.6250,6.8160E+001
437.6319,6.5590E+001
437.6389,5.7897E+001
437.6458,9.5049E+001
437.6528,4.8271E+001
437.6597,6.5148E+001
437.6667,3.4901E+001
437.6736,4.9326E+001
437.6806,3.0025E+001
437.6875,3.8343E+001
437.6944,6.2774E+001
437.7014,2.9025E+001
437.7083,8.9343E+000
437.7153,2.7272E+000
437.7222,1.3705E+000
437.7292,9.9874E+000
437.7361,2.4361E+001
437.7431,1.3110E+001
437.7500,6.0559E+000
437.7569,3.4714E+000
437.7639,1.3611E+000
437.7708,3.3539E-001
437.7778,7.5796E-003
437.7847,2.7792E-002
437.7917,1.3650E-012
437.7986,1.0341E-014
437.8056,6.3166E-004
437.8125,6.5693E-002
437.8194,1.3707E-001
437.8264,2.6341E-001
437.8333,1.1307E-001
437.8403,6.9485E-002
437.8472,1.3030E-012
437.8542,3.9797E-002
437.8611,3.1585E-002
437.8681,2.9754E-001
437.8750,5.7991E-001
437.8819,1.1497E-001
437.8889,9.7286E-002
437.8958,0.0000E+000
437.9028,0.0000E+000
437.9097,0.0000E+000
437.9167,0.0000E+000
437.9236,0.0000E+000
437.9306,0.0000E+000
437.9375,2.9061E-002
437.9444,8.1499E-002
437.9514,7.2023E-002
437.9583,1.4910E-001
437.9653,1.8448E-001
437.9722,1.7122E-001
437.9792,8.4090E-012
437.9861,1.0343E-013
437.9931,6.3181E-003
438.0000,0.0000E+000
438.0069,0.0000E+000
438.0139,0.0000E+000
438.0208,0.0000E+000
438.0278,0.0000E+000
438.0347,0.0000E+000
438.0417,0.0000E+000
438.0486,0.0000E+000
438.0556,0.0000E+000
438.0625,0.0000E+000
438.0694,6.3188E-004
438.0764,1.0345E-014
438.0833,1.7069E-012
438.0903,3.4754E-002
438.0972,7.5828E-002
438.1042,9.3522E-002
438.1111,1.2638E-003
438.1181,8.2761E-014
438.1250,9.0997E-002
438.1319,0.0000E+000
438.1389,0.0000E+000
438.1458,0.0000E+000
438.1528,0.0000E+000
438.1597,6.3195E-003
438.1667,3.1037E-013
438.1736,0.0000E+000
438.1806,0.0000E+000
438.1875,0.0000E+000
438.1944,0.0000E+000
438.2014,0.0000E+000
438.2083,0.0000E+000
438.2153,0.0000E+000
438.2222,5.0561E-003
438.2292,1.7823E-001
438.2361,6.5730E-002
438.2431,4.3043E-012
438.2500,1.3905E-001
438.2569,0.0000E+000
438.2639,0.0000E+000
438.2708,1.8961E-003
438.2778,9.7336E-002
438.2847,2.0226E-001
438.2917,5.3157E-001
438.2986,7.4584E-001
438.3056,2.3614E+000
438.3125,1.0540E+001
438.3194,1.6202E+001
438.3264,1.3664E+001
438.3333,9.8911E+000
438.3403,1.7165E+001
438.3472,2.0342E+001
438.3542,1.9629E+001
438.3611,2.7420E+001
438.3681,3.1627E+001
438.3750,2.4766E+001
438.3819,2.2244E+001
438.3889,2.4408E+001
438.3958,2.6473E+001
438.4028,4.0121E+001
438.4097,6.7981E+001
438.4167,5.5853E+001
438.4236,6.2916E+001
438.4306,9.1081E+001
438.4375,9.9298E+001
438.4444,7.0098E+001
438.4514,5.1240E+001
438.4583,4.9912E+001
438.4653,3.2707E+001
438.4722,1.9719E+001
438.4792,1.6642E+001
438.4861,2.1009E+001
438.4931,2.8525E+001
438.5000,2.7294E+001
438.5069,3.6433E+001
438.5139,4.5039E+001
438.5208,4.0372E+001
438.5278,3.8840E+001
438.5347,3.4641E+001
438.5417,3.7978E+001
438.5486,5.2721E+001
438.5556,7.0367E+001
438.5625,7.5298E+001
438.5694,7.5264E+001
438.5764,5.9071E+001
438.5833,4.7579E+001
438.5903,6.9557E+001
438.5972,5.5955E+001
438.6042,4.8895E+001
438.6111,4.3613E+001
438.6181,4.9973E+001
438.6250,5.8389E+001
438.6319,8.0122E+001
438.6389,9.8569E+001
438.6458,8.2675E+001
438.6528,6.0852E+001
438.6597,5.8421E+001
438.6667,7.1616E+001
438.6736,5.4539E+001
438.6806,2.1932E+001
438.6875,3.6728E+001
438.6944,2.9081E+001
438.7014,1.8996E+001
438.7083,1.9726E+001
438.7153,1.4783E+001
438.7222,1.1461E+001
438.7292,8.7105E+000
438.7361,2.3639E+001
438.7431,8.5076E+000
438.7500,3.8042E+000
438.7569,2.1927E+000
438.7639,5.2747E-001
438.7708,1.5685E-001
438.7778,3.7948E-003
438.7847,0.0000E+000
438.7917,0.0000E+000
438.7986,5.1772E-014
438.8056,3.1625E-003
438.8125,0.0000E+000
438.8194,0.0000E+000
438.8264,0.0000E+000
438.8333,1.2650E-003
438.8403,4.1420E-014
438.8472,1.1386E-002
438.8542,5.5918E-013
438.8611,0.0000E+000
438.8681,0.0000E+000
438.8750,0.0000E+000
438.8819,0.0000E+000
438.8889,0.0000E+000
438.8958,0.0000E+000
438.9028,0.0000E+000
438.9097,0.0000E+000
438.9167,0.0000E+000
438.9236,0.0000E+000
438.9306,0.0000E+000
438.9375,0.0000E+000
438.9444,0.0000E+000
438.9514,0.0000E+000
438.9583,0.0000E+000
438.9653,0.0000E+000
438.9722,0.0000E+000
438.9792,0.0000E+000
438.9861,0.0000E+000
438.9931,0.0000E+000
439.0000,0.0000E+000
439.0069,0.0000E+000
439.0139,0.0000E+000
439.0208,0.0000E+000
439.0278,0.0000E+000
439.0347,8.2862E-014
439.0417,2.5308E-003
439.0486,0.0000E+000
439.0556,0.0000E+000
439.0625,0.0000E+000
439.0694,7.4579E-013
439.0764,1.1389E-002
439.0833,0.0000E+000
439.0903,0.0000E+000
439.0972,0.0000E+000
439.1042,0.0000E+000
439.1111,0.0000E+000
439.1181,0.0000E+000
439.1250,0.0000E+000
439.1319,0.0000E+000
439.1389,0.0000E+000
439.1458,6.3278E-003
439.1528,5.6951E-003
439.1597,0.0000E+000
439.1667,0.0000E+000
439.1736,2.5312E-003
439.1806,8.2266E-003
439.1875,1.6453E-002
439.1944,5.2524E-002
439.2014,1.1391E-001
439.2083,1.2404E-001
439.2153,1.0125E-001
439.2222,2.1960E-001
439.2292,2.4555E-001
439.2361,1.1834E-001
439.2431,1.9556E-001
439.2500,7.7843E-002
439.2569,3.1011E-002
439.2639,1.2341E-001
439.2708,1.6139E-001
439.2778,4.1201E-001
439.2847,7.6074E-001
439.2917,1.4804E+000
439.2986,2.5589E+000
439.3056,3.1640E+000
439.3125,5.5552E+000
439.3194,1.1640E+001
439.3264,7.8091E+000
439.3333,1.2071E+001
439.3403,9.1771E+000
439.3472,8.2961E+000
439.3542,1.1264E+001
439.3611,7.0607E+000
439.3681,6.5696E+000
439.3750,7.5273E+000
439.3819,1.8408E+001
439.3889,3.0363E+001
439.3958,2.2466E+001
439.4028,1.9877E+001
439.4097,3.0090E+001
439.4167,2.9696E+001
439.4236,4.7478E+001
439.4306,8.6215E+001
439.4375,9.7950E+001
439.4444,1.0111E+002
439.4514,1.0238E+002
439.4583,7.0148E+001
439.4653,1.8405E+002
439.4722,1.8190E+002
439.4792,1.6384E+002
439.4861,1.5660E+002
439.4931,8.0107E+001
439.5000,1.2466E+002
439.5069,1.6664E+002
439.5139,1.8549E+002
439.5208,3.3188E+002
439.5278,3.1452E+002
439.5347,3.5049E+002
439.5417,2.9903E+002
439.5486,4.0061E+002
439.5556,4.1902E+002
439.5625,4.2312E+002
439.5694,4.4389E+002
439.5764,4.1659E+002
439.5833,3.8566E+002
439.5903,3.7667E+002
439.5972,2.0458E+002
439.6042,1.9745E+002
439.6111,1.0776E+002
439.6181,4.1613E+001
439.6250,6.0906E+001
439.6319,4.7805E+001
439.6389,5.2604E+001
439.6458,2.8010E+001
439.6528,2.4023E+001
439.6597,2.5528E+001
439.6667,3.0888E+001
439.6736,3.5671E+001
439.6806,7.3492E+001
439.6875,7.4365E+001
439.6944,1.9376E+001
439.7014,1.3338E+001
439.7083,4.3634E+001
439.7153,2.3107E+001
439.7222,1.4695E+001
439.7292,1.4176E+001
439.7361,8.1991E+000
439.7431,6.7350E+000
439.7500,5.0689E+000
439.7569,3.9144E+000
439.7639,2.0829E+000
439.7708,7.9227E-001
439.7778,3.9265E-002
439.7847,1.6589E-013
439.7917,5.0666E-003
439.7986,0.0000E+000
439.8056,0.0000E+000
439.8125,3.9267E-002
439.8194,0.0000E+000
439.8264,0.0000E+000
439.8333,0.0000E+000
439.8403,0.0000E+000
439.8472,0.0000E+000
439.8542,0.0000E+000
439.8611,0.0000E+000
439.8681,0.0000E+000
439.8750,0.0000E+000
439.8819,3.0403E-002
439.8889,4.9773E-013
439.8958,0.0000E+000
439.9028,0.0000E+000
439.9097,3.2938E-002
439.9167,1.6177E-012
439.9236,0.0000E+000
439.9306,0.0000E+000
439.9375,3.1672E-003
439.9444,2.6548E-012
439.9514,4.0541E-002
439.9583,0.0000E+000
439.9653,0.0000E+000
439.9722,0.0000E+000
439.9792,0.0000E+000
439.9861,3.6298E-013
439.9931,2.2172E-002
440.0000,5.6381E-002
440.0069,5.8473E-001
440.0139,4.2635E-001
440.0208,2.8952E-001
440.0278,4.2636E-001
440.0347,1.6155E-001
440.0417,7.9342E-012
440.0486,0.0000E+000
440.0556,0.0000E+000
440.0625,0.0000E+000
440.0694,0.0000E+000
440.0764,0.0000E+000
440.0833,0.0000E+000
440.0903,0.0000E+000
440.0972,0.0000E+000
440.1042,0.0000E+000
440.1111,0.0000E+000
440.1181,0.0000E+000
440.1250,0.0000E+000
440.1319,0.0000E+000
440.1389,0.0000E+000
440.1458,0.0000E+000
440.1528,0.0000E+000
440.1597,0.0000E+000
440.1667,0.0000E+000
440.1736,0.0000E+000
440.1806,0.0000E+000
440.1875,0.0000E+000
440.1944,0.0000E+000
440.2014,0.0000E+000
440.2083,0.0000E+000
440.2153,0.0000E+000
440.2222,0.0000E+000
440.2292,0.0000E+000
440.2361,0.0000E+000
440.2431,0.0000E+000
440.2500,0.0000E+000
440.2569,0.0000E+000
440.2639,0.0000E+000
440.2708,5.0698E-003
440.2778,8.4287E-002
440.2847,4.8291E-001
440.2917,1.5825E+000
440.2986,4.7069E+000
440.3056,7.5594E+000
440.3125,1.0957E+001
440.3194,1.2123E+001
440.3264,1.5822E+001
440.3333,2.0328E+001
440.3403,2.5869E+001
440.3472,2.9556E+001
440.3542,3.3918E+001
440.3611,4.3459E+001
440.3681,6.4432E+001
440.3750,5.7960E+001
440.3819,5.0509E+001
440.3889,6.3630E+001
440.3958,5.2151E+001
440.4028,4.9613E+001
440.4097,6.7271E+001
440.4167,8.6422E+001
440.4236,1.0338E+002
440.4306,1.6242E+002
440.4375,1.7355E+002
440.4444,2.3927E+002
440.4514,1.4587E+002
440.4583,1.7448E+002
440.4653,1.7646E+002
440.4722,1.4132E+002
440.4792,1.4235E+002
440.4861,1.8333E+002
440.4931,1.8226E+002
440.5000,1.3965E+002
440.5069,2.6396E+002
440.5139,2.1814E+002
440.5208,2.2326E+002
440.5278,1.8506E+002
440.5347,1.8329E+002
440.5417,1.7364E+002
440.5486,1.8272E+002
440.5556,2.0490E+002
440.5625,1.7611E+002
440.5694,1.5524E+002
440.5764,1.8438E+002
440.5833,1.8567E+002
440.5903,1.2300E+002
440.5972,7.5910E+001
440.6042,1.5731E+002
440.6111,2.3553E+002
440.6181,1.9440E+002
440.6250,1.0577E+002
440.6319,9.7492E+001
440.6389,5.1196E+001
440.6458,5.1397E+001
440.6528,6.3455E+001
440.6597,2.9801E+001
440.6667,1.6692E+001
440.6736,3.7423E+001
440.6806,3.3697E+001
440.6875,2.3666E+001
440.6944,1.4545E+001
440.7014,8.8405E+000
440.7083,1.0842E+001
440.7153,1.3046E+001
440.7222,3.3034E+001
440.7292,3.1207E+001
440.7361,2.4433E+001
440.7431,2.3603E+001
440.7500,1.6874E+001
440.7569,1.0408E+001
440.7639,3.5829E+000
440.7708,5.0732E-001
440.7778,1.6611E-011
440.7847,0.0000E+000
440.7917,0.0000E+000
440.7986,5.0872E-013
440.8056,3.1075E-002
440.8125,0.0000E+000
440.8194,0.0000E+000
440.8264,0.0000E+000
440.8333,0.0000E+000
440.8403,0.0000E+000
440.8472,0.0000E+000
440.8542,0.0000E+000
440.8611,0.0000E+000
440.8681,0.0000E+000
440.8750,0.0000E+000
440.8819,0.0000E+000
440.8889,0.0000E+000
440.8958,0.0000E+000
440.9028,0.0000E+000
440.9097,0.0000E+000
440.9167,0.0000E+000
440.9236,0.0000E+000
440.9306,0.0000E+000
440.9375,0.0000E+000
440.9444,0.0000E+000
440.9514,0.0000E+000
440.9583,0.0000E+000
440.9653,0.0000E+000
440.9722,0.0000E+000
440.9792,0.0000E+000
440.9861,0.0000E+000
440.9931,0.0000E+000
441.0000,0.0000E+000
441.0069,0.0000E+000
441.0139,0.0000E+000
441.0208,0.0000E+000
441.0278,0.0000E+000
441.0347,0.0000E+000
441.0417,0.0000E+000
441.0486,0.0000E+000
441.0556,0.0000E+000
441.0625,0.0000E+000
441.0694,0.0000E+000
441.0764,0.0000E+000
441.0833,0.0000E+000
441.0903,0.0000E+000
441.0972,0.0000E+000
441.1042,0.0000E+000
441.1111,0.0000E+000
441.1181,0.0000E+000
441.1250,0.0000E+000
441.1319,0.0000E+000
441.1389,0.0000E+000
441.1458,0.0000E+000
441.1528,0.0000E+000
441.1597,0.0000E+000
441.1667,0.0000E+000
441.1736,0.0000E+000
441.1806,0.0000E+000
441.1875,0.0000E+000
441.1944,0.0000E+000
441.2014,0.0000E+000
441.2083,0.0000E+000
441.2153,0.0000E+000
441.2222,0.0000E+000
441.2292,0.0000E+000
441.2361,0.0000E+000
441.2431,0.0000E+000
441.2500,0.0000E+000
441.2569,0.0000E+000
441.2639,0.0000E+000
441.2708,5.4182E-012
441.2778,1.1032E-001
441.2847,1.0588E+000
441.2917,2.2502E+000
441.2986,4.4865E+000
441.3056,3.6420E+000
441.3125,1.1601E+001
441.3194,1.4463E+001
441.3264,2.1559E+001
441.3333,3.3723E+001
441.3403,5.0567E+001
441.3472,5.9779E+001
441.3542,5.7637E+001
441.3611,3.4287E+001
441.3681,7.4478E+001
441.3750,1.0193E+002
441.3819,7.2754E+001
441.3889,1.0449E+002
441.3958,1.3601E+002
441.4028,1.3922E+002
441.4097,9.7940E+001
441.4167,2.6676E+001
441.4236,2.5233E+001
441.4306,4.0080E+001
441.4375,9.1815E+001
441.4444,4.8460E+001
441.4514,6.9592E+001
441.4583,4.5687E+001
441.4653,4.1715E+001
441.4722,6.7591E+001
441.4792,8.7632E+001
441.4861,1.1395E+002
441.4931,1.9271E+002
441.5000,4.1990E+002
441.5069,3.5610E+002
441.5139,4.4993E+002
441.5208,3.4168E+002
441.5278,1.6743E+002
441.5347,9.9350E+001
441.5417,3.7851E+002
441.5486,4.4134E+002
441.5556,4.5384E+002
441.5625,3.3341E+002
441.5694,1.3253E+002
441.5764,1.0076E+002
441.5833,7.1122E+001
441.5903,1.9399E+002
441.5972,2.9718E+002
441.6042,4.6988E+001
441.6111,3.2190E+001
441.6181,1.4153E+002
441.6250,2.8247E+002
441.6319,2.0303E+002
441.6389,9.2153E+001
441.6458,2.9879E+001
441.6528,4.7505E+001
441.6597,5.7825E+001
441.6667,8.4376E+001
441.6736,3.3740E+001
441.6806,1.2394E+001
441.6875,1.9700E+001
441.6944,2.2319E+001
441.7014,3.4751E+001
441.7083,3.2081E+001
441.7153,4.0713E+001
441.7222,2.9276E+001
441.7292,2.3751E+001
441.7361,1.7772E+001
441.7431,1.7606E+001
441.7500,1.2484E+001
441.7569,7.5259E+000
441.7639,3.3894E+000
441.7708,7.7758E-001
441.7778,8.2452E-003
441.7847,1.4537E-012
441.7917,4.4398E-002
441.7986,0.0000E+000
441.8056,0.0000E+000
441.8125,0.0000E+000
441.8194,0.0000E+000
441.8264,0.0000E+000
441.8333,0.0000E+000
441.8403,0.0000E+000
441.8472,0.0000E+000
441.8542,0.0000E+000
441.8611,0.0000E+000
441.8681,0.0000E+000
441.8750,0.0000E+000
441.8819,0.0000E+000
441.8889,0.0000E+000
441.8958,0.0000E+000
441.9028,0.0000E+000
441.9097,0.0000E+000
441.9167,0.0000E+000
441.9236,0.0000E+000
441.9306,0.0000E+000
441.9375,0.0000E+000
441.9444,0.0000E+000
441.9514,0.0000E+000
441.9583,0.0000E+000
441.9653,0.0000E+000
441.9722,0.0000E+000
441.9792,0.0000E+000
441.9861,0.0000E+000
441.9931,0.0000E+000
442.0000,0.0000E+000
442.0069,0.0000E+000
442.0139,0.0000E+000
442.0208,0.0000E+000
442.0278,0.0000E+000
442.0347,6.2310E-014
442.0417,1.9031E-003
442.0486,7.9168E-001
442.0556,3.7427E-002
442.0625,0.0000E+000
442.0694,3.7387E-013
442.0764,5.7093E-003
442.0833,4.3772E-002
442.0903,3.6160E-002
442.0972,5.6460E-002
442.1042,3.6160E-002
442.1111,1.0150E-002
442.1181,5.2020E-002
442.1250,5.0117E-002
442.1319,2.2521E-001
442.1389,1.5543E-001
442.1458,1.2054E-001
442.1528,4.4028E-001
442.1597,1.3005E-001
442.1667,1.1356E-001
442.1736,2.3854E-001
442.1806,4.0412E-001
442.1875,1.3767E-001
442.1944,2.6836E-001
442.2014,8.0572E-002
442.2083,1.3704E-001
442.2153,1.2054E-002
442.2222,1.3387E-001
442.2292,5.7099E-002
442.2361,6.8519E-002
442.2431,1.6686E-001
442.2500,6.0907E-002
442.2569,1.6618E-013
442.2639,2.5378E-003
442.2708,4.2953E-001
442.2778,1.4301E+000
442.2847,3.4914E+000
442.2917,4.2484E+000
442.2986,4.8752E+000
442.3056,6.1163E+000
442.3125,7.1422E+000
442.3194,8.2507E+000
442.3264,9.3871E+000
442.3333,1.1355E+001
442.3403,1.8961E+001
442.3472,1.8428E+001
442.3542,1.4500E+001
442.3611,1.8263E+001
442.3681,2.3122E+001
442.3750,2.4171E+001
442.3819,2.3943E+001
442.3889,3.1015E+001
442.3958,3.7227E+001
442.4028,5.8779E+001
442.4097,9.3613E+001
442.4167,1.3476E+002
442.4236,2.4665E+002
442.4306,2.3378E+002
442.4375,1.2305E+002
442.4444,8.8152E+001
442.4514,7.8574E+001
442.4583,9.6915E+001
442.4653,2.0216E+002
442.4722,4.5684E+002
442.4792,4.8170E+002
442.4861,2.9182E+002
442.4931,9.3445E+001
442.5000,1.0341E+002
442.5069,9.8794E+001
442.5139,8.8087E+001
442.5208,6.9274E+001
442.5278,4.4600E+001
442.5347,6.3785E+001
442.5417,1.0534E+002
442.5486,1.5529E+002
442.5556,2.4690E+002
442.5625,2.9452E+002
442.5694,2.3166E+002
442.5764,1.4355E+002
442.5833,1.0797E+002
442.5903,1.1633E+002
442.5972,1.2674E+002
442.6042,3.5959E+002
442.6111,2.4979E+002
442.6181,2.0901E+002
442.6250,2.3976E+002
442.6319,1.0947E+002
442.6389,1.0771E+002
442.6458,9.3161E+001
442.6528,3.9816E+001
442.6597,2.2937E+001
442.6667,3.5789E+001
442.6736,6.5741E+001
442.6806,7.3818E+001
442.6875,7.0437E+001
442.6944,6.7772E+001
442.7014,5.4493E+001
442.7083,4.5564E+001
442.7153,3.1976E+001
442.7222,1.5767E+001
442.7292,1.7490E+001
442.7361,2.2140E+001
442.7431,1.8932E+001
442.7500,1.1927E+001
442.7569,5.9696E+000
442.7639,4.1469E+000
442.7708,4.1570E-001
442.7778,1.3611E-011
442.7847,0.0000E+000
442.7917,0.0000E+000
442.7986,0.0000E+000
442.8056,0.0000E+000
442.8125,0.0000E+000
442.8194,0.0000E+000
442.8264,0.0000E+000
442.8333,0.0000E+000
442.8403,0.0000E+000
442.8472,0.0000E+000
442.8542,0.0000E+000
442.8611,0.0000E+000
442.8681,0.0000E+000
442.8750,0.0000E+000
442.8819,0.0000E+000
442.8889,0.0000E+000
442.8958,0.0000E+000
442.9028,0.0000E+000
442.9097,0.0000E+000
442.9167,0.0000E+000
442.9236,0.0000E+000
442.9306,0.0000E+000
442.9375,0.0000E+000
442.9444,0.0000E+000
442.9514,0.0000E+000
442.9583,0.0000E+000
442.9653,0.0000E+000
442.9722,0.0000E+000
442.9792,0.0000E+000
442.9861,0.0000E+000
442.9931,0.0000E+000
443.0000,0.0000E+000
443.0069,0.0000E+000
443.0139,0.0000E+000
443.0208,0.0000E+000
443.0278,0.0000E+000
443.0347,0.0000E+000
443.0417,0.0000E+000
443.0486,0.0000E+000
443.0556,0.0000E+000
443.0625,0.0000E+000
443.0694,0.0000E+000
443.0764,0.0000E+000
443.0833,0.0000E+000
443.0903,0.0000E+000
443.0972,0.0000E+000
443.1042,0.0000E+000
443.1111,0.0000E+000
443.1181,0.0000E+000
443.1250,0.0000E+000
443.1319,0.0000E+000
443.1389,0.0000E+000
443.1458,0.0000E+000
443.1528,0.0000E+000
443.1597,0.0000E+000
443.1667,0.0000E+000
443.1736,0.0000E+000
443.1806,0.0000E+000
443.1875,0.0000E+000
443.1944,0.0000E+000
443.2014,0.0000E+000
443.2083,0.0000E+000
443.2153,0.0000E+000
443.2222,0.0000E+000
443.2292,0.0000E+000
443.2361,0.0000E+000
443.2431,0.0000E+000
443.2500,0.0000E+000
443.2569,0.0000E+000
443.2639,0.0000E+000
443.2708,8.3168E-002
443.2778,3.8093E-001
443.2847,1.0742E+000
443.2917,2.0005E+000
443.2986,2.8011E+000
443.3056,3.4963E+000
443.3125,4.3884E+000
443.3194,9.4612E+000
443.3264,1.3086E+001
443.3333,1.8455E+001
443.3403,2.5874E+001
443.3472,3.1392E+001
443.3542,4.2140E+001
443.3611,6.1235E+001
443.3681,8.8510E+001
443.3750,6.9682E+001
443.3819,8.8058E+001
443.3889,8.5085E+001
443.3958,8.4467E+001
443.4028,8.2832E+001
443.4097,8.3635E+001
443.4167,6.2980E+001
443.4236,7.1133E+001
443.4306,4.1858E+001
443.4375,3.8961E+001
443.4444,4.7277E+001
443.4514,6.5183E+001
443.4583,6.0153E+001
443.4653,7.2754E+001
443.4722,8.4305E+001
443.4792,6.1160E+001
443.4861,1.6898E+002
443.4931,1.6233E+002
443.5000,2.3993E+002
443.5069,2.2904E+002
443.5139,4.4858E+002
443.5208,4.3529E+002
443.5278,3.7494E+002
443.5347,2.1260E+002
443.5417,1.8921E+002
443.5486,2.2215E+002
443.5556,5.0497E+001
443.5625,9.4985E+001
443.5694,7.7178E+001
443.5764,9.1466E+001
443.5833,1.5089E+002
443.5903,9.7684E+001
443.5972,2.2890E+002
443.6042,3.5358E+002
443.6111,3.8502E+002
443.6181,2.4953E+002
443.6250,2.6479E+002
443.6319,1.6911E+001
443.6389,6.1243E+001
443.6458,1.0751E+002
443.6528,1.2207E+002
443.6597,1.0576E+002
443.6667,5.1337E+001
443.6736,7.4115E+001
443.6806,5.6600E+001
443.6875,6.2023E+001
443.6944,8.5798E+001
443.7014,5.6491E+001
443.7083,1.7919E+001
443.7153,1.5729E+001
443.7222,1.4862E+001
443.7292,2.7010E+001
443.7361,4.1351E+001
443.7431,2.3960E+001
443.7500,8.8993E+000
443.7569,6.3609E+000
443.7639,2.2761E+000
443.7708,1.0034E-001
443.7778,3.2854E-012
443.7847,0.0000E+000
443.7917,0.0000E+000
443.7986,0.0000E+000
443.8056,0.0000E+000
443.8125,0.0000E+000
443.8194,0.0000E+000
443.8264,0.0000E+000
443.8333,0.0000E+000
443.8403,0.0000E+000
443.8472,0.0000E+000
443.8542,0.0000E+000
443.8611,0.0000E+000
443.8681,0.0000E+000
443.8750,0.0000E+000
443.8819,0.0000E+000
443.8889,0.0000E+000
443.8958,0.0000E+000
443.9028,0.0000E+000
443.9097,0.0000E+000
443.9167,0.0000E+000
443.9236,0.0000E+000
443.9306,0.0000E+000
443.9375,0.0000E+000
443.9444,0.0000E+000
443.9514,0.0000E+000
443.9583,0.0000E+000
443.9653,0.0000E+000
443.9722,0.0000E+000
443.9792,0.0000E+000
443.9861,0.0000E+000
443.9931,0.0000E+000
444.0000,0.0000E+000
444.0069,0.0000E+000
444.0139,0.0000E+000
444.0208,0.0000E+000
444.0278,0.0000E+000
444.0347,0.0000E+000
444.0417,0.0000E+000
444.0486,0.0000E+000
444.0556,0.0000E+000
444.0625,0.0000E+000
444.0694,1.2514E+000
444.0764,2.0486E-011
444.0833,0.0000E+000
444.0903,0.0000E+000
444.0972,0.0000E+000
444.1042,0.0000E+000
444.1111,0.0000E+000
444.1181,0.0000E+000
444.1250,0.0000E+000
444.1319,0.0000E+000
444.1389,0.0000E+000
444.1458,0.0000E+000
444.1528,0.0000E+000
444.1597,0.0000E+000
444.1667,0.0000E+000
444.1736,0.0000E+000
444.1806,0.0000E+000
444.1875,0.0000E+000
444.1944,0.0000E+000
444.2014,0.0000E+000
444.2083,9.3599E-014
444.2153,1.9058E-003
444.2222,8.8938E-003
444.2292,4.3680E-013
444.2361,0.0000E+000
444.2431,0.0000E+000
444.2500,0.0000E+000
444.2569,4.5761E-013
444.2639,6.9882E-003
444.2708,4.6567E-001
444.2778,1.7801E+000
444.2847,3.3855E+000
444.2917,4.8810E+000
444.2986,4.4529E+000
444.3056,7.3435E+000
444.3125,1.5657E+001
444.3194,1.8332E+001
444.3264,2.2603E+001
444.3333,2.4589E+001
444.3403,4.0304E+001
444.3472,3.7341E+001
444.3542,2.3134E+001
444.3611,2.5395E+001
444.3681,2.6807E+001
444.3750,4.8201E+001
444.3819,5.1556E+001
444.3889,8.8487E+001
444.3958,8.5405E+001
444.4028,9.1062E+001
444.4097,1.1124E+002
444.4167,1.5392E+002
444.4236,2.5518E+002
444.4306,2.7035E+002
444.4375,2.0643E+002
444.4444,1.4973E+002
444.4514,8.7138E+001
444.4583,1.7989E+002
444.4653,2.9382E+002
444.4722,3.4672E+002
444.4792,3.5630E+002
444.4861,2.8734E+002
444.4931,3.2826E+002
444.5000,4.1932E+002
444.5069,4.5482E+002
444.5139,4.5671E+002
444.5208,4.5415E+002
444.5278,4.6153E+002
444.5347,4.4373E+002
444.5417,3.7227E+002
444.5486,3.9969E+002
444.5556,4.0692E+002
444.5625,3.6836E+002
444.5694,3.3664E+002
444.5764,3.8129E+002
444.5833,4.1108E+002
444.5903,3.3576E+002
444.5972,3.6256E+002
444.6042,3.4256E+002
444.6111,3.6135E+002
444.6181,3.2004E+002
444.6250,2.9312E+002
444.6319,2.8201E+002
444.6389,1.9755E+002
444.6458,1.1325E+002
444.6528,1.1388E+002
444.6597,1.2429E+002
444.6667,1.2019E+002
444.6736,1.1613E+002
444.6806,1.0391E+002
444.6875,9.1985E+001
444.6944,8.1152E+001
444.7014,7.1118E+001
444.7083,6.4854E+001
444.7153,4.8190E+001
444.7222,2.0980E+001
444.7292,2.0616E+001
444.7361,2.2999E+001
444.7431,1.8340E+001
444.7500,1.8189E+001
444.7569,8.4623E+000
444.7639,3.6033E+000
444.7708,1.8506E+000
444.7778,4.7536E-001
444.7847,0.0000E+000
444.7917,0.0000E+000
444.7986,0.0000E+000
444.8056,0.0000E+000
444.8125,0.0000E+000
444.8194,0.0000E+000
444.8264,0.0000E+000
444.8333,0.0000E+000
444.8403,0.0000E+000
444.8472,0.0000E+000
444.8542,0.0000E+000
444.8611,0.0000E+000
444.8681,0.0000E+000
444.8750,0.0000E+000
444.8819,0.0000E+000
444.8889,0.0000E+000
444.8958,0.0000E+000
444.9028,0.0000E+000
444.9097,0.0000E+000
444.9167,0.0000E+000
444.9236,0.0000E+000
444.9306,0.0000E+000
444.9375,0.0000E+000
444.9444,0.0000E+000
444.9514,0.0000E+000
444.9583,0.0000E+000
444.9653,0.0000E+000
444.9722,0.0000E+000
444.9792,0.0000E+000
444.9861,0.0000E+000
444.9931,0.0000E+000
445.0000,0.0000E+000
445.0069,0.0000E+000
445.0139,0.0000E+000
445.0208,0.0000E+000
445.0278,0.0000E+000
445.0347,0.0000E+000
445.0417,0.0000E+000
445.0486,0.0000E+000
445.0556,0.0000E+000
445.0625,0.0000E+000
445.0694,0.0000E+000
445.0764,0.0000E+000
445.0833,0.0000E+000
445.0903,0.0000E+000
445.0972,0.0000E+000
445.1042,0.0000E+000
445.1111,0.0000E+000
445.1181,0.0000E+000
445.1250,0.0000E+000
445.1319,0.0000E+000
445.1389,0.0000E+000
445.1458,0.0000E+000
445.1528,0.0000E+000
445.1597,0.0000E+000
445.1667,0.0000E+000
445.1736,0.0000E+000
445.1806,0.0000E+000
445.1875,0.0000E+000
445.1944,0.0000E+000
445.2014,0.0000E+000
445.2083,0.0000E+000
445.2153,0.0000E+000
445.2222,0.0000E+000
445.2292,0.0000E+000
445.2361,0.0000E+000
445.2431,0.0000E+000
445.2500,0.0000E+000
445.2569,0.0000E+000
445.2639,0.0000E+000
445.2708,1.1365E-011
445.2778,2.3140E-001
445.2847,1.2854E+000
445.2917,2.4329E+000
445.2986,4.4857E+000
445.3056,8.1024E+000
445.3125,1.1651E+001
445.3194,1.8239E+001
445.3264,2.5190E+001
445.3333,2.5381E+001
445.3403,4.2969E+001
445.3472,5.8937E+001
445.3542,4.1987E+001
445.3611,5.5540E+001
445.3681,6.7696E+001
445.3750,6.8661E+001
445.3819,4.4579E+001
445.3889,3.4127E+001
445.3958,3.1449E+001
445.4028,1.8499E+001
445.4097,4.1347E+001
445.4167,6.1115E+001
445.4236,5.9441E+001
445.4306,7.5124E+001
445.4375,5.5461E+001
445.4444,8.0357E+001
445.4514,6.6720E+001
445.4583,8.1722E+001
445.4653,1.2296E+002
445.4722,1.1741E+002
445.4792,1.3565E+002
445.4861,1.3617E+002
445.4931,1.7117E+002
445.5000,1.8785E+002
445.5069,9.4360E+001
445.5139,6.9494E+001
445.5208,5.8504E+001
445.5278,4.6516E+001
445.5347,4.9753E+001
445.5417,5.6051E+001
445.5486,8.5250E+001
445.5556,7.2415E+001
445.5625,3.7575E+001
445.5694,3.9238E+001
445.5764,8.0795E+001
445.5833,1.1022E+002
445.5903,1.2057E+002
445.5972,8.6694E+001
445.6042,1.0326E+002
445.6111,1.3642E+002
445.6181,1.4913E+002
445.6250,1.0246E+002
445.6319,7.2063E+001
445.6389,1.1807E+002
445.6458,8.6251E+001
445.6528,9.5099E+001
445.6597,8.3262E+001
445.6667,9.7329E+001
445.6736,8.3965E+001
445.6806,8.5016E+001
445.6875,7.6221E+001
445.6944,5.1379E+001
445.7014,3.9917E+001
445.7083,2.3336E+001
445.7153,1.9768E+001
445.7222,2.0517E+001
445.7292,2.8530E+001
445.7361,2.5408E+001
445.7431,1.9285E+001
445.7500,7.8688E+000
445.7569,5.9344E+000
445.7639,3.0594E+000
445.7708,8.1207E-001
445.7778,7.5039E-002
445.7847,0.0000E+000
445.7917,0.0000E+000
445.7986,0.0000E+000
445.8056,0.0000E+000
445.8125,0.0000E+000
445.8194,0.0000E+000
445.8264,0.0000E+000
445.8333,0.0000E+000
445.8403,0.0000E+000
445.8472,0.0000E+000
445.8542,0.0000E+000
445.8611,0.0000E+000
445.8681,0.0000E+000
445.8750,0.0000E+000
445.8819,0.0000E+000
445.8889,0.0000E+000
445.8958,0.0000E+000
445.9028,0.0000E+000
445.9097,0.0000E+000
445.9167,0.0000E+000
445.9236,0.0000E+000
445.9306,0.0000E+000
445.9375,0.0000E+000
445.9444,0.0000E+000
445.9514,0.0000E+000
445.9583,0.0000E+000
445.9653,0.0000E+000
445.9722,0.0000E+000
445.9792,0.0000E+000
445.9861,0.0000E+000
445.9931,0.0000E+000
446.0000,0.0000E+000
446.0069,0.0000E+000
446.0139,0.0000E+000
446.0208,0.0000E+000
446.0278,0.0000E+000
446.0347,0.0000E+000
446.0417,0.0000E+000
446.0486,0.0000E+000
446.0556,0.0000E+000
446.0625,0.0000E+000
446.0694,0.0000E+000
446.0764,0.0000E+000
446.0833,0.0000E+000
446.0903,0.0000E+000
446.0972,0.0000E+000
446.1042,0.0000E+000
446.1111,0.0000E+000
446.1181,0.0000E+000
446.1250,0.0000E+000
446.1319,0.0000E+000
446.1389,0.0000E+000
446.1458,0.0000E+000
446.1528,0.0000E+000
446.1597,0.0000E+000
446.1667,0.0000E+000
446.1736,0.0000E+000
446.1806,0.0000E+000
446.1875,6.3610E-003
446.1944,0.0000E+000
446.2014,0.0000E+000
446.2083,0.0000E+000
446.2153,0.0000E+000
446.2222,0.0000E+000
446.2292,0.0000E+000
446.2361,0.0000E+000
446.2431,0.0000E+000
446.2500,0.0000E+000
446.2569,0.0000E+000
446.2639,0.0000E+000
446.2708,1.5184E-011
446.2778,3.0916E-001
446.2847,1.6317E+000
446.2917,2.8162E+000
446.2986,5.2158E+000
446.3056,7.8049E+000
446.3125,9.7910E+000
446.3194,1.1161E+001
446.3264,1.8690E+001
446.3333,2.6355E+001
446.3403,2.6422E+001
446.3472,2.5274E+001
446.3542,3.7620E+001
446.3611,4.0270E+001
446.3681,4.8583E+001
446.3750,5.1319E+001
446.3819,6.5823E+001
446.3889,6.6390E+001
446.3958,6.8218E+001
446.4028,7.2428E+001
446.4097,8.3958E+001
446.4167,6.4017E+001
446.4236,4.7801E+001
446.4306,2.7095E+001
446.4375,4.7842E+001
446.4444,4.7750E+001
446.4514,7.9954E+001
446.4583,7.2373E+001
446.4653,4.6964E+001
446.4722,4.3956E+001
446.4792,4.2911E+001
446.4861,6.6009E+001
446.4931,7.5908E+001
446.5000,9.7816E+001
446.5069,6.1712E+001
446.5139,4.1035E+001
446.5208,5.8855E+001
446.5278,6.1132E+001
446.5347,6.7177E+001
446.5417,8.0219E+001
446.5486,4.8285E+001
446.5556,4.8755E+001
446.5625,7.1955E+001
446.5694,9.0557E+001
446.5764,6.4561E+001
446.5833,4.2079E+001
446.5903,4.5549E+001
446.5972,8.3179E+001
446.6042,7.6671E+001
446.6111,4.5970E+001
446.6181,3.9598E+001
446.6250,3.7638E+001
446.6319,5.0664E+001
446.6389,6.2978E+001
446.6458,4.2488E+001
446.6528,3.1732E+001
446.6597,2.7037E+001
446.6667,1.9814E+001
446.6736,1.6972E+001
446.6806,2.2537E+001
446.6875,2.2172E+001
446.6944,2.0143E+001
446.7014,1.8629E+001
446.7083,2.6197E+001
446.7153,2.6623E+001
446.7222,2.6173E+001
446.7292,2.1830E+001
446.7361,1.6484E+001
446.7431,1.0873E+001
446.7500,6.3474E+000
446.7569,3.6430E+000
446.7639,1.7938E+000
446.7708,2.6408E-001
446.7778,8.6466E-012
446.7847,0.0000E+000
446.7917,0.0000E+000
446.7986,0.0000E+000
446.8056,0.0000E+000
446.8125,0.0000E+000
446.8194,0.0000E+000
446.8264,0.0000E+000
446.8333,0.0000E+000
446.8403,0.0000E+000
446.8472,0.0000E+000
446.8542,0.0000E+000
446.8611,0.0000E+000
446.8681,0.0000E+000
446.8750,0.0000E+000
446.8819,0.0000E+000
446.8889,0.0000E+000
446.8958,0.0000E+000
446.9028,0.0000E+000
446.9097,0.0000E+000
446.9167,0.0000E+000
446.9236,0.0000E+000
446.9306,0.0000E+000
446.9375,0.0000E+000
446.9444,0.0000E+000
446.9514,0.0000E+000
446.9583,0.0000E+000
446.9653,0.0000E+000
446.9722,0.0000E+000
446.9792,0.0000E+000
446.9861,0.0000E+000
446.9931,0.0000E+000
447.0000,0.0000E+000
447.0069,0.0000E+000
447.0139,0.0000E+000
447.0208,0.0000E+000
447.0278,0.0000E+000
447.0347,0.0000E+000
447.0417,0.0000E+000
447.0486,0.0000E+000
447.0556,0.0000E+000
447.0625,0.0000E+000
447.0694,0.0000E+000
447.0764,0.0000E+000
447.0833,0.0000E+000
447.0903,0.0000E+000
447.0972,0.0000E+000
447.1042,0.0000E+000
447.1111,0.0000E+000
447.1181,0.0000E+000
447.1250,0.0000E+000
447.1319,0.0000E+000
447.1389,0.0000E+000
447.1458,0.0000E+000
447.1528,0.0000E+000
447.1597,0.0000E+000
447.1667,0.0000E+000
447.1736,0.0000E+000
447.1806,0.0000E+000
447.1875,0.0000E+000
447.1944,0.0000E+000
447.2014,0.0000E+000
447.2083,0.0000E+000
447.2153,0.0000E+000
447.2222,0.0000E+000
447.2292,0.0000E+000
447.2361,0.0000E+000
447.2431,0.0000E+000
447.2500,0.0000E+000
447.2569,0.0000E+000
447.2639,0.0000E+000
447.2708,6.4292E-002
447.2778,7.6641E-001
447.2847,2.3553E+000
447.2917,4.9124E+000
447.2986,7.5961E+000
447.3056,1.2836E+001
447.3125,1.9434E+001
447.3194,2.3630E+001
447.3264,2.3734E+001
447.3333,2.8328E+001
447.3403,3.7661E+001
447.3472,4.7337E+001
447.3542,6.2120E+001
447.3611,6.0618E+001
447.3681,7.6521E+001
447.3750,8.5107E+001
447.3819,1.0730E+002
447.3889,1.1380E+002
447.3958,1.2004E+002
447.4028,1.2672E+002
447.4097,1.2673E+002
447.4167,1.2496E+002
447.4236,1.2135E+002
447.4306,1.1664E+002
447.4375,1.0219E+002
447.4444,9.8775E+001
447.4514,8.1068E+001
447.4583,7.8944E+001
447.4653,1.0350E+002
447.4722,1.2815E+002
447.4792,1.3525E+002
447.4861,1.3110E+002
447.4931,1.2009E+002
447.5000,1.0865E+002
447.5069,1.4222E+002
447.5139,1.4478E+002
447.5208,1.1663E+002
447.5278,1.3058E+002
447.5347,1.1862E+002
447.5417,1.4249E+002
447.5486,1.1817E+002
447.5556,1.3714E+002
447.5625,1.1198E+002
447.5694,1.1022E+002
447.5764,1.0163E+002
447.5833,1.0299E+002
447.5903,1.0906E+002
447.5972,1.1106E+002
447.6042,1.0955E+002
447.6111,1.0419E+002
447.6181,1.1769E+002
447.6250,1.5124E+002
447.6319,1.4937E+002
447.6389,1.3288E+002
447.6458,1.0759E+002
447.6528,8.4986E+001
447.6597,8.2626E+001
447.6667,8.1764E+001
447.6736,6.6458E+001
447.6806,5.5735E+001
447.6875,4.3315E+001
447.6944,4.3857E+001
447.7014,4.1398E+001
447.7083,3.4965E+001
447.7153,3.6692E+001
447.7222,3.1297E+001
447.7292,2.2862E+001
447.7361,1.7772E+001
447.7431,1.2415E+001
447.7500,7.3373E+000
447.7569,5.2386E+000
447.7639,2.7635E+000
447.7708,8.9147E-001
447.7778,2.2924E-002
447.7847,0.0000E+000
447.7917,0.0000E+000
447.7986,0.0000E+000
447.8056,0.0000E+000
447.8125,0.0000E+000
447.8194,0.0000E+000
447.8264,0.0000E+000
447.8333,0.0000E+000
447.8403,0.0000E+000
447.8472,0.0000E+000
447.8542,0.0000E+000
447.8611,0.0000E+000
447.8681,0.0000E+000
447.8750,0.0000E+000
447.8819,0.0000E+000
447.8889,0.0000E+000
447.8958,0.0000E+000
447.9028,0.0000E+000
447.9097,0.0000E+000
447.9167,0.0000E+000
447.9236,0.0000E+000
447.9306,0.0000E+000
447.9375,0.0000E+000
447.9444,0.0000E+000
447.9514,0.0000E+000
447.9583,0.0000E+000
447.9653,0.0000E+000
447.9722,0.0000E+000
447.9792,0.0000E+000
447.9861,0.0000E+000
447.9931,0.0000E+000
448.0000,0.0000E+000
448.0069,0.0000E+000
448.0139,0.0000E+000
448.0208,0.0000E+000
448.0278,0.0000E+000
448.0347,3.8097E-011
448.0417,1.1636E+000
448.0486,0.0000E+000
448.0556,0.0000E+000
448.0625,0.0000E+000
448.0694,0.0000E+000
448.0764,0.0000E+000
448.0833,1.7196E-002
448.0903,5.6304E-013
448.0972,8.3413E-014
448.1042,2.5476E-003
448.1111,0.0000E+000
448.1181,0.0000E+000
448.1250,0.0000E+000
448.1319,4.4584E-003
448.1389,7.2989E-014
448.1458,0.0000E+000
448.1528,0.0000E+000
448.1597,2.0854E-014
448.1667,6.3693E-004
448.1736,5.2136E-014
448.1806,3.1847E-003
448.1875,0.0000E+000
448.1944,0.0000E+000
448.2014,0.0000E+000
448.2083,1.8769E-013
448.2153,3.8217E-003
448.2222,3.1848E-003
448.2292,1.5641E-013
448.2361,0.0000E+000
448.2431,0.0000E+000
448.2500,7.0066E-003
448.2569,6.9430E-002
448.2639,5.4143E-001
448.2708,1.5396E+000
448.2778,2.8167E+000
448.2847,4.4665E+000
448.2917,5.8558E+000
448.2986,7.2164E+000
448.3056,8.3439E+000
448.3125,9.7364E+000
448.3194,1.1221E+001
448.3264,1.2143E+001
448.3333,1.3545E+001
448.3403,1.5094E+001
448.3472,1.6566E+001
448.3542,1.8441E+001
448.3611,2.1170E+001
448.3681,2.5375E+001
448.3750,3.1588E+001
448.3819,5.7386E+001
448.3889,6.2694E+001
448.3958,5.1623E+001
448.4028,7.1536E+001
448.4097,8.0844E+001
448.4167,1.6510E+002
448.4236,2.6758E+002
448.4306,3.3507E+002
448.4375,3.6481E+002
448.4444,3.7491E+002
448.4514,3.5945E+002
448.4583,4.0092E+002
448.4653,3.9496E+002
448.4722,4.1088E+002
448.4792,4.1918E+002
448.4861,4.1920E+002
448.4931,4.2270E+002
448.5000,4.2553E+002
448.5069,4.2929E+002
448.5139,4.2981E+002
448.5208,4.3150E+002
448.5278,4.3178E+002
448.5347,4.3439E+002
448.5417,4.3291E+002
448.5486,4.3091E+002
448.5556,4.2833E+002
448.5625,4.2127E+002
448.5694,4.1885E+002
448.5764,4.1036E+002
448.5833,4.0304E+002
448.5903,3.9275E+002
448.5972,3.8551E+002
448.6042,3.7338E+002
448.6111,3.6610E+002
448.6181,3.4787E+002
448.6250,3.3024E+002
448.6319,3.1230E+002
448.6389,1.0457E+002
448.6458,4.8907E+001
448.6528,4.8120E+001
448.6597,3.3043E+001
448.6667,2.9763E+001
448.6736,2.9483E+001
448.6806,2.6094E+001
448.6875,2.2263E+001
448.6944,2.0341E+001
448.7014,1.7986E+001
448.7083,1.4698E+001
448.7153,1.3486E+001
448.7222,1.2123E+001
448.7292,1.0508E+001
448.7361,9.0166E+000
448.7431,7.7174E+000
448.7500,5.7365E+000
448.7569,3.5765E+000
448.7639,1.8625E+000
448.7708,3.5236E-001
448.7778,1.1537E-011
448.7847,0.0000E+000
448.7917,0.0000E+000
448.7986,0.0000E+000
448.8056,0.0000E+000
448.8125,0.0000E+000
448.8194,0.0000E+000
448.8264,0.0000E+000
448.8333,0.0000E+000
448.8403,0.0000E+000
448.8472,0.0000E+000
448.8542,0.0000E+000
448.8611,0.0000E+000
448.8681,0.0000E+000
448.8750,0.0000E+000
448.8819,0.0000E+000
448.8889,0.0000E+000
448.8958,0.0000E+000
448.9028,0.0000E+000
448.9097,0.0000E+000
448.9167,0.0000E+000
448.9236,0.0000E+000
448.9306,0.0000E+000
448.9375,0.0000E+000
448.9444,0.0000E+000
448.9514,0.0000E+000
448.9583,0.0000E+000
448.9653,0.0000E+000
448.9722,0.0000E+000
448.9792,0.0000E+000
448.9861,0.0000E+000
448.9931,0.0000E+000
449.0000,0.0000E+000
449.0069,0.0000E+000
449.0139,0.0000E+000
449.0208,0.0000E+000
449.0278,0.0000E+000
449.0347,0.0000E+000
449.0417,0.0000E+000
449.0486,0.0000E+000
449.0556,0.0000E+000
449.0625,0.0000E+000
449.0694,0.0000E+000
449.0764,0.0000E+000
449.0833,0.0000E+000
449.0903,0.0000E+000
449.0972,0.0000E+000
449.1042,0.0000E+000
449.1111,0.0000E+000
449.1181,0.0000E+000
449.1250,0.0000E+000
449.1319,0.0000E+000
449.1389,0.0000E+000
449.1458,0.0000E+000
449.1528,0.0000E+000
449.1597,0.0000E+000
449.1667,0.0000E+000
449.1736,0.0000E+000
449.1806,0.0000E+000
449.1875,0.0000E+000
449.1944,0.0000E+000
449.2014,0.0000E+000
449.2083,0.0000E+000
449.2153,0.0000E+000
449.2222,0.0000E+000
449.2292,0.0000E+000
449.2361,1.2620E-001
449.2431,8.4326E-001
449.2500,1.1792E-001
449.2569,1.8357E-001
449.2639,6.4823E-001
449.2708,2.4336E+000
449.2778,5.4236E+000
449.2847,8.6890E+000
449.2917,1.2981E+001
449.2986,1.8584E+001
449.3056,2.5480E+001
449.3125,3.2554E+001
449.3194,3.9026E+001
449.3264,4.6679E+001
449.3333,5.4589E+001
449.3403,5.9288E+001
449.3472,6.0473E+001
449.3542,6.1207E+001
449.3611,6.2588E+001
449.3681,6.5651E+001
449.3750,7.3171E+001
449.3819,8.7076E+001
449.3889,9.1407E+001
449.3958,9.8067E+001
449.4028,1.0323E+002
449.4097,1.1675E+002
449.4167,1.4928E+002
449.4236,2.3315E+002
449.4306,2.3277E+002
449.4375,2.3219E+002
449.4444,2.2964E+002
449.4514,2.9870E+002
449.4583,3.4733E+002
449.4653,3.4770E+002
449.4722,3.1276E+002
449.4792,3.3293E+002
449.4861,3.1013E+002
449.4931,2.9238E+002
449.5000,2.9078E+002
449.5069,3.0779E+002
449.5139,2.1096E+002
449.5208,2.3748E+002
449.5278,2.8709E+002
449.5347,2.9085E+002
449.5417,2.5561E+002
449.5486,3.1068E+002
449.5556,2.7076E+002
449.5625,2.3521E+002
449.5694,3.3585E+002
449.5764,3.0909E+002
449.5833,3.8271E+002
449.5903,3.3770E+002
449.5972,3.1260E+002
449.6042,1.9840E+002
449.6111,1.7591E+002
449.6181,1.6944E+002
449.6250,1.7369E+002
449.6319,2.6489E+002
449.6389,1.5101E+002
449.6458,1.1663E+002
449.6528,1.0280E+002
449.6597,1.0022E+002
449.6667,9.6555E+001
449.6736,7.8038E+001
449.6806,8.3776E+001
449.6875,9.9141E+001
449.6944,9.8443E+001
449.7014,5.3436E+001
449.7083,2.9110E+001
449.7153,2.2038E+001
449.7222,1.9537E+001
449.7292,1.6172E+001
449.7361,1.3386E+001
449.7431,1.0479E+001
449.7500,8.0656E+000
449.7569,6.7082E+000
449.7639,3.5782E+000
449.7708,1.2784E+000
449.7778,3.2135E-001
449.7847,0.0000E+000
449.7917,0.0000E+000
449.7986,0.0000E+000
449.8056,0.0000E+000
449.8125,0.0000E+000
449.8194,0.0000E+000
449.8264,0.0000E+000
449.8333,0.0000E+000
449.8403,0.0000E+000
449.8472,0.0000E+000
449.8542,0.0000E+000
449.8611,0.0000E+000
449.8681,0.0000E+000
449.8750,0.0000E+000
449.8819,0.0000E+000
449.8889,0.0000E+000
449.8958,0.0000E+000
449.9028,0.0000E+000
449.9097,0.0000E+000
449.9167,0.0000E+000
449.9236,0.0000E+000
449.9306,0.0000E+000
449.9375,0.0000E+000
449.9444,0.0000E+000
449.9514,0.0000E+000
449.9583,0.0000E+000
449.9653,0.0000E+000
449.9722,0.0000E+000
449.9792,0.0000E+000
449.9861,0.0000E+000
449.9931,0.0000E+000
450.0000,0.0000E+000
450.0069,0.0000E+000
450.0139,0.0000E+000
450.0208,0.0000E+000
450.0278,0.0000E+000
450.0347,0.0000E+000
450.0417,0.0000E+000
450.0486,0.0000E+000
450.0556,0.0000E+000
450.0625,0.0000E+000
450.0694,0.0000E+000
450.0764,0.0000E+000
450.0833,0.0000E+000
450.0903,0.0000E+000
450.0972,0.0000E+000
450.1042,0.0000E+000
450.1111,0.0000E+000
450.1181,0.0000E+000
450.1250,0.0000E+000
450.1319,0.0000E+000
450.1389,0.0000E+000
450.1458,0.0000E+000
450.1528,0.0000E+000
450.1597,0.0000E+000
450.1667,0.0000E+000
450.1736,0.0000E+000
450.1806,0.0000E+000
450.1875,0.0000E+000
450.1944,0.0000E+000
450.2014,0.0000E+000
450.2083,0.0000E+000
450.2153,0.0000E+000
450.2222,0.0000E+000
450.2292,0.0000E+000
450.2361,0.0000E+000
450.2431,0.0000E+000
450.2500,0.0000E+000
450.2569,2.6150E-002
450.2639,7.7430E-001
450.2708,2.4652E+000
450.2778,4.2619E+000
450.2847,6.2392E+000
450.2917,8.1558E+000
450.2986,1.1656E+001
450.3056,1.4874E+001
450.3125,1.7241E+001
450.3194,1.8378E+001
450.3264,2.1908E+001
450.3333,2.2599E+001
450.3403,2.4494E+001
450.3472,2.6692E+001
450.3542,2.9161E+001
450.3611,3.2051E+001
450.3681,3.4937E+001
450.3750,3.8395E+001
450.3819,1.1737E+002
450.3889,7.6848E+001
450.3958,4.2521E+001
450.4028,5.6954E+001
450.4097,7.5277E+001
450.4167,2.1247E+002
450.4236,3.2778E+002
450.4306,3.4974E+002
450.4375,3.6443E+002
450.4444,3.7780E+002
450.4514,3.8700E+002
450.4583,4.4149E+002
450.4653,2.4429E+002
450.4722,1.8506E+002
450.4792,2.4063E+002
450.4861,1.9242E+002
450.4931,2.9043E+002
450.5000,4.6133E+002
450.5069,4.5791E+002
450.5139,3.7419E+002
450.5208,4.2986E+002
450.5278,4.6876E+002
450.5347,4.6170E+002
450.5417,4.1812E+002
450.5486,4.7238E+002
450.5556,3.8759E+002
450.5625,3.4719E+002
450.5694,2.4102E+002
450.5764,2.2371E+002
450.5833,2.9850E+002
450.5903,1.7420E+002
450.5972,3.0252E+002
450.6042,2.9781E+002
450.6111,2.9774E+002
450.6181,3.1571E+002
450.6250,1.7359E+002
450.6319,1.5165E+002
450.6389,1.2429E+002
450.6458,1.0703E+002
450.6528,7.8051E+001
450.6597,8.0042E+001
450.6667,8.5003E+001
450.6736,1.2321E+002
450.6806,9.7093E+001
450.6875,6.7471E+001
450.6944,6.0505E+001
450.7014,6.0224E+001
450.7083,7.1579E+001
450.7153,6.7711E+001
450.7222,6.6082E+001
450.7292,6.0577E+001
450.7361,4.8604E+001
450.7431,3.9568E+001
450.7500,3.2471E+001
450.7569,1.7933E+001
450.7639,6.8102E+000
450.7708,1.8228E+000
450.7778,5.9683E-011
450.7847,0.0000E+000
450.7917,0.0000E+000
450.7986,0.0000E+000
450.8056,0.0000E+000
450.8125,0.0000E+000
450.8194,0.0000E+000
450.8264,0.0000E+000
450.8333,0.0000E+000
450.8403,0.0000E+000
450.8472,0.0000E+000
450.8542,0.0000E+000
450.8611,0.0000E+000
450.8681,0.0000E+000
450.8750,0.0000E+000
450.8819,0.0000E+000
450.8889,0.0000E+000
450.8958,0.0000E+000
450.9028,0.0000E+000
450.9097,0.0000E+000
450.9167,0.0000E+000
450.9236,0.0000E+000
450.9306,0.0000E+000
450.9375,0.0000E+000
450.9444,0.0000E+000
450.9514,0.0000E+000
450.9583,0.0000E+000
450.9653,0.0000E+000
450.9722,0.0000E+000
450.9792,0.0000E+000
450.9861,0.0000E+000
450.9931,0.0000E+000
451.0000,0.0000E+000
451.0069,0.0000E+000
451.0139,0.0000E+000
451.0208,0.0000E+000
451.0278,0.0000E+000
451.0347,0.0000E+000
451.0417,0.0000E+000
451.0486,0.0000E+000
451.0556,0.0000E+000
451.0625,0.0000E+000
451.0694,0.0000E+000
451.0764,0.0000E+000
451.0833,0.0000E+000
451.0903,0.0000E+000
451.0972,0.0000E+000
451.1042,0.0000E+000
451.1111,8.1489E-013
451.1181,4.9777E-002
451.1250,3.8290E-002
451.1319,4.2758E-002
451.1389,6.8923E-002
451.1458,0.0000E+000
451.1528,0.0000E+000
451.1597,0.0000E+000
451.1667,0.0000E+000
451.1736,2.4890E-002
451.1806,1.6299E-012
451.1875,0.0000E+000
451.1944,2.5075E-013
451.2014,3.8292E-003
451.2083,3.4463E-002
451.2153,1.1284E-012
451.2222,0.0000E+000
451.2292,0.0000E+000
451.2361,0.0000E+000
451.2431,0.0000E+000
451.2500,0.0000E+000
451.2569,1.2063E-001
451.2639,7.2631E-001
451.2708,7.7482E-001
451.2778,3.4739E+000
451.2847,1.0227E+001
451.2917,1.3569E+001
451.2986,1.4724E+001
451.3056,2.0594E+001
451.3125,3.3388E+001
451.3194,3.2130E+001
451.3264,4.9775E+001
451.3333,5.9971E+001
451.3403,6.0122E+001
451.3472,5.8011E+001
451.3542,7.1628E+001
451.3611,7.8783E+001
451.3681,9.1748E+001
451.3750,1.0091E+002
451.3819,1.5609E+002
451.3889,1.0812E+002
451.3958,1.4012E+002
451.4028,1.4157E+002
451.4097,1.3930E+002
451.4167,2.9817E+002
451.4236,3.8155E+002
451.4306,8.4524E+001
451.4375,1.3410E+002
451.4444,2.8074E+002
451.4514,2.7977E+002
451.4583,1.4350E+002
451.4653,4.2124E+002
451.4722,3.0430E+002
451.4792,2.6605E+002
451.4861,1.4096E+002
451.4931,9.9734E+001
451.5000,4.7439E+001
451.5069,1.7136E+002
451.5139,3.1137E+002
451.5208,1.1962E+002
451.5278,1.7806E+002
451.5347,3.2742E+002
451.5417,4.8514E+002
451.5486,3.7818E+002
451.5556,4.8929E+002
451.5625,3.2018E+002
451.5694,2.6258E+002
451.5764,2.8699E+002
451.5833,3.0011E+002
451.5903,3.9801E+002
451.5972,3.4955E+002
451.6042,4.2915E+002
451.6111,1.7894E+002
451.6181,5.2753E+001
451.6250,4.1789E+001
451.6319,3.2992E+001
451.6389,3.5653E+001
451.6458,6.0808E+001
451.6528,4.7313E+001
451.6597,2.4842E+001
451.6667,3.3783E+001
451.6736,2.2998E+001
451.6806,2.7010E+001
451.6875,8.0268E+001
451.6944,7.2838E+001
451.7014,5.1769E+001
451.7083,3.5643E+001
451.7153,3.0928E+001
451.7222,4.0168E+001
451.7292,4.3209E+001
451.7361,2.5454E+001
451.7431,1.7408E+001
451.7500,1.2094E+001
451.7569,1.0212E+001
451.7639,5.6770E+000
451.7708,2.8730E-001
451.7778,9.4068E-012
451.7847,0.0000E+000
451.7917,0.0000E+000
451.7986,0.0000E+000
451.8056,0.0000E+000
451.8125,0.0000E+000
451.8194,0.0000E+000
451.8264,0.0000E+000
451.8333,0.0000E+000
451.8403,0.0000E+000
451.8472,0.0000E+000
451.8542,0.0000E+000
451.8611,0.0000E+000
451.8681,0.0000E+000
451.8750,0.0000E+000
451.8819,0.0000E+000
451.8889,0.0000E+000
451.8958,0.0000E+000
451.9028,0.0000E+000
451.9097,0.0000E+000
451.9167,0.0000E+000
451.9236,0.0000E+000
451.9306,0.0000E+000
451.9375,0.0000E+000
451.9444,0.0000E+000
451.9514,0.0000E+000
451.9583,0.0000E+000
451.9653,0.0000E+000
451.9722,0.0000E+000
451.9792,0.0000E+000
451.9861,0.0000E+000
451.9931,0.0000E+000
452.0000,0.0000E+000
452.0069,0.0000E+000
452.0139,0.0000E+000
452.0208,0.0000E+000
452.0278,0.0000E+000
452.0347,0.0000E+000
452.0417,0.0000E+000
452.0486,0.0000E+000
452.0556,0.0000E+000
452.0625,0.0000E+000
452.0694,0.0000E+000
452.0764,0.0000E+000
452.0833,0.0000E+000
452.0903,0.0000E+000
452.0972,0.0000E+000
452.1042,0.0000E+000
452.1111,0.0000E+000
452.1181,0.0000E+000
452.1250,0.0000E+000
452.1319,0.0000E+000
452.1389,0.0000E+000
452.1458,0.0000E+000
452.1528,0.0000E+000
452.1597,0.0000E+000
452.1667,0.0000E+000
452.1736,0.0000E+000
452.1806,0.0000E+000
452.1875,0.0000E+000
452.1944,0.0000E+000
452.2014,0.0000E+000
452.2083,0.0000E+000
452.2153,0.0000E+000
452.2222,0.0000E+000
452.2292,0.0000E+000
452.2361,0.0000E+000
452.2431,0.0000E+000
452.2500,0.0000E+000
452.2569,0.0000E+000
452.2639,0.0000E+000
452.2708,0.0000E+000
452.2778,0.0000E+000
452.2847,0.0000E+000
452.2917,0.0000E+000
452.2986,5.0291E-012
452.3056,3.0720E-001
452.3125,2.1415E+000
452.3194,6.2565E+000
452.3264,1.0828E+001
452.3333,1.8962E+001
452.3403,2.8830E+001
452.3472,3.3632E+001
452.3542,3.5281E+001
452.3611,4.2730E+001
452.3681,4.2443E+001
452.3750,2.0468E+001
452.3819,1.6992E+001
452.3889,2.2537E+001
452.3958,2.4889E+001
452.4028,2.6078E+001
452.4097,2.8730E+001
452.4167,4.0014E+001
452.4236,2.3661E+002
452.4306,1.7787E+002
452.4375,6.0502E+001
452.4444,5.4974E+001
452.4514,9.9763E+001
452.4583,2.2878E+002
452.4653,3.2950E+002
452.4722,3.3890E+002
452.4792,3.4443E+002
452.4861,3.6480E+002
452.4931,3.9632E+002
452.5000,4.3258E+002
452.5069,4.3610E+002
452.5139,3.6950E+002
452.5208,3.4799E+002
452.5278,3.2440E+002
452.5347,4.3085E+002
452.5417,4.3216E+002
452.5486,4.4040E+002
452.5556,4.5149E+002
452.5625,4.4650E+002
452.5694,4.6158E+002
452.5764,4.5070E+002
452.5833,4.6092E+002
452.5903,4.6118E+002
452.5972,4.5677E+002
452.6042,4.4757E+002
452.6111,4.2763E+002
452.6181,4.2792E+002
452.6250,4.1417E+002
452.6319,3.9802E+002
452.6389,3.9332E+002
452.6458,3.7093E+002
452.6528,3.5251E+002
452.6597,3.3218E+002
452.6667,3.1509E+002
452.6736,2.9392E+002
452.6806,2.0793E+002
452.6875,1.2154E+002
452.6944,1.3070E+002
452.7014,1.0703E+002
452.7083,9.7535E+001
452.7153,9.0567E+001
452.7222,7.8549E+001
452.7292,7.2727E+001
452.7361,5.9545E+001
452.7431,4.7475E+001
452.7500,4.9475E+001
452.7569,4.3029E+001
452.7639,3.9222E+001
452.7708,3.1610E+001
452.7778,3.0473E+001
452.7847,2.5619E+001
452.7917,1.8859E+001
452.7986,1.5253E+001
452.8056,1.1815E+001
452.8125,3.9131E+000
452.8194,3.2519E-001
452.8264,5.3237E-012
452.8333,0.0000E+000
452.8403,0.0000E+000
452.8472,0.0000E+000
452.8542,0.0000E+000
452.8611,0.0000E+000
452.8681,0.0000E+000
452.8750,0.0000E+000
452.8819,0.0000E+000
452.8889,0.0000E+000
452.8958,0.0000E+000
452.9028,0.0000E+000
452.9097,0.0000E+000
452.9167,0.0000E+000
452.9236,0.0000E+000
452.9306,0.0000E+000
452.9375,0.0000E+000
452.9444,0.0000E+000
452.9514,0.0000E+000
452.9583,0.0000E+000
452.9653,0.0000E+000
452.9722,0.0000E+000
452.9792,0.0000E+000
452.9861,0.0000E+000
452.9931,0.0000E+000
453.0000,0.0000E+000
453.0069,0.0000E+000
453.0139,0.0000E+000
453.0208,0.0000E+000
453.0278,0.0000E+000
453.0347,0.0000E+000
453.0417,0.0000E+000
453.0486,0.0000E+000
453.0556,0.0000E+000
453.0625,0.0000E+000
453.0694,0.0000E+000
453.0764,0.0000E+000
453.0833,0.0000E+000
453.0903,0.0000E+000
453.0972,0.0000E+000
453.1042,0.0000E+000
453.1111,0.0000E+000
453.1181,0.0000E+000
453.1250,0.0000E+000
453.1319,0.0000E+000
453.1389,0.0000E+000
453.1458,0.0000E+000
453.1528,0.0000E+000
453.1597,0.0000E+000
453.1667,0.0000E+000
453.1736,0.0000E+000
453.1806,0.0000E+000
453.1875,0.0000E+000
453.1944,0.0000E+000
453.2014,0.0000E+000
453.2083,0.0000E+000
453.2153,0.0000E+000
453.2222,0.0000E+000
453.2292,0.0000E+000
453.2361,0.0000E+000
453.2431,0.0000E+000
453.2500,0.0000E+000
453.2569,0.0000E+000
453.2639,0.0000E+000
453.2708,0.0000E+000
453.2778,0.0000E+000
453.2847,0.0000E+000
453.2917,0.0000E+000
453.2986,6.3909E-004
453.3056,8.1548E-001
453.3125,2.8261E+000
453.3194,5.6668E+000
453.3264,7.4429E+000
453.3333,7.8334E+000
453.3403,9.5859E+000
453.3472,1.1954E+001
453.3542,1.4427E+001
453.3611,1.8897E+001
453.3681,2.1849E+001
453.3750,2.1393E+001
453.3819,2.0883E+001
453.3889,2.2300E+001
453.3958,2.4590E+001
453.4028,2.6346E+001
453.4097,2.9017E+001
453.4167,5.8483E+001
453.4236,2.4883E+002
453.4306,1.6337E+002
453.4375,5.8793E+001
453.4444,5.2028E+001
453.4514,9.8309E+001
453.4583,2.4539E+002
453.4653,3.5445E+002
453.4722,3.6654E+002
453.4792,3.7477E+002
453.4861,3.8592E+002
453.4931,4.0045E+002
453.5000,4.0766E+002
453.5069,4.2025E+002
453.5139,4.2544E+002
453.5208,4.3543E+002
453.5278,4.3781E+002
453.5347,4.3690E+002
453.5417,4.4216E+002
453.5486,4.4808E+002
453.5556,4.5702E+002
453.5625,4.4732E+002
453.5694,4.5970E+002
453.5764,4.4882E+002
453.5833,4.3551E+002
453.5903,4.4546E+002
453.5972,4.5064E+002
453.6042,4.4146E+002
453.6111,4.4507E+002
453.6181,4.3127E+002
453.6250,4.1814E+002
453.6319,4.0446E+002
453.6389,3.9394E+002
453.6458,3.8706E+002
453.6528,3.6186E+002
453.6597,3.5247E+002
453.6667,3.4549E+002
453.6736,3.2573E+002
453.6806,2.7011E+002
453.6875,1.2179E+002
453.6944,9.7527E+001
453.7014,6.4896E+001
453.7083,2.8894E+001
453.7153,2.4541E+001
453.7222,2.2489E+001
453.7292,2.0767E+001
453.7361,1.8096E+001
453.7431,1.7469E+001
453.7500,1.6048E+001
453.7569,1.4823E+001
453.7639,1.3611E+001
453.7708,1.2617E+001
453.7778,1.0818E+001
453.7847,8.8996E+000
453.7917,7.6223E+000
453.7986,5.7255E+000
453.8056,4.1235E+000
453.8125,2.6525E+000
453.8194,1.2479E+000
453.8264,1.3489E-001
453.8333,0.0000E+000
453.8403,0.0000E+000
453.8472,0.0000E+000
453.8542,0.0000E+000
453.8611,0.0000E+000
453.8681,0.0000E+000
453.8750,0.0000E+000
453.8819,0.0000E+000
453.8889,0.0000E+000
453.8958,0.0000E+000
453.9028,0.0000E+000
453.9097,0.0000E+000
453.9167,0.0000E+000
453.9236,0.0000E+000
453.9306,0.0000E+000
453.9375,0.0000E+000
453.9444,0.0000E+000
453.9514,0.0000E+000
453.9583,0.0000E+000
453.9653,0.0000E+000
453.9722,0.0000E+000
453.9792,0.0000E+000
453.9861,0.0000E+000
453.9931,0.0000E+000
454.0000,0.0000E+000
454.0069,0.0000E+000
454.0139,0.0000E+000
454.0208,0.0000E+000
454.0278,0.0000E+000
454.0347,0.0000E+000
454.0417,0.0000E+000
454.0486,0.0000E+000
454.0556,0.0000E+000
454.0625,0.0000E+000
454.0694,0.0000E+000
454.0764,0.0000E+000
454.0833,0.0000E+000
454.0903,0.0000E+000
454.0972,0.0000E+000
454.1042,0.0000E+000
454.1111,0.0000E+000
454.1181,0.0000E+000
454.1250,0.0000E+000
454.1319,0.0000E+000
454.1389,0.0000E+000
454.1458,0.0000E+000
454.1528,0.0000E+000
454.1597,0.0000E+000
454.1667,0.0000E+000
454.1736,0.0000E+000
454.1806,0.0000E+000
454.1875,0.0000E+000
454.1944,0.0000E+000
454.2014,0.0000E+000
454.2083,0.0000E+000
454.2153,0.0000E+000
454.2222,0.0000E+000
454.2292,0.0000E+000
454.2361,0.0000E+000
454.2431,0.0000E+000
454.2500,0.0000E+000
454.2569,0.0000E+000
454.2639,0.0000E+000
454.2708,0.0000E+000
454.2778,0.0000E+000
454.2847,0.0000E+000
454.2917,0.0000E+000
454.2986,1.0936E-001
454.3056,1.2080E+000
454.3125,2.5619E+000
454.3194,4.1722E+000
454.3264,6.1285E+000
454.3333,7.6192E+000
454.3403,8.9731E+000
454.3472,1.0305E+001
454.3542,1.1363E+001
454.3611,1.2911E+001
454.3681,1.3969E+001
454.3750,1.5692E+001
454.3819,1.7461E+001
454.3889,1.9286E+001
454.3958,2.1501E+001
454.4028,2.3512E+001
454.4097,2.5773E+001
454.4167,6.0669E+001
454.4236,2.6145E+002
454.4306,1.8990E+002
454.4375,5.2013E+001
454.4444,5.9287E+001
454.4514,1.7572E+002
454.4583,2.5768E+002
454.4653,3.6343E+002
454.4722,3.8512E+002
454.4792,3.9797E+002
454.4861,4.0858E+002
454.4931,4.2080E+002
454.5000,4.3140E+002
454.5069,4.4066E+002
454.5139,4.4732E+002
454.5208,4.5146E+002
454.5278,4.5752E+002
454.5347,4.6513E+002
454.5417,4.6779E+002
454.5486,4.7109E+002
454.5556,4.7284E+002
454.5625,4.7664E+002
454.5694,4.7594E+002
454.5764,4.7790E+002
454.5833,4.7619E+002
454.5903,4.6955E+002
454.5972,4.6495E+002
454.6042,4.6072E+002
454.6111,4.5517E+002
454.6181,4.4761E+002
454.6250,4.3927E+002
454.6319,4.2658E+002
454.6389,4.1456E+002
454.6458,4.0384E+002
454.6528,3.9061E+002
454.6597,3.7760E+002
454.6667,3.5964E+002
454.6736,3.4199E+002
454.6806,3.2505E+002
454.6875,1.9063E+002
454.6944,1.3683E+002
454.7014,1.1349E+002
454.7083,4.3327E+001
454.7153,2.6899E+001
454.7222,2.4677E+001
454.7292,2.1410E+001
454.7361,1.8227E+001
454.7431,1.6092E+001
454.7500,1.5184E+001
454.7569,1.4510E+001
454.7639,1.2198E+001
454.7708,1.2295E+001
454.7778,1.1253E+001
454.7847,9.5515E+000
454.7917,7.6094E+000
454.7986,6.0172E+000
454.8056,4.0974E+000
454.8125,2.3228E+000
454.8194,8.3804E-001
454.8264,5.6296E-002
454.8333,0.0000E+000
454.8403,0.0000E+000
454.8472,0.0000E+000
454.8542,0.0000E+000
454.8611,0.0000E+000
454.8681,0.0000E+000
454.8750,0.0000E+000
454.8819,0.0000E+000
454.8889,0.0000E+000
454.8958,0.0000E+000
454.9028,0.0000E+000
454.9097,0.0000E+000
454.9167,0.0000E+000
454.9236,0.0000E+000
454.9306,0.0000E+000
454.9375,0.0000E+000
454.9444,0.0000E+000
454.9514,0.0000E+000
454.9583,0.0000E+000
454.9653,0.0000E+000
454.9722,0.0000E+000
454.9792,0.0000E+000
454.9861,0.0000E+000
454.9931,0.0000E+000
455.0000,0.0000E+000
455.0069,0.0000E+000
455.0139,0.0000E+000
455.0208,0.0000E+000
455.0278,0.0000E+000
455.0347,0.0000E+000
455.0417,0.0000E+000
455.0486,0.0000E+000
455.0556,0.0000E+000
455.0625,0.0000E+000
455.0694,0.0000E+000
455.0764,0.0000E+000
455.0833,0.0000E+000
455.0903,0.0000E+000
455.0972,0.0000E+000
455.1042,0.0000E+000
455.1111,0.0000E+000
455.1181,0.0000E+000
455.1250,0.0000E+000
455.1319,0.0000E+000
455.1389,0.0000E+000
455.1458,0.0000E+000
455.1528,0.0000E+000
455.1597,0.0000E+000
455.1667,0.0000E+000
455.1736,0.0000E+000
455.1806,0.0000E+000
455.1875,0.0000E+000
455.1944,0.0000E+000
455.2014,0.0000E+000
455.2083,0.0000E+000
455.2153,0.0000E+000
455.2222,0.0000E+000
455.2292,0.0000E+000
455.2361,0.0000E+000
455.2431,0.0000E+000
455.2500,0.0000E+000
455.2569,0.0000E+000
455.2639,0.0000E+000
455.2708,0.0000E+000
455.2778,0.0000E+000
455.2847,0.0000E+000
455.2917,0.0000E+000
455.2986,1.7790E-001
455.3056,1.1077E+000
455.3125,2.7811E+000
455.3194,5.4074E+000
455.3264,7.5890E+000
455.3333,9.6305E+000
455.3403,1.1444E+001
455.3472,1.3310E+001
455.3542,1.5025E+001
455.3611,1.6668E+001
455.3681,1.8128E+001
455.3750,1.9707E+001
455.3819,2.1667E+001
455.3889,2.3496E+001
455.3958,2.5135E+001
455.4028,2.8011E+001
455.4097,3.0861E+001
455.4167,7.7061E+001
455.4236,2.5601E+002
455.4306,2.2197E+002
455.4375,6.2629E+001
455.4444,4.8225E+001
455.4514,1.8710E+002
455.4583,2.6341E+002
455.4653,3.4851E+002
455.4722,3.6399E+002
455.4792,3.8294E+002
455.4861,3.9521E+002
455.4931,4.1004E+002
455.5000,4.1826E+002
455.5069,4.2388E+002
455.5139,4.3055E+002
455.5208,4.3822E+002
455.5278,4.4439E+002
455.5347,4.4835E+002
455.5417,4.4986E+002
455.5486,4.5039E+002
455.5556,4.5516E+002
455.5625,4.6125E+002
455.5694,4.5991E+002
455.5764,4.5782E+002
455.5833,4.5651E+002
455.5903,4.5108E+002
455.5972,4.5142E+002
455.6042,4.4563E+002
455.6111,4.3878E+002
455.6181,4.2954E+002
455.6250,4.1909E+002
455.6319,4.1270E+002
455.6389,3.9784E+002
455.6458,3.8481E+002
455.6528,3.6874E+002
455.6597,3.5735E+002
455.6667,3.4066E+002
455.6736,3.2188E+002
455.6806,3.0290E+002
455.6875,2.3161E+002
455.6944,1.1620E+002
455.7014,1.3241E+002
455.7083,7.2388E+001
455.7153,3.0690E+001
455.7222,2.7789E+001
455.7292,2.4913E+001
455.7361,2.3091E+001
455.7431,1.8846E+001
455.7500,1.7588E+001
455.7569,1.5633E+001
455.7639,1.4556E+001
455.7708,1.2250E+001
455.7778,1.1682E+001
455.7847,9.9572E+000
455.7917,8.5637E+000
455.7986,7.0837E+000
455.8056,4.6416E+000
455.8125,3.0042E+000
455.8194,1.1171E+000
455.8264,8.8340E-002
455.8333,0.0000E+000
455.8403,0.0000E+000
455.8472,0.0000E+000
455.8542,0.0000E+000
455.8611,0.0000E+000
455.8681,0.0000E+000
455.8750,0.0000E+000
455.8819,0.0000E+000
455.8889,0.0000E+000
455.8958,0.0000E+000
455.9028,0.0000E+000
455.9097,0.0000E+000
455.9167,0.0000E+000
455.9236,0.0000E+000
455.9306,0.0000E+000
455.9375,0.0000E+000
455.9444,0.0000E+000
455.9514,0.0000E+000
455.9583,0.0000E+000
455.9653,0.0000E+000
455.9722,0.0000E+000
455.9792,0.0000E+000
455.9861,0.0000E+000
455.9931,0.0000E+000
456.0000,0.0000E+000
456.0069,0.0000E+000
456.0139,0.0000E+000
456.0208,0.0000E+000
456.0278,0.0000E+000
456.0347,0.0000E+000
456.0417,0.0000E+000
456.0486,0.0000E+000
456.0556,0.0000E+000
456.0625,0.0000E+000
456.0694,0.0000E+000
456.0764,0.0000E+000
456.0833,0.0000E+000
456.0903,0.0000E+000
456.0972,0.0000E+000
456.1042,0.0000E+000
456.1111,0.0000E+000
456.1181,0.0000E+000
456.1250,0.0000E+000
456.1319,0.0000E+000
456.1389,0.0000E+000
456.1458,0.0000E+000
456.1528,0.0000E+000
456.1597,0.0000E+000
456.1667,0.0000E+000
456.1736,0.0000E+000
456.1806,0.0000E+000
456.1875,0.0000E+000
456.1944,0.0000E+000
456.2014,0.0000E+000
456.2083,0.0000E+000
456.2153,0.0000E+000
456.2222,0.0000E+000
456.2292,0.0000E+000
456.2361,0.0000E+000
456.2431,0.0000E+000
456.2500,0.0000E+000
456.2569,0.0000E+000
456.2639,0.0000E+000
456.2708,0.0000E+000
456.2778,0.0000E+000
456.2847,2.0952E-013
456.2917,6.3992E-003
456.2986,4.4091E-001
456.3056,2.2461E+000
456.3125,4.7912E+000
456.3194,7.2914E+000
456.3264,9.8838E+000
456.3333,1.3141E+001
456.3403,1.7303E+001
456.3472,2.1173E+001
456.3542,2.5070E+001
456.3611,2.9158E+001
456.3681,3.7540E+001
456.3750,4.6575E+001
456.3819,4.8698E+001
456.3889,4.2978E+001
456.3958,3.1379E+001
456.4028,2.8482E+001
456.4097,3.8243E+001
456.4167,8.7120E+001
456.4236,2.5264E+002
456.4306,2.3931E+002
456.4375,9.0842E+001
456.4444,7.6482E+001
456.4514,1.9405E+002
456.4583,2.2519E+002
456.4653,3.2196E+002
456.4722,2.7224E+002
456.4792,3.2399E+002
456.4861,3.6289E+002
456.4931,2.7658E+002
456.5000,3.2145E+002
456.5069,3.5652E+002
456.5139,3.6978E+002
456.5208,3.8335E+002
456.5278,3.9420E+002
456.5347,3.9664E+002
456.5417,3.9652E+002
456.5486,3.8546E+002
456.5556,3.9116E+002
456.5625,4.0775E+002
456.5694,4.5233E+002
456.5764,4.3438E+002
456.5833,3.8996E+002
456.5903,3.6278E+002
456.5972,2.2774E+002
456.6042,1.6124E+002
456.6111,1.5307E+002
456.6181,2.2246E+002
456.6250,2.0261E+002
456.6319,2.3317E+002
456.6389,2.4013E+002
456.6458,1.6964E+002
456.6528,2.5820E+002
456.6597,3.0525E+002
456.6667,1.2034E+002
456.6736,2.6874E+002
456.6806,2.5643E+002
456.6875,2.4919E+002
456.6944,1.3073E+002
456.7014,1.7376E+002
456.7083,1.0374E+002
456.7153,5.3194E+001
456.7222,4.7763E+001
456.7292,4.2328E+001
456.7361,3.9988E+001
456.7431,3.6427E+001
456.7500,3.2282E+001
456.7569,2.9515E+001
456.7639,2.5284E+001
456.7708,2.3377E+001
456.7778,2.2064E+001
456.7847,1.9271E+001
456.7917,1.5009E+001
456.7986,1.1047E+001
456.8056,7.8724E+000
456.8125,4.5181E+000
456.8194,2.1054E+000
456.8264,2.4070E-001
456.8333,0.0000E+000
456.8403,0.0000E+000
456.8472,0.0000E+000
456.8542,0.0000E+000
456.8611,0.0000E+000
456.8681,0.0000E+000
456.8750,0.0000E+000
456.8819,0.0000E+000
456.8889,0.0000E+000
456.8958,1.9808E-012
456.9028,4.0331E-002
456.9097,6.4018E-002
456.9167,2.6440E-001
456.9236,1.2292E-001
456.9306,8.3225E-003
456.9375,0.0000E+000
456.9444,0.0000E+000
456.9514,0.0000E+000
456.9583,0.0000E+000
456.9653,0.0000E+000
456.9722,5.8692E-013
456.9792,1.7926E-002
456.9861,0.0000E+000
456.9931,0.0000E+000
457.0000,0.0000E+000
457.0069,0.0000E+000
457.0139,0.0000E+000
457.0208,0.0000E+000
457.0278,0.0000E+000
457.0347,0.0000E+000
457.0417,0.0000E+000
457.0486,5.1219E-003
457.0556,3.3540E-013
457.0625,0.0000E+000
457.0694,0.0000E+000
457.0764,0.0000E+000
457.0833,0.0000E+000
457.0903,0.0000E+000
457.0972,0.0000E+000
457.1042,0.0000E+000
457.1111,0.0000E+000
457.1181,0.0000E+000
457.1250,0.0000E+000
457.1319,0.0000E+000
457.1389,0.0000E+000
457.1458,0.0000E+000
457.1528,0.0000E+000
457.1597,0.0000E+000
457.1667,0.0000E+000
457.1736,0.0000E+000
457.1806,0.0000E+000
457.1875,0.0000E+000
457.1944,0.0000E+000
457.2014,0.0000E+000
457.2083,0.0000E+000
457.2153,0.0000E+000
457.2222,0.0000E+000
457.2292,0.0000E+000
457.2361,0.0000E+000
457.2431,0.0000E+000
457.2500,0.0000E+000
457.2569,0.0000E+000
457.2639,0.0000E+000
457.2708,0.0000E+000
457.2778,0.0000E+000
457.2847,0.0000E+000
457.2917,0.0000E+000
457.2986,3.3682E-001
457.3056,1.7590E+000
457.3125,3.7332E+000
457.3194,5.8452E+000
457.3264,7.1227E+000
457.3333,8.8562E+000
457.3403,1.0518E+001
457.3472,1.2802E+001
457.3542,1.4955E+001
457.3611,1.7569E+001
457.3681,2.1939E+001
457.3750,2.3513E+001
457.3819,2.9063E+001
457.3889,2.9877E+001
457.3958,3.4063E+001
457.4028,4.6672E+001
457.4097,4.4127E+001
457.4167,8.4387E+001
457.4236,3.1914E+002
457.4306,3.3908E+002
457.4375,1.9646E+002
457.4444,7.7530E+001
457.4514,1.3269E+002
457.4583,1.6581E+002
457.4653,4.0588E+002
457.4722,4.0802E+002
457.4792,4.1288E+002
457.4861,4.2040E+002
457.4931,4.3495E+002
457.5000,4.3310E+002
457.5069,4.5609E+002
457.5139,4.5368E+002
457.5208,4.5953E+002
457.5278,4.6382E+002
457.5347,4.6530E+002
457.5417,4.7352E+002
457.5486,4.7380E+002
457.5556,4.8074E+002
457.5625,4.8028E+002
457.5694,4.8117E+002
457.5764,4.8074E+002
457.5833,4.7524E+002
457.5903,4.7054E+002
457.5972,4.6402E+002
457.6042,4.6562E+002
457.6111,4.5313E+002
457.6181,4.4844E+002
457.6250,4.3766E+002
457.6319,4.2368E+002
457.6389,4.1907E+002
457.6458,4.0479E+002
457.6528,3.9112E+002
457.6597,3.7815E+002
457.6667,3.6642E+002
457.6736,3.5161E+002
457.6806,3.3331E+002
457.6875,3.1828E+002
457.6944,1.2303E+002
457.7014,2.5367E+002
457.7083,1.0954E+002
457.7153,2.6289E+001
457.7222,2.7193E+001
457.7292,2.5095E+001
457.7361,2.2426E+001
457.7431,2.0324E+001
457.7500,1.9023E+001
457.7569,1.7485E+001
457.7639,1.7041E+001
457.7708,1.6099E+001
457.7778,1.3967E+001
457.7847,1.2147E+001
457.7917,1.0654E+001
457.7986,8.7519E+000
457.8056,5.6798E+000
457.8125,3.4283E+000
457.8194,1.1024E+000
457.8264,1.2299E-001
457.8333,0.0000E+000
457.8403,0.0000E+000
457.8472,0.0000E+000
457.8542,0.0000E+000
457.8611,0.0000E+000
457.8681,0.0000E+000
457.8750,0.0000E+000
457.8819,0.0000E+000
457.8889,0.0000E+000
457.8958,0.0000E+000
457.9028,0.0000E+000
457.9097,0.0000E+000
457.9167,0.0000E+000
457.9236,0.0000E+000
457.9306,0.0000E+000
457.9375,0.0000E+000
457.9444,0.0000E+000
457.9514,0.0000E+000
457.9583,0.0000E+000
457.9653,0.0000E+000
457.9722,0.0000E+000
457.9792,0.0000E+000
457.9861,0.0000E+000
457.9931,0.0000E+000
458.0000,0.0000E+000
458.0069,0.0000E+000
458.0139,0.0000E+000
458.0208,0.0000E+000
458.0278,0.0000E+000
458.0347,0.0000E+000
458.0417,0.0000E+000
458.0486,0.0000E+000
458.0556,0.0000E+000
458.0625,0.0000E+000
458.0694,0.0000E+000
458.0764,0.0000E+000
458.0833,0.0000E+000
458.0903,0.0000E+000
458.0972,0.0000E+000
458.1042,0.0000E+000
458.1111,0.0000E+000
458.1181,0.0000E+000
458.1250,0.0000E+000
458.1319,0.0000E+000
458.1389,0.0000E+000
458.1458,0.0000E+000
458.1528,0.0000E+000
458.1597,0.0000E+000
458.1667,0.0000E+000
458.1736,0.0000E+000
458.1806,0.0000E+000
458.1875,0.0000E+000
458.1944,0.0000E+000
458.2014,0.0000E+000
458.2083,0.0000E+000
458.2153,0.0000E+000
458.2222,0.0000E+000
458.2292,0.0000E+000
458.2361,0.0000E+000
458.2431,0.0000E+000
458.2500,0.0000E+000
458.2569,0.0000E+000
458.2639,0.0000E+000
458.2708,0.0000E+000
458.2778,0.0000E+000
458.2847,1.2798E-012
458.2917,3.9087E-002
458.2986,7.0420E-001
458.3056,2.4080E+000
458.3125,4.7231E+000
458.3194,9.3694E+000
458.3264,1.3707E+001
458.3333,2.1084E+001
458.3403,3.0059E+001
458.3472,3.9606E+001
458.3542,4.6057E+001
458.3611,5.0096E+001
458.3681,4.8367E+001
458.3750,4.5025E+001
458.3819,5.9960E+001
458.3889,9.4530E+001
458.3958,6.6315E+001
458.4028,6.1201E+001
458.4097,7.2462E+001
458.4167,7.6917E+001
458.4236,8.3836E+001
458.4306,6.8567E+001
458.4375,8.8677E+001
458.4444,6.1141E+001
458.4514,6.4382E+001
458.4583,1.0893E+002
458.4653,8.1010E+001
458.4722,1.1824E+002
458.4792,9.6848E+001
458.4861,1.0946E+002
458.4931,1.5354E+002
458.5000,4.0488E+002
458.5069,4.5512E+002
458.5139,4.9597E+002
458.5208,5.4947E+002
458.5278,2.1859E+002
458.5347,1.2763E+002
458.5417,1.3385E+002
458.5486,1.5024E+002
458.5556,1.4663E+002
458.5625,2.4932E+002
458.5694,2.4242E+002
458.5764,1.3276E+002
458.5833,1.5758E+002
458.5903,4.1558E+002
458.5972,4.8296E+002
458.6042,2.6794E+002
458.6111,2.5948E+002
458.6181,4.8820E+002
458.6250,4.8621E+002
458.6319,4.4314E+002
458.6389,4.5532E+002
458.6458,3.4949E+002
458.6528,4.5534E+002
458.6597,3.2398E+002
458.6667,4.1170E+002
458.6736,3.1027E+002
458.6806,2.6918E+002
458.6875,3.5435E+002
458.6944,1.4913E+002
458.7014,2.7242E+002
458.7083,1.6900E+002
458.7153,5.6408E+001
458.7222,4.3453E+001
458.7292,4.1865E+001
458.7361,2.9762E+001
458.7431,5.0901E+001
458.7500,7.0356E+001
458.7569,6.1136E+001
458.7639,4.3212E+001
458.7708,2.9014E+001
458.7778,3.4381E+001
458.7847,3.2575E+001
458.7917,3.4121E+001
458.7986,3.2096E+001
458.8056,2.3624E+001
458.8125,1.3971E+001
458.8194,6.7682E+000
458.8264,1.3422E+000
458.8333,3.6536E-002
458.8403,1.1963E-012
458.8472,0.0000E+000
458.8542,0.0000E+000
458.8611,0.0000E+000
458.8681,0.0000E+000
458.8750,0.0000E+000
458.8819,0.0000E+000
458.8889,0.0000E+000
458.8958,0.0000E+000
458.9028,0.0000E+000
458.9097,0.0000E+000
458.9167,0.0000E+000
458.9236,0.0000E+000
458.9306,0.0000E+000
458.9375,0.0000E+000
458.9444,0.0000E+000
458.9514,0.0000E+000
458.9583,0.0000E+000
458.9653,0.0000E+000
458.9722,0.0000E+000
458.9792,0.0000E+000
458.9861,0.0000E+000
458.9931,0.0000E+000
459.0000,0.0000E+000
459.0069,0.0000E+000
459.0139,0.0000E+000
459.0208,0.0000E+000
459.0278,0.0000E+000
459.0347,0.0000E+000
459.0417,0.0000E+000
459.0486,0.0000E+000
459.0556,0.0000E+000
459.0625,0.0000E+000
459.0694,0.0000E+000
459.0764,0.0000E+000
459.0833,0.0000E+000
459.0903,0.0000E+000
459.0972,0.0000E+000
459.1042,0.0000E+000
459.1111,0.0000E+000
459.1181,0.0000E+000
459.1250,0.0000E+000
459.1319,0.0000E+000
459.1389,0.0000E+000
459.1458,0.0000E+000
459.1528,0.0000E+000
459.1597,0.0000E+000
459.1667,0.0000E+000
459.1736,0.0000E+000
459.1806,0.0000E+000
459.1875,0.0000E+000
459.1944,0.0000E+000
459.2014,0.0000E+000
459.2083,0.0000E+000
459.2153,0.0000E+000
459.2222,0.0000E+000
459.2292,0.0000E+000
459.2361,0.0000E+000
459.2431,0.0000E+000
459.2500,0.0000E+000
459.2569,0.0000E+000
459.2639,0.0000E+000
459.2708,0.0000E+000
459.2778,0.0000E+000
459.2847,1.3226E-012
459.2917,4.0394E-002
459.2986,1.0176E+000
459.3056,3.0367E+000
459.3125,5.1494E+000
459.3194,7.3282E+000
459.3264,9.3320E+000
459.3333,1.1146E+001
459.3403,1.3093E+001
459.3472,1.4673E+001
459.3542,1.6515E+001
459.3611,1.8498E+001
459.3681,2.0507E+001
459.3750,2.2982E+001
459.3819,2.5980E+001
459.3889,2.9227E+001
459.3958,3.2880E+001
459.4028,3.4783E+001
459.4097,3.6888E+001
459.4167,5.1814E+001
459.4236,2.6574E+002
459.4306,2.9477E+002
459.4375,2.8101E+002
459.4444,1.0637E+002
459.4514,1.4917E+002
459.4583,5.0371E+001
459.4653,4.2547E+001
459.4722,6.6560E+001
459.4792,1.1106E+002
459.4861,2.1098E+002
459.4931,4.4384E+002
459.5000,4.6923E+002
459.5069,4.8751E+002
459.5139,3.8175E+002
459.5208,2.6502E+002
459.5278,1.3372E+002
459.5347,4.3043E+002
459.5417,5.1669E+002
459.5486,5.4154E+002
459.5556,5.0433E+002
459.5625,5.3813E+002
459.5694,5.0240E+002
459.5764,5.3365E+002
459.5833,4.5732E+002
459.5903,4.1349E+002
459.5972,3.9705E+002
459.6042,2.9566E+002
459.6111,4.0483E+002
459.6181,4.0880E+002
459.6250,4.2499E+002
459.6319,4.1016E+002
459.6389,4.1233E+002
459.6458,4.1924E+002
459.6528,4.0334E+002
459.6597,3.8132E+002
459.6667,3.0372E+002
459.6736,3.3879E+002
459.6806,3.2855E+002
459.6875,3.1373E+002
459.6944,1.6441E+002
459.7014,2.6817E+002
459.7083,1.9632E+002
459.7153,5.2715E+001
459.7222,4.7635E+001
459.7292,4.3524E+001
459.7361,4.0189E+001
459.7431,3.6275E+001
459.7500,3.2166E+001
459.7569,2.8854E+001
459.7639,2.6733E+001
459.7708,2.5317E+001
459.7778,2.2846E+001
459.7847,1.9263E+001
459.7917,1.6616E+001
459.7986,1.2265E+001
459.8056,9.8391E+000
459.8125,7.0689E+000
459.8194,3.8247E+000
459.8264,1.0089E+000
459.8333,0.0000E+000
459.8403,0.0000E+000
459.8472,0.0000E+000
459.8542,0.0000E+000
459.8611,0.0000E+000
459.8681,0.0000E+000
459.8750,0.0000E+000
459.8819,0.0000E+000
459.8889,0.0000E+000
459.8958,0.0000E+000
459.9028,0.0000E+000
459.9097,0.0000E+000
459.9167,0.0000E+000
459.9236,0.0000E+000
459.9306,0.0000E+000
459.9375,0.0000E+000
459.9444,0.0000E+000
459.9514,0.0000E+000
459.9583,0.0000E+000
459.9653,0.0000E+000
459.9722,0.0000E+000
459.9792,0.0000E+000
459.9861,0.0000E+000
459.9931,0.0000E+000
460.0000,0.0000E+000
460.0069,0.0000E+000
460.0139,0.0000E+000
460.0208,0.0000E+000
460.0278,0.0000E+000
460.0347,0.0000E+000
460.0417,0.0000E+000
460.0486,0.0000E+000
460.0556,0.0000E+000
460.0625,0.0000E+000
460.0694,0.0000E+000
460.0764,0.0000E+000
460.0833,0.0000E+000
460.0903,0.0000E+000
460.0972,0.0000E+000
460.1042,0.0000E+000
460.1111,0.0000E+000
460.1181,0.0000E+000
460.1250,0.0000E+000
460.1319,0.0000E+000
460.1389,0.0000E+000
460.1458,0.0000E+000
460.1528,0.0000E+000
460.1597,0.0000E+000
460.1667,0.0000E+000
460.1736,0.0000E+000
460.1806,0.0000E+000
460.1875,0.0000E+000
460.1944,0.0000E+000
460.2014,0.0000E+000
460.2083,0.0000E+000
460.2153,0.0000E+000
460.2222,0.0000E+000
460.2292,0.0000E+000
460.2361,0.0000E+000
460.2431,0.0000E+000
460.2500,0.0000E+000
460.2569,0.0000E+000
460.2639,0.0000E+000
460.2708,0.0000E+000
460.2778,0.0000E+000
460.2847,2.9830E-012
460.2917,9.1108E-002
460.2986,1.4648E+000
460.3056,3.7496E+000
460.3125,7.9496E+000
460.3194,1.4013E+001
460.3264,1.8790E+001
460.3333,1.9608E+001
460.3403,2.1949E+001
460.3472,2.4513E+001
460.3542,3.5879E+001
460.3611,4.1267E+001
460.3681,4.5468E+001
460.3750,5.1484E+001
460.3819,5.8303E+001
460.3889,6.5622E+001
460.3958,7.5266E+001
460.4028,7.4279E+001
460.4097,8.2178E+001
460.4167,8.6631E+001
460.4236,7.2320E+001
460.4306,5.9098E+001
460.4375,6.2665E+001
460.4444,9.9172E+001
460.4514,9.4103E+001
460.4583,5.0165E+001
460.4653,3.3567E+001
460.4722,2.1946E+001
460.4792,2.2804E+001
460.4861,2.3845E+001
460.4931,2.3664E+001
460.5000,2.9790E+001
460.5069,4.7938E+001
460.5139,5.2364E+001
460.5208,2.1494E+001
460.5278,3.7857E+001
460.5347,5.2509E+001
460.5417,3.8519E+001
460.5486,3.0341E+001
460.5556,1.9806E+001
460.5625,2.6783E+001
460.5694,2.7977E+001
460.5764,2.2998E+001
460.5833,3.5084E+001
460.5903,5.9064E+001
460.5972,8.4997E+001
460.6042,3.8735E+001
460.6111,3.7423E+001
460.6181,3.3716E+001
460.6250,4.7245E+001
460.6319,6.1734E+001
460.6389,4.3073E+001
460.6458,2.6764E+001
460.6528,2.0726E+001
460.6597,4.6896E+001
460.6667,6.7333E+001
460.6736,4.5281E+001
460.6806,3.6842E+001
460.6875,5.2574E+001
460.6944,5.1132E+001
460.7014,2.3183E+001
460.7083,3.0844E+001
460.7153,3.7407E+001
460.7222,3.0606E+001
460.7292,2.3629E+001
460.7361,2.7316E+001
460.7431,3.3494E+001
460.7500,4.3998E+001
460.7569,5.1463E+001
460.7639,4.8659E+001
460.7708,5.1114E+001
460.7778,5.1196E+001
460.7847,4.9911E+001
460.7917,3.7563E+001
460.7986,2.9402E+001
460.8056,2.1716E+001
460.8125,7.4265E+000
460.8194,3.7335E+000
460.8264,2.1013E+000
460.8333,8.6326E-001
460.8403,1.8613E-002
460.8472,0.0000E+000
460.8542,0.0000E+000
460.8611,4.3921E-012
460.8681,2.6829E-001
460.8750,0.0000E+000
460.8819,0.0000E+000
460.8889,0.0000E+000
460.8958,0.0000E+000
460.9028,0.0000E+000
460.9097,0.0000E+000
460.9167,0.0000E+000
460.9236,0.0000E+000
460.9306,0.0000E+000
460.9375,0.0000E+000
460.9444,0.0000E+000
460.9514,0.0000E+000
460.9583,0.0000E+000
460.9653,0.0000E+000
460.9722,3.7830E-013
460.9792,1.1554E-002
460.9861,4.2034E-014
460.9931,2.5676E-003
461.0000,0.0000E+000
461.0069,5.7771E-003
461.0139,9.4577E-014
461.0208,4.7289E-013
461.0278,9.6287E-003
461.0347,2.1017E-013
461.0417,6.4192E-003
461.0486,1.4122E-002
461.0556,9.2478E-013
461.0625,0.0000E+000
461.0694,6.4193E-003
461.0764,1.0509E-013
461.0833,0.0000E+000
461.0903,0.0000E+000
461.0972,0.0000E+000
461.1042,0.0000E+000
461.1111,0.0000E+000
461.1181,0.0000E+000
461.1250,0.0000E+000
461.1319,0.0000E+000
461.1389,0.0000E+000
461.1458,0.0000E+000
461.1528,0.0000E+000
461.1597,0.0000E+000
461.1667,0.0000E+000
461.1736,0.0000E+000
461.1806,0.0000E+000
461.1875,0.0000E+000
461.1944,2.1860E-012
461.2014,3.3383E-002
461.2083,1.0272E-002
461.2153,3.3632E-013
461.2222,0.0000E+000
461.2292,0.0000E+000
461.2361,0.0000E+000
461.2431,0.0000E+000
461.2500,0.0000E+000
461.2569,0.0000E+000
461.2639,0.0000E+000
461.2708,0.0000E+000
461.2778,0.0000E+000
461.2847,1.1685E-001
461.2917,5.9387E-001
461.2986,1.6044E+000
461.3056,3.2557E+000
461.3125,4.9712E+000
461.3194,6.0756E+000
461.3264,8.6425E+000
461.3333,1.2906E+001
461.3403,1.3074E+001
461.3472,1.7864E+001
461.3542,2.3945E+001
461.3611,2.7943E+001
461.3681,3.8108E+001
461.3750,3.9608E+001
461.3819,5.8449E+001
461.3889,6.0804E+001
461.3958,5.7202E+001
461.4028,6.9943E+001
461.4097,8.5728E+001
461.4167,1.0860E+002
461.4236,1.3651E+002
461.4306,1.1141E+002
461.4375,1.2455E+002
461.4444,1.3400E+002
461.4514,2.1093E+002
461.4583,1.8076E+002
461.4653,1.0483E+002
461.4722,1.7155E+002
461.4792,1.3788E+002
461.4861,2.7413E+002
461.4931,3.2638E+002
461.5000,1.7866E+002
461.5069,2.8565E+002
461.5139,3.5963E+002
461.5208,4.7818E+002
461.5278,2.2751E+002
461.5347,2.5516E+002
461.5417,2.2580E+002
461.5486,3.4466E+002
461.5556,5.3743E+001
461.5625,6.0551E+001
461.5694,4.4012E+002
461.5764,6.1750E+002
461.5833,5.3826E+002
461.5903,1.8990E+002
461.5972,5.1007E+002
461.6042,4.7002E+002
461.6111,3.3275E+002
461.6181,4.7544E+002
461.6250,3.0823E+002
461.6319,4.6255E+002
461.6389,4.5099E+002
461.6458,1.6728E+002
461.6528,3.4982E+002
461.6597,2.9448E+002
461.6667,1.4592E+002
461.6736,3.6071E+002
461.6806,2.7983E+002
461.6875,3.2019E+002
461.6944,7.4430E+001
461.7014,1.9849E+001
461.7083,4.5767E+001
461.7153,5.1953E+001
461.7222,2.2764E+001
461.7292,4.7267E+001
461.7361,8.4140E+001
461.7431,5.4086E+001
461.7500,4.1173E+001
461.7569,5.0251E+001
461.7639,3.1429E+001
461.7708,3.8559E+001
461.7778,3.9424E+001
461.7847,3.6710E+001
461.7917,3.7522E+001
461.7986,3.0118E+001
461.8056,1.9594E+001
461.8125,1.0133E+001
461.8194,4.8945E+000
461.8264,3.6698E+000
461.8333,5.6903E-001
461.8403,1.8631E-011
461.8472,0.0000E+000
461.8542,0.0000E+000
461.8611,0.0000E+000
461.8681,0.0000E+000
461.8750,0.0000E+000
461.8819,0.0000E+000
461.8889,0.0000E+000
461.8958,0.0000E+000
461.9028,0.0000E+000
461.9097,0.0000E+000
461.9167,0.0000E+000
461.9236,0.0000E+000
461.9306,0.0000E+000
461.9375,0.0000E+000
461.9444,0.0000E+000
461.9514,0.0000E+000
461.9583,0.0000E+000
461.9653,0.0000E+000
461.9722,0.0000E+000
461.9792,0.0000E+000
461.9861,0.0000E+000
461.9931,0.0000E+000
462.0000,0.0000E+000
462.0069,0.0000E+000
462.0139,0.0000E+000
462.0208,0.0000E+000
462.0278,0.0000E+000
462.0347,0.0000E+000
462.0417,0.0000E+000
462.0486,0.0000E+000
462.0556,0.0000E+000
462.0625,0.0000E+000
462.0694,0.0000E+000
462.0764,0.0000E+000
462.0833,0.0000E+000
462.0903,0.0000E+000
462.0972,0.0000E+000
462.1042,0.0000E+000
462.1111,0.0000E+000
462.1181,0.0000E+000
462.1250,0.0000E+000
462.1319,0.0000E+000
462.1389,0.0000E+000
462.1458,0.0000E+000
462.1528,0.0000E+000
462.1597,0.0000E+000
462.1667,0.0000E+000
462.1736,0.0000E+000
462.1806,0.0000E+000
462.1875,0.0000E+000
462.1944,0.0000E+000
462.2014,0.0000E+000
462.2083,0.0000E+000
462.2153,0.0000E+000
462.2222,0.0000E+000
462.2292,0.0000E+000
462.2361,0.0000E+000
462.2431,0.0000E+000
462.2500,0.0000E+000
462.2569,0.0000E+000
462.2639,0.0000E+000
462.2708,0.0000E+000
462.2778,0.0000E+000
462.2847,6.4244E-003
462.2917,3.1552E-013
462.2986,9.4439E-001
462.3056,3.7011E+000
462.3125,4.9263E+000
462.3194,1.0796E+001
462.3264,2.9796E+001
462.3333,4.0548E+001
462.3403,2.8899E+001
462.3472,1.7483E+001
462.3542,4.2249E+001
462.3611,5.4999E+001
462.3681,5.4512E+001
462.3750,4.3237E+001
462.3819,4.9740E+001
462.3889,6.2473E+001
462.3958,6.9392E+001
462.4028,6.6235E+001
462.4097,8.6541E+001
462.4167,1.2270E+002
462.4236,8.7110E+001
462.4306,6.8937E+001
462.4375,8.7784E+001
462.4444,8.1212E+001
462.4514,1.1033E+002
462.4583,7.4217E+001
462.4653,1.1622E+002
462.4722,1.5269E+002
462.4792,2.6350E+002
462.4861,1.5841E+002
462.4931,2.8169E+002
462.5000,3.4247E+002
462.5069,2.4148E+002
462.5139,1.6781E+002
462.5208,8.6614E+001
462.5278,7.3590E+001
462.5347,9.6151E+001
462.5417,9.5900E+001
462.5486,9.5856E+001
462.5556,1.0054E+002
462.5625,1.8127E+002
462.5694,2.9205E+002
462.5764,1.6203E+002
462.5833,1.2310E+002
462.5903,9.2407E+001
462.5972,1.1557E+002
462.6042,2.7203E+002
462.6111,1.8128E+002
462.6181,8.7667E+001
462.6250,8.0528E+001
462.6319,7.4325E+001
462.6389,4.8961E+001
462.6458,4.3235E+001
462.6528,4.3174E+001
462.6597,4.4484E+001
462.6667,3.8258E+001
462.6736,3.3265E+001
462.6806,5.1317E+001
462.6875,6.4299E+001
462.6944,1.0141E+002
462.7014,1.0817E+002
462.7083,9.7523E+001
462.7153,8.0922E+001
462.7222,7.0104E+001
462.7292,5.2436E+001
462.7361,5.8341E+001
462.7431,5.2844E+001
462.7500,5.2980E+001
462.7569,6.6961E+001
462.7639,5.3181E+001
462.7708,4.2131E+001
462.7778,2.3850E+001
462.7847,2.8725E+001
462.7917,8.7388E+000
462.7986,4.6882E+000
462.8056,6.6065E+000
462.8125,3.3534E+000
462.8194,1.6819E+000
462.8264,1.9331E+000
462.8333,2.3072E-001
462.8403,7.5542E-012
462.8472,0.0000E+000
462.8542,0.0000E+000
462.8611,0.0000E+000
462.8681,0.0000E+000
462.8750,0.0000E+000
462.8819,0.0000E+000
462.8889,0.0000E+000
462.8958,0.0000E+000
462.9028,0.0000E+000
462.9097,0.0000E+000
462.9167,0.0000E+000
462.9236,0.0000E+000
462.9306,0.0000E+000
462.9375,0.0000E+000
462.9444,0.0000E+000
462.9514,0.0000E+000
462.9583,0.0000E+000
462.9653,0.0000E+000
462.9722,0.0000E+000
462.9792,0.0000E+000
462.9861,0.0000E+000
462.9931,0.0000E+000
463.0000,0.0000E+000
463.0069,0.0000E+000
463.0139,0.0000E+000
463.0208,0.0000E+000
463.0278,0.0000E+000
463.0347,0.0000E+000
463.0417,0.0000E+000
463.0486,0.0000E+000
463.0556,0.0000E+000
463.0625,0.0000E+000
463.0694,0.0000E+000
463.0764,0.0000E+000
463.0833,0.0000E+000
463.0903,0.0000E+000
463.0972,0.0000E+000
463.1042,0.0000E+000
463.1111,0.0000E+000
463.1181,0.0000E+000
463.1250,0.0000E+000
463.1319,0.0000E+000
463.1389,0.0000E+000
463.1458,0.0000E+000
463.1528,0.0000E+000
463.1597,0.0000E+000
463.1667,0.0000E+000
463.1736,0.0000E+000
463.1806,0.0000E+000
463.1875,0.0000E+000
463.1944,0.0000E+000
463.2014,0.0000E+000
463.2083,0.0000E+000
463.2153,0.0000E+000
463.2222,0.0000E+000
463.2292,0.0000E+000
463.2361,0.0000E+000
463.2431,0.0000E+000
463.2500,0.0000E+000
463.2569,0.0000E+000
463.2639,0.0000E+000
463.2708,0.0000E+000
463.2778,0.0000E+000
463.2847,2.0817E-011
463.2917,6.3579E-001
463.2986,6.1625E+000
463.3056,1.2778E+001
463.3125,2.0871E+001
463.3194,2.5482E+001
463.3264,2.4245E+001
463.3333,3.5427E+001
463.3403,3.8947E+001
463.3472,4.2805E+001
463.3542,5.5726E+001
463.3611,6.3502E+001
463.3681,6.0006E+001
463.3750,3.8225E+001
463.3819,3.4794E+001
463.3889,4.5485E+001
463.3958,6.5842E+001
463.4028,6.5748E+001
463.4097,4.7028E+001
463.4167,5.1917E+001
463.4236,8.4544E+001
463.4306,1.9738E+002
463.4375,1.3357E+002
463.4444,1.5707E+002
463.4514,1.3053E+002
463.4583,1.0845E+002
463.4653,2.8885E+002
463.4722,4.4334E+002
463.4792,3.7291E+002
463.4861,1.0280E+002
463.4931,1.3087E+002
463.5000,1.7306E+002
463.5069,4.5800E+002
463.5139,5.5545E+002
463.5208,4.6548E+002
463.5278,4.8615E+002
463.5347,3.3589E+002
463.5417,2.4720E+002
463.5486,1.5417E+002
463.5556,3.7223E+002
463.5625,4.5383E+002
463.5694,2.6012E+002
463.5764,3.5483E+002
463.5833,2.0097E+002
463.5903,4.4168E+002
463.5972,4.1000E+002
463.6042,3.0277E+002
463.6111,5.5916E+002
463.6181,5.1548E+002
463.6250,4.5615E+002
463.6319,2.3675E+002
463.6389,4.0088E+002
463.6458,2.3345E+002
463.6528,1.7495E+002
463.6597,4.2873E+002
463.6667,3.6992E+002
463.6736,4.2117E+002
463.6806,3.1878E+002
463.6875,3.0686E+002
463.6944,3.5496E+002
463.7014,3.1028E+002
463.7083,2.1082E+002
463.7153,8.9382E+001
463.7222,6.1577E+001
463.7292,4.9916E+001
463.7361,5.0977E+001
463.7431,4.5612E+001
463.7500,4.0633E+001
463.7569,4.9990E+001
463.7639,2.4975E+001
463.7708,1.6992E+001
463.7778,1.5188E+001
463.7847,1.3546E+001
463.7917,1.1848E+001
463.7986,9.9876E+000
463.8056,8.0655E+000
463.8125,6.3305E+000
463.8194,4.3421E+000
463.8264,2.1968E+000
463.8333,3.7235E-001
463.8403,1.2191E-011
463.8472,0.0000E+000
463.8542,0.0000E+000
463.8611,0.0000E+000
463.8681,0.0000E+000
463.8750,0.0000E+000
463.8819,0.0000E+000
463.8889,0.0000E+000
463.8958,0.0000E+000
463.9028,0.0000E+000
463.9097,0.0000E+000
463.9167,0.0000E+000
463.9236,0.0000E+000
463.9306,0.0000E+000
463.9375,0.0000E+000
463.9444,0.0000E+000
463.9514,0.0000E+000
463.9583,0.0000E+000
463.9653,0.0000E+000
463.9722,0.0000E+000
463.9792,0.0000E+000
463.9861,0.0000E+000
463.9931,0.0000E+000
464.0000,0.0000E+000
464.0069,0.0000E+000
464.0139,0.0000E+000
464.0208,0.0000E+000
464.0278,0.0000E+000
464.0347,0.0000E+000
464.0417,0.0000E+000
464.0486,0.0000E+000
464.0556,0.0000E+000
464.0625,0.0000E+000
464.0694,0.0000E+000
464.0764,0.0000E+000
464.0833,0.0000E+000
464.0903,0.0000E+000
464.0972,0.0000E+000
464.1042,0.0000E+000
464.1111,0.0000E+000
464.1181,0.0000E+000
464.1250,0.0000E+000
464.1319,0.0000E+000
464.1389,0.0000E+000
464.1458,0.0000E+000
464.1528,0.0000E+000
464.1597,0.0000E+000
464.1667,0.0000E+000
464.1736,0.0000E+000
464.1806,0.0000E+000
464.1875,0.0000E+000
464.1944,0.0000E+000
464.2014,0.0000E+000
464.2083,0.0000E+000
464.2153,0.0000E+000
464.2222,0.0000E+000
464.2292,0.0000E+000
464.2361,0.0000E+000
464.2431,0.0000E+000
464.2500,0.0000E+000
464.2569,0.0000E+000
464.2639,0.0000E+000
464.2708,0.0000E+000
464.2778,0.0000E+000
464.2847,3.8597E-003
464.2917,1.1354E+000
464.2986,4.8330E+000
464.3056,1.0906E+001
464.3125,1.8709E+001
464.3194,2.4190E+001
464.3264,3.0668E+001
464.3333,3.8727E+001
464.3403,4.4005E+001
464.3472,4.7962E+001
464.3542,5.7013E+001
464.3611,6.1450E+001
464.3681,6.5087E+001
464.3750,6.6911E+001
464.3819,6.7544E+001
464.3889,7.4081E+001
464.3958,8.2504E+001
464.4028,9.0177E+001
464.4097,1.0136E+002
464.4167,1.1654E+002
464.4236,1.3768E+002
464.4306,1.3827E+002
464.4375,1.6416E+002
464.4444,1.6015E+002
464.4514,1.8747E+002
464.4583,1.9005E+002
464.4653,2.9910E+002
464.4722,2.4950E+002
464.4792,2.2166E+002
464.4861,2.8740E+002
464.4931,3.3239E+002
464.5000,3.6841E+002
464.5069,1.7297E+002
464.5139,2.3620E+002
464.5208,2.7876E+002
464.5278,3.9380E+002
464.5347,4.1117E+002
464.5417,3.2078E+002
464.5486,5.0056E+002
464.5556,4.5517E+002
464.5625,5.1317E+002
464.5694,4.1088E+002
464.5764,4.0231E+002
464.5833,2.7777E+002
464.5903,3.8938E+002
464.5972,4.0269E+002
464.6042,2.8122E+002
464.6111,3.5080E+002
464.6181,3.0526E+002
464.6250,3.9206E+002
464.6319,3.7404E+002
464.6389,3.8994E+002
464.6458,3.9059E+002
464.6528,3.4214E+002
464.6597,3.8481E+002
464.6667,3.3370E+002
464.6736,3.1486E+002
464.6806,2.3947E+002
464.6875,2.9257E+002
464.6944,2.5187E+002
464.7014,2.5991E+002
464.7083,2.0368E+002
464.7153,1.2924E+002
464.7222,7.1479E+001
464.7292,6.1990E+001
464.7361,6.4525E+001
464.7431,5.5703E+001
464.7500,4.9114E+001
464.7569,5.4019E+001
464.7639,6.2896E+001
464.7708,6.6494E+001
464.7778,4.0702E+001
464.7847,3.9048E+001
464.7917,3.4606E+001
464.7986,4.2234E+001
464.8056,3.3675E+001
464.8125,1.8414E+001
464.8194,7.9112E+000
464.8264,4.6172E+000
464.8333,3.4698E+000
464.8403,5.9203E-001
464.8472,0.0000E+000
464.8542,0.0000E+000
464.8611,0.0000E+000
464.8681,0.0000E+000
464.8750,0.0000E+000
464.8819,0.0000E+000
464.8889,0.0000E+000
464.8958,0.0000E+000
464.9028,0.0000E+000
464.9097,0.0000E+000
464.9167,0.0000E+000
464.9236,0.0000E+000
464.9306,0.0000E+000
464.9375,0.0000E+000
464.9444,0.0000E+000
464.9514,0.0000E+000
464.9583,0.0000E+000
464.9653,0.0000E+000
464.9722,0.0000E+000
464.9792,0.0000E+000
464.9861,0.0000E+000
464.9931,0.0000E+000
465.0000,0.0000E+000
465.0069,0.0000E+000
465.0139,0.0000E+000
465.0208,0.0000E+000
465.0278,0.0000E+000
465.0347,0.0000E+000
465.0417,0.0000E+000
465.0486,0.0000E+000
465.0556,0.0000E+000
465.0625,0.0000E+000
465.0694,0.0000E+000
465.0764,0.0000E+000
465.0833,0.0000E+000
465.0903,0.0000E+000
465.0972,0.0000E+000
465.1042,0.0000E+000
465.1111,0.0000E+000
465.1181,0.0000E+000
465.1250,0.0000E+000
465.1319,4.5941E-012
465.1389,7.0157E-002
465.1458,1.2100E-001
465.1528,2.1820E-001
465.1597,9.0111E-003
465.1667,4.4256E-013
465.1736,0.0000E+000
465.1806,0.0000E+000
465.1875,0.0000E+000
465.1944,0.0000E+000
465.2014,0.0000E+000
465.2083,0.0000E+000
465.2153,0.0000E+000
465.2222,0.0000E+000
465.2292,0.0000E+000
465.2361,0.0000E+000
465.2431,0.0000E+000
465.2500,0.0000E+000
465.2569,0.0000E+000
465.2639,0.0000E+000
465.2708,0.0000E+000
465.2778,0.0000E+000
465.2847,0.0000E+000
465.2917,0.0000E+000
465.2986,2.1307E-001
465.3056,9.3660E-001
465.3125,1.7811E+000
465.3194,4.7558E+000
465.3264,7.6879E+000
465.3333,1.0909E+001
465.3403,6.3645E+000
465.3472,6.5602E+000
465.3542,1.0985E+001
465.3611,1.1982E+001
465.3681,1.3774E+001
465.3750,2.1915E+001
465.3819,2.9502E+001
465.3889,3.0997E+001
465.3958,3.0646E+001
465.4028,3.3852E+001
465.4097,6.9330E+001
465.4167,6.5230E+001
465.4236,4.6072E+001
465.4306,4.4851E+001
465.4375,6.2314E+001
465.4444,5.7221E+001
465.4514,6.2061E+001
465.4583,1.1213E+002
465.4653,1.3244E+002
465.4722,1.1155E+002
465.4792,1.0768E+002
465.4861,8.8090E+001
465.4931,7.8841E+001
465.5000,6.7823E+001
465.5069,8.1611E+001
465.5139,8.1096E+001
465.5208,6.6423E+001
465.5278,7.0747E+001
465.5347,7.3419E+001
465.5417,9.2331E+001
465.5486,1.5064E+002
465.5556,1.6232E+002
465.5625,1.4480E+002
465.5694,1.4985E+002
465.5764,1.9669E+002
465.5833,2.4978E+002
465.5903,3.2280E+002
465.5972,1.7616E+002
465.6042,1.4989E+002
465.6111,1.1835E+002
465.6181,1.4847E+002
465.6250,1.7046E+002
465.6319,2.0504E+002
465.6389,1.7482E+002
465.6458,1.7568E+002
465.6528,1.3717E+002
465.6597,2.0126E+002
465.6667,1.4500E+002
465.6736,1.1326E+002
465.6806,1.5552E+002
465.6875,1.3748E+002
465.6944,1.2731E+002
465.7014,1.3064E+002
465.7083,1.8860E+002
465.7153,1.0856E+002
465.7222,8.6101E+001
465.7292,6.7117E+001
465.7361,6.5666E+001
465.7431,7.2249E+001
465.7500,7.5754E+001
465.7569,6.3709E+001
465.7639,6.9302E+001
465.7708,5.4603E+001
465.7778,2.5252E+001
465.7847,1.8004E+001
465.7917,1.4754E+001
465.7986,1.2444E+001
465.8056,9.0052E+000
465.8125,6.0245E+000
465.8194,3.0786E+000
465.8264,1.0915E+000
465.8333,5.3446E-002
465.8403,1.7499E-012
465.8472,0.0000E+000
465.8542,0.0000E+000
465.8611,0.0000E+000
465.8681,0.0000E+000
465.8750,0.0000E+000
465.8819,0.0000E+000
465.8889,0.0000E+000
465.8958,0.0000E+000
465.9028,0.0000E+000
465.9097,0.0000E+000
465.9167,0.0000E+000
465.9236,0.0000E+000
465.9306,0.0000E+000
465.9375,0.0000E+000
465.9444,0.0000E+000
465.9514,0.0000E+000
465.9583,0.0000E+000
465.9653,0.0000E+000
465.9722,0.0000E+000
465.9792,0.0000E+000
465.9861,0.0000E+000
465.9931,0.0000E+000
466.0000,0.0000E+000
466.0069,0.0000E+000
466.0139,0.0000E+000
466.0208,0.0000E+000
466.0278,0.0000E+000
466.0347,0.0000E+000
466.0417,0.0000E+000
466.0486,0.0000E+000
466.0556,0.0000E+000
466.0625,0.0000E+000
466.0694,0.0000E+000
466.0764,0.0000E+000
466.0833,0.0000E+000
466.0903,0.0000E+000
466.0972,0.0000E+000
466.1042,0.0000E+000
466.1111,0.0000E+000
466.1181,0.0000E+000
466.1250,0.0000E+000
466.1319,0.0000E+000
466.1389,0.0000E+000
466.1458,0.0000E+000
466.1528,0.0000E+000
466.1597,0.0000E+000
466.1667,0.0000E+000
466.1736,0.0000E+000
466.1806,0.0000E+000
466.1875,0.0000E+000
466.1944,0.0000E+000
466.2014,0.0000E+000
466.2083,0.0000E+000
466.2153,0.0000E+000
466.2222,0.0000E+000
466.2292,0.0000E+000
466.2361,0.0000E+000
466.2431,0.0000E+000
466.2500,0.0000E+000
466.2569,0.0000E+000
466.2639,0.0000E+000
466.2708,0.0000E+000
466.2778,0.0000E+000
466.2847,9.6618E-003
466.2917,7.8969E-001
466.2986,3.1221E+000
466.3056,6.6255E+000
466.3125,1.3203E+001
466.3194,1.1813E+001
466.3264,5.3470E+000
466.3333,6.6237E+000
466.3403,2.2491E+001
466.3472,2.3420E+001
466.3542,2.0508E+001
466.3611,3.4072E+001
466.3681,4.4931E+001
466.3750,8.9975E+001
466.3819,1.0225E+002
466.3889,8.0376E+001
466.3958,6.7931E+001
466.4028,6.4917E+001
466.4097,7.1025E+001
466.4167,1.3256E+002
466.4236,1.0311E+002
466.4306,1.2174E+002
466.4375,1.4507E+002
466.4444,9.5122E+001
466.4514,1.2931E+002
466.4583,6.2003E+001
466.4653,4.3296E+001
466.4722,6.8465E+001
466.4792,4.6005E+001
466.4861,2.3073E+001
466.4931,3.7582E+001
466.5000,4.6178E+001
466.5069,3.9139E+001
466.5139,2.8903E+001
466.5208,1.8730E+001
466.5278,2.7653E+001
466.5347,6.3106E+001
466.5417,1.0573E+002
466.5486,1.2146E+002
466.5556,1.5003E+002
466.5625,7.3446E+001
466.5694,4.4807E+001
466.5764,3.6150E+001
466.5833,5.2856E+001
466.5903,5.9362E+001
466.5972,8.9828E+001
466.6042,1.4781E+002
466.6111,7.7409E+001
466.6181,5.0526E+001
466.6250,6.1655E+001
466.6319,6.0969E+001
466.6389,6.4953E+001
466.6458,6.2523E+001
466.6528,5.5519E+001
466.6597,8.7444E+001
466.6667,8.8518E+001
466.6736,5.5012E+001
466.6806,3.7685E+001
466.6875,4.2548E+001
466.6944,3.8969E+001
466.7014,2.9862E+001
466.7083,2.6530E+001
466.7153,2.5613E+001
466.7222,1.6647E+001
466.7292,1.8135E+001
466.7361,1.3246E+001
466.7431,1.2911E+001
466.7500,1.0333E+001
466.7569,1.0400E+001
466.7639,7.0618E+000
466.7708,5.6758E+000
466.7778,6.4484E+000
466.7847,4.3550E+000
466.7917,4.8029E+000
466.7986,5.8950E+000
466.8056,4.4266E+000
466.8125,3.9646E+000
466.8194,5.4415E+000
466.8264,4.3397E+000
466.8333,2.8906E+000
466.8403,1.0960E+000
466.8472,7.9385E-001
466.8542,5.7735E-001
466.8611,5.2838E-001
466.8681,3.2412E-001
466.8750,3.3185E-001
466.8819,2.5517E-001
466.8889,3.5827E-001
466.8958,1.8945E-001
466.9028,1.3081E-001
466.9097,2.6420E-002
466.9167,1.4821E-002
466.9236,5.7995E-002
466.9306,3.5441E-002
466.9375,6.3795E-002
466.9444,6.1218E-002
466.9514,2.3778E-001
466.9583,1.1728E-001
466.9653,2.2554E-002
466.9722,1.9332E-003
466.9792,9.4946E-014
466.9861,1.7399E-002
466.9931,9.0218E-003
467.0000,7.3464E-002
467.0069,5.4132E-002
467.0139,3.4155E-002
467.0208,7.7331E-003
467.0278,3.2866E-002
467.0347,1.6111E-002
467.0417,6.4444E-003
467.0486,1.2889E-002
467.0556,8.4401E-013
467.0625,1.4178E-002
467.0694,0.0000E+000
467.0764,0.0000E+000
467.0833,0.0000E+000
467.0903,0.0000E+000
467.0972,1.0956E-002
467.1042,5.3807E-013
467.1111,0.0000E+000
467.1181,0.0000E+000
467.1250,0.0000E+000
467.1319,0.0000E+000
467.1389,0.0000E+000
467.1458,0.0000E+000
467.1528,0.0000E+000
467.1597,0.0000E+000
467.1667,0.0000E+000
467.1736,0.0000E+000
467.1806,0.0000E+000
467.1875,0.0000E+000
467.1944,0.0000E+000
467.2014,0.0000E+000
467.2083,0.0000E+000
467.2153,0.0000E+000
467.2222,0.0000E+000
467.2292,0.0000E+000
467.2361,0.0000E+000
467.2431,0.0000E+000
467.2500,0.0000E+000
467.2569,0.0000E+000
467.2639,0.0000E+000
467.2708,0.0000E+000
467.2778,0.0000E+000
467.2847,1.1473E-001
467.2917,1.5946E+000
467.2986,5.6269E+000
467.3056,8.7562E+000
467.3125,1.0821E+001
467.3194,1.0637E+001
467.3264,2.1938E+001
467.3333,4.2239E+001
467.3403,3.9489E+001
467.3472,5.5074E+001
467.3542,5.9708E+001
467.3611,6.9241E+001
467.3681,6.9330E+001
467.3750,8.3983E+001
467.3819,8.9249E+001
467.3889,1.0563E+002
467.3958,1.0584E+002
467.4028,1.2505E+002
467.4097,1.1061E+002
467.4167,1.3178E+002
467.4236,1.8074E+002
467.4306,1.6780E+002
467.4375,2.2067E+002
467.4444,1.6815E+002
467.4514,9.4201E+001
467.4583,2.3955E+002
467.4653,3.3372E+002
467.4722,1.8087E+002
467.4792,1.0946E+002
467.4861,4.9333E+002
467.4931,1.9110E+002
467.5000,4.3812E+002
467.5069,2.3428E+002
467.5139,3.6843E+002
467.5208,1.9832E+002
467.5278,1.8079E+002
467.5347,1.3879E+002
467.5417,2.3637E+002
467.5486,3.3475E+002
467.5556,9.5605E+001
467.5625,1.6136E+002
467.5694,2.4287E+002
467.5764,3.9083E+002
467.5833,1.5704E+002
467.5903,3.0676E+002
467.5972,4.4855E+002
467.6042,4.6852E+002
467.6111,3.7824E+002
467.6181,9.0706E+001
467.6250,8.5085E+001
467.6319,1.5997E+002
467.6389,4.2535E+002
467.6458,1.7355E+002
467.6528,8.0386E+001
467.6597,1.1981E+002
467.6667,2.6040E+002
467.6736,7.0934E+001
467.6806,4.4251E+001
467.6875,3.3254E+001
467.6944,4.5925E+001
467.7014,9.5438E+001
467.7083,6.9533E+001
467.7153,6.9804E+001
467.7222,4.0478E+001
467.7292,4.8811E+001
467.7361,5.1626E+001
467.7431,4.7330E+001
467.7500,2.7916E+001
467.7569,4.8260E+001
467.7639,4.9380E+001
467.7708,1.6362E+001
467.7778,1.6179E+001
467.7847,1.8832E+001
467.7917,3.0729E+001
467.7986,2.7086E+001
467.8056,9.7687E+000
467.8125,4.0478E+000
467.8194,4.0259E+000
467.8264,1.1596E+001
467.8333,6.6998E+000
467.8403,3.3528E-002
467.8472,0.0000E+000
467.8542,0.0000E+000
467.8611,0.0000E+000
467.8681,0.0000E+000
467.8750,0.0000E+000
467.8819,0.0000E+000
467.8889,0.0000E+000
467.8958,0.0000E+000
467.9028,0.0000E+000
467.9097,0.0000E+000
467.9167,0.0000E+000
467.9236,0.0000E+000
467.9306,0.0000E+000
467.9375,0.0000E+000
467.9444,0.0000E+000
467.9514,0.0000E+000
467.9583,0.0000E+000
467.9653,0.0000E+000
467.9722,0.0000E+000
467.9792,0.0000E+000
467.9861,0.0000E+000
467.9931,0.0000E+000
468.0000,0.0000E+000
468.0069,0.0000E+000
468.0139,0.0000E+000
468.0208,0.0000E+000
468.0278,0.0000E+000
468.0347,0.0000E+000
468.0417,0.0000E+000
468.0486,0.0000E+000
468.0556,0.0000E+000
468.0625,0.0000E+000
468.0694,0.0000E+000
468.0764,0.0000E+000
468.0833,0.0000E+000
468.0903,0.0000E+000
468.0972,0.0000E+000
468.1042,0.0000E+000
468.1111,0.0000E+000
468.1181,0.0000E+000
468.1250,0.0000E+000
468.1319,0.0000E+000
468.1389,0.0000E+000
468.1458,0.0000E+000
468.1528,0.0000E+000
468.1597,0.0000E+000
468.1667,0.0000E+000
468.1736,0.0000E+000
468.1806,0.0000E+000
468.1875,0.0000E+000
468.1944,0.0000E+000
468.2014,0.0000E+000
468.2083,0.0000E+000
468.2153,0.0000E+000
468.2222,0.0000E+000
468.2292,0.0000E+000
468.2361,0.0000E+000
468.2431,0.0000E+000
468.2500,0.0000E+000
468.2569,0.0000E+000
468.2639,0.0000E+000
468.2708,3.1675E-014
468.2778,6.4496E-004
468.2847,1.1771E+000
468.2917,5.5686E+000
468.2986,7.0424E+000
468.3056,7.6209E+000
468.3125,9.6636E+000
468.3194,1.1898E+001
468.3264,1.4403E+001
468.3333,1.6898E+001
468.3403,1.8694E+001
468.3472,2.0462E+001
468.3542,2.1556E+001
468.3611,2.2946E+001
468.3681,2.5060E+001
468.3750,2.9368E+001
468.3819,3.4012E+001
468.3889,3.8544E+001
468.3958,4.2309E+001
468.4028,5.0461E+001
468.4097,5.4383E+001
468.4167,8.3179E+001
468.4236,2.8503E+002
468.4306,3.5173E+002
468.4375,3.3418E+002
468.4444,4.2928E+002
468.4514,3.1152E+002
468.4583,1.8126E+002
468.4653,3.6212E+002
468.4722,1.6519E+002
468.4792,3.8794E+002
468.4861,5.2839E+002
468.4931,5.2904E+002
468.5000,3.5778E+002
468.5069,7.6511E+001
468.5139,3.3250E+002
468.5208,5.6986E+002
468.5278,2.6812E+002
468.5347,4.2040E+002
468.5417,2.6171E+002
468.5486,4.4270E+002
468.5556,2.4474E+002
468.5625,1.6084E+002
468.5694,3.2922E+002
468.5764,5.8546E+002
468.5833,1.5982E+002
468.5903,1.4148E+002
468.5972,1.3215E+002
468.6042,5.6142E+002
468.6111,3.1388E+002
468.6181,8.3085E+001
468.6250,2.1567E+002
468.6319,3.1168E+002
468.6389,4.9675E+002
468.6458,3.3792E+002
468.6528,1.0638E+002
468.6597,4.5383E+002
468.6667,3.0546E+002
468.6736,1.1556E+002
468.6806,4.1018E+002
468.6875,1.4592E+002
468.6944,2.5823E+002
468.7014,2.2065E+002
468.7083,2.1498E+002
468.7153,1.1920E+002
468.7222,6.4594E+001
468.7292,4.7834E+001
468.7361,5.0014E+001
468.7431,4.0357E+001
468.7500,2.9678E+001
468.7569,2.7139E+001
468.7639,3.0925E+001
468.7708,4.6762E+001
468.7778,4.7931E+001
468.7847,3.0085E+001
468.7917,1.9396E+001
468.7986,1.5333E+001
468.8056,9.8009E+000
468.8125,5.4769E+000
468.8194,4.0621E+000
468.8264,2.4285E+000
468.8333,7.7874E-001
468.8403,1.2259E-002
468.8472,0.0000E+000
468.8542,0.0000E+000
468.8611,0.0000E+000
468.8681,0.0000E+000
468.8750,0.0000E+000
468.8819,0.0000E+000
468.8889,0.0000E+000
468.8958,0.0000E+000
468.9028,0.0000E+000
468.9097,0.0000E+000
468.9167,0.0000E+000
468.9236,0.0000E+000
468.9306,0.0000E+000
468.9375,0.0000E+000
468.9444,0.0000E+000
468.9514,0.0000E+000
468.9583,0.0000E+000
468.9653,0.0000E+000
468.9722,0.0000E+000
468.9792,0.0000E+000
468.9861,0.0000E+000
468.9931,0.0000E+000
469.0000,0.0000E+000
469.0069,0.0000E+000
469.0139,0.0000E+000
469.0208,0.0000E+000
469.0278,0.0000E+000
469.0347,0.0000E+000
469.0417,0.0000E+000
469.0486,0.0000E+000
469.0556,0.0000E+000
469.0625,0.0000E+000
469.0694,0.0000E+000
469.0764,0.0000E+000
469.0833,0.0000E+000
469.0903,0.0000E+000
469.0972,0.0000E+000
469.1042,0.0000E+000
469.1111,0.0000E+000
469.1181,0.0000E+000
469.1250,0.0000E+000
469.1319,0.0000E+000
469.1389,0.0000E+000
469.1458,0.0000E+000
469.1528,0.0000E+000
469.1597,0.0000E+000
469.1667,0.0000E+000
469.1736,0.0000E+000
469.1806,0.0000E+000
469.1875,0.0000E+000
469.1944,0.0000E+000
469.2014,0.0000E+000
469.2083,0.0000E+000
469.2153,0.0000E+000
469.2222,0.0000E+000
469.2292,0.0000E+000
469.2361,0.0000E+000
469.2431,0.0000E+000
469.2500,0.0000E+000
469.2569,0.0000E+000
469.2639,0.0000E+000
469.2708,6.2758E-012
469.2778,1.2778E-001
469.2847,8.0092E-001
469.2917,2.2040E+000
469.2986,4.6719E+000
469.3056,6.6753E+000
469.3125,8.2145E+000
469.3194,1.0570E+001
469.3264,1.8925E+001
469.3333,2.7613E+001
469.3403,2.6748E+001
469.3472,2.8247E+001
469.3542,4.2191E+001
469.3611,4.8541E+001
469.3681,5.3345E+001
469.3750,5.0803E+001
469.3819,5.6206E+001
469.3889,6.2569E+001
469.3958,8.1855E+001
469.4028,1.2651E+002
469.4097,1.3298E+002
469.4167,7.5016E+001
469.4236,4.7493E+001
469.4306,3.1556E+001
469.4375,3.5137E+001
469.4444,5.5592E+001
469.4514,6.2740E+001
469.4583,6.1364E+001
469.4653,9.2043E+001
469.4722,1.6488E+002
469.4792,1.6241E+002
469.4861,1.0100E+002
469.4931,9.7816E+001
469.5000,1.1555E+002
469.5069,1.5651E+002
469.5139,2.1525E+002
469.5208,1.7106E+002
469.5278,2.1991E+002
469.5347,2.9778E+002
469.5417,3.5819E+002
469.5486,2.7554E+002
469.5556,3.4693E+002
469.5625,1.4873E+002
469.5694,1.2666E+002
469.5764,8.8040E+001
469.5833,5.6841E+001
469.5903,4.6650E+001
469.5972,4.1680E+001
469.6042,8.8253E+001
469.6111,1.5041E+002
469.6181,1.9732E+002
469.6250,2.0822E+002
469.6319,1.8392E+002
469.6389,3.5346E+002
469.6458,4.4404E+002
469.6528,3.4202E+002
469.6597,1.2940E+002
469.6667,1.6823E+002
469.6736,8.9796E+001
469.6806,1.8122E+002
469.6875,3.1163E+002
469.6944,1.6686E+002
469.7014,2.2075E+002
469.7083,1.7551E+002
469.7153,2.0977E+001
469.7222,1.8069E+001
469.7292,2.9227E+001
469.7361,4.4020E+001
469.7431,5.3577E+001
469.7500,5.4765E+001
469.7569,5.9756E+001
469.7639,6.7949E+001
469.7708,6.0426E+001
469.7778,5.7700E+001
469.7847,4.1675E+001
469.7917,2.9254E+001
469.7986,2.3414E+001
469.8056,2.1476E+001
469.8125,1.6304E+001
469.8194,1.0017E+001
469.8264,5.5290E+000
469.8333,1.8658E+000
469.8403,6.8435E-002
469.8472,0.0000E+000
469.8542,0.0000E+000
469.8611,0.0000E+000
469.8681,0.0000E+000
469.8750,0.0000E+000
469.8819,0.0000E+000
469.8889,0.0000E+000
469.8958,0.0000E+000
469.9028,0.0000E+000
469.9097,0.0000E+000
469.9167,0.0000E+000
469.9236,0.0000E+000
469.9306,0.0000E+000
469.9375,0.0000E+000
469.9444,0.0000E+000
469.9514,0.0000E+000
469.9583,0.0000E+000
469.9653,0.0000E+000
469.9722,0.0000E+000
469.9792,0.0000E+000
469.9861,0.0000E+000
469.9931,0.0000E+000
470.0000,0.0000E+000
470.0069,0.0000E+000
470.0139,0.0000E+000
470.0208,0.0000E+000
470.0278,0.0000E+000
470.0347,0.0000E+000
470.0417,0.0000E+000
470.0486,0.0000E+000
470.0556,0.0000E+000
470.0625,0.0000E+000
470.0694,0.0000E+000
470.0764,0.0000E+000
470.0833,0.0000E+000
470.0903,0.0000E+000
470.0972,0.0000E+000
470.1042,0.0000E+000
470.1111,0.0000E+000
470.1181,0.0000E+000
470.1250,0.0000E+000
470.1319,0.0000E+000
470.1389,0.0000E+000
470.1458,0.0000E+000
470.1528,0.0000E+000
470.1597,0.0000E+000
470.1667,0.0000E+000
470.1736,0.0000E+000
470.1806,0.0000E+000
470.1875,0.0000E+000
470.1944,0.0000E+000
470.2014,0.0000E+000
470.2083,0.0000E+000
470.2153,0.0000E+000
470.2222,0.0000E+000
470.2292,0.0000E+000
470.2361,0.0000E+000
470.2431,0.0000E+000
470.2500,0.0000E+000
470.2569,0.0000E+000
470.2639,0.0000E+000
470.2708,1.4653E-011
470.2778,2.9836E-001
470.2847,1.5086E+000
470.2917,4.5400E+000
470.2986,5.2175E+000
470.3056,6.6544E+000
470.3125,8.0197E+000
470.3194,9.5529E+000
470.3264,1.1011E+001
470.3333,1.2361E+001
470.3403,1.3633E+001
470.3472,1.4886E+001
470.3542,1.6079E+001
470.3611,1.7198E+001
470.3681,1.8592E+001
470.3750,2.3215E+001
470.3819,3.0548E+001
470.3889,3.2746E+001
470.3958,4.3715E+001
470.4028,4.7017E+001
470.4097,5.5758E+001
470.4167,7.0307E+001
470.4236,5.4986E+001
470.4306,1.0588E+002
470.4375,6.2020E+001
470.4444,7.2295E+001
470.4514,1.1345E+002
470.4583,9.6132E+001
470.4653,7.3027E+001
470.4722,7.0312E+001
470.4792,8.2900E+001
470.4861,7.4013E+001
470.4931,9.0777E+001
470.5000,1.1062E+002
470.5069,8.2258E+001
470.5139,9.8117E+001
470.5208,1.4645E+002
470.5278,1.0455E+002
470.5347,9.5005E+001
470.5417,4.3326E+002
470.5486,9.9593E+001
470.5556,1.1859E+002
470.5625,8.0670E+001
470.5694,1.9688E+002
470.5764,1.3074E+002
470.5833,3.6798E+002
470.5903,1.1188E+002
470.5972,2.1852E+002
470.6042,1.5067E+002
470.6111,9.9333E+001
470.6181,6.1818E+001
470.6250,9.9899E+001
470.6319,1.6084E+002
470.6389,9.1651E+001
470.6458,2.8655E+002
470.6528,4.0957E+002
470.6597,1.2748E+002
470.6667,1.8794E+002
470.6736,1.9932E+002
470.6806,9.5642E+001
470.6875,4.5656E+001
470.6944,2.1600E+002
470.7014,3.8816E+002
470.7083,2.1394E+002
470.7153,5.5384E+001
470.7222,6.3523E+001
470.7292,8.9720E+001
470.7361,6.2412E+001
470.7431,6.5137E+001
470.7500,7.2939E+001
470.7569,5.4775E+001
470.7639,2.9978E+001
470.7708,1.7754E+001
470.7778,1.7193E+001
470.7847,1.6756E+001
470.7917,1.6125E+001
470.7986,1.5945E+001
470.8056,1.2192E+001
470.8125,1.0188E+001
470.8194,9.5024E+000
470.8264,4.3826E+000
470.8333,1.8871E+000
470.8403,1.8670E-001
470.8472,0.0000E+000
470.8542,0.0000E+000
470.8611,0.0000E+000
470.8681,0.0000E+000
470.8750,0.0000E+000
470.8819,0.0000E+000
470.8889,0.0000E+000
470.8958,0.0000E+000
470.9028,0.0000E+000
470.9097,0.0000E+000
470.9167,0.0000E+000
470.9236,0.0000E+000
470.9306,0.0000E+000
470.9375,0.0000E+000
470.9444,0.0000E+000
470.9514,0.0000E+000
470.9583,0.0000E+000
470.9653,0.0000E+000
470.9722,0.0000E+000
470.9792,0.0000E+000
470.9861,0.0000E+000
470.9931,0.0000E+000
471.0000,0.0000E+000
471.0069,0.0000E+000
471.0139,0.0000E+000
471.0208,0.0000E+000
471.0278,0.0000E+000
471.0347,0.0000E+000
471.0417,0.0000E+000
471.0486,0.0000E+000
471.0556,0.0000E+000
471.0625,0.0000E+000
471.0694,0.0000E+000
471.0764,0.0000E+000
471.0833,0.0000E+000
471.0903,0.0000E+000
471.0972,0.0000E+000
471.1042,0.0000E+000
471.1111,0.0000E+000
471.1181,0.0000E+000
471.1250,0.0000E+000
471.1319,0.0000E+000
471.1389,0.0000E+000
471.1458,0.0000E+000
471.1528,0.0000E+000
471.1597,0.0000E+000
471.1667,0.0000E+000
471.1736,0.0000E+000
471.1806,0.0000E+000
471.1875,0.0000E+000
471.1944,0.0000E+000
471.2014,0.0000E+000
471.2083,0.0000E+000
471.2153,0.0000E+000
471.2222,0.0000E+000
471.2292,0.0000E+000
471.2361,0.0000E+000
471.2431,0.0000E+000
471.2500,0.0000E+000
471.2569,0.0000E+000
471.2639,0.0000E+000
471.2708,5.4282E-002
471.2778,1.0469E+000
471.2847,3.1555E+000
471.2917,5.6344E+000
471.2986,1.2894E+001
471.3056,1.4854E+001
471.3125,1.7467E+001
471.3194,1.8981E+001
471.3264,2.6827E+001
471.3333,4.1501E+001
471.3403,4.0279E+001
471.3472,5.1464E+001
471.3542,5.2222E+001
471.3611,5.2776E+001
471.3681,6.3179E+001
471.3750,9.8196E+001
471.3819,1.1223E+002
471.3889,1.0408E+002
471.3958,9.1359E+001
471.4028,1.0226E+002
471.4097,1.1002E+002
471.4167,1.0539E+002
471.4236,8.4014E+001
471.4306,4.6886E+001
471.4375,2.7446E+001
471.4444,3.9100E+001
471.4514,4.0387E+001
471.4583,3.5874E+001
471.4653,1.2268E+002
471.4722,1.3925E+002
471.4792,8.2890E+001
471.4861,8.5562E+001
471.4931,1.4061E+002
471.5000,1.3816E+002
471.5069,1.0094E+002
471.5139,6.4736E+001
471.5208,1.0262E+002
471.5278,1.2711E+002
471.5347,1.6408E+002
471.5417,1.5257E+002
471.5486,8.4874E+001
471.5556,3.5692E+001
471.5625,5.2699E+001
471.5694,7.4716E+001
471.5764,4.6864E+001
471.5833,3.8081E+001
471.5903,8.2995E+001
471.5972,1.2796E+002
471.6042,9.6369E+001
471.6111,1.0604E+002
471.6181,5.5948E+001
471.6250,6.8348E+001
471.6319,7.2004E+001
471.6389,7.6968E+001
471.6458,7.8624E+001
471.6528,1.2361E+002
471.6597,1.2690E+002
471.6667,1.0390E+002
471.6736,8.8453E+001
471.6806,6.7916E+001
471.6875,5.6568E+001
471.6944,9.0797E+001
471.7014,1.0956E+002
471.7083,1.1679E+002
471.7153,8.9240E+001
471.7222,1.0490E+002
471.7292,1.0720E+002
471.7361,7.9120E+001
471.7431,5.5513E+001
471.7500,3.6340E+001
471.7569,2.8517E+001
471.7639,4.5176E+001
471.7708,4.4383E+001
471.7778,2.9288E+001
471.7847,1.4179E+001
471.7917,1.5048E+001
471.7986,2.7178E+001
471.8056,2.0226E+001
471.8125,1.7166E+001
471.8194,1.2509E+001
471.8264,1.3038E+001
471.8333,8.8376E+000
471.8403,3.4695E+000
471.8472,1.2283E-001
471.8542,6.0324E-012
471.8611,0.0000E+000
471.8681,0.0000E+000
471.8750,0.0000E+000
471.8819,0.0000E+000
471.8889,0.0000E+000
471.8958,0.0000E+000
471.9028,0.0000E+000
471.9097,0.0000E+000
471.9167,0.0000E+000
471.9236,0.0000E+000
471.9306,0.0000E+000
471.9375,0.0000E+000
471.9444,0.0000E+000
471.9514,0.0000E+000
471.9583,0.0000E+000
471.9653,0.0000E+000
471.9722,0.0000E+000
471.9792,0.0000E+000
471.9861,0.0000E+000
471.9931,0.0000E+000
472.0000,0.0000E+000
472.0069,0.0000E+000
472.0139,0.0000E+000
472.0208,0.0000E+000
472.0278,0.0000E+000
472.0347,0.0000E+000
472.0417,0.0000E+000
472.0486,0.0000E+000
472.0556,0.0000E+000
472.0625,0.0000E+000
472.0694,0.0000E+000
472.0764,0.0000E+000
472.0833,0.0000E+000
472.0903,0.0000E+000
472.0972,0.0000E+000
472.1042,0.0000E+000
472.1111,0.0000E+000
472.1181,0.0000E+000
472.1250,0.0000E+000
472.1319,0.0000E+000
472.1389,0.0000E+000
472.1458,0.0000E+000
472.1528,0.0000E+000
472.1597,0.0000E+000
472.1667,0.0000E+000
472.1736,0.0000E+000
472.1806,0.0000E+000
472.1875,0.0000E+000
472.1944,0.0000E+000
472.2014,0.0000E+000
472.2083,0.0000E+000
472.2153,0.0000E+000
472.2222,0.0000E+000
472.2292,0.0000E+000
472.2361,0.0000E+000
472.2431,0.0000E+000
472.2500,0.0000E+000
472.2569,0.0000E+000
472.2639,0.0000E+000
472.2708,2.7144E-002
472.2778,1.3960E+000
472.2847,4.6532E+000
472.2917,8.1606E+000
472.2986,1.1736E+001
472.3056,1.6764E+001
472.3125,2.5704E+001
472.3194,3.2643E+001
472.3264,4.7300E+001
472.3333,4.7473E+001
472.3403,4.6772E+001
472.3472,5.0172E+001
472.3542,4.7438E+001
472.3611,6.6924E+001
472.3681,6.5819E+001
472.3750,7.5593E+001
472.3819,6.7741E+001
472.3889,6.4561E+001
472.3958,6.8496E+001
472.4028,6.9615E+001
472.4097,9.2359E+001
472.4167,1.0718E+002
472.4236,1.6825E+002
472.4306,2.8480E+002
472.4375,2.9409E+002
472.4444,1.9565E+002
472.4514,1.3368E+002
472.4583,1.5431E+002
472.4653,2.4867E+002
472.4722,3.2738E+002
472.4792,4.2014E+002
472.4861,2.0585E+002
472.4931,4.6139E+002
472.5000,5.4860E+002
472.5069,4.2295E+002
472.5139,1.3937E+002
472.5208,1.7555E+002
472.5278,2.6639E+002
472.5347,1.8145E+002
472.5417,3.4523E+002
472.5486,2.7324E+002
472.5556,4.9298E+002
472.5625,2.7257E+002
472.5694,3.7728E+002
472.5764,4.0054E+002
472.5833,4.0595E+002
472.5903,2.8715E+002
472.5972,4.1226E+002
472.6042,4.0247E+002
472.6111,4.4868E+002
472.6181,4.0578E+002
472.6250,3.6512E+002
472.6319,3.3011E+002
472.6389,2.7019E+002
472.6458,2.7102E+002
472.6528,3.1062E+002
472.6597,2.5745E+002
472.6667,2.0990E+002
472.6736,2.1868E+002
472.6806,2.3014E+002
472.6875,3.1932E+002
472.6944,2.7264E+002
472.7014,2.3723E+002
472.7083,2.2512E+002
472.7153,1.4830E+002
472.7222,1.0512E+002
472.7292,1.0849E+002
472.7361,1.0722E+002
472.7431,1.0141E+002
472.7500,6.6825E+001
472.7569,4.6773E+001
472.7639,3.4585E+001
472.7708,3.3332E+001
472.7778,2.8684E+001
472.7847,1.8497E+001
472.7917,1.1011E+001
472.7986,7.7517E+000
472.8056,5.9090E+000
472.8125,4.3797E+000
472.8194,1.6463E+000
472.8264,4.2272E-001
472.8333,1.5900E-001
472.8403,1.0988E-002
472.8472,0.0000E+000
472.8542,0.0000E+000
472.8611,0.0000E+000
472.8681,0.0000E+000
472.8750,0.0000E+000
472.8819,0.0000E+000
472.8889,0.0000E+000
472.8958,0.0000E+000
472.9028,0.0000E+000
472.9097,0.0000E+000
472.9167,0.0000E+000
472.9236,0.0000E+000
472.9306,0.0000E+000
472.9375,0.0000E+000
472.9444,0.0000E+000
472.9514,0.0000E+000
472.9583,0.0000E+000
472.9653,0.0000E+000
472.9722,0.0000E+000
472.9792,0.0000E+000
472.9861,0.0000E+000
472.9931,0.0000E+000
473.0000,0.0000E+000
473.0069,0.0000E+000
473.0139,0.0000E+000
473.0208,0.0000E+000
473.0278,0.0000E+000
473.0347,0.0000E+000
473.0417,0.0000E+000
473.0486,0.0000E+000
473.0556,0.0000E+000
473.0625,0.0000E+000
473.0694,0.0000E+000
473.0764,0.0000E+000
473.0833,0.0000E+000
473.0903,0.0000E+000
473.0972,0.0000E+000
473.1042,0.0000E+000
473.1111,0.0000E+000
473.1181,0.0000E+000
473.1250,0.0000E+000
473.1319,0.0000E+000
473.1389,0.0000E+000
473.1458,0.0000E+000
473.1528,0.0000E+000
473.1597,0.0000E+000
473.1667,0.0000E+000
473.1736,0.0000E+000
473.1806,0.0000E+000
473.1875,0.0000E+000
473.1944,0.0000E+000
473.2014,0.0000E+000
473.2083,0.0000E+000
473.2153,0.0000E+000
473.2222,0.0000E+000
473.2292,0.0000E+000
473.2361,0.0000E+000
473.2431,0.0000E+000
473.2500,0.0000E+000
473.2569,0.0000E+000
473.2639,0.0000E+000
473.2708,3.3176E-011
473.2778,6.7551E-001
473.2847,3.8630E+000
473.2917,7.7932E+000
473.2986,1.2283E+001
473.3056,1.3987E+001
473.3125,2.0133E+001
473.3194,2.8116E+001
473.3264,3.5678E+001
473.3333,4.1256E+001
473.3403,5.0214E+001
473.3472,5.5374E+001
473.3542,5.6322E+001
473.3611,6.4011E+001
473.3681,7.0239E+001
473.3750,7.9547E+001
473.3819,1.0443E+002
473.3889,1.0035E+002
473.3958,9.0915E+001
473.4028,1.3554E+002
473.4097,1.6630E+002
473.4167,1.9282E+002
473.4236,2.7760E+002
473.4306,4.3040E+002
473.4375,3.8374E+002
473.4444,1.7952E+002
473.4514,1.1172E+002
473.4583,1.4473E+002
473.4653,2.3994E+002
473.4722,1.4482E+002
473.4792,1.0221E+002
473.4861,1.1289E+002
473.4931,1.4429E+002
473.5000,3.3190E+002
473.5069,2.5800E+002
473.5139,1.3714E+002
473.5208,1.6419E+002
473.5278,7.8147E+001
473.5347,9.8198E+001
473.5417,9.7584E+001
473.5486,5.4873E+001
473.5556,4.6031E+001
473.5625,4.0808E+001
473.5694,4.0678E+001
473.5764,6.3671E+001
473.5833,7.6003E+001
473.5903,1.1932E+002
473.5972,8.6317E+001
473.6042,5.7221E+001
473.6111,3.7748E+001
473.6181,3.6730E+001
473.6250,5.4737E+001
473.6319,1.0367E+002
473.6389,1.6199E+002
473.6458,1.0319E+002
473.6528,4.1452E+001
473.6597,3.1492E+001
473.6667,3.3644E+001
473.6736,3.5815E+001
473.6806,4.9738E+001
473.6875,8.1431E+001
473.6944,8.6843E+001
473.7014,7.1710E+001
473.7083,5.7126E+001
473.7153,1.0447E+002
473.7222,1.0708E+002
473.7292,9.4856E+001
473.7361,8.3870E+001
473.7431,9.0713E+001
473.7500,9.0414E+001
473.7569,8.1749E+001
473.7639,7.9369E+001
473.7708,8.5768E+001
473.7778,8.7183E+001
473.7847,6.5126E+001
473.7917,5.9261E+001
473.7986,5.0576E+001
473.8056,4.5138E+001
473.8125,3.2720E+001
473.8194,1.6551E+001
473.8264,1.2329E+001
473.8333,1.0320E+001
473.8403,4.0529E+000
473.8472,5.1461E-001
473.8542,2.5274E-011
473.8611,0.0000E+000
473.8681,0.0000E+000
473.8750,0.0000E+000
473.8819,0.0000E+000
473.8889,0.0000E+000
473.8958,0.0000E+000
473.9028,0.0000E+000
473.9097,0.0000E+000
473.9167,0.0000E+000
473.9236,0.0000E+000
473.9306,0.0000E+000
473.9375,0.0000E+000
473.9444,0.0000E+000
473.9514,0.0000E+000
473.9583,0.0000E+000
473.9653,0.0000E+000
473.9722,0.0000E+000
473.9792,0.0000E+000
473.9861,0.0000E+000
473.9931,0.0000E+000
474.0000,0.0000E+000
474.0069,0.0000E+000
474.0139,0.0000E+000
474.0208,0.0000E+000
474.0278,0.0000E+000
474.0347,0.0000E+000
474.0417,0.0000E+000
474.0486,0.0000E+000
474.0556,0.0000E+000
474.0625,0.0000E+000
474.0694,0.0000E+000
474.0764,0.0000E+000
474.0833,0.0000E+000
474.0903,0.0000E+000
474.0972,0.0000E+000
474.1042,0.0000E+000
474.1111,0.0000E+000
474.1181,0.0000E+000
474.1250,0.0000E+000
474.1319,0.0000E+000
474.1389,0.0000E+000
474.1458,0.0000E+000
474.1528,0.0000E+000
474.1597,0.0000E+000
474.1667,0.0000E+000
474.1736,0.0000E+000
474.1806,0.0000E+000
474.1875,0.0000E+000
474.1944,0.0000E+000
474.2014,0.0000E+000
474.2083,0.0000E+000
474.2153,0.0000E+000
474.2222,0.0000E+000
474.2292,0.0000E+000
474.2361,0.0000E+000
474.2431,0.0000E+000
474.2500,0.0000E+000
474.2569,0.0000E+000
474.2639,0.0000E+000
474.2708,8.3514E-012
474.2778,1.7004E-001
474.2847,1.8078E+000
474.2917,4.1626E+000
474.2986,9.3124E+000
474.3056,1.2957E+001
474.3125,7.1917E+000
474.3194,9.6092E+000
474.3264,1.7684E+001
474.3333,2.1694E+001
474.3403,1.7955E+001
474.3472,1.9090E+001
474.3542,2.2930E+001
474.3611,2.7904E+001
474.3681,6.9920E+001
474.3750,9.0456E+001
474.3819,1.0819E+002
474.3889,1.2221E+002
474.3958,1.3406E+002
474.4028,1.0300E+002
474.4097,1.1451E+002
474.4167,8.2296E+001
474.4236,9.1934E+001
474.4306,1.0084E+002
474.4375,9.0931E+001
474.4444,5.1615E+001
474.4514,4.7990E+001
474.4583,6.3459E+001
474.4653,9.9564E+001
474.4722,1.5012E+002
474.4792,1.4811E+002
474.4861,1.3920E+002
474.4931,1.4128E+002
474.5000,7.4385E+001
474.5069,3.5072E+001
474.5139,7.4268E+001
474.5208,1.4943E+002
474.5278,2.0020E+002
474.5347,1.3983E+002
474.5417,6.6888E+001
474.5486,2.9988E+001
474.5556,2.6478E+001
474.5625,6.9922E+001
474.5694,1.0142E+002
474.5764,5.6880E+001
474.5833,3.8183E+001
474.5903,3.1174E+001
474.5972,3.7468E+001
474.6042,4.6274E+001
474.6111,5.2528E+001
474.6181,4.2099E+001
474.6250,4.0529E+001
474.6319,3.7643E+001
474.6389,3.8769E+001
474.6458,4.1532E+001
474.6528,4.2718E+001
474.6597,4.4595E+001
474.6667,5.2346E+001
474.6736,6.4802E+001
474.6806,7.4156E+001
474.6875,8.7697E+001
474.6944,1.0064E+002
474.7014,9.4150E+001
474.7083,7.1914E+001
474.7153,6.0330E+001
474.7222,7.1774E+001
474.7292,5.8991E+001
474.7361,5.1808E+001
474.7431,4.7324E+001
474.7500,4.6963E+001
474.7569,5.8802E+001
474.7639,6.2987E+001
474.7708,6.9377E+001
474.7778,5.9619E+001
474.7847,5.3523E+001
474.7917,4.0182E+001
474.7986,1.1657E+001
474.8056,4.7230E+000
474.8125,3.0644E+000
474.8194,7.8889E-001
474.8264,3.8281E-001
474.8333,1.4918E+000
474.8403,2.7223E+000
474.8472,7.2941E-001
474.8542,3.5823E-011
474.8611,0.0000E+000
474.8681,0.0000E+000
474.8750,0.0000E+000
474.8819,0.0000E+000
474.8889,0.0000E+000
474.8958,0.0000E+000
474.9028,0.0000E+000
474.9097,0.0000E+000
474.9167,0.0000E+000
474.9236,0.0000E+000
474.9306,0.0000E+000
474.9375,0.0000E+000
474.9444,0.0000E+000
474.9514,0.0000E+000
474.9583,0.0000E+000
474.9653,0.0000E+000
474.9722,0.0000E+000
474.9792,0.0000E+000
474.9861,0.0000E+000
474.9931,0.0000E+000
475.0000,0.0000E+000
475.0069,0.0000E+000
475.0139,0.0000E+000
475.0208,0.0000E+000
475.0278,0.0000E+000
475.0347,0.0000E+000
475.0417,0.0000E+000
475.0486,0.0000E+000
475.0556,0.0000E+000
475.0625,0.0000E+000
475.0694,0.0000E+000
475.0764,0.0000E+000
475.0833,0.0000E+000
475.0903,0.0000E+000
475.0972,0.0000E+000
475.1042,0.0000E+000
475.1111,0.0000E+000
475.1181,0.0000E+000
475.1250,0.0000E+000
475.1319,0.0000E+000
475.1389,0.0000E+000
475.1458,0.0000E+000
475.1528,0.0000E+000
475.1597,0.0000E+000
475.1667,0.0000E+000
475.1736,0.0000E+000
475.1806,0.0000E+000
475.1875,0.0000E+000
475.1944,0.0000E+000
475.2014,0.0000E+000
475.2083,0.0000E+000
475.2153,0.0000E+000
475.2222,0.0000E+000
475.2292,0.0000E+000
475.2361,0.0000E+000
475.2431,0.0000E+000
475.2500,0.0000E+000
475.2569,9.0371E-011
475.2639,1.3801E+000
475.2708,1.6659E+000
475.2778,2.5933E+000
475.2847,4.5379E+000
475.2917,6.8874E+000
475.2986,9.4477E+000
475.3056,1.2159E+001
475.3125,1.5173E+001
475.3194,1.8071E+001
475.3264,1.9986E+001
475.3333,2.2119E+001
475.3403,2.4856E+001
475.3472,2.7868E+001
475.3542,3.1951E+001
475.3611,3.7043E+001
475.3681,4.0166E+001
475.3750,4.3607E+001
475.3819,4.7425E+001
475.3889,5.2185E+001
475.3958,5.5634E+001
475.4028,6.1374E+001
475.4097,6.6211E+001
475.4167,8.4133E+001
475.4236,2.4741E+002
475.4306,3.2184E+002
475.4375,3.5114E+002
475.4444,3.7477E+002
475.4514,3.9166E+002
475.4583,4.2879E+002
475.4653,4.6118E+002
475.4722,4.6609E+002
475.4792,4.6089E+002
475.4861,4.9427E+002
475.4931,4.6676E+002
475.5000,4.1606E+002
475.5069,4.5023E+002
475.5139,4.5018E+002
475.5208,5.3292E+002
475.5278,5.2759E+002
475.5347,5.4595E+002
475.5417,5.5012E+002
475.5486,5.4666E+002
475.5556,5.3829E+002
475.5625,5.5238E+002
475.5694,5.4736E+002
475.5764,5.4191E+002
475.5833,5.4449E+002
475.5903,5.4745E+002
475.5972,5.3284E+002
475.6042,5.1704E+002
475.6111,5.0960E+002
475.6181,5.0536E+002
475.6250,4.8060E+002
475.6319,4.5495E+002
475.6389,4.5542E+002
475.6458,4.4799E+002
475.6528,4.1814E+002
475.6597,3.9914E+002
475.6667,3.8663E+002
475.6736,3.8848E+002
475.6806,6.1173E+001
475.6875,4.9071E+001
475.6944,5.0774E+001
475.7014,4.5858E+001
475.7083,2.8899E+002
475.7153,2.1944E+002
475.7222,1.1341E+002
475.7292,3.6861E+001
475.7361,3.3027E+001
475.7431,2.8842E+001
475.7500,2.1996E+001
475.7569,2.0067E+001
475.7639,2.2208E+001
475.7708,2.0616E+001
475.7778,1.9301E+001
475.7847,1.8553E+001
475.7917,1.6290E+001
475.7986,1.3712E+001
475.8056,1.1402E+001
475.8125,9.1790E+000
475.8194,6.8565E+000
475.8264,4.1665E+000
475.8333,2.9810E+000
475.8403,1.5658E+000
475.8472,2.1861E-001
475.8542,1.0737E-011
475.8611,0.0000E+000
475.8681,0.0000E+000
475.8750,0.0000E+000
475.8819,0.0000E+000
475.8889,0.0000E+000
475.8958,0.0000E+000
475.9028,0.0000E+000
475.9097,0.0000E+000
475.9167,0.0000E+000
475.9236,0.0000E+000
475.9306,0.0000E+000
475.9375,0.0000E+000
475.9444,0.0000E+000
475.9514,0.0000E+000
475.9583,0.0000E+000
475.9653,0.0000E+000
475.9722,0.0000E+000
475.9792,0.0000E+000
475.9861,0.0000E+000
475.9931,0.0000E+000
476.0000,0.0000E+000
476.0069,0.0000E+000
476.0139,0.0000E+000
476.0208,0.0000E+000
476.0278,0.0000E+000
476.0347,0.0000E+000
476.0417,0.0000E+000
476.0486,0.0000E+000
476.0556,0.0000E+000
476.0625,0.0000E+000
476.0694,0.0000E+000
476.0764,0.0000E+000
476.0833,0.0000E+000
476.0903,0.0000E+000
476.0972,0.0000E+000
476.1042,0.0000E+000
476.1111,0.0000E+000
476.1181,0.0000E+000
476.1250,0.0000E+000
476.1319,0.0000E+000
476.1389,0.0000E+000
476.1458,0.0000E+000
476.1528,0.0000E+000
476.1597,0.0000E+000
476.1667,0.0000E+000
476.1736,0.0000E+000
476.1806,0.0000E+000
476.1875,0.0000E+000
476.1944,0.0000E+000
476.2014,0.0000E+000
476.2083,0.0000E+000
476.2153,0.0000E+000
476.2222,0.0000E+000
476.2292,0.0000E+000
476.2361,0.0000E+000
476.2431,0.0000E+000
476.2500,0.0000E+000
476.2569,0.0000E+000
476.2639,0.0000E+000
476.2708,6.9535E-001
476.2778,2.0615E+000
476.2847,4.2374E+000
476.2917,6.4820E+000
476.2986,9.0131E+000
476.3056,1.1513E+001
476.3125,1.3610E+001
476.3194,1.5919E+001
476.3264,1.8275E+001
476.3333,2.0617E+001
476.3403,2.2724E+001
476.3472,2.5066E+001
476.3542,2.7164E+001
476.3611,2.9071E+001
476.3681,3.1865E+001
476.3750,3.5446E+001
476.3819,3.8915E+001
476.3889,4.2806E+001
476.3958,4.4778E+001
476.4028,5.2111E+001
476.4097,5.5918E+001
476.4167,8.8818E+001
476.4236,2.5437E+002
476.4306,3.4241E+002
476.4375,3.6778E+002
476.4444,3.9166E+002
476.4514,4.2031E+002
476.4583,4.6307E+002
476.4653,4.9326E+002
476.4722,4.7258E+002
476.4792,2.0065E+002
476.4861,7.1188E+001
476.4931,7.3519E+001
476.5000,1.0254E+002
476.5069,1.1549E+002
476.5139,1.0135E+002
476.5208,9.7882E+001
476.5278,9.3337E+001
476.5347,8.1282E+001
476.5417,6.7993E+001
476.5486,7.4564E+001
476.5556,8.1976E+001
476.5625,8.4876E+001
476.5694,1.2163E+002
476.5764,1.5638E+002
476.5833,2.0027E+002
476.5903,2.3562E+002
476.5972,2.4579E+002
476.6042,4.0663E+002
476.6111,5.4216E+002
476.6181,5.5582E+002
476.6250,5.5969E+002
476.6319,3.7692E+002
476.6389,2.0748E+002
476.6458,2.4311E+002
476.6528,3.9172E+002
476.6597,3.9382E+002
476.6667,2.7988E+002
476.6736,9.8125E+001
476.6806,8.5466E+001
476.6875,2.8977E+002
476.6944,2.1809E+002
476.7014,3.5644E+002
476.7083,1.4529E+002
476.7153,6.9855E+001
476.7222,5.6892E+001
476.7292,4.9947E+001
476.7361,5.4939E+001
476.7431,7.7870E+001
476.7500,7.9372E+001
476.7569,5.2876E+001
476.7639,3.5997E+001
476.7708,3.2541E+001
476.7778,2.8375E+001
476.7847,4.0072E+001
476.7917,4.5250E+001
476.7986,3.9871E+001
476.8056,2.4602E+001
476.8125,1.6970E+001
476.8194,8.8576E+000
476.8264,4.4935E+000
476.8333,3.5729E+000
476.8403,1.6794E+000
476.8472,6.4045E-002
476.8542,3.1454E-012
476.8611,0.0000E+000
476.8681,0.0000E+000
476.8750,0.0000E+000
476.8819,0.0000E+000
476.8889,0.0000E+000
476.8958,0.0000E+000
476.9028,0.0000E+000
476.9097,0.0000E+000
476.9167,0.0000E+000
476.9236,0.0000E+000
476.9306,0.0000E+000
476.9375,0.0000E+000
476.9444,0.0000E+000
476.9514,0.0000E+000
476.9583,0.0000E+000
476.9653,0.0000E+000
476.9722,0.0000E+000
476.9792,0.0000E+000
476.9861,0.0000E+000
476.9931,0.0000E+000
477.0000,0.0000E+000
477.0069,0.0000E+000
477.0139,0.0000E+000
477.0208,0.0000E+000
477.0278,0.0000E+000
477.0347,0.0000E+000
477.0417,0.0000E+000
477.0486,0.0000E+000
477.0556,0.0000E+000
477.0625,0.0000E+000
477.0694,0.0000E+000
477.0764,0.0000E+000
477.0833,0.0000E+000
477.0903,0.0000E+000
477.0972,0.0000E+000
477.1042,0.0000E+000
477.1111,0.0000E+000
477.1181,0.0000E+000
477.1250,0.0000E+000
477.1319,0.0000E+000
477.1389,0.0000E+000
477.1458,0.0000E+000
477.1528,0.0000E+000
477.1597,0.0000E+000
477.1667,0.0000E+000
477.1736,0.0000E+000
477.1806,0.0000E+000
477.1875,0.0000E+000
477.1944,0.0000E+000
477.2014,0.0000E+000
477.2083,0.0000E+000
477.2153,0.0000E+000
477.2222,0.0000E+000
477.2292,0.0000E+000
477.2361,0.0000E+000
477.2431,0.0000E+000
477.2500,0.0000E+000
477.2569,4.8721E-012
477.2639,7.4402E-002
477.2708,7.0391E-001
477.2778,2.8881E+000
477.2847,6.3145E+000
477.2917,9.9318E+000
477.2986,1.2838E+001
477.3056,2.0385E+001
477.3125,2.4949E+001
477.3194,3.3601E+001
477.3264,4.4779E+001
477.3333,4.4053E+001
477.3403,4.7769E+001
477.3472,5.0211E+001
477.3542,5.3754E+001
477.3611,5.8963E+001
477.3681,6.6588E+001
477.3750,6.5568E+001
477.3819,6.0779E+001
477.3889,5.6247E+001
477.3958,5.6437E+001
477.4028,5.9458E+001
477.4097,6.0508E+001
477.4167,1.1415E+002
477.4236,2.9974E+002
477.4306,3.8049E+002
477.4375,3.8746E+002
477.4444,3.8817E+002
477.4514,3.3047E+002
477.4583,3.4046E+002
477.4653,3.5585E+002
477.4722,4.2067E+002
477.4792,4.0310E+002
477.4861,4.2210E+002
477.4931,4.7251E+002
477.5000,4.9655E+002
477.5069,4.4508E+002
477.5139,4.9169E+002
477.5208,5.2042E+002
477.5278,5.2346E+002
477.5347,5.0931E+002
477.5417,5.1257E+002
477.5486,5.0724E+002
477.5556,5.1787E+002
477.5625,5.0636E+002
477.5694,4.7716E+002
477.5764,4.9432E+002
477.5833,4.5612E+002
477.5903,5.0960E+002
477.5972,4.8679E+002
477.6042,5.1756E+002
477.6111,4.9700E+002
477.6181,4.8812E+002
477.6250,4.5586E+002
477.6319,4.8076E+002
477.6389,4.8561E+002
477.6458,4.7662E+002
477.6528,4.3492E+002
477.6597,4.0326E+002
477.6667,4.3429E+002
477.6736,3.9827E+002
477.6806,3.9788E+002
477.6875,3.8712E+002
477.6944,3.7360E+002
477.7014,3.1179E+002
477.7083,3.2012E+002
477.7153,2.8540E+002
477.7222,1.9833E+002
477.7292,4.9385E+001
477.7361,4.8035E+001
477.7431,4.6721E+001
477.7500,4.7618E+001
477.7569,3.8860E+001
477.7639,2.9918E+001
477.7708,2.5568E+001
477.7778,2.1411E+001
477.7847,1.7371E+001
477.7917,1.6150E+001
477.7986,1.3203E+001
477.8056,9.8203E+000
477.8125,8.2292E+000
477.8194,6.4265E+000
477.8264,4.2033E+000
477.8333,3.1356E+000
477.8403,1.3789E+000
477.8472,7.3765E-002
477.8542,3.6228E-012
477.8611,0.0000E+000
477.8681,0.0000E+000
477.8750,0.0000E+000
477.8819,0.0000E+000
477.8889,0.0000E+000
477.8958,0.0000E+000
477.9028,0.0000E+000
477.9097,0.0000E+000
477.9167,0.0000E+000
477.9236,0.0000E+000
477.9306,0.0000E+000
477.9375,0.0000E+000
477.9444,0.0000E+000
477.9514,0.0000E+000
477.9583,0.0000E+000
477.9653,0.0000E+000
477.9722,0.0000E+000
477.9792,0.0000E+000
477.9861,0.0000E+000
477.9931,0.0000E+000
478.0000,0.0000E+000
478.0069,0.0000E+000
478.0139,0.0000E+000
478.0208,0.0000E+000
478.0278,0.0000E+000
478.0347,0.0000E+000
478.0417,0.0000E+000
478.0486,0.0000E+000
478.0556,0.0000E+000
478.0625,0.0000E+000
478.0694,0.0000E+000
478.0764,0.0000E+000
478.0833,0.0000E+000
478.0903,0.0000E+000
478.0972,0.0000E+000
478.1042,0.0000E+000
478.1111,0.0000E+000
478.1181,0.0000E+000
478.1250,0.0000E+000
478.1319,0.0000E+000
478.1389,0.0000E+000
478.1458,0.0000E+000
478.1528,0.0000E+000
478.1597,0.0000E+000
478.1667,0.0000E+000
478.1736,0.0000E+000
478.1806,0.0000E+000
478.1875,0.0000E+000
478.1944,0.0000E+000
478.2014,0.0000E+000
478.2083,0.0000E+000
478.2153,0.0000E+000
478.2222,0.0000E+000
478.2292,0.0000E+000
478.2361,0.0000E+000
478.2431,0.0000E+000
478.2500,0.0000E+000
478.2569,1.2713E-013
478.2639,1.9414E-003
478.2708,7.0277E-001
478.2778,2.4487E+000
478.2847,4.3797E+000
478.2917,6.1697E+000
478.2986,8.1634E+000
478.3056,9.6434E+000
478.3125,1.1309E+001
478.3194,1.3089E+001
478.3264,1.4376E+001
478.3333,1.6080E+001
478.3403,1.7716E+001
478.3472,1.9123E+001
478.3542,2.1148E+001
478.3611,2.3439E+001
478.3681,2.6191E+001
478.3750,2.9354E+001
478.3819,3.1190E+001
478.3889,3.6966E+001
478.3958,3.4633E+001
478.4028,3.7869E+001
478.4097,4.7621E+001
478.4167,2.4432E+002
478.4236,3.0829E+002
478.4306,3.8854E+002
478.4375,4.0324E+002
478.4444,4.1309E+002
478.4514,4.2739E+002
478.4583,4.3676E+002
478.4653,4.5153E+002
478.4722,4.7169E+002
478.4792,4.8191E+002
478.4861,4.8906E+002
478.4931,4.9535E+002
478.5000,5.0621E+002
478.5069,5.0976E+002
478.5139,5.1650E+002
478.5208,5.2276E+002
478.5278,5.2648E+002
478.5347,5.4361E+002
478.5417,5.5250E+002
478.5486,5.5320E+002
478.5556,5.5627E+002
478.5625,5.6007E+002
478.5694,5.5644E+002
478.5764,5.5055E+002
478.5833,5.4805E+002
478.5903,5.3985E+002
478.5972,5.3165E+002
478.6042,5.2407E+002
478.6111,5.1489E+002
478.6181,5.0614E+002
478.6250,5.0722E+002
478.6319,4.9514E+002
478.6389,4.7295E+002
478.6458,4.6669E+002
478.6528,4.5809E+002
478.6597,4.4282E+002
478.6667,4.3012E+002
478.6736,4.1817E+002
478.6806,3.9991E+002
478.6875,3.8855E+002
478.6944,3.6143E+002
478.7014,3.4749E+002
478.7083,3.3092E+002
478.7153,3.1272E+002
478.7222,2.6016E+002
478.7292,2.9890E+001
478.7361,2.7913E+001
478.7431,2.5425E+001
478.7500,2.1355E+001
478.7569,2.0058E+001
478.7639,1.7100E+001
478.7708,1.5769E+001
478.7778,1.4496E+001
478.7847,1.2322E+001
478.7917,1.0168E+001
478.7986,9.6212E+000
478.8056,9.6160E+000
478.8125,6.2551E+000
478.8194,4.6384E+000
478.8264,4.0553E+000
478.8333,2.9570E+000
478.8403,1.6756E+000
478.8472,1.7410E-001
478.8542,8.5504E-012
478.8611,0.0000E+000
478.8681,0.0000E+000
478.8750,0.0000E+000
478.8819,0.0000E+000
478.8889,0.0000E+000
478.8958,0.0000E+000
478.9028,0.0000E+000
478.9097,0.0000E+000
478.9167,0.0000E+000
478.9236,0.0000E+000
478.9306,0.0000E+000
478.9375,0.0000E+000
478.9444,0.0000E+000
478.9514,0.0000E+000
478.9583,0.0000E+000
478.9653,0.0000E+000
478.9722,0.0000E+000
478.9792,0.0000E+000
478.9861,0.0000E+000
478.9931,0.0000E+000
479.0000,0.0000E+000
479.0069,0.0000E+000
479.0139,0.0000E+000
479.0208,0.0000E+000
479.0278,0.0000E+000
479.0347,0.0000E+000
479.0417,0.0000E+000
479.0486,0.0000E+000
479.0556,0.0000E+000
479.0625,0.0000E+000
479.0694,0.0000E+000
479.0764,0.0000E+000
479.0833,0.0000E+000
479.0903,0.0000E+000
479.0972,0.0000E+000
479.1042,0.0000E+000
479.1111,0.0000E+000
479.1181,0.0000E+000
479.1250,0.0000E+000
479.1319,0.0000E+000
479.1389,0.0000E+000
479.1458,0.0000E+000
479.1528,0.0000E+000
479.1597,0.0000E+000
479.1667,0.0000E+000
479.1736,0.0000E+000
479.1806,0.0000E+000
479.1875,0.0000E+000
479.1944,0.0000E+000
479.2014,0.0000E+000
479.2083,0.0000E+000
479.2153,0.0000E+000
479.2222,0.0000E+000
479.2292,0.0000E+000
479.2361,0.0000E+000
479.2431,0.0000E+000
479.2500,0.0000E+000
479.2569,1.3987E-012
479.2639,2.1359E-002
479.2708,1.0214E+000
479.2778,3.1586E+000
479.2847,5.4674E+000
479.2917,7.8513E+000
479.2986,1.0060E+001
479.3056,1.1731E+001
479.3125,1.3102E+001
479.3194,1.4784E+001
479.3264,1.6509E+001
479.3333,1.7655E+001
479.3403,1.9669E+001
479.3472,2.2049E+001
479.3542,2.3337E+001
479.3611,2.4728E+001
479.3681,2.6929E+001
479.3750,3.0986E+001
479.3819,3.8159E+001
479.3889,4.7965E+001
479.3958,4.4429E+001
479.4028,3.8568E+001
479.4097,4.6946E+001
479.4167,2.6856E+002
479.4236,3.0458E+002
479.4306,3.7391E+002
479.4375,3.8321E+002
479.4444,3.9948E+002
479.4514,3.9626E+002
479.4583,4.0324E+002
479.4653,4.0801E+002
479.4722,4.2748E+002
479.4792,4.2846E+002
479.4861,4.6552E+002
479.4931,4.6882E+002
479.5000,4.6012E+002
479.5069,4.7189E+002
479.5139,4.8671E+002
479.5208,5.0382E+002
479.5278,4.9252E+002
479.5347,4.8721E+002
479.5417,5.4770E+002
479.5486,5.5403E+002
479.5556,5.0384E+002
479.5625,5.2068E+002
479.5694,5.2255E+002
479.5764,5.1904E+002
479.5833,5.1119E+002
479.5903,4.9525E+002
479.5972,4.6234E+002
479.6042,4.8338E+002
479.6111,4.4269E+002
479.6181,4.3106E+002
479.6250,4.0387E+002
479.6319,3.9313E+002
479.6389,4.1816E+002
479.6458,4.5171E+002
479.6528,4.5181E+002
479.6597,4.3816E+002
479.6667,4.2536E+002
479.6736,4.2137E+002
479.6806,3.9875E+002
479.6875,3.7926E+002
479.6944,3.6421E+002
479.7014,3.4826E+002
479.7083,3.1909E+002
479.7153,3.0443E+002
479.7222,2.7704E+002
479.7292,4.1963E+001
479.7361,3.0605E+001
479.7431,2.9368E+001
479.7500,2.5028E+001
479.7569,2.4840E+001
479.7639,2.1946E+001
479.7708,1.9749E+001
479.7778,1.8655E+001
479.7847,1.7172E+001
479.7917,1.5893E+001
479.7986,1.3926E+001
479.8056,1.2963E+001
479.8125,1.0579E+001
479.8194,8.2257E+000
479.8264,6.4688E+000
479.8333,4.3048E+000
479.8403,1.3847E+000
479.8472,7.5091E-002
479.8542,3.6879E-012
479.8611,0.0000E+000
479.8681,0.0000E+000
479.8750,0.0000E+000
479.8819,0.0000E+000
479.8889,0.0000E+000
479.8958,0.0000E+000
479.9028,0.0000E+000
479.9097,0.0000E+000
479.9167,0.0000E+000
479.9236,0.0000E+000
479.9306,0.0000E+000
479.9375,0.0000E+000
479.9444,0.0000E+000
479.9514,0.0000E+000
479.9583,0.0000E+000
479.9653,0.0000E+000
479.9722,0.0000E+000
479.9792,0.0000E+000
479.9861,0.0000E+000
479.9931,0.0000E+000
480.0000,0.0000E+000
480.0069,0.0000E+000
480.0139,0.0000E+000
480.0208,0.0000E+000
480.0278,0.0000E+000
480.0347,0.0000E+000
480.0417,0.0000E+000
480.0486,0.0000E+000
480.0556,0.0000E+000
480.0625,0.0000E+000
480.0694,0.0000E+000
480.0764,0.0000E+000
480.0833,0.0000E+000
480.0903,0.0000E+000
480.0972,0.0000E+000
480.1042,0.0000E+000
480.1111,0.0000E+000
480.1181,0.0000E+000
480.1250,0.0000E+000
480.1319,0.0000E+000
480.1389,0.0000E+000
480.1458,0.0000E+000
480.1528,0.0000E+000
480.1597,0.0000E+000
480.1667,0.0000E+000
480.1736,0.0000E+000
480.1806,0.0000E+000
480.1875,0.0000E+000
480.1944,0.0000E+000
480.2014,0.0000E+000
480.2083,0.0000E+000
480.2153,0.0000E+000
480.2222,0.0000E+000
480.2292,0.0000E+000
480.2361,0.0000E+000
480.2431,0.0000E+000
480.2500,0.0000E+000
480.2569,5.2992E-012
480.2639,8.0925E-002
480.2708,1.1168E+000
480.2778,2.7838E+000
480.2847,4.6283E+000
480.2917,6.3879E+000
480.2986,8.3664E+000
480.3056,9.7570E+000
480.3125,1.1064E+001
480.3194,1.3245E+001
480.3264,1.4495E+001
480.3333,1.5498E+001
480.3403,1.7013E+001
480.3472,1.8083E+001
480.3542,1.9926E+001
480.3611,2.1980E+001
480.3681,2.4098E+001
480.3750,2.5693E+001
480.3819,2.7826E+001
480.3889,4.1855E+001
480.3958,3.2884E+001
480.4028,3.3147E+001
480.4097,4.3561E+001
480.4167,3.2779E+002
480.4236,3.6259E+002
480.4306,3.8743E+002
480.4375,4.0597E+002
480.4444,4.2305E+002
480.4514,4.3873E+002
480.4583,4.4629E+002
480.4653,4.5338E+002
480.4722,4.6301E+002
480.4792,4.7086E+002
480.4861,4.8499E+002
480.4931,4.8858E+002
480.5000,5.0128E+002
480.5069,5.0584E+002
480.5139,5.1009E+002
480.5208,5.2131E+002
480.5278,5.2845E+002
480.5347,5.3933E+002
480.5417,5.4386E+002
480.5486,5.5400E+002
480.5556,5.5367E+002
480.5625,5.5539E+002
480.5694,5.5599E+002
480.5764,5.5586E+002
480.5833,5.4929E+002
480.5903,5.4101E+002
480.5972,5.3962E+002
480.6042,5.3363E+002
480.6111,5.3258E+002
480.6181,5.2212E+002
480.6250,5.1496E+002
480.6319,5.0068E+002
480.6389,4.9082E+002
480.6458,4.8495E+002
480.6528,4.7397E+002
480.6597,4.6191E+002
480.6667,4.4788E+002
480.6736,4.4009E+002
480.6806,4.2139E+002
480.6875,4.0206E+002
480.6944,3.9432E+002
480.7014,3.7033E+002
480.7083,3.4755E+002
480.7153,3.2944E+002
480.7222,2.9814E+002
480.7292,4.9289E+001
480.7361,2.3128E+001
480.7431,2.3836E+001
480.7500,2.0207E+001
480.7569,1.8229E+001
480.7639,1.7645E+001
480.7708,1.6585E+001
480.7778,1.3456E+001
480.7847,1.3471E+001
480.7917,1.2314E+001
480.7986,1.1696E+001
480.8056,1.0428E+001
480.8125,8.9416E+000
480.8194,7.6098E+000
480.8264,5.1066E+000
480.8333,3.8253E+000
480.8403,2.4818E+000
480.8472,4.9856E-002
480.8542,2.4486E-012
480.8611,0.0000E+000
480.8681,0.0000E+000
480.8750,0.0000E+000
480.8819,0.0000E+000
480.8889,0.0000E+000
480.8958,0.0000E+000
480.9028,0.0000E+000
480.9097,6.2159E-002
480.9167,3.0528E-012
480.9236,0.0000E+000
480.9306,0.0000E+000
480.9375,0.0000E+000
480.9444,0.0000E+000
480.9514,0.0000E+000
480.9583,0.0000E+000
480.9653,0.0000E+000
480.9722,0.0000E+000
480.9792,0.0000E+000
480.9861,0.0000E+000
480.9931,0.0000E+000
481.0000,0.0000E+000
481.0069,0.0000E+000
481.0139,0.0000E+000
481.0208,0.0000E+000
481.0278,0.0000E+000
481.0347,0.0000E+000
481.0417,0.0000E+000
481.0486,0.0000E+000
481.0556,0.0000E+000
481.0625,0.0000E+000
481.0694,0.0000E+000
481.0764,0.0000E+000
481.0833,0.0000E+000
481.0903,0.0000E+000
481.0972,0.0000E+000
481.1042,0.0000E+000
481.1111,0.0000E+000
481.1181,0.0000E+000
481.1250,0.0000E+000
481.1319,0.0000E+000
481.1389,0.0000E+000
481.1458,0.0000E+000
481.1528,0.0000E+000
481.1597,0.0000E+000
481.1667,0.0000E+000
481.1736,0.0000E+000
481.1806,0.0000E+000
481.1875,0.0000E+000
481.1944,0.0000E+000
481.2014,0.0000E+000
481.2083,0.0000E+000
481.2153,0.0000E+000
481.2222,0.0000E+000
481.2292,0.0000E+000
481.2361,0.0000E+000
481.2431,0.0000E+000
481.2500,0.0000E+000
481.2569,4.4523E-012
481.2639,6.7991E-002
481.2708,1.3359E+000
481.2778,2.9748E+000
481.2847,4.9323E+000
481.2917,6.4644E+000
481.2986,8.5806E+000
481.3056,9.8284E+000
481.3125,1.1647E+001
481.3194,1.3299E+001
481.3264,1.4671E+001
481.3333,1.6136E+001
481.3403,1.7538E+001
481.3472,1.9132E+001
481.3542,2.0529E+001
481.3611,2.2481E+001
481.3681,2.5334E+001
481.3750,2.6816E+001
481.3819,2.8583E+001
481.3889,5.3051E+001
481.3958,3.2066E+001
481.4028,3.6554E+001
481.4097,4.4360E+001
481.4167,3.3526E+002
481.4236,3.7288E+002
481.4306,3.9565E+002
481.4375,4.1318E+002
481.4444,4.2727E+002
481.4514,4.3720E+002
481.4583,4.4971E+002
481.4653,4.6551E+002
481.4722,4.6966E+002
481.4792,4.7493E+002
481.4861,4.9093E+002
481.4931,4.9653E+002
481.5000,5.1040E+002
481.5069,5.1414E+002
481.5139,5.1932E+002
481.5208,5.2874E+002
481.5278,5.4171E+002
481.5347,5.4730E+002
481.5417,5.4794E+002
481.5486,5.5889E+002
481.5556,5.5921E+002
481.5625,5.5535E+002
481.5694,5.6177E+002
481.5764,5.6413E+002
481.5833,5.5542E+002
481.5903,5.5171E+002
481.5972,5.4842E+002
481.6042,5.4720E+002
481.6111,5.3883E+002
481.6181,5.2860E+002
481.6250,5.2052E+002
481.6319,5.1300E+002
481.6389,4.9942E+002
481.6458,4.9282E+002
481.6528,4.8050E+002
481.6597,4.6101E+002
481.6667,4.4398E+002
481.6736,4.3742E+002
481.6806,4.2653E+002
481.6875,3.9922E+002
481.6944,3.7983E+002
481.7014,3.6096E+002
481.7083,3.4860E+002
481.7153,3.2860E+002
481.7222,3.1195E+002
481.7292,8.7080E+001
481.7361,2.7468E+001
481.7431,2.6998E+001
481.7500,2.1190E+001
481.7569,2.0145E+001
481.7639,1.8514E+001
481.7708,1.5677E+001
481.7778,1.4933E+001
481.7847,1.4262E+001
481.7917,1.2912E+001
481.7986,1.1156E+001
481.8056,8.6132E+000
481.8125,7.3666E+000
481.8194,6.8932E+000
481.8264,4.6829E+000
481.8333,2.7006E+000
481.8403,1.4869E+000
481.8472,2.6423E-001
481.8542,1.2977E-011
481.8611,0.0000E+000
481.8681,0.0000E+000
481.8750,0.0000E+000
481.8819,0.0000E+000
481.8889,0.0000E+000
481.8958,0.0000E+000
481.9028,0.0000E+000
481.9097,0.0000E+000
481.9167,0.0000E+000
481.9236,0.0000E+000
481.9306,0.0000E+000
481.9375,0.0000E+000
481.9444,0.0000E+000
481.9514,0.0000E+000
481.9583,0.0000E+000
481.9653,0.0000E+000
481.9722,0.0000E+000
481.9792,0.0000E+000
481.9861,0.0000E+000
481.9931,0.0000E+000
482.0000,0.0000E+000
482.0069,0.0000E+000
482.0139,0.0000E+000
482.0208,0.0000E+000
482.0278,0.0000E+000
482.0347,0.0000E+000
482.0417,0.0000E+000
482.0486,0.0000E+000
482.0556,0.0000E+000
482.0625,0.0000E+000
482.0694,0.0000E+000
482.0764,0.0000E+000
482.0833,0.0000E+000
482.0903,0.0000E+000
482.0972,0.0000E+000
482.1042,0.0000E+000
482.1111,0.0000E+000
482.1181,0.0000E+000
482.1250,0.0000E+000
482.1319,0.0000E+000
482.1389,0.0000E+000
482.1458,0.0000E+000
482.1528,0.0000E+000
482.1597,0.0000E+000
482.1667,0.0000E+000
482.1736,0.0000E+000
482.1806,0.0000E+000
482.1875,0.0000E+000
482.1944,0.0000E+000
482.2014,0.0000E+000
482.2083,0.0000E+000
482.2153,0.0000E+000
482.2222,0.0000E+000
482.2292,0.0000E+000
482.2361,0.0000E+000
482.2431,0.0000E+000
482.2500,0.0000E+000
482.2569,3.5584E-011
482.2639,5.4340E-001
482.2708,2.3841E+000
482.2778,7.9690E+000
482.2847,1.2627E+001
482.2917,1.5932E+001
482.2986,1.9506E+001
482.3056,2.8373E+001
482.3125,3.3023E+001
482.3194,3.3974E+001
482.3264,3.8996E+001
482.3333,3.9244E+001
482.3403,3.9671E+001
482.3472,3.9749E+001
482.3542,4.2641E+001
482.3611,4.1856E+001
482.3681,4.3693E+001
482.3750,5.0224E+001
482.3819,5.2069E+001
482.3889,6.9303E+001
482.3958,5.9427E+001
482.4028,6.2113E+001
482.4097,7.5049E+001
482.4167,2.7628E+002
482.4236,3.2950E+002
482.4306,3.1098E+002
482.4375,3.4216E+002
482.4444,3.3448E+002
482.4514,4.2386E+002
482.4583,4.4188E+002
482.4653,4.5830E+002
482.4722,4.5675E+002
482.4792,4.5015E+002
482.4861,4.9210E+002
482.4931,4.9002E+002
482.5000,5.0198E+002
482.5069,5.1784E+002
482.5139,5.2740E+002
482.5208,5.3491E+002
482.5278,5.2808E+002
482.5347,5.3467E+002
482.5417,5.4907E+002
482.5486,5.4868E+002
482.5556,5.5214E+002
482.5625,5.6151E+002
482.5694,5.6424E+002
482.5764,5.7879E+002
482.5833,5.6268E+002
482.5903,5.6700E+002
482.5972,5.5407E+002
482.6042,5.4142E+002
482.6111,5.3895E+002
482.6181,5.2983E+002
482.6250,5.1510E+002
482.6319,5.0801E+002
482.6389,4.9495E+002
482.6458,4.8620E+002
482.6528,4.6763E+002
482.6597,4.5575E+002
482.6667,4.4450E+002
482.6736,4.3611E+002
482.6806,4.1756E+002
482.6875,4.0099E+002
482.6944,3.8531E+002
482.7014,3.6809E+002
482.7083,3.4492E+002
482.7153,3.2642E+002
482.7222,3.0898E+002
482.7292,9.2466E+001
482.7361,2.7312E+001
482.7431,2.6945E+001
482.7500,2.3187E+001
482.7569,1.9504E+001
482.7639,1.9545E+001
482.7708,1.7622E+001
482.7778,1.7687E+001
482.7847,1.6547E+001
482.7917,1.3861E+001
482.7986,1.1134E+001
482.8056,9.4157E+000
482.8125,9.1288E+000
482.8194,8.1352E+000
482.8264,5.8900E+000
482.8333,4.5842E+000
482.8403,3.1649E+000
482.8472,1.1141E+000
482.8542,1.7490E-002
482.8611,0.0000E+000
482.8681,0.0000E+000
482.8750,0.0000E+000
482.8819,0.0000E+000
482.8889,0.0000E+000
482.8958,0.0000E+000
482.9028,0.0000E+000
482.9097,0.0000E+000
482.9167,0.0000E+000
482.9236,0.0000E+000
482.9306,0.0000E+000
482.9375,0.0000E+000
482.9444,0.0000E+000
482.9514,0.0000E+000
482.9583,0.0000E+000
482.9653,0.0000E+000
482.9722,0.0000E+000
482.9792,0.0000E+000
482.9861,0.0000E+000
482.9931,0.0000E+000
483.0000,0.0000E+000
483.0069,0.0000E+000
483.0139,0.0000E+000
483.0208,0.0000E+000
483.0278,0.0000E+000
483.0347,0.0000E+000
483.0417,0.0000E+000
483.0486,0.0000E+000
483.0556,0.0000E+000
483.0625,0.0000E+000
483.0694,0.0000E+000
483.0764,0.0000E+000
483.0833,0.0000E+000
483.0903,0.0000E+000
483.0972,0.0000E+000
483.1042,0.0000E+000
483.1111,0.0000E+000
483.1181,0.0000E+000
483.1250,0.0000E+000
483.1319,0.0000E+000
483.1389,0.0000E+000
483.1458,0.0000E+000
483.1528,0.0000E+000
483.1597,0.0000E+000
483.1667,0.0000E+000
483.1736,0.0000E+000
483.1806,0.0000E+000
483.1875,0.0000E+000
483.1944,0.0000E+000
483.2014,0.0000E+000
483.2083,0.0000E+000
483.2153,0.0000E+000
483.2222,0.0000E+000
483.2292,0.0000E+000
483.2361,0.0000E+000
483.2431,0.0000E+000
483.2500,0.0000E+000
483.2569,2.7531E-011
483.2639,4.2043E-001
483.2708,2.3101E+000
483.2778,4.2063E+000
483.2847,6.2702E+000
483.2917,8.3958E+000
483.2986,1.0803E+001
483.3056,1.2785E+001
483.3125,1.4551E+001
483.3194,1.6483E+001
483.3264,1.8305E+001
483.3333,1.9772E+001
483.3403,2.1273E+001
483.3472,2.3379E+001
483.3542,2.4958E+001
483.3611,2.7405E+001
483.3681,3.1891E+001
483.3750,2.9234E+001
483.3819,3.2364E+001
483.3889,4.8249E+001
483.3958,3.4907E+001
483.4028,3.4995E+001
483.4097,4.6068E+001
483.4167,2.6453E+002
483.4236,3.7281E+002
483.4306,3.9477E+002
483.4375,4.1489E+002
483.4444,4.2923E+002
483.4514,4.4244E+002
483.4583,4.5389E+002
483.4653,4.5985E+002
483.4722,4.6669E+002
483.4792,4.7646E+002
483.4861,4.8323E+002
483.4931,4.9316E+002
483.5000,4.9964E+002
483.5069,5.0751E+002
483.5139,5.1413E+002
483.5208,5.1789E+002
483.5278,5.2972E+002
483.5347,5.3256E+002
483.5417,5.3054E+002
483.5486,5.3616E+002
483.5556,5.4321E+002
483.5625,5.2942E+002
483.5694,5.4858E+002
483.5764,5.4099E+002
483.5833,5.7281E+002
483.5903,5.2247E+002
483.5972,5.6832E+002
483.6042,5.5123E+002
483.6111,5.4141E+002
483.6181,5.2155E+002
483.6250,2.7841E+002
483.6319,2.5676E+002
483.6389,1.9081E+002
483.6458,1.4288E+002
483.6528,1.5177E+002
483.6597,1.0893E+002
483.6667,1.0163E+002
483.6736,9.4967E+001
483.6806,1.0574E+002
483.6875,7.0132E+001
483.6944,6.3353E+001
483.7014,4.4649E+001
483.7083,3.2268E+001
483.7153,2.3941E+001
483.7222,2.1210E+001
483.7292,2.2941E+001
483.7361,2.8528E+001
483.7431,2.6363E+001
483.7500,2.2335E+001
483.7569,1.7213E+001
483.7639,2.7221E+001
483.7708,2.9203E+001
483.7778,2.3438E+001
483.7847,1.4253E+001
483.7917,1.0973E+001
483.7986,5.0581E+000
483.8056,6.6273E+000
483.8125,3.7707E+000
483.8194,5.1294E+000
483.8264,3.1047E+000
483.8333,1.0159E+000
483.8403,1.5284E+000
483.8472,5.9477E-001
483.8542,8.4227E-003
483.8611,0.0000E+000
483.8681,0.0000E+000
483.8750,0.0000E+000
483.8819,0.0000E+000
483.8889,0.0000E+000
483.8958,0.0000E+000
483.9028,0.0000E+000
483.9097,0.0000E+000
483.9167,0.0000E+000
483.9236,0.0000E+000
483.9306,0.0000E+000
483.9375,0.0000E+000
483.9444,0.0000E+000
483.9514,0.0000E+000
483.9583,0.0000E+000
483.9653,0.0000E+000
483.9722,0.0000E+000
483.9792,0.0000E+000
483.9861,0.0000E+000
483.9931,0.0000E+000
484.0000,0.0000E+000
484.0069,0.0000E+000
484.0139,0.0000E+000
484.0208,0.0000E+000
484.0278,0.0000E+000
484.0347,0.0000E+000
484.0417,0.0000E+000
484.0486,0.0000E+000
484.0556,0.0000E+000
484.0625,0.0000E+000
484.0694,0.0000E+000
484.0764,0.0000E+000
484.0833,0.0000E+000
484.0903,0.0000E+000
484.0972,0.0000E+000
484.1042,0.0000E+000
484.1111,0.0000E+000
484.1181,0.0000E+000
484.1250,0.0000E+000
484.1319,0.0000E+000
484.1389,0.0000E+000
484.1458,0.0000E+000
484.1528,0.0000E+000
484.1597,0.0000E+000
484.1667,0.0000E+000
484.1736,0.0000E+000
484.1806,0.0000E+000
484.1875,0.0000E+000
484.1944,0.0000E+000
484.2014,0.0000E+000
484.2083,0.0000E+000
484.2153,0.0000E+000
484.2222,0.0000E+000
484.2292,0.0000E+000
484.2361,0.0000E+000
484.2431,0.0000E+000
484.2500,0.0000E+000
484.2569,9.0066E-002
484.2639,1.4696E+000
484.2708,4.4891E+000
484.2778,1.1465E+001
484.2847,6.2943E+000
484.2917,1.0700E+001
484.2986,1.6908E+001
484.3056,1.5083E+001
484.3125,1.0370E+001
484.3194,3.1790E+001
484.3264,4.3365E+001
484.3333,3.0777E+001
484.3403,3.5804E+001
484.3472,2.5094E+001
484.3542,9.8815E+000
484.3611,1.1254E+001
484.3681,1.3260E+001
484.3750,1.5121E+001
484.3819,2.6575E+001
484.3889,2.6525E+001
484.3958,2.5313E+001
484.4028,6.3638E+001
484.4097,6.5166E+001
484.4167,5.1260E+001
484.4236,6.1285E+001
484.4306,1.6116E+002
484.4375,1.8285E+002
484.4444,1.1642E+002
484.4514,1.7846E+002
484.4583,1.8859E+002
484.4653,2.2189E+002
484.4722,4.1709E+002
484.4792,3.8239E+002
484.4861,2.2600E+002
484.4931,3.4370E+002
484.5000,3.2251E+002
484.5069,2.9439E+002
484.5139,4.5328E+002
484.5208,5.3223E+002
484.5278,5.7512E+002
484.5347,5.6127E+002
484.5417,5.0984E+002
484.5486,3.4910E+002
484.5556,4.5725E+002
484.5625,4.4070E+002
484.5694,1.4495E+002
484.5764,1.2378E+002
484.5833,8.8709E+001
484.5903,1.2138E+002
484.5972,2.3709E+002
484.6042,4.0092E+002
484.6111,4.4770E+002
484.6181,4.7936E+002
484.6250,4.3676E+002
484.6319,4.1386E+002
484.6389,3.5707E+002
484.6458,3.3100E+002
484.6528,3.3653E+002
484.6597,3.3635E+002
484.6667,3.4559E+002
484.6736,3.1906E+002
484.6806,2.7589E+002
484.6875,3.0711E+002
484.6944,2.4594E+002
484.7014,1.5061E+002
484.7083,1.4786E+002
484.7153,1.3491E+002
484.7222,1.9906E+002
484.7292,1.7315E+002
484.7361,7.6981E+001
484.7431,8.4535E+001
484.7500,6.9724E+001
484.7569,6.8346E+001
484.7639,7.1287E+001
484.7708,5.2226E+001
484.7778,4.8860E+001
484.7847,5.5591E+001
484.7917,4.1192E+001
484.7986,2.7966E+001
484.8056,1.6529E+001
484.8125,1.7034E+001
484.8194,1.1267E+001
484.8264,1.0433E+001
484.8333,9.1269E+000
484.8403,5.6075E+000
484.8472,1.9836E+000
484.8542,3.3180E-001
484.8611,0.0000E+000
484.8681,0.0000E+000
484.8750,0.0000E+000
484.8819,0.0000E+000
484.8889,0.0000E+000
484.8958,0.0000E+000
484.9028,0.0000E+000
484.9097,8.4246E-003
484.9167,4.1376E-013
484.9236,0.0000E+000
484.9306,0.0000E+000
484.9375,0.0000E+000
484.9444,0.0000E+000
484.9514,0.0000E+000
484.9583,0.0000E+000
484.9653,0.0000E+000
484.9722,0.0000E+000
484.9792,0.0000E+000
484.9861,0.0000E+000
484.9931,0.0000E+000
485.0000,0.0000E+000
485.0069,0.0000E+000
485.0139,0.0000E+000
485.0208,0.0000E+000
485.0278,0.0000E+000
485.0347,0.0000E+000
485.0417,0.0000E+000
485.0486,0.0000E+000
485.0556,0.0000E+000
485.0625,0.0000E+000
485.0694,0.0000E+000
485.0764,0.0000E+000
485.0833,0.0000E+000
485.0903,0.0000E+000
485.0972,0.0000E+000
485.1042,0.0000E+000
485.1111,0.0000E+000
485.1181,0.0000E+000
485.1250,0.0000E+000
485.1319,0.0000E+000
485.1389,0.0000E+000
485.1458,0.0000E+000
485.1528,0.0000E+000
485.1597,0.0000E+000
485.1667,0.0000E+000
485.1736,0.0000E+000
485.1806,0.0000E+000
485.1875,0.0000E+000
485.1944,0.0000E+000
485.2014,0.0000E+000
485.2083,0.0000E+000
485.2153,0.0000E+000
485.2222,0.0000E+000
485.2292,0.0000E+000
485.2361,0.0000E+000
485.2431,0.0000E+000
485.2500,0.0000E+000
485.2569,1.1601E-001
485.2639,1.2618E+000
485.2708,3.1569E+000
485.2778,5.5399E+000
485.2847,1.0457E+001
485.2917,1.5338E+001
485.2986,2.3687E+001
485.3056,2.1925E+001
485.3125,2.3676E+001
485.3194,2.2747E+001
485.3264,2.7934E+001
485.3333,3.2910E+001
485.3403,4.8684E+001
485.3472,5.6929E+001
485.3542,5.9580E+001
485.3611,7.2696E+001
485.3681,8.0136E+001
485.3750,1.1586E+002
485.3819,9.6207E+001
485.3889,1.2951E+002
485.3958,1.4990E+002
485.4028,1.5270E+002
485.4097,1.4493E+002
485.4167,1.4288E+002
485.4236,1.6784E+002
485.4306,1.5274E+002
485.4375,1.3516E+002
485.4444,9.3179E+001
485.4514,8.6566E+001
485.4583,8.3614E+001
485.4653,7.8362E+001
485.4722,8.2083E+001
485.4792,1.1950E+002
485.4861,1.1339E+002
485.4931,1.3169E+002
485.5000,1.0440E+002
485.5069,6.8614E+001
485.5139,7.3402E+001
485.5208,8.0747E+001
485.5278,7.3557E+001
485.5347,8.6444E+001
485.5417,9.2888E+001
485.5486,7.3530E+001
485.5556,4.7147E+001
485.5625,4.4935E+001
485.5694,5.6069E+001
485.5764,7.2343E+001
485.5833,8.9258E+001
485.5903,1.2343E+002
485.5972,1.0205E+002
485.6042,1.1214E+002
485.6111,6.8889E+001
485.6181,8.1229E+001
485.6250,7.6126E+001
485.6319,7.6594E+001
485.6389,6.5213E+001
485.6458,6.3689E+001
485.6528,7.4475E+001
485.6597,6.2794E+001
485.6667,5.4083E+001
485.6736,5.0105E+001
485.6806,6.3712E+001
485.6875,7.2516E+001
485.6944,8.1070E+001
485.7014,7.9117E+001
485.7083,7.0983E+001
485.7153,6.0099E+001
485.7222,5.4386E+001
485.7292,6.3660E+001
485.7361,5.4569E+001
485.7431,4.4171E+001
485.7500,4.6280E+001
485.7569,4.1914E+001
485.7639,3.1207E+001
485.7708,3.0383E+001
485.7778,3.0634E+001
485.7847,2.9671E+001
485.7917,2.2278E+001
485.7986,2.1878E+001
485.8056,2.9227E+001
485.8125,1.5029E+001
485.8194,8.0562E+000
485.8264,1.1835E+001
485.8333,1.0172E+001
485.8403,6.6147E+000
485.8472,3.5916E+000
485.8542,1.1473E+000
485.8611,0.0000E+000
485.8681,0.0000E+000
485.8750,0.0000E+000
485.8819,0.0000E+000
485.8889,0.0000E+000
485.8958,0.0000E+000
485.9028,0.0000E+000
485.9097,0.0000E+000
485.9167,0.0000E+000
485.9236,0.0000E+000
485.9306,0.0000E+000
485.9375,0.0000E+000
485.9444,0.0000E+000
485.9514,0.0000E+000
485.9583,0.0000E+000
485.9653,0.0000E+000
485.9722,0.0000E+000
485.9792,0.0000E+000
485.9861,0.0000E+000
485.9931,0.0000E+000
486.0000,0.0000E+000
486.0069,0.0000E+000
486.0139,0.0000E+000
486.0208,0.0000E+000
486.0278,0.0000E+000
486.0347,0.0000E+000
486.0417,0.0000E+000
486.0486,0.0000E+000
486.0556,0.0000E+000
486.0625,0.0000E+000
486.0694,0.0000E+000
486.0764,0.0000E+000
486.0833,0.0000E+000
486.0903,0.0000E+000
486.0972,0.0000E+000
486.1042,0.0000E+000
486.1111,0.0000E+000
486.1181,0.0000E+000
486.1250,0.0000E+000
486.1319,0.0000E+000
486.1389,0.0000E+000
486.1458,0.0000E+000
486.1528,0.0000E+000
486.1597,0.0000E+000
486.1667,0.0000E+000
486.1736,0.0000E+000
486.1806,0.0000E+000
486.1875,0.0000E+000
486.1944,0.0000E+000
486.2014,0.0000E+000
486.2083,0.0000E+000
486.2153,0.0000E+000
486.2222,0.0000E+000
486.2292,0.0000E+000
486.2361,0.0000E+000
486.2431,0.0000E+000
486.2500,0.0000E+000
486.2569,3.6949E-001
486.2639,4.3354E+000
486.2708,4.7645E+000
486.2778,7.1073E+000
486.2847,1.0013E+001
486.2917,1.4541E+001
486.2986,1.9972E+001
486.3056,2.8287E+001
486.3125,4.7482E+001
486.3194,4.9968E+001
486.3264,6.7739E+001
486.3333,5.9552E+001
486.3403,6.4761E+001
486.3472,7.6474E+001
486.3542,7.7901E+001
486.3611,8.0316E+001
486.3681,8.3289E+001
486.3750,1.0252E+002
486.3819,1.1684E+002
486.3889,1.2527E+002
486.3958,1.4004E+002
486.4028,1.1947E+002
486.4097,1.4158E+002
486.4167,1.4338E+002
486.4236,1.2754E+002
486.4306,1.6669E+002
486.4375,1.8620E+002
486.4444,1.6929E+002
486.4514,1.2533E+002
486.4583,1.2327E+002
486.4653,1.1977E+002
486.4722,1.0736E+002
486.4792,1.3637E+002
486.4861,1.3940E+002
486.4931,1.5454E+002
486.5000,1.6280E+002
486.5069,1.8467E+002
486.5139,2.0510E+002
486.5208,1.8656E+002
486.5278,1.5192E+002
486.5347,1.4945E+002
486.5417,1.2724E+002
486.5486,1.3069E+002
486.5556,1.5189E+002
486.5625,1.7044E+002
486.5694,1.8022E+002
486.5764,2.0469E+002
486.5833,2.1035E+002
486.5903,2.4663E+002
486.5972,2.5999E+002
486.6042,2.9650E+002
486.6111,2.8264E+002
486.6181,2.8371E+002
486.6250,2.6792E+002
486.6319,2.7953E+002
486.6389,1.3628E+002
486.6458,4.2903E+001
486.6528,3.4038E+001
486.6597,3.9071E+001
486.6667,5.7751E+001
486.6736,9.5520E+001
486.6806,1.3040E+002
486.6875,1.2821E+002
486.6944,7.6755E+001
486.7014,5.7079E+001
486.7083,6.5935E+001
486.7153,3.8302E+001
486.7222,2.3773E+001
486.7292,3.8153E+001
486.7361,4.9283E+001
486.7431,3.1930E+001
486.7500,2.8433E+001
486.7569,4.1776E+001
486.7639,4.0590E+001
486.7708,3.6433E+001
486.7778,3.2094E+001
486.7847,2.7402E+001
486.7917,2.4751E+001
486.7986,2.7223E+001
486.8056,2.3573E+001
486.8125,1.8839E+001
486.8194,1.7479E+001
486.8264,1.5429E+001
486.8333,7.2073E+000
486.8403,3.5956E+000
486.8472,7.7474E-001
486.8542,3.8050E-011
486.8611,0.0000E+000
486.8681,0.0000E+000
486.8750,0.0000E+000
486.8819,0.0000E+000
486.8889,0.0000E+000
486.8958,0.0000E+000
486.9028,0.0000E+000
486.9097,0.0000E+000
486.9167,0.0000E+000
486.9236,0.0000E+000
486.9306,0.0000E+000
486.9375,0.0000E+000
486.9444,0.0000E+000
486.9514,0.0000E+000
486.9583,0.0000E+000
486.9653,0.0000E+000
486.9722,0.0000E+000
486.9792,0.0000E+000
486.9861,0.0000E+000
486.9931,0.0000E+000
487.0000,0.0000E+000
487.0069,0.0000E+000
487.0139,0.0000E+000
487.0208,0.0000E+000
487.0278,0.0000E+000
487.0347,0.0000E+000
487.0417,0.0000E+000
487.0486,0.0000E+000
487.0556,0.0000E+000
487.0625,0.0000E+000
487.0694,0.0000E+000
487.0764,0.0000E+000
487.0833,0.0000E+000
487.0903,0.0000E+000
487.0972,0.0000E+000
487.1042,0.0000E+000
487.1111,0.0000E+000
487.1181,0.0000E+000
487.1250,0.0000E+000
487.1319,0.0000E+000
487.1389,0.0000E+000
487.1458,0.0000E+000
487.1528,0.0000E+000
487.1597,0.0000E+000
487.1667,0.0000E+000
487.1736,0.0000E+000
487.1806,0.0000E+000
487.1875,0.0000E+000
487.1944,0.0000E+000
487.2014,0.0000E+000
487.2083,0.0000E+000
487.2153,0.0000E+000
487.2222,0.0000E+000
487.2292,0.0000E+000
487.2361,0.0000E+000
487.2431,0.0000E+000
487.2500,0.0000E+000
487.2569,2.7173E-012
487.2639,4.1496E-002
487.2708,1.1768E+000
487.2778,2.9605E+000
487.2847,7.6172E+000
487.2917,1.3828E+001
487.2986,1.7168E+001
487.3056,2.3952E+001
487.3125,2.5304E+001
487.3194,2.0148E+001
487.3264,2.5985E+001
487.3333,3.1580E+001
487.3403,3.4745E+001
487.3472,3.9311E+001
487.3542,4.4036E+001
487.3611,4.7338E+001
487.3681,5.0949E+001
487.3750,5.7459E+001
487.3819,7.1759E+001
487.3889,8.8252E+001
487.3958,1.0642E+002
487.4028,1.0383E+002
487.4097,1.3633E+002
487.4167,1.1972E+002
487.4236,2.4233E+002
487.4306,2.2882E+002
487.4375,3.3705E+002
487.4444,1.8466E+002
487.4514,4.0720E+002
487.4583,1.6044E+002
487.4653,1.6651E+002
487.4722,1.4108E+002
487.4792,2.0130E+002
487.4861,1.5530E+002
487.4931,1.4033E+002
487.5000,1.9259E+002
487.5069,3.2219E+002
487.5139,1.7441E+002
487.5208,1.4741E+002
487.5278,4.9656E+002
487.5347,1.1110E+002
487.5417,4.5419E+002
487.5486,2.9028E+002
487.5556,1.4141E+002
487.5625,4.9801E+002
487.5694,5.4674E+002
487.5764,4.2924E+002
487.5833,6.3336E+002
487.5903,5.1859E+002
487.5972,6.0327E+002
487.6042,2.6934E+002
487.6111,3.3690E+002
487.6181,5.1107E+002
487.6250,2.1789E+002
487.6319,4.4793E+002
487.6389,2.3422E+002
487.6458,4.8461E+002
487.6528,2.7431E+002
487.6597,1.3174E+002
487.6667,1.9033E+002
487.6736,2.1611E+002
487.6806,2.3507E+002
487.6875,2.8152E+002
487.6944,1.4433E+002
487.7014,1.3946E+002
487.7083,3.0626E+002
487.7153,1.4626E+002
487.7222,1.9393E+002
487.7292,1.8622E+002
487.7361,1.1772E+002
487.7431,6.4488E+001
487.7500,3.8302E+001
487.7569,5.5376E+001
487.7639,7.4168E+001
487.7708,7.5199E+001
487.7778,6.0828E+001
487.7847,4.1309E+001
487.7917,3.6648E+001
487.7986,3.5367E+001
487.8056,4.3073E+001
487.8125,2.1822E+001
487.8194,1.9656E+001
487.8264,2.5867E+001
487.8333,1.2484E+001
487.8403,1.6239E+001
487.8472,1.0556E+001
487.8542,4.5522E-001
487.8611,1.3618E-002
487.8681,8.9174E-013
487.8750,0.0000E+000
487.8819,0.0000E+000
487.8889,0.0000E+000
487.8958,0.0000E+000
487.9028,0.0000E+000
487.9097,0.0000E+000
487.9167,0.0000E+000
487.9236,0.0000E+000
487.9306,0.0000E+000
487.9375,0.0000E+000
487.9444,0.0000E+000
487.9514,0.0000E+000
487.9583,0.0000E+000
487.9653,0.0000E+000
487.9722,0.0000E+000
487.9792,0.0000E+000
487.9861,0.0000E+000
487.9931,0.0000E+000
488.0000,0.0000E+000
488.0069,0.0000E+000
488.0139,0.0000E+000
488.0208,0.0000E+000
488.0278,0.0000E+000
488.0347,0.0000E+000
488.0417,0.0000E+000
488.0486,0.0000E+000
488.0556,0.0000E+000
488.0625,0.0000E+000
488.0694,0.0000E+000
488.0764,0.0000E+000
488.0833,0.0000E+000
488.0903,0.0000E+000
488.0972,0.0000E+000
488.1042,0.0000E+000
488.1111,0.0000E+000
488.1181,0.0000E+000
488.1250,0.0000E+000
488.1319,0.0000E+000
488.1389,0.0000E+000
488.1458,0.0000E+000
488.1528,0.0000E+000
488.1597,0.0000E+000
488.1667,0.0000E+000
488.1736,0.0000E+000
488.1806,0.0000E+000
488.1875,0.0000E+000
488.1944,0.0000E+000
488.2014,0.0000E+000
488.2083,0.0000E+000
488.2153,0.0000E+000
488.2222,0.0000E+000
488.2292,0.0000E+000
488.2361,0.0000E+000
488.2431,0.0000E+000
488.2500,0.0000E+000
488.2569,6.9391E-002
488.2639,1.0227E+000
488.2708,2.8859E+000
488.2778,4.7348E+000
488.2847,7.0137E+000
488.2917,8.6195E+000
488.2986,1.0791E+001
488.3056,1.3035E+001
488.3125,1.4958E+001
488.3194,1.7366E+001
488.3264,1.9484E+001
488.3333,2.1032E+001
488.3403,2.2898E+001
488.3472,2.5176E+001
488.3542,2.7384E+001
488.3611,3.1453E+001
488.3681,3.6901E+001
488.3750,3.8865E+001
488.3819,5.0798E+001
488.3889,5.2172E+001
488.3958,7.4678E+001
488.4028,5.4897E+001
488.4097,7.3138E+001
488.4167,2.4201E+002
488.4236,3.8879E+002
488.4306,4.1547E+002
488.4375,4.4938E+002
488.4444,4.0676E+002
488.4514,4.4229E+002
488.4583,2.6302E+002
488.4653,1.7264E+002
488.4722,4.0989E+002
488.4792,1.2010E+002
488.4861,1.8009E+002
488.4931,2.7165E+002
488.5000,2.9144E+002
488.5069,2.0192E+002
488.5139,2.4015E+002
488.5208,2.2698E+002
488.5278,9.3165E+001
488.5347,3.7214E+002
488.5417,1.9700E+002
488.5486,3.5193E+002
488.5556,2.5325E+002
488.5625,4.3943E+002
488.5694,3.6765E+002
488.5764,3.1275E+002
488.5833,3.5916E+002
488.5903,2.6923E+002
488.5972,4.3113E+002
488.6042,2.3694E+002
488.6111,3.0790E+002
488.6181,1.8011E+002
488.6250,1.4527E+002
488.6319,2.4225E+002
488.6389,1.8062E+002
488.6458,8.5648E+001
488.6528,2.6577E+002
488.6597,1.7512E+002
488.6667,3.1747E+002
488.6736,2.0378E+002
488.6806,8.9308E+001
488.6875,2.1361E+002
488.6944,1.7790E+002
488.7014,1.3808E+002
488.7083,1.2905E+002
488.7153,1.3465E+002
488.7222,1.0743E+002
488.7292,9.4557E+001
488.7361,5.2600E+001
488.7431,8.2870E+001
488.7500,5.0220E+001
488.7569,7.7125E+001
488.7639,6.4567E+001
488.7708,6.5572E+001
488.7778,6.8791E+001
488.7847,5.9459E+001
488.7917,3.8497E+001
488.7986,3.7898E+001
488.8056,3.6865E+001
488.8125,2.5641E+001
488.8194,2.5348E+001
488.8264,1.5517E+001
488.8333,1.4759E+001
488.8403,1.2228E+001
488.8472,7.8740E+000
488.8542,3.8190E+000
488.8611,2.5944E-001
488.8681,1.6989E-011
488.8750,0.0000E+000
488.8819,0.0000E+000
488.8889,0.0000E+000
488.8958,0.0000E+000
488.9028,0.0000E+000
488.9097,0.0000E+000
488.9167,0.0000E+000
488.9236,0.0000E+000
488.9306,0.0000E+000
488.9375,0.0000E+000
488.9444,0.0000E+000
488.9514,0.0000E+000
488.9583,0.0000E+000
488.9653,0.0000E+000
488.9722,0.0000E+000
488.9792,0.0000E+000
488.9861,0.0000E+000
488.9931,0.0000E+000
489.0000,0.0000E+000
489.0069,0.0000E+000
489.0139,0.0000E+000
489.0208,0.0000E+000
489.0278,0.0000E+000
489.0347,0.0000E+000
489.0417,0.0000E+000
489.0486,0.0000E+000
489.0556,0.0000E+000
489.0625,0.0000E+000
489.0694,0.0000E+000
489.0764,0.0000E+000
489.0833,0.0000E+000
489.0903,0.0000E+000
489.0972,0.0000E+000
489.1042,0.0000E+000
489.1111,0.0000E+000
489.1181,0.0000E+000
489.1250,0.0000E+000
489.1319,0.0000E+000
489.1389,0.0000E+000
489.1458,0.0000E+000
489.1528,0.0000E+000
489.1597,0.0000E+000
489.1667,0.0000E+000
489.1736,0.0000E+000
489.1806,0.0000E+000
489.1875,0.0000E+000
489.1944,0.0000E+000
489.2014,0.0000E+000
489.2083,0.0000E+000
489.2153,0.0000E+000
489.2222,0.0000E+000
489.2292,0.0000E+000
489.2361,0.0000E+000
489.2431,0.0000E+000
489.2500,0.0000E+000
489.2569,1.4270E-002
489.2639,7.3947E-001
489.2708,2.4474E+000
489.2778,4.3752E+000
489.2847,8.8373E+000
489.2917,1.5814E+001
489.2986,2.1733E+001
489.3056,3.2497E+001
489.3125,3.6641E+001
489.3194,2.9627E+001
489.3264,3.0852E+001
489.3333,3.4082E+001
489.3403,4.9424E+001
489.3472,5.7393E+001
489.3542,6.6034E+001
489.3611,9.6195E+001
489.3681,9.1105E+001
489.3750,1.1965E+002
489.3819,1.3596E+002
489.3889,1.3900E+002
489.3958,1.2766E+002
489.4028,1.1948E+002
489.4097,1.5495E+002
489.4167,1.3892E+002
489.4236,1.3424E+002
489.4306,1.9978E+002
489.4375,2.1390E+002
489.4444,1.8320E+002
489.4514,2.3138E+002
489.4583,2.3131E+002
489.4653,2.1242E+002
489.4722,1.9538E+002
489.4792,1.7393E+002
489.4861,1.8700E+002
489.4931,2.3843E+002
489.5000,2.5415E+002
489.5069,2.3321E+002
489.5139,2.5363E+002
489.5208,4.1808E+002
489.5278,3.3442E+002
489.5347,3.1721E+002
489.5417,3.3445E+002
489.5486,3.5997E+002
489.5556,1.7293E+002
489.5625,1.5174E+002
489.5694,1.0459E+002
489.5764,9.6082E+001
489.5833,1.1904E+002
489.5903,1.4304E+002
489.5972,2.6806E+002
489.6042,1.9093E+002
489.6111,1.1491E+002
489.6181,8.8061E+001
489.6250,1.5833E+002
489.6319,9.6502E+001
489.6389,6.4366E+001
489.6458,1.6724E+002
489.6528,9.7153E+001
489.6597,6.8005E+001
489.6667,4.2398E+001
489.6736,7.9074E+001
489.6806,9.0315E+001
489.6875,8.1772E+001
489.6944,7.2097E+001
489.7014,7.8752E+001
489.7083,8.1189E+001
489.7153,5.2475E+001
489.7222,5.1176E+001
489.7292,5.2308E+001
489.7361,3.1143E+001
489.7431,3.3165E+001
489.7500,5.1164E+001
489.7569,4.3614E+001
489.7639,2.8265E+001
489.7708,2.5342E+001
489.7778,3.5192E+001
489.7847,1.7474E+001
489.7917,1.3772E+001
489.7986,1.4768E+001
489.8056,1.5128E+001
489.8125,1.1041E+001
489.8194,1.0445E+001
489.8264,8.1209E+000
489.8333,6.3998E+000
489.8403,4.2051E+000
489.8472,4.9817E+000
489.8542,3.5188E+000
489.8611,1.8885E+000
489.8681,6.8507E-001
489.8750,0.0000E+000
489.8819,0.0000E+000
489.8889,0.0000E+000
489.8958,0.0000E+000
489.9028,0.0000E+000
489.9097,0.0000E+000
489.9167,0.0000E+000
489.9236,0.0000E+000
489.9306,0.0000E+000
489.9375,0.0000E+000
489.9444,0.0000E+000
489.9514,0.0000E+000
489.9583,0.0000E+000
489.9653,0.0000E+000
489.9722,0.0000E+000
489.9792,0.0000E+000
489.9861,0.0000E+000
489.9931,0.0000E+000
490.0000,0.0000E+000
490.0069,0.0000E+000
490.0139,0.0000E+000
490.0208,0.0000E+000
490.0278,0.0000E+000
490.0347,0.0000E+000
490.0417,0.0000E+000
490.0486,0.0000E+000
490.0556,0.0000E+000
490.0625,0.0000E+000
490.0694,0.0000E+000
490.0764,0.0000E+000
490.0833,0.0000E+000
490.0903,0.0000E+000
490.0972,0.0000E+000
490.1042,0.0000E+000
490.1111,0.0000E+000
490.1181,0.0000E+000
490.1250,0.0000E+000
490.1319,0.0000E+000
490.1389,0.0000E+000
490.1458,0.0000E+000
490.1528,0.0000E+000
490.1597,0.0000E+000
490.1667,0.0000E+000
490.1736,0.0000E+000
490.1806,0.0000E+000
490.1875,0.0000E+000
490.1944,0.0000E+000
490.2014,0.0000E+000
490.2083,0.0000E+000
490.2153,0.0000E+000
490.2222,0.0000E+000
490.2292,0.0000E+000
490.2361,0.0000E+000
490.2431,0.0000E+000
490.2500,0.0000E+000
490.2569,3.8928E-002
490.2639,1.2249E+000
490.2708,2.3843E+000
490.2778,4.0414E+000
490.2847,5.3630E+000
490.2917,8.0821E+000
490.2986,1.0594E+001
490.3056,1.2957E+001
490.3125,1.6284E+001
490.3194,2.6841E+001
490.3264,3.0888E+001
490.3333,3.3311E+001
490.3403,2.6902E+001
490.3472,3.2320E+001
490.3542,4.5345E+001
490.3611,7.7456E+001
490.3681,8.3148E+001
490.3750,9.3153E+001
490.3819,8.0614E+001
490.3889,1.2528E+002
490.3958,1.7184E+002
490.4028,1.4363E+002
490.4097,1.8229E+002
490.4167,2.6823E+002
490.4236,1.3029E+002
490.4306,4.6284E+001
490.4375,9.8986E+001
490.4444,1.4299E+002
490.4514,4.1359E+001
490.4583,6.4077E+001
490.4653,8.9949E+001
490.4722,8.4297E+001
490.4792,4.5685E+002
490.4861,5.7333E+002
490.4931,2.8585E+002
490.5000,7.6596E+001
490.5069,5.9785E+001
490.5139,2.9784E+002
490.5208,5.6298E+002
490.5278,5.7341E+002
490.5347,4.8317E+002
490.5417,8.8549E+001
490.5486,2.6744E+002
490.5556,9.7426E+001
490.5625,1.3260E+002
490.5694,4.3686E+002
490.5764,5.8851E+002
490.5833,5.8723E+002
490.5903,5.4121E+002
490.5972,3.9778E+002
490.6042,3.7378E+002
490.6111,5.9199E+002
490.6181,5.6728E+002
490.6250,5.5345E+002
490.6319,5.4260E+002
490.6389,4.1030E+002
490.6458,4.7395E+001
490.6528,5.7662E+002
490.6597,3.6855E+002
490.6667,1.5389E+002
490.6736,3.8587E+002
490.6806,1.1192E+002
490.6875,3.7731E+002
490.6944,2.8397E+002
490.7014,4.0537E+002
490.7083,3.8660E+002
490.7153,3.5969E+002
490.7222,3.4078E+002
490.7292,1.4044E+002
490.7361,1.0057E+002
490.7431,7.0766E+001
490.7500,7.2352E+001
490.7569,6.2433E+001
490.7639,2.6423E+001
490.7708,2.4131E+001
490.7778,3.7767E+001
490.7847,2.3013E+001
490.7917,2.1130E+001
490.7986,4.4829E+001
490.8056,4.0723E+001
490.8125,3.1230E+001
490.8194,2.5624E+001
490.8264,2.1847E+001
490.8333,1.9732E+001
490.8403,1.2826E+001
490.8472,6.9754E+000
490.8542,2.4424E+000
490.8611,1.2887E+000
490.8681,8.4387E-011
490.8750,0.0000E+000
490.8819,0.0000E+000
490.8889,0.0000E+000
490.8958,0.0000E+000
490.9028,0.0000E+000
490.9097,0.0000E+000
490.9167,0.0000E+000
490.9236,0.0000E+000
490.9306,0.0000E+000
490.9375,0.0000E+000
490.9444,0.0000E+000
490.9514,0.0000E+000
490.9583,0.0000E+000
490.9653,0.0000E+000
490.9722,0.0000E+000
490.9792,0.0000E+000
490.9861,0.0000E+000
490.9931,0.0000E+000
491.0000,0.0000E+000
491.0069,0.0000E+000
491.0139,0.0000E+000
491.0208,0.0000E+000
491.0278,0.0000E+000
491.0347,0.0000E+000
491.0417,0.0000E+000
491.0486,0.0000E+000
491.0556,0.0000E+000
491.0625,0.0000E+000
491.0694,0.0000E+000
491.0764,0.0000E+000
491.0833,0.0000E+000
491.0903,0.0000E+000
491.0972,0.0000E+000
491.1042,0.0000E+000
491.1111,0.0000E+000
491.1181,0.0000E+000
491.1250,0.0000E+000
491.1319,0.0000E+000
491.1389,0.0000E+000
491.1458,0.0000E+000
491.1528,0.0000E+000
491.1597,0.0000E+000
491.1667,0.0000E+000
491.1736,0.0000E+000
491.1806,0.0000E+000
491.1875,0.0000E+000
491.1944,0.0000E+000
491.2014,0.0000E+000
491.2083,0.0000E+000
491.2153,0.0000E+000
491.2222,0.0000E+000
491.2292,0.0000E+000
491.2361,0.0000E+000
491.2431,0.0000E+000
491.2500,0.0000E+000
491.2569,0.0000E+000
491.2639,0.0000E+000
491.2708,7.8911E-001
491.2778,8.9618E-001
491.2847,6.3927E+000
491.2917,3.9923E+000
491.2986,4.8236E+000
491.3056,8.5050E+000
491.3125,1.4132E+001
491.3194,3.4340E+001
491.3264,2.6336E+001
491.3333,8.7251E+000
491.3403,6.5842E+000
491.3472,1.3279E+001
491.3542,1.3960E+001
491.3611,1.7203E+001
491.3681,2.7909E+001
491.3750,2.2865E+001
491.3819,2.4414E+001
491.3889,4.3022E+001
491.3958,5.3747E+001
491.4028,8.4080E+001
491.4097,1.0605E+002
491.4167,1.6306E+002
491.4236,1.4859E+002
491.4306,1.4977E+002
491.4375,1.2373E+002
491.4444,1.4838E+002
491.4514,8.6746E+001
491.4583,9.5637E+001
491.4653,1.8261E+002
491.4722,1.1692E+002
491.4792,8.9767E+001
491.4861,8.4382E+001
491.4931,3.4576E+001
491.5000,3.0543E+001
491.5069,5.6571E+001
491.5139,4.0678E+001
491.5208,3.6906E+001
491.5278,1.2225E+002
491.5347,1.0769E+002
491.5417,6.1751E+001
491.5486,6.6933E+001
491.5556,5.5083E+001
491.5625,3.9329E+001
491.5694,4.6660E+001
491.5764,5.0116E+001
491.5833,8.3140E+001
491.5903,6.7113E+001
491.5972,6.0896E+001
491.6042,3.8580E+001
491.6111,6.0905E+001
491.6181,5.9533E+001
491.6250,4.0392E+001
491.6319,3.5459E+001
491.6389,4.5488E+001
491.6458,6.3530E+001
491.6528,6.2255E+001
491.6597,5.3796E+001
491.6667,4.0531E+001
491.6736,4.4147E+001
491.6806,3.1273E+001
491.6875,5.5640E+001
491.6944,7.6872E+001
491.7014,6.7607E+001
491.7083,3.0362E+001
491.7153,1.4556E+001
491.7222,2.9306E+001
491.7292,2.4181E+001
491.7361,4.5426E+001
491.7431,3.1619E+001
491.7500,1.8261E+001
491.7569,1.3174E+001
491.7639,8.9401E+000
491.7708,1.1948E+001
491.7778,8.1178E+000
491.7847,7.7816E+000
491.7917,9.8987E+000
491.7986,1.5221E+001
491.8056,7.3501E+000
491.8125,5.9592E+000
491.8194,4.4522E+000
491.8264,3.7922E+000
491.8333,2.5922E+000
491.8403,2.0366E+000
491.8472,1.3448E+000
491.8542,5.1597E-001
491.8611,5.4648E-001
491.8681,9.4108E-002
491.8750,0.0000E+000
491.8819,0.0000E+000
491.8889,0.0000E+000
491.8958,3.7613E-012
491.9028,7.6585E-002
491.9097,0.0000E+000
491.9167,0.0000E+000
491.9236,0.0000E+000
491.9306,0.0000E+000
491.9375,4.1538E-002
491.9444,5.9062E-002
491.9514,9.6690E-013
491.9583,0.0000E+000
491.9653,0.0000E+000
491.9722,0.0000E+000
491.9792,0.0000E+000
491.9861,0.0000E+000
491.9931,0.0000E+000
492.0000,0.0000E+000
492.0069,0.0000E+000
492.0139,0.0000E+000
492.0208,0.0000E+000
492.0278,0.0000E+000
492.0347,0.0000E+000
492.0417,0.0000E+000
492.0486,0.0000E+000
492.0556,0.0000E+000
492.0625,0.0000E+000
492.0694,0.0000E+000
492.0764,0.0000E+000
492.0833,0.0000E+000
492.0903,0.0000E+000
492.0972,0.0000E+000
492.1042,0.0000E+000
492.1111,0.0000E+000
492.1181,0.0000E+000
492.1250,0.0000E+000
492.1319,0.0000E+000
492.1389,0.0000E+000
492.1458,0.0000E+000
492.1528,0.0000E+000
492.1597,0.0000E+000
492.1667,0.0000E+000
492.1736,0.0000E+000
492.1806,0.0000E+000
492.1875,0.0000E+000
492.1944,0.0000E+000
492.2014,0.0000E+000
492.2083,0.0000E+000
492.2153,0.0000E+000
492.2222,0.0000E+000
492.2292,0.0000E+000
492.2361,0.0000E+000
492.2431,0.0000E+000
492.2500,3.1156E-002
492.2569,3.1091E-001
492.2639,6.4583E-001
492.2708,8.2433E-001
492.2778,1.5669E+000
492.2847,5.0920E+000
492.2917,1.1487E+001
492.2986,1.7787E+001
492.3056,1.5755E+001
492.3125,2.5995E+001
492.3194,2.5996E+001
492.3264,1.4800E+001
492.3333,2.2434E+001
492.3403,3.1437E+001
492.3472,3.4905E+001
492.3542,6.7225E+001
492.3611,6.4892E+001
492.3681,6.5245E+001
492.3750,5.4019E+001
492.3819,4.5923E+001
492.3889,4.8560E+001
492.3958,1.8249E+002
492.4028,1.0376E+002
492.4097,1.7512E+002
492.4167,2.0332E+002
492.4236,3.3853E+002
492.4306,4.1923E+002
492.4375,4.7881E+002
492.4444,3.0739E+002
492.4514,2.4657E+002
492.4583,1.8231E+002
492.4653,2.6929E+002
492.4722,2.7722E+002
492.4792,2.5168E+002
492.4861,2.3039E+002
492.4931,2.1993E+002
492.5000,2.0103E+002
492.5069,4.7717E+002
492.5139,5.5267E+002
492.5208,2.7804E+002
492.5278,6.8069E+001
492.5347,5.0515E+001
492.5417,4.4339E+002
492.5486,5.1984E+002
492.5556,6.7113E+001
492.5625,2.4642E+001
492.5694,2.6541E+002
492.5764,5.9418E+002
492.5833,6.0324E+002
492.5903,1.6213E+002
492.5972,5.2253E+002
492.6042,6.3760E+002
492.6111,4.6739E+002
492.6181,4.7214E+002
492.6250,5.1296E+002
492.6319,5.8410E+002
492.6389,5.6440E+002
492.6458,5.4022E+002
492.6528,5.3334E+002
492.6597,5.0549E+002
492.6667,4.6292E+002
492.6736,4.4872E+002
492.6806,4.6677E+002
492.6875,4.4949E+002
492.6944,4.1958E+002
492.7014,4.0531E+002
492.7083,3.8259E+002
492.7153,3.6414E+002
492.7222,3.4618E+002
492.7292,1.3902E+002
492.7361,6.9167E+001
492.7431,4.2311E+001
492.7500,2.8663E+001
492.7569,3.3088E+001
492.7639,2.9333E+001
492.7708,1.9523E+001
492.7778,2.7366E+001
492.7847,2.8642E+001
492.7917,2.0622E+001
492.7986,2.1848E+001
492.8056,2.0392E+001
492.8125,2.7296E+001
492.8194,1.3351E+001
492.8264,9.2557E+000
492.8333,9.6640E+000
492.8403,1.5519E+001
492.8472,8.8370E+000
492.8542,2.1052E+000
492.8611,2.4603E-001
492.8681,1.6111E-011
492.8750,0.0000E+000
492.8819,0.0000E+000
492.8889,0.0000E+000
492.8958,0.0000E+000
492.9028,0.0000E+000
492.9097,0.0000E+000
492.9167,0.0000E+000
492.9236,0.0000E+000
492.9306,0.0000E+000
492.9375,0.0000E+000
492.9444,0.0000E+000
492.9514,0.0000E+000
492.9583,0.0000E+000
492.9653,0.0000E+000
492.9722,0.0000E+000
492.9792,0.0000E+000
492.9861,0.0000E+000
492.9931,0.0000E+000
493.0000,0.0000E+000
493.0069,0.0000E+000
493.0139,0.0000E+000
493.0208,0.0000E+000
493.0278,0.0000E+000
493.0347,0.0000E+000
493.0417,0.0000E+000
493.0486,0.0000E+000
493.0556,0.0000E+000
493.0625,0.0000E+000
493.0694,0.0000E+000
493.0764,0.0000E+000
493.0833,0.0000E+000
493.0903,0.0000E+000
493.0972,0.0000E+000
493.1042,0.0000E+000
493.1111,0.0000E+000
493.1181,0.0000E+000
493.1250,0.0000E+000
493.1319,0.0000E+000
493.1389,0.0000E+000
493.1458,0.0000E+000
493.1528,0.0000E+000
493.1597,0.0000E+000
493.1667,0.0000E+000
493.1736,0.0000E+000
493.1806,0.0000E+000
493.1875,0.0000E+000
493.1944,0.0000E+000
493.2014,0.0000E+000
493.2083,0.0000E+000
493.2153,0.0000E+000
493.2222,6.3705E-011
493.2292,1.9457E+000
493.2361,1.2854E-001
493.2431,2.9020E-001
493.2500,1.0030E+000
493.2569,1.9769E+000
493.2639,3.0688E+000
493.2708,4.2329E+000
493.2778,6.1066E+000
493.2847,7.6277E+000
493.2917,9.7020E+000
493.2986,1.1145E+001
493.3056,1.3251E+001
493.3125,1.5189E+001
493.3194,1.7036E+001
493.3264,1.7322E+001
493.3333,1.9018E+001
493.3403,2.2546E+001
493.3472,2.6931E+001
493.3542,3.1540E+001
493.3611,5.6590E+001
493.3681,7.0109E+001
493.3750,9.2980E+001
493.3819,7.4736E+001
493.3889,7.0340E+001
493.3958,2.1314E+002
493.4028,1.1026E+002
493.4097,1.9940E+002
493.4167,2.2854E+002
493.4236,2.7832E+002
493.4306,3.1361E+002
493.4375,2.0751E+002
493.4444,1.7271E+002
493.4514,2.2063E+002
493.4583,2.6843E+002
493.4653,2.5178E+002
493.4722,3.6787E+002
493.4792,4.6106E+002
493.4861,5.0533E+002
493.4931,4.5317E+002
493.5000,2.4950E+002
493.5069,1.9694E+002
493.5139,2.3180E+002
493.5208,3.7017E+002
493.5278,2.7636E+002
493.5347,2.4193E+002
493.5417,2.5006E+002
493.5486,2.2990E+002
493.5556,2.3972E+002
493.5625,2.6923E+002
493.5694,2.5446E+002
493.5764,2.1576E+002
493.5833,1.9089E+002
493.5903,1.8360E+002
493.5972,1.7481E+002
493.6042,1.8900E+002
493.6111,2.3076E+002
493.6181,3.1391E+002
493.6250,3.4703E+002
493.6319,2.6969E+002
493.6389,2.8156E+002
493.6458,3.8600E+002
493.6528,2.8719E+002
493.6597,3.0402E+002
493.6667,2.4322E+002
493.6736,2.9767E+002
493.6806,3.0396E+002
493.6875,1.8444E+002
493.6944,2.2613E+002
493.7014,1.7778E+002
493.7083,2.3824E+002
493.7153,1.3479E+002
493.7222,1.1421E+002
493.7292,1.4837E+002
493.7361,1.5374E+002
493.7431,1.4601E+002
493.7500,1.2950E+002
493.7569,9.8299E+001
493.7639,7.3007E+001
493.7708,5.3084E+001
493.7778,3.1781E+001
493.7847,2.4404E+001
493.7917,2.3887E+001
493.7986,2.2872E+001
493.8056,2.1210E+001
493.8125,1.7598E+001
493.8194,1.2081E+001
493.8264,8.3629E+000
493.8333,5.7658E+000
493.8403,4.6068E+000
493.8472,3.3205E+000
493.8542,1.7797E+000
493.8611,4.2854E-001
493.8681,2.8062E-011
493.8750,0.0000E+000
493.8819,0.0000E+000
493.8889,0.0000E+000
493.8958,0.0000E+000
493.9028,0.0000E+000
493.9097,0.0000E+000
493.9167,0.0000E+000
493.9236,0.0000E+000
493.9306,0.0000E+000
493.9375,0.0000E+000
493.9444,0.0000E+000
493.9514,0.0000E+000
493.9583,0.0000E+000
493.9653,0.0000E+000
493.9722,0.0000E+000
493.9792,0.0000E+000
493.9861,0.0000E+000
493.9931,0.0000E+000
494.0000,0.0000E+000
494.0069,0.0000E+000
494.0139,0.0000E+000
494.0208,0.0000E+000
494.0278,0.0000E+000
494.0347,0.0000E+000
494.0417,0.0000E+000
494.0486,0.0000E+000
494.0556,0.0000E+000
494.0625,0.0000E+000
494.0694,0.0000E+000
494.0764,0.0000E+000
494.0833,0.0000E+000
494.0903,0.0000E+000
494.0972,0.0000E+000
494.1042,0.0000E+000
494.1111,0.0000E+000
494.1181,0.0000E+000
494.1250,0.0000E+000
494.1319,0.0000E+000
494.1389,0.0000E+000
494.1458,0.0000E+000
494.1528,0.0000E+000
494.1597,0.0000E+000
494.1667,0.0000E+000
494.1736,0.0000E+000
494.1806,0.0000E+000
494.1875,0.0000E+000
494.1944,0.0000E+000
494.2014,0.0000E+000
494.2083,0.0000E+000
494.2153,0.0000E+000
494.2222,0.0000E+000
494.2292,0.0000E+000
494.2361,0.0000E+000
494.2431,0.0000E+000
494.2500,8.3767E-002
494.2569,1.6111E+000
494.2639,4.7533E+000
494.2708,8.0072E+000
494.2778,1.1261E+001
494.2847,1.3845E+001
494.2917,1.4303E+001
494.2986,1.3578E+001
494.3056,1.4492E+001
494.3125,1.8327E+001
494.3194,1.8422E+001
494.3264,1.2524E+001
494.3333,1.4637E+001
494.3403,1.7908E+001
494.3472,1.9714E+001
494.3542,2.1554E+001
494.3611,2.2493E+001
494.3681,2.6392E+001
494.3750,5.3474E+001
494.3819,3.1950E+001
494.3889,4.8040E+001
494.3958,2.2617E+002
494.4028,1.2003E+002
494.4097,2.4921E+002
494.4167,2.7227E+002
494.4236,3.8534E+002
494.4306,4.0280E+002
494.4375,4.2143E+002
494.4444,4.3509E+002
494.4514,4.4432E+002
494.4583,4.6266E+002
494.4653,4.6500E+002
494.4722,3.4096E+002
494.4792,3.8310E+002
494.4861,4.6411E+002
494.4931,4.5927E+002
494.5000,4.9570E+002
494.5069,5.2859E+002
494.5139,5.3215E+002
494.5208,5.5288E+002
494.5278,5.4601E+002
494.5347,5.2608E+002
494.5417,5.2767E+002
494.5486,5.5667E+002
494.5556,5.9545E+002
494.5625,4.7155E+002
494.5694,4.7741E+002
494.5764,6.2026E+002
494.5833,4.0484E+002
494.5903,2.5682E+002
494.5972,2.2375E+002
494.6042,3.2090E+002
494.6111,4.3422E+002
494.6181,5.1590E+002
494.6250,5.1891E+002
494.6319,5.0657E+002
494.6389,5.0279E+002
494.6458,4.8739E+002
494.6528,4.5827E+002
494.6597,4.4349E+002
494.6667,3.9796E+002
494.6736,3.4500E+002
494.6806,2.9290E+002
494.6875,2.2732E+002
494.6944,2.7585E+002
494.7014,3.1610E+002
494.7083,2.5112E+002
494.7153,2.9612E+002
494.7222,1.5397E+002
494.7292,6.7223E+001
494.7361,4.8081E+001
494.7431,4.6037E+001
494.7500,4.9812E+001
494.7569,6.6646E+001
494.7639,6.2701E+001
494.7708,7.6571E+001
494.7778,7.3985E+001
494.7847,6.5850E+001
494.7917,5.6191E+001
494.7986,4.3109E+001
494.8056,3.6149E+001
494.8125,2.6362E+001
494.8194,1.6823E+001
494.8264,1.0028E+001
494.8333,1.1499E+001
494.8403,1.1492E+001
494.8472,6.0106E+000
494.8542,2.2510E+000
494.8611,2.8770E-001
494.8681,1.8840E-011
494.8750,0.0000E+000
494.8819,0.0000E+000
494.8889,0.0000E+000
494.8958,0.0000E+000
494.9028,0.0000E+000
494.9097,0.0000E+000
494.9167,0.0000E+000
494.9236,0.0000E+000
494.9306,0.0000E+000
494.9375,0.0000E+000
494.9444,0.0000E+000
494.9514,0.0000E+000
494.9583,0.0000E+000
494.9653,0.0000E+000
494.9722,0.0000E+000
494.9792,0.0000E+000
494.9861,0.0000E+000
494.9931,0.0000E+000
495.0000,0.0000E+000
495.0069,0.0000E+000
495.0139,0.0000E+000
495.0208,0.0000E+000
495.0278,0.0000E+000
495.0347,0.0000E+000
495.0417,0.0000E+000
495.0486,0.0000E+000
495.0556,0.0000E+000
495.0625,0.0000E+000
495.0694,0.0000E+000
495.0764,0.0000E+000
495.0833,0.0000E+000
495.0903,0.0000E+000
495.0972,0.0000E+000
495.1042,0.0000E+000
495.1111,0.0000E+000
495.1181,0.0000E+000
495.1250,0.0000E+000
495.1319,0.0000E+000
495.1389,0.0000E+000
495.1458,0.0000E+000
495.1528,0.0000E+000
495.1597,0.0000E+000
495.1667,0.0000E+000
495.1736,0.0000E+000
495.1806,0.0000E+000
495.1875,0.0000E+000
495.1944,0.0000E+000
495.2014,0.0000E+000
495.2083,0.0000E+000
495.2153,0.0000E+000
495.2222,0.0000E+000
495.2292,0.0000E+000
495.2361,6.5599E-002
495.2431,4.2957E-012
495.2500,1.5588E-002
495.2569,3.0721E-001
495.2639,2.9227E-002
495.2708,6.3001E-002
495.2778,1.0262E+000
495.2847,5.6195E+000
495.2917,3.8749E+000
495.2986,1.1025E+001
495.3056,4.0178E+000
495.3125,6.7932E+000
495.3194,2.4378E+001
495.3264,3.1037E+001
495.3333,4.5682E+001
495.3403,4.9553E+001
495.3472,5.9640E+001
495.3542,6.2143E+001
495.3611,8.3152E+001
495.3681,6.9396E+001
495.3750,1.0708E+002
495.3819,3.3492E+001
495.3889,1.7268E+001
495.3958,2.6527E+001
495.4028,2.1273E+001
495.4097,3.7457E+001
495.4167,3.8552E+001
495.4236,6.8995E+001
495.4306,1.0790E+002
495.4375,9.7664E+001
495.4444,1.4154E+002
495.4514,1.0728E+002
495.4583,7.4092E+001
495.4653,2.6380E+001
495.4722,4.6652E+001
495.4792,7.9210E+001
495.4861,8.7617E+001
495.4931,1.5420E+002
495.5000,8.5003E+001
495.5069,9.8283E+001
495.5139,1.7251E+002
495.5208,9.6508E+001
495.5278,7.2892E+001
495.5347,7.3015E+001
495.5417,1.2529E+002
495.5486,1.8244E+002
495.5556,1.4171E+002
495.5625,9.3465E+001
495.5694,7.4830E+001
495.5764,8.7574E+001
495.5833,1.3204E+002
495.5903,1.1930E+002
495.5972,8.2449E+001
495.6042,7.7996E+001
495.6111,7.2346E+001
495.6181,6.3181E+001
495.6250,6.7515E+001
495.6319,6.8184E+001
495.6389,4.7767E+001
495.6458,5.4725E+001
495.6528,6.3647E+001
495.6597,5.7091E+001
495.6667,5.1598E+001
495.6736,4.9170E+001
495.6806,6.7917E+001
495.6875,5.7245E+001
495.6944,5.9293E+001
495.7014,6.5562E+001
495.7083,6.0783E+001
495.7153,4.8486E+001
495.7222,3.6179E+001
495.7292,3.7454E+001
495.7361,3.4648E+001
495.7431,3.7985E+001
495.7500,3.3823E+001
495.7569,3.3153E+001
495.7639,2.0362E+001
495.7708,1.8280E+001
495.7778,2.4773E+001
495.7847,2.2543E+001
495.7917,1.7997E+001
495.7986,1.5376E+001
495.8056,8.5451E+000
495.8125,5.1745E+000
495.8194,6.3821E+000
495.8264,5.4707E+000
495.8333,1.5993E+000
495.8403,1.1251E+000
495.8472,4.7744E-001
495.8542,1.1238E-001
495.8611,1.3641E-002
495.8681,8.9328E-013
495.8750,0.0000E+000
495.8819,0.0000E+000
495.8889,0.0000E+000
495.8958,0.0000E+000
495.9028,0.0000E+000
495.9097,0.0000E+000
495.9167,0.0000E+000
495.9236,0.0000E+000
495.9306,0.0000E+000
495.9375,0.0000E+000
495.9444,0.0000E+000
495.9514,0.0000E+000
495.9583,0.0000E+000
495.9653,0.0000E+000
495.9722,0.0000E+000
495.9792,0.0000E+000
495.9861,0.0000E+000
495.9931,0.0000E+000
496.0000,0.0000E+000
496.0069,0.0000E+000
496.0139,0.0000E+000
496.0208,0.0000E+000
496.0278,0.0000E+000
496.0347,0.0000E+000
496.0417,0.0000E+000
496.0486,0.0000E+000
496.0556,0.0000E+000
496.0625,0.0000E+000
496.0694,0.0000E+000
496.0764,0.0000E+000
496.0833,0.0000E+000
496.0903,0.0000E+000
496.0972,0.0000E+000
496.1042,0.0000E+000
496.1111,0.0000E+000
496.1181,0.0000E+000
496.1250,0.0000E+000
496.1319,0.0000E+000
496.1389,0.0000E+000
496.1458,0.0000E+000
496.1528,0.0000E+000
496.1597,0.0000E+000
496.1667,0.0000E+000
496.1736,0.0000E+000
496.1806,0.0000E+000
496.1875,0.0000E+000
496.1944,0.0000E+000
496.2014,0.0000E+000
496.2083,0.0000E+000
496.2153,0.0000E+000
496.2222,0.0000E+000
496.2292,0.0000E+000
496.2361,0.0000E+000
496.2431,0.0000E+000
496.2500,1.9489E-003
496.2569,2.9429E-001
496.2639,2.3095E+000
496.2708,1.2044E+000
496.2778,2.0730E+000
496.2847,1.0911E+001
496.2917,2.0670E+001
496.2986,1.4260E+001
496.3056,7.2058E+000
496.3125,5.2400E+000
496.3194,4.1136E+000
496.3264,3.3963E+000
496.3333,4.6190E+000
496.3403,1.1547E+001
496.3472,3.5156E+001
496.3542,2.6194E+001
496.3611,2.7865E+001
496.3681,2.1801E+001
496.3750,4.0919E+001
496.3819,4.8224E+001
496.3889,4.2869E+001
496.3958,5.7113E+001
496.4028,4.8462E+001
496.4097,5.5802E+001
496.4167,4.4197E+001
496.4236,7.7042E+001
496.4306,6.6070E+001
496.4375,5.7813E+001
496.4444,4.8425E+001
496.4514,2.5273E+001
496.4583,2.7377E+001
496.4653,2.9464E+001
496.4722,3.3156E+001
496.4792,4.8200E+001
496.4861,4.4882E+001
496.4931,4.4265E+001
496.5000,5.3512E+001
496.5069,5.3549E+001
496.5139,5.9361E+001
496.5208,7.4320E+001
496.5278,6.8551E+001
496.5347,4.3026E+001
496.5417,5.1102E+001
496.5486,3.9310E+001
496.5556,2.4252E+001
496.5625,3.3507E+001
496.5694,5.1636E+001
496.5764,6.6888E+001
496.5833,6.4980E+001
496.5903,7.6498E+001
496.5972,7.3806E+001
496.6042,7.8695E+001
496.6111,7.3697E+001
496.6181,7.5889E+001
496.6250,6.5622E+001
496.6319,6.6008E+001
496.6389,5.9806E+001
496.6458,9.3859E+001
496.6528,8.5834E+001
496.6597,6.7898E+001
496.6667,6.6813E+001
496.6736,6.1471E+001
496.6806,4.3473E+001
496.6875,3.3179E+001
496.6944,2.6603E+001
496.7014,2.3354E+001
496.7083,2.8501E+001
496.7153,3.0574E+001
496.7222,3.8488E+001
496.7292,3.0338E+001
496.7361,4.3772E+001
496.7431,4.3329E+001
496.7500,3.5426E+001
496.7569,3.8110E+001
496.7639,3.2130E+001
496.7708,2.5910E+001
496.7778,2.7405E+001
496.7847,2.3836E+001
496.7917,2.5072E+001
496.7986,2.2111E+001
496.8056,1.9270E+001
496.8125,1.8512E+001
496.8194,1.1115E+001
496.8264,1.0366E+001
496.8333,8.0812E+000
496.8403,4.8969E+000
496.8472,2.9296E+000
496.8542,4.9574E-001
496.8611,2.6639E-002
496.8681,1.7444E-012
496.8750,0.0000E+000
496.8819,0.0000E+000
496.8889,0.0000E+000
496.8958,0.0000E+000
496.9028,0.0000E+000
496.9097,0.0000E+000
496.9167,0.0000E+000
496.9236,0.0000E+000
496.9306,0.0000E+000
496.9375,0.0000E+000
496.9444,0.0000E+000
496.9514,0.0000E+000
496.9583,0.0000E+000
496.9653,0.0000E+000
496.9722,0.0000E+000
496.9792,0.0000E+000
496.9861,0.0000E+000
496.9931,0.0000E+000
497.0000,0.0000E+000
497.0069,0.0000E+000
497.0139,0.0000E+000
497.0208,0.0000E+000
497.0278,0.0000E+000
497.0347,0.0000E+000
497.0417,0.0000E+000
497.0486,0.0000E+000
497.0556,0.0000E+000
497.0625,0.0000E+000
497.0694,0.0000E+000
497.0764,0.0000E+000
497.0833,0.0000E+000
497.0903,0.0000E+000
497.0972,0.0000E+000
497.1042,0.0000E+000
497.1111,0.0000E+000
497.1181,0.0000E+000
497.1250,0.0000E+000
497.1319,0.0000E+000
497.1389,0.0000E+000
497.1458,0.0000E+000
497.1528,0.0000E+000
497.1597,0.0000E+000
497.1667,0.0000E+000
497.1736,0.0000E+000
497.1806,0.0000E+000
497.1875,0.0000E+000
497.1944,0.0000E+000
497.2014,0.0000E+000
497.2083,0.0000E+000
497.2153,0.0000E+000
497.2222,0.0000E+000
497.2292,0.0000E+000
497.2361,0.0000E+000
497.2431,0.0000E+000
497.2500,0.0000E+000
497.2569,2.3392E-001
497.2639,3.7297E-001
497.2708,6.1339E-001
497.2778,1.0819E+000
497.2847,3.0163E+000
497.2917,6.1489E+000
497.2986,1.0784E+001
497.3056,1.4873E+001
497.3125,1.6532E+001
497.3194,2.2893E+001
497.3264,3.2810E+001
497.3333,3.7632E+001
497.3403,2.7016E+001
497.3472,2.7750E+001
497.3542,3.4762E+001
497.3611,3.6959E+001
497.3681,3.1198E+001
497.3750,2.9076E+001
497.3819,2.9268E+001
497.3889,2.8990E+001
497.3958,3.0873E+001
497.4028,2.0991E+001
497.4097,3.2436E+001
497.4167,4.1108E+001
497.4236,3.7358E+001
497.4306,4.3101E+001
497.4375,5.0297E+001
497.4444,1.0416E+002
497.4514,1.0519E+002
497.4583,1.5129E+002
497.4653,1.4738E+002
497.4722,1.5822E+002
497.4792,2.2854E+002
497.4861,2.2387E+002
497.4931,3.4858E+002
497.5000,3.8635E+002
497.5069,2.1454E+002
497.5139,3.5187E+002
497.5208,4.8099E+002
497.5278,4.1375E+002
497.5347,4.4624E+002
497.5417,5.6000E+002
497.5486,5.3786E+002
497.5556,4.3445E+002
497.5625,1.0771E+002
497.5694,1.1600E+002
497.5764,1.7324E+002
497.5833,2.0568E+002
497.5903,2.3324E+002
497.5972,2.0553E+002
497.6042,1.0734E+002
497.6111,1.0455E+002
497.6181,1.3143E+002
497.6250,1.8483E+002
497.6319,2.1001E+002
497.6389,1.8858E+002
497.6458,5.6419E+002
497.6528,4.6836E+002
497.6597,5.5529E+002
497.6667,3.6786E+002
497.6736,4.6281E+002
497.6806,4.2121E+002
497.6875,3.1592E+002
497.6944,1.6458E+002
497.7014,1.8543E+002
497.7083,2.1249E+002
497.7153,1.5843E+002
497.7222,1.5954E+002
497.7292,9.6038E+001
497.7361,9.5161E+001
497.7431,9.1776E+001
497.7500,9.1223E+001
497.7569,1.1859E+002
497.7639,1.2147E+002
497.7708,8.9782E+001
497.7778,5.0870E+001
497.7847,2.7101E+001
497.7917,2.0176E+001
497.7986,2.2764E+001
497.8056,1.4406E+001
497.8125,1.1027E+001
497.8194,9.3657E+000
497.8264,8.0777E+000
497.8333,6.8859E+000
497.8403,5.2957E+000
497.8472,3.7022E+000
497.8542,3.1609E+000
497.8611,2.2043E+000
497.8681,1.0989E+000
497.8750,2.0796E-002
497.8819,0.0000E+000
497.8889,0.0000E+000
497.8958,0.0000E+000
497.9028,0.0000E+000
497.9097,0.0000E+000
497.9167,0.0000E+000
497.9236,0.0000E+000
497.9306,0.0000E+000
497.9375,0.0000E+000
497.9444,0.0000E+000
497.9514,0.0000E+000
497.9583,0.0000E+000
497.9653,0.0000E+000
497.9722,0.0000E+000
497.9792,0.0000E+000
497.9861,0.0000E+000
497.9931,0.0000E+000
498.0000,0.0000E+000
498.0069,0.0000E+000
498.0139,0.0000E+000
498.0208,0.0000E+000
498.0278,0.0000E+000
498.0347,0.0000E+000
498.0417,0.0000E+000
498.0486,0.0000E+000
498.0556,0.0000E+000
498.0625,0.0000E+000
498.0694,0.0000E+000
498.0764,0.0000E+000
498.0833,0.0000E+000
498.0903,0.0000E+000
498.0972,0.0000E+000
498.1042,0.0000E+000
498.1111,0.0000E+000
498.1181,0.0000E+000
498.1250,0.0000E+000
498.1319,0.0000E+000
498.1389,0.0000E+000
498.1458,0.0000E+000
498.1528,0.0000E+000
498.1597,0.0000E+000
498.1667,0.0000E+000
498.1736,0.0000E+000
498.1806,0.0000E+000
498.1875,0.0000E+000
498.1944,0.0000E+000
498.2014,0.0000E+000
498.2083,0.0000E+000
498.2153,0.0000E+000
498.2222,0.0000E+000
498.2292,0.0000E+000
498.2361,1.4257E-012
498.2431,8.7088E-002
498.2500,1.0672E+000
498.2569,3.2125E+000
498.2639,5.1122E+000
498.2708,6.5798E+000
498.2778,7.6229E+000
498.2847,8.8207E+000
498.2917,1.0550E+001
498.2986,1.1303E+001
498.3056,1.4212E+001
498.3125,1.5883E+001
498.3194,1.7328E+001
498.3264,1.9381E+001
498.3333,2.2890E+001
498.3403,2.6596E+001
498.3472,2.7710E+001
498.3542,3.2765E+001
498.3611,3.7324E+001
498.3681,4.3172E+001
498.3750,7.4902E+001
498.3819,5.5009E+001
498.3889,7.0136E+001
498.3958,1.9822E+002
498.4028,2.9556E+002
498.4097,3.0524E+002
498.4167,3.6747E+002
498.4236,3.7953E+002
498.4306,4.0568E+002
498.4375,4.3551E+002
498.4444,4.5973E+002
498.4514,4.0650E+002
498.4583,3.4184E+002
498.4653,2.2532E+002
498.4722,8.3998E+001
498.4792,1.5348E+002
498.4861,2.9495E+002
498.4931,3.1320E+002
498.5000,2.3615E+002
498.5069,3.0555E+001
498.5139,3.6596E+001
498.5208,4.4576E+001
498.5278,6.4141E+001
498.5347,8.5155E+001
498.5417,3.6536E+002
498.5486,5.1297E+002
498.5556,3.4032E+002
498.5625,2.6313E+002
498.5694,2.8433E+002
498.5764,2.1802E+002
498.5833,1.3895E+002
498.5903,9.9826E+001
498.5972,7.1876E+001
498.6042,8.9778E+001
498.6111,1.5313E+002
498.6181,1.6558E+002
498.6250,9.0981E+001
498.6319,4.6200E+001
498.6389,2.3540E+002
498.6458,4.1314E+002
498.6528,5.7187E+002
498.6597,4.9923E+002
498.6667,4.2380E+002
498.6736,3.6899E+002
498.6806,3.4509E+002
498.6875,1.8688E+002
498.6944,2.7051E+002
498.7014,2.4570E+002
498.7083,2.3343E+002
498.7153,1.2916E+002
498.7222,1.2258E+002
498.7292,1.0731E+002
498.7361,1.2927E+002
498.7431,1.1128E+002
498.7500,6.0129E+001
498.7569,5.6193E+001
498.7639,5.5636E+001
498.7708,4.0972E+001
498.7778,3.6118E+001
498.7847,5.3767E+001
498.7917,4.4872E+001
498.7986,3.3910E+001
498.8056,3.8386E+001
498.8125,3.3677E+001
498.8194,3.0053E+001
498.8264,3.7142E+001
498.8333,3.1695E+001
498.8403,2.5208E+001
498.8472,1.6152E+001
498.8542,3.9006E+000
498.8611,1.0069E+000
498.8681,2.8990E-001
498.8750,0.0000E+000
498.8819,0.0000E+000
498.8889,0.0000E+000
498.8958,0.0000E+000
498.9028,0.0000E+000
498.9097,0.0000E+000
498.9167,0.0000E+000
498.9236,0.0000E+000
498.9306,0.0000E+000
498.9375,0.0000E+000
498.9444,0.0000E+000
498.9514,0.0000E+000
498.9583,0.0000E+000
498.9653,0.0000E+000
498.9722,0.0000E+000
498.9792,0.0000E+000
498.9861,0.0000E+000
498.9931,0.0000E+000
499.0000,0.0000E+000
499.0069,0.0000E+000
499.0139,0.0000E+000
499.0208,0.0000E+000
499.0278,0.0000E+000
499.0347,0.0000E+000
499.0417,0.0000E+000
499.0486,0.0000E+000
499.0556,0.0000E+000
499.0625,0.0000E+000
499.0694,0.0000E+000
499.0764,0.0000E+000
499.0833,0.0000E+000
499.0903,0.0000E+000
499.0972,0.0000E+000
499.1042,0.0000E+000
499.1111,0.0000E+000
499.1181,0.0000E+000
499.1250,0.0000E+000
499.1319,0.0000E+000
499.1389,0.0000E+000
499.1458,0.0000E+000
499.1528,0.0000E+000
499.1597,0.0000E+000
499.1667,0.0000E+000
499.1736,0.0000E+000
499.1806,0.0000E+000
499.1875,0.0000E+000
499.1944,0.0000E+000
499.2014,0.0000E+000
499.2083,0.0000E+000
499.2153,0.0000E+000
499.2222,2.5541E-013
499.2292,7.8006E-003
499.2361,2.4157E-012
499.2431,1.4756E-001
499.2500,1.1246E+000
499.2569,2.9669E+000
499.2639,5.9584E+000
499.2708,9.2614E+000
499.2778,1.0655E+001
499.2847,1.1502E+001
499.2917,1.2620E+001
499.2986,1.2898E+001
499.3056,1.3496E+001
499.3125,1.4389E+001
499.3194,1.6098E+001
499.3264,1.6843E+001
499.3333,1.6889E+001
499.3403,1.7728E+001
499.3472,1.8781E+001
499.3542,2.0405E+001
499.3611,2.1623E+001
499.3681,2.4329E+001
499.3750,6.1267E+001
499.3819,4.5464E+001
499.3889,7.8708E+001
499.3958,3.0138E+002
499.4028,3.5417E+002
499.4097,3.6139E+002
499.4167,4.0244E+002
499.4236,4.0639E+002
499.4306,4.4239E+002
499.4375,2.6725E+002
499.4444,3.1279E+002
499.4514,2.6793E+002
499.4583,3.9096E+002
499.4653,2.4926E+002
499.4722,1.6564E+002
499.4792,1.5610E+002
499.4861,2.2311E+002
499.4931,3.1009E+002
499.5000,1.8660E+002
499.5069,1.3930E+002
499.5139,4.9809E+002
499.5208,4.8827E+002
499.5278,7.4174E+001
499.5347,4.2351E+002
499.5417,5.8657E+002
499.5486,5.2302E+002
499.5556,4.1935E+002
499.5625,7.3315E+001
499.5694,1.2475E+002
499.5764,2.2327E+002
499.5833,9.4704E+001
499.5903,1.3205E+002
499.5972,6.8415E+001
499.6042,6.2384E+001
499.6111,1.2648E+002
499.6181,6.9258E+001
499.6250,3.9133E+001
499.6319,8.0056E+001
499.6389,3.1597E+002
499.6458,5.2224E+002
499.6528,3.5546E+002
499.6597,1.3480E+002
499.6667,2.2091E+001
499.6736,1.0799E+001
499.6806,1.7294E+001
499.6875,5.2382E+001
499.6944,9.2018E+001
499.7014,7.5801E+001
499.7083,7.0498E+001
499.7153,5.9173E+001
499.7222,1.1481E+002
499.7292,3.6302E+002
499.7361,6.6106E+001
499.7431,2.2520E+001
499.7500,5.3297E+000
499.7569,1.6128E+001
499.7639,1.1571E+002
499.7708,1.0021E+002
499.7778,4.8275E+001
499.7847,4.4244E+001
499.7917,4.5576E+001
499.7986,4.9186E+001
499.8056,5.1065E+001
499.8125,4.3770E+001
499.8194,3.3289E+001
499.8264,3.2157E+001
499.8333,3.9972E+001
499.8403,3.2012E+001
499.8472,1.8571E+001
499.8542,1.1375E+001
499.8611,7.6489E+000
499.8681,6.2693E+000
499.8750,2.8210E+000
499.8819,9.1020E-002
499.8889,1.4901E-012
499.8958,0.0000E+000
499.9028,0.0000E+000
499.9097,0.0000E+000
499.9167,0.0000E+000
499.9236,0.0000E+000
499.9306,0.0000E+000
499.9375,0.0000E+000
499.9444,0.0000E+000
499.9514,0.0000E+000
499.9583,0.0000E+000
499.9653,0.0000E+000
499.9722,0.0000E+000
499.9792,0.0000E+000
499.9861,0.0000E+000
499.9931,0.0000E+000
500.0000,0.0000E+000
500.0069,0.0000E+000
500.0139,0.0000E+000
500.0208,0.0000E+000
500.0278,0.0000E+000
500.0347,0.0000E+000
500.0417,0.0000E+000
500.0486,0.0000E+000
500.0556,0.0000E+000
500.0625,0.0000E+000
500.0694,0.0000E+000
500.0764,0.0000E+000
500.0833,0.0000E+000
500.0903,0.0000E+000
500.0972,0.0000E+000
500.1042,0.0000E+000
500.1111,0.0000E+000
500.1181,0.0000E+000
500.1250,0.0000E+000
500.1319,1.5753E-012
500.1389,2.4057E-002
500.1458,0.0000E+000
500.1528,0.0000E+000
500.1597,0.0000E+000
500.1667,0.0000E+000
500.1736,0.0000E+000
500.1806,0.0000E+000
500.1875,0.0000E+000
500.1944,0.0000E+000
500.2014,0.0000E+000
500.2083,0.0000E+000
500.2153,0.0000E+000
500.2222,0.0000E+000
500.2292,0.0000E+000
500.2361,7.4510E-014
500.2431,4.5514E-003
500.2500,2.5618E-001
500.2569,1.6346E+000
500.2639,3.3836E+000
500.2708,5.0930E+000
500.2778,8.7699E+000
500.2847,1.4492E+001
500.2917,2.7253E+001
500.2986,1.9479E+001
500.3056,1.1799E+001
500.3125,3.8988E+001
500.3194,3.0796E+001
500.3264,2.1689E+001
500.3333,2.5009E+001
500.3403,2.3963E+001
500.3472,1.1361E+001
500.3542,9.0828E+000
500.3611,1.8632E+001
500.3681,3.0200E+001
500.3750,3.1293E+001
500.3819,7.2403E+001
500.3889,7.4831E+001
500.3958,6.1485E+001
500.4028,2.5500E+001
500.4097,2.9999E+001
500.4167,6.1769E+001
500.4236,1.1556E+002
500.4306,1.0323E+002
500.4375,1.7627E+002
500.4444,1.3900E+002
500.4514,1.2880E+002
500.4583,1.2131E+002
500.4653,1.7277E+002
500.4722,1.8284E+002
500.4792,1.0590E+002
500.4861,8.7016E+001
500.4931,1.5610E+002
500.5000,3.1057E+002
500.5069,2.7394E+002
500.5139,2.1432E+002
500.5208,1.7525E+002
500.5278,1.1572E+002
500.5347,9.5828E+001
500.5417,6.9365E+001
500.5486,7.5430E+001
500.5556,1.3844E+002
500.5625,2.7581E+002
500.5694,3.4215E+002
500.5764,2.7636E+002
500.5833,2.0503E+002
500.5903,1.4301E+002
500.5972,1.3422E+002
500.6042,1.0874E+002
500.6111,9.2348E+001
500.6181,7.3568E+001
500.6250,6.8849E+001
500.6319,9.7202E+001
500.6389,1.0607E+002
500.6458,7.3064E+001
500.6528,8.2331E+001
500.6597,1.1044E+002
500.6667,1.4268E+002
500.6736,1.4234E+002
500.6806,6.0959E+001
500.6875,4.9379E+001
500.6944,6.7134E+001
500.7014,3.8519E+001
500.7083,3.0091E+001
500.7153,7.1436E+001
500.7222,3.8179E+001
500.7292,3.0114E+001
500.7361,3.1707E+001
500.7431,3.1855E+001
500.7500,3.1143E+001
500.7569,2.4336E+001
500.7639,4.0534E+001
500.7708,6.0540E+001
500.7778,6.2657E+001
500.7847,3.1048E+001
500.7917,4.1585E+001
500.7986,2.2253E+001
500.8056,2.2439E+001
500.8125,1.1011E+001
500.8194,4.7216E+000
500.8264,4.6300E-001
500.8333,3.2384E-001
500.8403,6.3272E-001
500.8472,1.1016E+000
500.8542,2.0386E+000
500.8611,9.2145E-001
500.8681,1.5412E-001
500.8750,7.8034E-003
500.8819,0.0000E+000
500.8889,0.0000E+000
500.8958,0.0000E+000
500.9028,0.0000E+000
500.9097,0.0000E+000
500.9167,0.0000E+000
500.9236,0.0000E+000
500.9306,0.0000E+000
500.9375,0.0000E+000
500.9444,0.0000E+000
500.9514,0.0000E+000
500.9583,0.0000E+000
500.9653,0.0000E+000
500.9722,2.6012E-003
500.9792,1.2775E-013
500.9861,0.0000E+000
500.9931,0.0000E+000
501.0000,0.0000E+000
501.0069,0.0000E+000
501.0139,0.0000E+000
501.0208,0.0000E+000
501.0278,0.0000E+000
501.0347,0.0000E+000
501.0417,0.0000E+000
501.0486,0.0000E+000
501.0556,0.0000E+000
501.0625,0.0000E+000
501.0694,0.0000E+000
501.0764,0.0000E+000
501.0833,0.0000E+000
501.0903,0.0000E+000
501.0972,0.0000E+000
501.1042,0.0000E+000
501.1111,0.0000E+000
501.1181,0.0000E+000
501.1250,0.0000E+000
501.1319,0.0000E+000
501.1389,0.0000E+000
501.1458,0.0000E+000
501.1528,0.0000E+000
501.1597,0.0000E+000
501.1667,0.0000E+000
501.1736,0.0000E+000
501.1806,0.0000E+000
501.1875,0.0000E+000
501.1944,0.0000E+000
501.2014,0.0000E+000
501.2083,0.0000E+000
501.2153,0.0000E+000
501.2222,0.0000E+000
501.2292,0.0000E+000
501.2361,0.0000E+000
501.2431,0.0000E+000
501.2500,6.3733E-002
501.2569,5.9181E-001
501.2639,1.4925E+000
501.2708,3.5639E+000
501.2778,1.8489E+000
501.2847,2.6287E+000
501.2917,1.3059E+000
501.2986,3.8981E+000
501.3056,1.9281E+001
501.3125,2.0857E+001
501.3194,3.2760E+001
501.3264,3.6347E+001
501.3333,2.8050E+001
501.3403,3.6832E+001
501.3472,9.2133E+001
501.3542,8.0374E+001
501.3611,9.3277E+001
501.3681,8.9903E+001
501.3750,9.2904E+001
501.3819,9.3979E+001
501.3889,1.3539E+002
501.3958,1.9608E+002
501.4028,7.8175E+001
501.4097,6.6959E+001
501.4167,1.8972E+002
501.4236,2.9323E+002
501.4306,3.2201E+002
501.4375,2.2360E+002
501.4444,3.4786E+002
501.4514,5.0712E+002
501.4583,1.5499E+002
501.4653,1.5992E+002
501.4722,3.1452E+002
501.4792,2.2579E+002
501.4861,1.6739E+002
501.4931,2.5226E+002
501.5000,3.8472E+002
501.5069,3.1150E+002
501.5139,1.3428E+002
501.5208,2.4598E+002
501.5278,8.7358E+001
501.5347,2.6129E+002
501.5417,4.1738E+002
501.5486,3.8259E+002
501.5556,4.9028E+002
501.5625,2.9093E+002
501.5694,2.1553E+002
501.5764,5.2570E+002
501.5833,1.4648E+002
501.5903,1.5238E+002
501.5972,1.6830E+002
501.6042,1.5099E+002
501.6111,2.2469E+002
501.6181,5.4647E+002
501.6250,5.7420E+002
501.6319,1.4845E+002
501.6389,2.1777E+002
501.6458,5.9423E+002
501.6528,5.2562E+002
501.6597,5.2120E+002
501.6667,4.4071E+002
501.6736,1.7081E+002
501.6806,1.1837E+002
501.6875,6.8483E+001
501.6944,1.6789E+002
501.7014,1.4155E+002
501.7083,8.8976E+001
501.7153,2.3737E+002
501.7222,1.9946E+002
501.7292,1.0937E+002
501.7361,1.2591E+002
501.7431,2.3343E+002
501.7500,6.0780E+001
501.7569,6.5902E+001
501.7639,5.2381E+001
501.7708,4.8712E+001
501.7778,3.1212E+001
501.7847,1.4176E+001
501.7917,3.5451E+001
501.7986,3.4288E+001
501.8056,1.7214E+001
501.8125,1.4387E+001
501.8194,1.9451E+001
501.8264,1.0349E+001
501.8333,1.7047E+001
501.8403,1.9097E+001
501.8472,3.4461E+001
501.8542,4.0236E+001
501.8611,2.7315E+001
501.8681,1.3080E+001
501.8750,2.2862E+000
501.8819,8.5010E-001
501.8889,4.6961E-001
501.8958,2.8359E-001
501.9028,1.5220E-001
501.9097,0.0000E+000
501.9167,0.0000E+000
501.9236,0.0000E+000
501.9306,0.0000E+000
501.9375,0.0000E+000
501.9444,0.0000E+000
501.9514,0.0000E+000
501.9583,8.1459E-012
501.9653,1.6586E-001
501.9722,1.1122E-001
501.9792,1.1643E-001
501.9861,0.0000E+000
501.9931,0.0000E+000
502.0000,0.0000E+000
502.0069,0.0000E+000
502.0139,0.0000E+000
502.0208,0.0000E+000
502.0278,0.0000E+000
502.0347,0.0000E+000
502.0417,0.0000E+000
502.0486,0.0000E+000
502.0556,0.0000E+000
502.0625,0.0000E+000
502.0694,0.0000E+000
502.0764,0.0000E+000
502.0833,0.0000E+000
502.0903,0.0000E+000
502.0972,7.4787E-002
502.1042,1.1121E-001
502.1111,2.5623E-001
502.1181,1.7364E-001
502.1250,1.6323E-001
502.1319,0.0000E+000
502.1389,0.0000E+000
502.1458,0.0000E+000
502.1528,0.0000E+000
502.1597,0.0000E+000
502.1667,0.0000E+000
502.1736,0.0000E+000
502.1806,0.0000E+000
502.1875,0.0000E+000
502.1944,0.0000E+000
502.2014,0.0000E+000
502.2083,0.0000E+000
502.2153,0.0000E+000
502.2222,0.0000E+000
502.2292,0.0000E+000
502.2361,1.4692E-012
502.2431,8.9745E-002
502.2500,1.9900E-001
502.2569,1.3527E-001
502.2639,5.5343E-001
502.2708,1.0724E+000
502.2778,3.5879E+000
502.2847,5.5285E+000
502.2917,4.7994E+000
502.2986,1.2508E+001
502.3056,8.5531E+000
502.3125,1.7627E+001
502.3194,2.6600E+001
502.3264,4.0914E+001
502.3333,5.0044E+001
502.3403,4.8000E+001
502.3472,3.9592E+001
502.3542,2.0300E+001
502.3611,2.3340E+001
502.3681,3.8615E+001
502.3750,6.0074E+001
502.3819,9.3349E+001
502.3889,6.6498E+001
502.3958,7.1598E+001
502.4028,7.0361E+001
502.4097,8.4354E+001
502.4167,1.4224E+002
502.4236,1.0493E+002
502.4306,8.8239E+001
502.4375,5.2001E+001
502.4444,8.9837E+001
502.4514,1.3356E+002
502.4583,2.8892E+002
502.4653,1.5153E+002
502.4722,1.9274E+002
502.4792,2.5293E+002
502.4861,9.0830E+001
502.4931,2.9703E+002
502.5000,1.3417E+002
502.5069,2.1887E+002
502.5139,1.7902E+002
502.5208,1.2273E+002
502.5278,1.4142E+002
502.5347,7.2790E+001
502.5417,1.2103E+001
502.5486,1.1828E+002
502.5556,9.2599E+001
502.5625,2.8995E+001
502.5694,3.0721E+001
502.5764,5.6823E+001
502.5833,4.5487E+002
502.5903,9.3864E+001
502.5972,1.8784E+002
502.6042,4.7338E+002
502.6111,3.3306E+002
502.6181,3.6705E+002
502.6250,3.8924E+002
502.6319,2.4066E+002
502.6389,4.8742E+002
502.6458,3.6131E+002
502.6528,4.4462E+002
502.6597,2.4592E+002
502.6667,1.5075E+002
502.6736,1.5662E+002
502.6806,3.1477E+002
502.6875,2.3780E+002
502.6944,3.7052E+002
502.7014,4.2508E+002
502.7083,3.2748E+002
502.7153,1.8985E+002
502.7222,1.1335E+002
502.7292,7.4725E+001
502.7361,6.9893E+001
502.7431,3.1307E+001
502.7500,1.9143E+001
502.7569,1.0875E+001
502.7639,6.0781E+000
502.7708,7.3232E+001
502.7778,1.0565E+002
502.7847,6.4230E+001
502.7917,3.1664E+001
502.7986,3.6752E+001
502.8056,4.0555E+001
502.8125,3.0580E+001
502.8194,2.3224E+001
502.8264,2.8941E+001
502.8333,3.0329E+001
502.8403,1.9648E+001
502.8472,2.8438E+001
502.8542,2.0790E+001
502.8611,1.8732E+001
502.8681,7.5915E+000
502.8750,1.3657E+000
502.8819,7.8041E-003
502.8889,1.2776E-013
502.8958,0.0000E+000
502.9028,0.0000E+000
502.9097,0.0000E+000
502.9167,0.0000E+000
502.9236,0.0000E+000
502.9306,0.0000E+000
502.9375,0.0000E+000
502.9444,0.0000E+000
502.9514,0.0000E+000
502.9583,0.0000E+000
502.9653,0.0000E+000
502.9722,0.0000E+000
502.9792,0.0000E+000
502.9861,0.0000E+000
502.9931,0.0000E+000
503.0000,0.0000E+000
503.0069,0.0000E+000
503.0139,0.0000E+000
503.0208,0.0000E+000
503.0278,0.0000E+000
503.0347,0.0000E+000
503.0417,0.0000E+000
503.0486,0.0000E+000
503.0556,0.0000E+000
503.0625,0.0000E+000
503.0694,0.0000E+000
503.0764,0.0000E+000
503.0833,0.0000E+000
503.0903,0.0000E+000
503.0972,0.0000E+000
503.1042,0.0000E+000
503.1111,0.0000E+000
503.1181,0.0000E+000
503.1250,0.0000E+000
503.1319,0.0000E+000
503.1389,0.0000E+000
503.1458,0.0000E+000
503.1528,0.0000E+000
503.1597,0.0000E+000
503.1667,0.0000E+000
503.1736,0.0000E+000
503.1806,0.0000E+000
503.1875,0.0000E+000
503.1944,0.0000E+000
503.2014,0.0000E+000
503.2083,0.0000E+000
503.2153,0.0000E+000
503.2222,0.0000E+000
503.2292,0.0000E+000
503.2361,2.9066E-012
503.2431,1.7755E-001
503.2500,5.3589E-001
503.2569,1.3547E+000
503.2639,6.6336E-002
503.2708,1.2526E+000
503.2778,4.7352E+000
503.2847,4.8770E+000
503.2917,1.1622E+001
503.2986,7.0778E+000
503.3056,1.5193E+001
503.3125,1.2141E+001
503.3194,1.3600E+001
503.3264,4.1777E+001
503.3333,4.6169E+001
503.3403,3.6020E+001
503.3472,3.1525E+001
503.3542,4.2696E+001
503.3611,4.3519E+001
503.3681,3.2183E+001
503.3750,1.4933E+001
503.3819,2.1029E+001
503.3889,6.5019E+001
503.3958,8.0504E+001
503.4028,1.0269E+002
503.4097,1.4273E+002
503.4167,1.7527E+002
503.4236,2.3129E+002
503.4306,2.6907E+002
503.4375,3.0448E+002
503.4444,1.9654E+002
503.4514,3.6716E+002
503.4583,2.1520E+002
503.4653,3.0143E+002
503.4722,3.9337E+002
503.4792,4.9122E+002
503.4861,3.3585E+002
503.4931,2.9088E+002
503.5000,5.8035E+001
503.5069,4.1929E+002
503.5139,5.0832E+002
503.5208,6.1653E+002
503.5278,3.6709E+002
503.5347,5.9530E+002
503.5417,6.0481E+002
503.5486,4.5224E+002
503.5556,4.1766E+002
503.5625,7.5847E+001
503.5694,7.7021E+001
503.5764,3.4733E+002
503.5833,5.8726E+002
503.5903,5.9895E+002
503.5972,6.0346E+002
503.6042,4.0241E+002
503.6111,3.1136E+002
503.6181,1.9898E+002
503.6250,1.4373E+002
503.6319,1.8154E+002
503.6389,5.7442E+002
503.6458,6.1615E+002
503.6528,4.3984E+002
503.6597,2.9674E+002
503.6667,1.3990E+002
503.6736,4.1956E+001
503.6806,6.4778E+001
503.6875,1.9531E+002
503.6944,5.1581E+002
503.7014,4.2429E+002
503.7083,2.7874E+002
503.7153,3.3027E+002
503.7222,8.6351E+001
503.7292,1.0885E+002
503.7361,6.8640E+001
503.7431,7.4992E+001
503.7500,6.8645E+001
503.7569,7.5734E+001
503.7639,7.9179E+001
503.7708,7.1627E+001
503.7778,3.3077E+001
503.7847,3.6473E+001
503.7917,5.1921E+001
503.7986,5.4645E+001
503.8056,5.9785E+001
503.8125,5.3586E+001
503.8194,2.4019E+001
503.8264,2.6244E+001
503.8333,3.2260E+001
503.8403,1.9165E+001
503.8472,1.5952E+001
503.8542,1.4069E+001
503.8611,1.1260E+001
503.8681,5.1717E+000
503.8750,1.0907E+000
503.8819,1.1056E-001
503.8889,1.8100E-012
503.8958,0.0000E+000
503.9028,0.0000E+000
503.9097,0.0000E+000
503.9167,0.0000E+000
503.9236,0.0000E+000
503.9306,0.0000E+000
503.9375,0.0000E+000
503.9444,0.0000E+000
503.9514,0.0000E+000
503.9583,0.0000E+000
503.9653,0.0000E+000
503.9722,0.0000E+000
503.9792,0.0000E+000
503.9861,0.0000E+000
503.9931,0.0000E+000
504.0000,0.0000E+000
504.0069,0.0000E+000
504.0139,0.0000E+000
504.0208,0.0000E+000
504.0278,0.0000E+000
504.0347,0.0000E+000
504.0417,0.0000E+000
504.0486,0.0000E+000
504.0556,0.0000E+000
504.0625,0.0000E+000
504.0694,0.0000E+000
504.0764,0.0000E+000
504.0833,0.0000E+000
504.0903,0.0000E+000
504.0972,0.0000E+000
504.1042,0.0000E+000
504.1111,0.0000E+000
504.1181,0.0000E+000
504.1250,0.0000E+000
504.1319,0.0000E+000
504.1389,0.0000E+000
504.1458,0.0000E+000
504.1528,0.0000E+000
504.1597,0.0000E+000
504.1667,0.0000E+000
504.1736,0.0000E+000
504.1806,0.0000E+000
504.1875,0.0000E+000
504.1944,0.0000E+000
504.2014,0.0000E+000
504.2083,0.0000E+000
504.2153,0.0000E+000
504.2222,0.0000E+000
504.2292,0.0000E+000
504.2361,2.0877E-001
504.2431,1.3417E+000
504.2500,3.0607E+000
504.2569,5.4163E+000
504.2639,6.6215E+000
504.2708,7.1756E+000
504.2778,8.0835E+000
504.2847,7.4175E+000
504.2917,9.2958E+000
504.2986,2.1806E+001
504.3056,2.8211E+001
504.3125,4.4649E+001
504.3194,4.2461E+001
504.3264,5.2479E+001
504.3333,7.5304E+001
504.3403,1.0043E+002
504.3472,1.0881E+002
504.3542,1.1381E+002
504.3611,1.1450E+002
504.3681,9.9332E+001
504.3750,1.2683E+002
504.3819,1.4194E+002
504.3889,1.0481E+002
504.3958,6.9573E+001
504.4028,7.9229E+001
504.4097,1.2764E+002
504.4167,1.2914E+002
504.4236,2.6035E+002
504.4306,3.4851E+002
504.4375,4.5846E+002
504.4444,4.5360E+002
504.4514,3.9261E+002
504.4583,4.4983E+002
504.4653,3.8030E+002
504.4722,4.5575E+002
504.4792,4.6511E+002
504.4861,4.6975E+002
504.4931,5.1978E+002
504.5000,5.4119E+002
504.5069,5.4936E+002
504.5139,5.5329E+002
504.5208,6.2020E+002
504.5278,5.7496E+002
504.5347,2.9212E+002
504.5417,5.7015E+002
504.5486,2.7956E+002
504.5556,3.7175E+002
504.5625,2.5537E+002
504.5694,2.2355E+002
504.5764,2.1084E+002
504.5833,1.6608E+002
504.5903,1.8804E+002
504.5972,1.7997E+002
504.6042,4.5604E+002
504.6111,4.4408E+002
504.6181,2.1767E+002
504.6250,1.7136E+002
504.6319,1.7372E+002
504.6389,1.6995E+002
504.6458,1.6999E+002
504.6528,1.6519E+002
504.6597,1.7682E+002
504.6667,1.8047E+002
504.6736,2.0059E+002
504.6806,2.8016E+002
504.6875,3.7506E+002
504.6944,3.5425E+002
504.7014,2.3567E+002
504.7083,1.6931E+002
504.7153,1.0461E+002
504.7222,1.1228E+002
504.7292,1.5856E+002
504.7361,1.8735E+002
504.7431,2.0604E+002
504.7500,8.8842E+001
504.7569,7.5135E+001
504.7639,7.2486E+001
504.7708,4.6689E+001
504.7778,2.7075E+001
504.7847,1.9657E+001
504.7917,1.3546E+001
504.7986,2.7394E+001
504.8056,3.1517E+001
504.8125,2.9973E+001
504.8194,2.6371E+001
504.8264,2.2925E+001
504.8333,1.9525E+001
504.8403,1.4519E+001
504.8472,8.8323E+000
504.8542,7.6759E+000
504.8611,1.1258E+001
504.8681,8.2190E+000
504.8750,2.6354E+000
504.8819,1.3008E-002
504.8889,2.1295E-013
504.8958,0.0000E+000
504.9028,0.0000E+000
504.9097,0.0000E+000
504.9167,0.0000E+000
504.9236,0.0000E+000
504.9306,0.0000E+000
504.9375,0.0000E+000
504.9444,0.0000E+000
504.9514,0.0000E+000
504.9583,0.0000E+000
504.9653,0.0000E+000
504.9722,0.0000E+000
504.9792,0.0000E+000
504.9861,0.0000E+000
504.9931,0.0000E+000
505.0000,0.0000E+000
505.0069,0.0000E+000
505.0139,0.0000E+000
505.0208,0.0000E+000
505.0278,0.0000E+000
505.0347,0.0000E+000
505.0417,0.0000E+000
505.0486,0.0000E+000
505.0556,0.0000E+000
505.0625,0.0000E+000
505.0694,0.0000E+000
505.0764,0.0000E+000
505.0833,0.0000E+000
505.0903,0.0000E+000
505.0972,0.0000E+000
505.1042,0.0000E+000
505.1111,0.0000E+000
505.1181,0.0000E+000
505.1250,0.0000E+000
505.1319,0.0000E+000
505.1389,0.0000E+000
505.1458,0.0000E+000
505.1528,0.0000E+000
505.1597,0.0000E+000
505.1667,0.0000E+000
505.1736,0.0000E+000
505.1806,0.0000E+000
505.1875,0.0000E+000
505.1944,0.0000E+000
505.2014,0.0000E+000
505.2083,0.0000E+000
505.2153,0.0000E+000
505.2222,0.0000E+000
505.2292,0.0000E+000
505.2361,0.0000E+000
505.2431,0.0000E+000
505.2500,8.7804E-002
505.2569,1.1441E+000
505.2639,2.6803E+000
505.2708,5.3736E+000
505.2778,8.0858E+000
505.2847,9.3482E+000
505.2917,1.0417E+001
505.2986,9.5836E+000
505.3056,2.4484E+001
505.3125,2.9178E+001
505.3194,4.0988E+001
505.3264,5.9603E+001
505.3333,6.8672E+001
505.3403,6.8757E+001
505.3472,7.8972E+001
505.3542,7.7752E+001
505.3611,9.1766E+001
505.3681,1.0096E+002
505.3750,8.2396E+001
505.3819,1.2660E+002
505.3889,1.4082E+002
505.3958,2.1262E+002
505.4028,3.1197E+002
505.4097,2.6083E+002
505.4167,1.4162E+002
505.4236,9.4646E+001
505.4306,1.2281E+002
505.4375,1.4953E+002
505.4444,2.9004E+002
505.4514,2.5480E+002
505.4583,1.8742E+002
505.4653,4.1263E+002
505.4722,3.9093E+002
505.4792,1.8651E+002
505.4861,9.1394E+001
505.4931,1.8713E+002
505.5000,1.7136E+002
505.5069,4.0728E+001
505.5139,4.9742E+001
505.5208,9.8771E+001
505.5278,1.7810E+002
505.5347,2.2584E+002
505.5417,1.6716E+002
505.5486,1.3215E+002
505.5556,1.0161E+002
505.5625,1.5946E+002
505.5694,2.4159E+002
505.5764,2.0888E+002
505.5833,2.5918E+002
505.5903,3.2584E+002
505.5972,3.5158E+002
505.6042,1.0742E+002
505.6111,1.3440E+002
505.6181,5.7006E+002
505.6250,6.5325E+002
505.6319,1.7237E+002
505.6389,3.9251E+002
505.6458,3.3502E+002
505.6528,2.4047E+002
505.6597,2.2095E+002
505.6667,3.0448E+002
505.6736,1.8161E+002
505.6806,1.9933E+002
505.6875,3.4807E+002
505.6944,1.7672E+002
505.7014,1.5727E+002
505.7083,1.8661E+002
505.7153,1.9097E+002
505.7222,2.2118E+002
505.7292,1.7000E+002
505.7361,1.2029E+002
505.7431,1.1298E+002
505.7500,1.1555E+002
505.7569,1.0300E+002
505.7639,9.8446E+001
505.7708,7.2337E+001
505.7778,5.8986E+001
505.7847,6.9675E+001
505.7917,5.7195E+001
505.7986,6.0639E+001
505.8056,4.7373E+001
505.8125,3.2893E+001
505.8194,2.3202E+001
505.8264,1.5441E+001
505.8333,1.5188E+001
505.8403,1.0881E+001
505.8472,9.0388E+000
505.8542,6.8931E+000
505.8611,5.0075E+000
505.8681,1.7711E+000
505.8750,1.7626E-001
505.8819,0.0000E+000
505.8889,0.0000E+000
505.8958,0.0000E+000
505.9028,0.0000E+000
505.9097,0.0000E+000
505.9167,0.0000E+000
505.9236,0.0000E+000
505.9306,0.0000E+000
505.9375,0.0000E+000
505.9444,0.0000E+000
505.9514,0.0000E+000
505.9583,0.0000E+000
505.9653,0.0000E+000
505.9722,0.0000E+000
505.9792,0.0000E+000
505.9861,0.0000E+000
505.9931,0.0000E+000
506.0000,0.0000E+000
506.0069,0.0000E+000
506.0139,0.0000E+000
506.0208,0.0000E+000
506.0278,0.0000E+000
506.0347,0.0000E+000
506.0417,0.0000E+000
506.0486,0.0000E+000
506.0556,0.0000E+000
506.0625,0.0000E+000
506.0694,0.0000E+000
506.0764,0.0000E+000
506.0833,0.0000E+000
506.0903,0.0000E+000
506.0972,0.0000E+000
506.1042,0.0000E+000
506.1111,0.0000E+000
506.1181,0.0000E+000
506.1250,0.0000E+000
506.1319,0.0000E+000
506.1389,0.0000E+000
506.1458,0.0000E+000
506.1528,0.0000E+000
506.1597,0.0000E+000
506.1667,0.0000E+000
506.1736,0.0000E+000
506.1806,0.0000E+000
506.1875,0.0000E+000
506.1944,0.0000E+000
506.2014,0.0000E+000
506.2083,0.0000E+000
506.2153,0.0000E+000
506.2222,0.0000E+000
506.2292,0.0000E+000
506.2361,1.5440E-012
506.2431,9.4311E-002
506.2500,1.2839E+000
506.2569,2.3500E+000
506.2639,5.5423E+000
506.2708,1.0696E+001
506.2778,1.5549E+001
506.2847,2.1193E+001
506.2917,2.5819E+001
506.2986,3.3296E+001
506.3056,3.4591E+001
506.3125,4.1152E+001
506.3194,4.7658E+001
506.3264,5.8285E+001
506.3333,6.8069E+001
506.3403,7.6903E+001
506.3472,8.1563E+001
506.3542,8.2922E+001
506.3611,1.0092E+002
506.3681,1.0908E+002
506.3750,1.1899E+002
506.3819,9.5138E+001
506.3889,8.6194E+001
506.3958,1.1133E+002
506.4028,1.3121E+002
506.4097,1.0398E+002
506.4167,1.0866E+002
506.4236,9.1018E+001
506.4306,1.0799E+002
506.4375,1.1328E+002
506.4444,1.2884E+002
506.4514,1.5420E+002
506.4583,1.7197E+002
506.4653,1.8103E+002
506.4722,1.6009E+002
506.4792,1.9854E+002
506.4861,2.6882E+002
506.4931,2.3105E+002
506.5000,2.3327E+002
506.5069,2.1592E+002
506.5139,2.5814E+002
506.5208,3.0715E+002
506.5278,2.9226E+002
506.5347,3.7970E+002
506.5417,3.6068E+002
506.5486,2.9414E+002
506.5556,2.5301E+002
506.5625,3.9697E+002
506.5694,1.6746E+002
506.5764,1.4553E+002
506.5833,1.6767E+002
506.5903,2.0952E+002
506.5972,1.5598E+002
506.6042,1.0963E+002
506.6111,1.7658E+002
506.6181,2.0944E+002
506.6250,2.0146E+002
506.6319,2.0351E+002
506.6389,2.3290E+002
506.6458,1.7287E+002
506.6528,2.1120E+002
506.6597,1.4657E+002
506.6667,1.5055E+002
506.6736,1.6656E+002
506.6806,2.0969E+002
506.6875,2.4668E+002
506.6944,9.6315E+001
506.7014,1.6503E+002
506.7083,2.9355E+002
506.7153,2.3400E+002
506.7222,1.6108E+002
506.7292,1.9015E+002
506.7361,3.4287E+002
506.7431,2.8541E+002
506.7500,1.2060E+002
506.7569,7.0138E+001
506.7639,3.2230E+001
506.7708,3.2371E+001
506.7778,4.2881E+001
506.7847,7.2550E+001
506.7917,8.0640E+001
506.7986,8.3269E+001
506.8056,6.9164E+001
506.8125,7.5736E+001
506.8194,5.5483E+001
506.8264,7.0618E+001
506.8333,2.5296E+001
506.8403,1.1547E+001
506.8472,7.4299E+000
506.8542,6.2572E+000
506.8611,4.4256E+000
506.8681,2.1100E+000
506.8750,5.1970E-001
506.8819,1.5350E-001
506.8889,2.5130E-012
506.8958,0.0000E+000
506.9028,0.0000E+000
506.9097,0.0000E+000
506.9167,0.0000E+000
506.9236,0.0000E+000
506.9306,0.0000E+000
506.9375,0.0000E+000
506.9444,0.0000E+000
506.9514,0.0000E+000
506.9583,0.0000E+000
506.9653,0.0000E+000
506.9722,0.0000E+000
506.9792,0.0000E+000
506.9861,0.0000E+000
506.9931,0.0000E+000
507.0000,0.0000E+000
507.0069,0.0000E+000
507.0139,0.0000E+000
507.0208,0.0000E+000
507.0278,0.0000E+000
507.0347,5.3454E-012
507.0417,1.6326E-001
507.0486,3.9026E-003
507.0556,2.5556E-013
507.0625,0.0000E+000
507.0694,0.0000E+000
507.0764,0.0000E+000
507.0833,0.0000E+000
507.0903,0.0000E+000
507.0972,0.0000E+000
507.1042,0.0000E+000
507.1111,0.0000E+000
507.1181,0.0000E+000
507.1250,0.0000E+000
507.1319,0.0000E+000
507.1389,0.0000E+000
507.1458,0.0000E+000
507.1528,0.0000E+000
507.1597,0.0000E+000
507.1667,0.0000E+000
507.1736,0.0000E+000
507.1806,0.0000E+000
507.1875,0.0000E+000
507.1944,0.0000E+000
507.2014,0.0000E+000
507.2083,0.0000E+000
507.2153,0.0000E+000
507.2222,0.0000E+000
507.2292,0.0000E+000
507.2361,8.1306E-002
507.2431,8.1436E-001
507.2500,3.5222E+000
507.2569,6.7510E+000
507.2639,1.5875E+001
507.2708,1.2001E+001
507.2778,1.6395E+001
507.2847,1.6769E+001
507.2917,2.0137E+001
507.2986,1.7797E+001
507.3056,2.4854E+001
507.3125,3.8759E+001
507.3194,4.2270E+001
507.3264,4.2518E+001
507.3333,5.2697E+001
507.3403,4.2977E+001
507.3472,4.4469E+001
507.3542,6.1068E+001
507.3611,6.8607E+001
507.3681,9.2431E+001
507.3750,9.3748E+001
507.3819,8.0550E+001
507.3889,1.1094E+002
507.3958,1.0410E+002
507.4028,1.0115E+002
507.4097,1.0081E+002
507.4167,2.1025E+002
507.4236,4.1490E+002
507.4306,2.8672E+002
507.4375,1.4171E+002
507.4444,1.5725E+002
507.4514,2.2982E+002
507.4583,2.1298E+002
507.4653,1.9224E+002
507.4722,2.9062E+002
507.4792,2.3315E+002
507.4861,1.2342E+002
507.4931,1.2542E+002
507.5000,1.9132E+002
507.5069,2.1795E+002
507.5139,5.2245E+002
507.5208,3.8560E+002
507.5278,2.4175E+002
507.5347,1.6720E+002
507.5417,3.4086E+002
507.5486,4.8324E+002
507.5556,1.3636E+002
507.5625,2.9428E+002
507.5694,3.8630E+002
507.5764,3.0367E+002
507.5833,2.1538E+002
507.5903,5.1174E+002
507.5972,6.4123E+002
507.6042,2.6266E+002
507.6111,4.7649E+002
507.6181,3.5219E+002
507.6250,4.4859E+002
507.6319,3.3641E+002
507.6389,5.8440E+002
507.6458,3.6046E+002
507.6528,2.9783E+002
507.6597,4.4254E+002
507.6667,3.6808E+002
507.6736,2.0944E+002
507.6806,2.5987E+002
507.6875,2.1817E+002
507.6944,2.3178E+002
507.7014,1.7676E+002
507.7083,3.5131E+002
507.7153,3.0374E+002
507.7222,3.1868E+002
507.7292,2.3308E+002
507.7361,2.3955E+002
507.7431,3.2166E+002
507.7500,1.4135E+002
507.7569,7.3939E+001
507.7639,2.9706E+001
507.7708,3.4388E+001
507.7778,4.9402E+001
507.7847,4.3944E+001
507.7917,4.0237E+001
507.7986,3.0052E+001
507.8056,2.4844E+001
507.8125,2.0338E+001
507.8194,2.9851E+001
507.8264,3.7889E+001
507.8333,2.5140E+001
507.8403,1.7134E+001
507.8472,1.2078E+001
507.8542,5.1562E+000
507.8611,9.1715E-002
507.8681,2.5173E-001
507.8750,6.6542E-001
507.8819,5.3988E-002
507.8889,7.8055E-003
507.8958,0.0000E+000
507.9028,0.0000E+000
507.9097,0.0000E+000
507.9167,0.0000E+000
507.9236,0.0000E+000
507.9306,0.0000E+000
507.9375,0.0000E+000
507.9444,0.0000E+000
507.9514,0.0000E+000
507.9583,0.0000E+000
507.9653,0.0000E+000
507.9722,0.0000E+000
507.9792,0.0000E+000
507.9861,0.0000E+000
507.9931,0.0000E+000
508.0000,0.0000E+000
508.0069,1.6912E-002
508.0139,2.7687E-013
508.0208,0.0000E+000
508.0278,0.0000E+000
508.0347,0.0000E+000
508.0417,0.0000E+000
508.0486,0.0000E+000
508.0556,0.0000E+000
508.0625,0.0000E+000
508.0694,0.0000E+000
508.0764,0.0000E+000
508.0833,0.0000E+000
508.0903,0.0000E+000
508.0972,0.0000E+000
508.1042,0.0000E+000
508.1111,0.0000E+000
508.1181,0.0000E+000
508.1250,0.0000E+000
508.1319,0.0000E+000
508.1389,0.0000E+000
508.1458,0.0000E+000
508.1528,0.0000E+000
508.1597,0.0000E+000
508.1667,0.0000E+000
508.1736,0.0000E+000
508.1806,0.0000E+000
508.1875,0.0000E+000
508.1944,0.0000E+000
508.2014,0.0000E+000
508.2083,0.0000E+000
508.2153,0.0000E+000
508.2222,0.0000E+000
508.2292,0.0000E+000
508.2361,3.9028E-003
508.2431,7.9943E-001
508.2500,2.5297E+000
508.2569,7.9676E+000
508.2639,5.3560E+000
508.2708,4.4303E+000
508.2778,6.2946E+000
508.2847,6.7948E+000
508.2917,7.4843E+000
508.2986,1.3110E+001
508.3056,2.5675E+001
508.3125,2.8950E+001
508.3194,3.1023E+001
508.3264,4.3892E+001
508.3333,6.1363E+001
508.3403,4.4630E+001
508.3472,3.9657E+001
508.3542,5.7550E+001
508.3611,9.7143E+001
508.3681,7.7367E+001
508.3750,6.4087E+001
508.3819,8.0238E+001
508.3889,9.2538E+001
508.3958,1.0183E+002
508.4028,9.5964E+001
508.4097,8.0138E+001
508.4167,6.6988E+001
508.4236,7.1624E+001
508.4306,1.5037E+002
508.4375,1.3806E+002
508.4444,2.1085E+002
508.4514,2.2050E+002
508.4583,3.4500E+002
508.4653,2.2911E+002
508.4722,9.5440E+001
508.4792,7.2635E+001
508.4861,2.1928E+002
508.4931,5.5180E+002
508.5000,1.7523E+002
508.5069,6.7119E+001
508.5139,3.0497E+002
508.5208,5.5385E+002
508.5278,4.3346E+002
508.5347,5.2310E+002
508.5417,9.4858E+001
508.5486,4.7404E+002
508.5556,2.0434E+002
508.5625,6.5218E+001
508.5694,5.2138E+001
508.5764,1.2445E+002
508.5833,1.4770E+002
508.5903,3.8624E+002
508.5972,6.4628E+002
508.6042,5.5604E+002
508.6111,6.7888E+002
508.6181,5.5174E+002
508.6250,3.4311E+002
508.6319,5.7682E+002
508.6389,5.3687E+002
508.6458,5.4886E+002
508.6528,4.7514E+002
508.6597,2.1486E+002
508.6667,3.2192E+002
508.6736,1.2122E+002
508.6806,2.5045E+002
508.6875,2.3534E+002
508.6944,1.7103E+002
508.7014,1.9122E+002
508.7083,3.1717E+002
508.7153,2.4507E+002
508.7222,3.2373E+002
508.7292,1.5999E+002
508.7361,1.1208E+002
508.7431,7.2440E+001
508.7500,8.0606E+001
508.7569,7.9145E+001
508.7639,3.5577E+001
508.7708,4.2282E+001
508.7778,3.0574E+001
508.7847,3.2111E+001
508.7917,5.3129E+001
508.7986,7.1142E+001
508.8056,2.8269E+001
508.8125,3.5052E+001
508.8194,3.8671E+001
508.8264,1.2616E+001
508.8333,8.3476E+000
508.8403,6.2817E+000
508.8472,5.9695E+000
508.8542,4.8019E+000
508.8611,3.3285E+000
508.8681,1.6711E+000
508.8750,9.9524E-001
508.8819,5.8544E-002
508.8889,9.5841E-013
508.8958,0.0000E+000
508.9028,0.0000E+000
508.9097,0.0000E+000
508.9167,0.0000E+000
508.9236,0.0000E+000
508.9306,0.0000E+000
508.9375,0.0000E+000
508.9444,0.0000E+000
508.9514,0.0000E+000
508.9583,0.0000E+000
508.9653,0.0000E+000
508.9722,0.0000E+000
508.9792,0.0000E+000
508.9861,0.0000E+000
508.9931,0.0000E+000
509.0000,0.0000E+000
509.0069,0.0000E+000
509.0139,0.0000E+000
509.0208,0.0000E+000
509.0278,0.0000E+000
509.0347,0.0000E+000
509.0417,0.0000E+000
509.0486,0.0000E+000
509.0556,0.0000E+000
509.0625,0.0000E+000
509.0694,0.0000E+000
509.0764,0.0000E+000
509.0833,0.0000E+000
509.0903,0.0000E+000
509.0972,0.0000E+000
509.1042,0.0000E+000
509.1111,0.0000E+000
509.1181,0.0000E+000
509.1250,0.0000E+000
509.1319,0.0000E+000
509.1389,0.0000E+000
509.1458,0.0000E+000
509.1528,0.0000E+000
509.1597,0.0000E+000
509.1667,0.0000E+000
509.1736,0.0000E+000
509.1806,0.0000E+000
509.1875,0.0000E+000
509.1944,0.0000E+000
509.2014,0.0000E+000
509.2083,0.0000E+000
509.2153,0.0000E+000
509.2222,6.3469E-012
509.2292,1.9385E-001
509.2361,6.6871E-001
509.2431,1.7492E+000
509.2500,4.5710E+000
509.2569,7.0253E+000
509.2639,1.0832E+001
509.2708,1.4296E+001
509.2778,1.9662E+001
509.2847,2.2414E+001
509.2917,2.3299E+001
509.2986,3.3925E+001
509.3056,4.0014E+001
509.3125,4.1180E+001
509.3194,4.7869E+001
509.3264,5.6289E+001
509.3333,6.8681E+001
509.3403,7.4375E+001
509.3472,7.9634E+001
509.3542,8.4817E+001
509.3611,9.6755E+001
509.3681,1.0278E+002
509.3750,1.0947E+002
509.3819,1.1616E+002
509.3889,1.1504E+002
509.3958,1.5872E+002
509.4028,2.6753E+002
509.4097,2.9815E+002
509.4167,3.8371E+002
509.4236,3.9727E+002
509.4306,3.8681E+002
509.4375,3.3367E+002
509.4444,3.1925E+002
509.4514,3.8872E+002
509.4583,4.2458E+002
509.4653,4.6976E+002
509.4722,4.6624E+002
509.4792,4.4355E+002
509.4861,3.8025E+002
509.4931,4.5637E+002
509.5000,4.9190E+002
509.5069,4.3523E+002
509.5139,3.5171E+002
509.5208,4.8535E+002
509.5278,5.4545E+002
509.5347,5.6576E+002
509.5417,4.3869E+002
509.5486,6.0601E+002
509.5556,6.0234E+002
509.5625,5.7917E+002
509.5694,5.4431E+002
509.5764,5.3991E+002
509.5833,3.7123E+002
509.5903,2.3481E+002
509.5972,8.4030E+001
509.6042,1.9234E+002
509.6111,1.1181E+002
509.6181,2.7138E+001
509.6250,9.9363E+001
509.6319,8.1524E+001
509.6389,1.6170E+002
509.6458,1.8986E+002
509.6528,1.1725E+002
509.6597,1.0105E+002
509.6667,1.1327E+002
509.6736,9.2657E+001
509.6806,9.9586E+001
509.6875,1.0226E+002
509.6944,9.4536E+001
509.7014,9.4966E+001
509.7083,6.1461E+001
509.7153,6.6089E+001
509.7222,6.7508E+001
509.7292,6.5461E+001
509.7361,4.9691E+001
509.7431,6.1332E+001
509.7500,6.1076E+001
509.7569,7.6099E+001
509.7639,1.0399E+002
509.7708,7.5691E+001
509.7778,8.3954E+001
509.7847,4.6000E+001
509.7917,4.3316E+001
509.7986,5.7592E+001
509.8056,3.4475E+001
509.8125,5.6043E+001
509.8194,4.6659E+001
509.8264,2.7681E+001
509.8333,2.8946E+001
509.8403,1.4094E+001
509.8472,8.2257E+000
509.8542,4.7786E+000
509.8611,5.9138E+000
509.8681,6.7002E-001
509.8750,6.3099E-002
509.8819,1.0876E+000
509.8889,1.1052E+000
509.8958,3.7079E-002
509.9028,1.2140E-012
509.9097,0.0000E+000
509.9167,0.0000E+000
509.9236,0.0000E+000
509.9306,0.0000E+000
509.9375,0.0000E+000
509.9444,0.0000E+000
509.9514,0.0000E+000
509.9583,0.0000E+000
509.9653,0.0000E+000
509.9722,0.0000E+000
509.9792,0.0000E+000
509.9861,0.0000E+000
509.9931,0.0000E+000
510.0000,0.0000E+000
510.0069,0.0000E+000
510.0139,0.0000E+000
510.0208,0.0000E+000
510.0278,0.0000E+000
510.0347,6.5051E-003
510.0417,3.1948E-013
510.0486,0.0000E+000
510.0556,0.0000E+000
510.0625,1.8214E-002
510.0694,1.1059E-002
510.0764,4.2283E-002
510.0833,3.0574E-002
510.0903,7.0255E-002
510.0972,4.6186E-002
510.1042,2.2683E-012
510.1111,1.4832E-001
510.1181,2.6281E-001
510.1250,9.1072E-003
510.1319,8.8178E-012
510.1389,1.3466E-001
510.1458,4.7813E-001
510.1528,2.1532E-001
510.1597,3.7405E-001
510.1667,1.0408E-001
510.1736,4.1698E-001
510.1806,4.2544E-001
510.1875,3.2135E-001
510.1944,1.6913E-002
510.2014,2.7689E-013
510.2083,0.0000E+000
510.2153,0.0000E+000
510.2222,0.0000E+000
510.2292,0.0000E+000
510.2361,0.0000E+000
510.2431,0.0000E+000
510.2500,4.9439E-002
510.2569,4.1958E-001
510.2639,2.5708E+000
510.2708,4.0215E+000
510.2778,4.9322E+000
510.2847,1.1951E+001
510.2917,1.4204E+001
510.2986,8.0846E+000
510.3056,1.5772E+001
510.3125,1.5709E+001
510.3194,3.0233E+001
510.3264,2.7146E+001
510.3333,5.0629E+001
510.3403,6.1345E+001
510.3472,5.1108E+001
510.3542,5.6638E+001
510.3611,5.9530E+001
510.3681,5.0824E+001
510.3750,5.9969E+001
510.3819,6.1151E+001
510.3889,5.5595E+001
510.3958,7.7634E+001
510.4028,1.0391E+002
510.4097,1.0251E+002
510.4167,1.0407E+002
510.4236,9.5001E+001
510.4306,4.9432E+001
510.4375,6.6990E+001
510.4444,1.0291E+002
510.4514,9.5770E+001
510.4583,6.5466E+001
510.4653,8.5715E+001
510.4722,1.2572E+002
510.4792,1.4503E+002
510.4861,1.0860E+002
510.4931,1.4626E+002
510.5000,2.5647E+002
510.5069,2.4109E+002
510.5139,8.8771E+001
510.5208,5.5661E+001
510.5278,7.4407E+001
510.5347,7.2664E+001
510.5417,9.7974E+001
510.5486,1.4435E+002
510.5556,1.4312E+002
510.5625,3.4604E+002
510.5694,6.0463E+002
510.5764,5.8711E+002
510.5833,5.9427E+002
510.5903,5.6718E+002
510.5972,4.4009E+002
510.6042,6.2124E+002
510.6111,3.8366E+002
510.6181,3.4371E+002
510.6250,2.4007E+002
510.6319,5.8052E+002
510.6389,5.6816E+002
510.6458,5.3117E+002
510.6528,2.2056E+002
510.6597,1.3083E+002
510.6667,1.8402E+002
510.6736,5.1522E+002
510.6806,4.8162E+002
510.6875,4.6355E+002
510.6944,4.6076E+002
510.7014,4.5694E+002
510.7083,1.9301E+002
510.7153,2.4485E+002
510.7222,2.2531E+002
510.7292,3.6664E+002
510.7361,1.9284E+002
510.7431,1.5523E+002
510.7500,2.2735E+002
510.7569,1.2125E+002
510.7639,6.6153E+001
510.7708,5.4618E+001
510.7778,4.7072E+001
510.7847,3.1448E+001
510.7917,2.3075E+001
510.7986,8.4686E+000
510.8056,5.8957E+000
510.8125,1.5406E+001
510.8194,5.0392E+001
510.8264,3.9372E+001
510.8333,3.6739E+001
510.8403,1.3638E+001
510.8472,1.8894E+001
510.8542,1.0397E+001
510.8611,6.4110E+000
510.8681,4.9115E-001
510.8750,0.0000E+000
510.8819,6.2621E-012
510.8889,9.5628E-002
510.8958,4.3586E-002
510.9028,1.4271E-012
510.9097,0.0000E+000
510.9167,0.0000E+000
510.9236,0.0000E+000
510.9306,0.0000E+000
510.9375,0.0000E+000
510.9444,0.0000E+000
510.9514,0.0000E+000
510.9583,0.0000E+000
510.9653,0.0000E+000
510.9722,0.0000E+000
510.9792,0.0000E+000
510.9861,0.0000E+000
510.9931,0.0000E+000
511.0000,0.0000E+000
511.0069,0.0000E+000
511.0139,0.0000E+000
511.0208,0.0000E+000
511.0278,0.0000E+000
511.0347,0.0000E+000
511.0417,0.0000E+000
511.0486,0.0000E+000
511.0556,0.0000E+000
511.0625,0.0000E+000
511.0694,0.0000E+000
511.0764,0.0000E+000
511.0833,0.0000E+000
511.0903,0.0000E+000
511.0972,0.0000E+000
511.1042,0.0000E+000
511.1111,0.0000E+000
511.1181,0.0000E+000
511.1250,0.0000E+000
511.1319,0.0000E+000
511.1389,0.0000E+000
511.1458,0.0000E+000
511.1528,0.0000E+000
511.1597,0.0000E+000
511.1667,0.0000E+000
511.1736,0.0000E+000
511.1806,0.0000E+000
511.1875,0.0000E+000
511.1944,0.0000E+000
511.2014,0.0000E+000
511.2083,0.0000E+000
511.2153,0.0000E+000
511.2222,0.0000E+000
511.2292,0.0000E+000
511.2361,9.7581E-002
511.2431,1.1358E+000
511.2500,2.8077E+000
511.2569,8.0823E+000
511.2639,1.2583E+001
511.2708,1.4677E+001
511.2778,1.4363E+001
511.2847,9.9474E+000
511.2917,1.5605E+001
511.2986,1.8881E+001
511.3056,1.3866E+001
511.3125,2.2243E+001
511.3194,2.3332E+001
511.3264,1.4009E+001
511.3333,2.3190E+001
511.3403,3.1884E+001
511.3472,2.7335E+001
511.3542,3.9824E+001
511.3611,3.7423E+001
511.3681,2.4462E+001
511.3750,1.0356E+001
511.3819,3.3284E+001
511.3889,5.7229E+001
511.3958,7.3374E+001
511.4028,6.5906E+001
511.4097,5.4228E+001
511.4167,6.2150E+001
511.4236,3.8059E+001
511.4306,5.1521E+001
511.4375,6.5623E+001
511.4444,7.5009E+001
511.4514,5.5760E+001
511.4583,7.8081E+001
511.4653,7.1992E+001
511.4722,7.4132E+001
511.4792,6.9517E+001
511.4861,7.1013E+001
511.4931,6.6445E+001
511.5000,7.3257E+001
511.5069,9.3572E+001
511.5139,8.9209E+001
511.5208,8.3194E+001
511.5278,5.8078E+001
511.5347,8.2842E+001
511.5417,9.4000E+001
511.5486,9.1534E+001
511.5556,1.2902E+002
511.5625,9.9163E+001
511.5694,1.0968E+002
511.5764,5.6630E+001
511.5833,6.4312E+001
511.5903,7.7156E+001
511.5972,6.9121E+001
511.6042,9.9292E+001
511.6111,1.2498E+002
511.6181,7.8893E+001
511.6250,1.1114E+002
511.6319,7.0757E+001
511.6389,6.4500E+001
511.6458,4.6737E+001
511.6528,1.1047E+002
511.6597,1.3917E+002
511.6667,4.5017E+001
511.6736,5.3085E+001
511.6806,1.4117E+002
511.6875,2.7223E+002
511.6944,2.4684E+002
511.7014,2.0430E+002
511.7083,1.6716E+002
511.7153,1.4172E+002
511.7222,4.1350E+001
511.7292,3.4086E+001
511.7361,6.4278E+001
511.7431,4.1155E+001
511.7500,1.2957E+002
511.7569,1.1849E+002
511.7639,1.0849E+002
511.7708,9.5997E+001
511.7778,7.9035E+001
511.7847,8.2850E+001
511.7917,8.0098E+001
511.7986,6.6674E+001
511.8056,4.1137E+001
511.8125,3.2872E+001
511.8194,2.7306E+001
511.8264,4.2441E+001
511.8333,4.1497E+001
511.8403,3.3538E+001
511.8472,2.1721E+001
511.8542,2.1879E+001
511.8611,1.6823E+001
511.8681,1.5527E+001
511.8750,1.5293E+001
511.8819,9.4337E+000
511.8889,2.6367E+000
511.8958,8.7239E-001
511.9028,2.8564E-011
511.9097,0.0000E+000
511.9167,0.0000E+000
511.9236,0.0000E+000
511.9306,0.0000E+000
511.9375,0.0000E+000
511.9444,0.0000E+000
511.9514,0.0000E+000
511.9583,0.0000E+000
511.9653,0.0000E+000
511.9722,0.0000E+000
511.9792,0.0000E+000
511.9861,0.0000E+000
511.9931,0.0000E+000
512.0000,0.0000E+000
512.0069,0.0000E+000
512.0139,0.0000E+000
512.0208,0.0000E+000
512.0278,0.0000E+000
512.0347,0.0000E+000
512.0417,0.0000E+000
512.0486,0.0000E+000
512.0556,0.0000E+000
512.0625,0.0000E+000
512.0694,0.0000E+000
512.0764,0.0000E+000
512.0833,0.0000E+000
512.0903,0.0000E+000
512.0972,0.0000E+000
512.1042,0.0000E+000
512.1111,0.0000E+000
512.1181,0.0000E+000
512.1250,0.0000E+000
512.1319,0.0000E+000
512.1389,0.0000E+000
512.1458,0.0000E+000
512.1528,0.0000E+000
512.1597,0.0000E+000
512.1667,0.0000E+000
512.1736,0.0000E+000
512.1806,0.0000E+000
512.1875,0.0000E+000
512.1944,0.0000E+000
512.2014,0.0000E+000
512.2083,0.0000E+000
512.2153,0.0000E+000
512.2222,0.0000E+000
512.2292,0.0000E+000
512.2361,6.8162E-013
512.2431,4.1636E-002
512.2500,6.2649E-001
512.2569,2.6953E+000
512.2639,6.5811E+000
512.2708,1.0548E+001
512.2778,1.4472E+001
512.2847,2.0902E+001
512.2917,2.4394E+001
512.2986,2.8668E+001
512.3056,2.6366E+001
512.3125,3.5465E+001
512.3194,4.5605E+001
512.3264,4.6449E+001
512.3333,4.6307E+001
512.3403,5.2373E+001
512.3472,6.0775E+001
512.3542,6.9756E+001
512.3611,7.0094E+001
512.3681,6.3066E+001
512.3750,5.9880E+001
512.3819,1.1698E+002
512.3889,1.3049E+002
512.3958,1.6074E+002
512.4028,1.8171E+002
512.4097,1.2385E+002
512.4167,1.2901E+002
512.4236,1.6744E+002
512.4306,1.5406E+002
512.4375,1.7165E+002
512.4444,1.7259E+002
512.4514,1.3183E+002
512.4583,1.7633E+002
512.4653,2.8491E+002
512.4722,1.8086E+002
512.4792,1.6799E+002
512.4861,1.3595E+002
512.4931,1.3804E+002
512.5000,1.7822E+002
512.5069,8.3212E+001
512.5139,1.3614E+002
512.5208,2.3869E+002
512.5278,4.2574E+002
512.5347,3.7058E+002
512.5417,4.0322E+002
512.5486,2.2584E+002
512.5556,3.0542E+002
512.5625,3.9874E+002
512.5694,2.1803E+002
512.5764,3.4020E+002
512.5833,3.5337E+002
512.5903,3.1256E+002
512.5972,3.2512E+002
512.6042,2.2385E+002
512.6111,2.7434E+002
512.6181,2.7996E+002
512.6250,2.8313E+002
512.6319,2.8511E+002
512.6389,2.1955E+002
512.6458,1.5096E+002
512.6528,1.8989E+002
512.6597,2.2956E+002
512.6667,1.8361E+002
512.6736,1.5968E+002
512.6806,1.3951E+002
512.6875,1.7032E+002
512.6944,2.6827E+002
512.7014,2.6970E+002
512.7083,1.4566E+002
512.7153,1.0785E+002
512.7222,5.6549E+001
512.7292,3.5115E+001
512.7361,5.0539E+001
512.7431,8.8565E+001
512.7500,1.1513E+002
512.7569,1.5092E+002
512.7639,9.6737E+001
512.7708,9.1060E+001
512.7778,9.1926E+001
512.7847,8.4074E+001
512.7917,6.0225E+001
512.7986,4.8472E+001
512.8056,2.0172E+001
512.8125,3.2856E+001
512.8194,2.8465E+001
512.8264,3.0936E+001
512.8333,3.4428E+001
512.8403,3.1050E+001
512.8472,1.9213E+001
512.8542,1.4208E+001
512.8611,1.0262E+001
512.8681,6.6066E+000
512.8750,4.8032E+000
512.8819,2.6283E+000
512.8889,1.9843E-001
512.8958,0.0000E+000
512.9028,0.0000E+000
512.9097,0.0000E+000
512.9167,0.0000E+000
512.9236,0.0000E+000
512.9306,0.0000E+000
512.9375,0.0000E+000
512.9444,0.0000E+000
512.9514,0.0000E+000
512.9583,0.0000E+000
512.9653,0.0000E+000
512.9722,0.0000E+000
512.9792,0.0000E+000
512.9861,0.0000E+000
512.9931,0.0000E+000
513.0000,0.0000E+000
513.0069,0.0000E+000
513.0139,0.0000E+000
513.0208,0.0000E+000
513.0278,0.0000E+000
513.0347,0.0000E+000
513.0417,0.0000E+000
513.0486,0.0000E+000
513.0556,0.0000E+000
513.0625,0.0000E+000
513.0694,0.0000E+000
513.0764,0.0000E+000
513.0833,0.0000E+000
513.0903,0.0000E+000
513.0972,0.0000E+000
513.1042,0.0000E+000
513.1111,0.0000E+000
513.1181,0.0000E+000
513.1250,0.0000E+000
513.1319,0.0000E+000
513.1389,0.0000E+000
513.1458,0.0000E+000
513.1528,0.0000E+000
513.1597,0.0000E+000
513.1667,0.0000E+000
513.1736,0.0000E+000
513.1806,0.0000E+000
513.1875,0.0000E+000
513.1944,0.0000E+000
513.2014,0.0000E+000
513.2083,0.0000E+000
513.2153,0.0000E+000
513.2222,0.0000E+000
513.2292,0.0000E+000
513.2361,7.1573E-012
513.2431,4.3719E-001
513.2500,2.1131E+000
513.2569,4.7545E+000
513.2639,9.3548E+000
513.2708,1.3790E+001
513.2778,1.8903E+001
513.2847,2.8801E+001
513.2917,3.7663E+001
513.2986,3.3553E+001
513.3056,3.0777E+001
513.3125,3.0721E+001
513.3194,2.5811E+001
513.3264,2.3028E+001
513.3333,2.6463E+001
513.3403,3.4387E+001
513.3472,3.7519E+001
513.3542,4.4962E+001
513.3611,5.7880E+001
513.3681,6.1529E+001
513.3750,6.0157E+001
513.3819,1.7997E+002
513.3889,6.4317E+001
513.3958,7.2016E+001
513.4028,1.1834E+002
513.4097,1.0328E+002
513.4167,1.3638E+002
513.4236,1.0059E+002
513.4306,1.1957E+002
513.4375,1.1283E+002
513.4444,1.0982E+002
513.4514,1.1939E+002
513.4583,1.3437E+002
513.4653,1.4411E+002
513.4722,1.6572E+002
513.4792,1.5378E+002
513.4861,1.5142E+002
513.4931,3.4823E+002
513.5000,3.3270E+002
513.5069,2.0473E+002
513.5139,6.8417E+002
513.5208,2.0221E+002
513.5278,1.4274E+002
513.5347,2.3505E+002
513.5417,2.3040E+002
513.5486,4.0444E+002
513.5556,1.6229E+002
513.5625,1.3496E+002
513.5694,2.3229E+002
513.5764,3.0484E+002
513.5833,5.1460E+002
513.5903,1.6048E+002
513.5972,1.8437E+002
513.6042,3.7963E+002
513.6111,1.2606E+002
513.6181,1.6888E+002
513.6250,2.1989E+002
513.6319,2.7033E+002
513.6389,4.6800E+002
513.6458,1.9433E+002
513.6528,2.4895E+002
513.6597,1.6807E+002
513.6667,1.7099E+002
513.6736,1.8393E+002
513.6806,3.3328E+002
513.6875,2.2986E+002
513.6944,1.8264E+002
513.7014,3.6823E+002
513.7083,1.2122E+002
513.7153,1.2430E+002
513.7222,2.6149E+002
513.7292,2.0902E+002
513.7361,1.2467E+002
513.7431,1.6282E+002
513.7500,3.3452E+002
513.7569,1.1246E+002
513.7639,2.8235E+001
513.7708,3.5296E+001
513.7778,4.7062E+001
513.7847,4.9083E+001
513.7917,5.3973E+001
513.7986,3.1939E+001
513.8056,3.7137E+001
513.8125,3.0347E+001
513.8194,2.7494E+001
513.8264,3.6720E+001
513.8333,2.8854E+001
513.8403,2.2468E+001
513.8472,2.0057E+001
513.8542,1.7231E+001
513.8611,1.5150E+001
513.8681,1.2333E+001
513.8750,2.5328E+000
513.8819,1.1359E+000
513.8889,1.8597E-011
513.8958,0.0000E+000
513.9028,0.0000E+000
513.9097,0.0000E+000
513.9167,0.0000E+000
513.9236,0.0000E+000
513.9306,0.0000E+000
513.9375,0.0000E+000
513.9444,0.0000E+000
513.9514,0.0000E+000
513.9583,0.0000E+000
513.9653,0.0000E+000
513.9722,0.0000E+000
513.9792,0.0000E+000
513.9861,0.0000E+000
513.9931,0.0000E+000
514.0000,0.0000E+000
514.0069,0.0000E+000
514.0139,0.0000E+000
514.0208,0.0000E+000
514.0278,0.0000E+000
514.0347,0.0000E+000
514.0417,0.0000E+000
514.0486,0.0000E+000
514.0556,0.0000E+000
514.0625,0.0000E+000
514.0694,0.0000E+000
514.0764,0.0000E+000
514.0833,0.0000E+000
514.0903,0.0000E+000
514.0972,0.0000E+000
514.1042,0.0000E+000
514.1111,0.0000E+000
514.1181,0.0000E+000
514.1250,0.0000E+000
514.1319,0.0000E+000
514.1389,0.0000E+000
514.1458,0.0000E+000
514.1528,0.0000E+000
514.1597,0.0000E+000
514.1667,0.0000E+000
514.1736,0.0000E+000
514.1806,0.0000E+000
514.1875,0.0000E+000
514.1944,0.0000E+000
514.2014,0.0000E+000
514.2083,0.0000E+000
514.2153,0.0000E+000
514.2222,0.0000E+000
514.2292,0.0000E+000
514.2361,9.1493E-012
514.2431,5.5887E-001
514.2500,1.9017E+000
514.2569,2.6981E+000
514.2639,4.0683E+000
514.2708,5.4664E+000
514.2778,6.6043E+000
514.2847,8.0962E+000
514.2917,9.4423E+000
514.2986,1.0322E+001
514.3056,1.1529E+001
514.3125,1.2612E+001
514.3194,1.4093E+001
514.3264,1.5740E+001
514.3333,1.7388E+001
514.3403,1.9277E+001
514.3472,2.1507E+001
514.3542,2.2650E+001
514.3611,2.3353E+001
514.3681,2.7336E+001
514.3750,2.5401E+001
514.3819,1.4597E+002
514.3889,1.0007E+002
514.3958,5.4897E+001
514.4028,3.4685E+002
514.4097,3.7836E+002
514.4167,3.9299E+002
514.4236,4.0872E+002
514.4306,4.3009E+002
514.4375,4.5181E+002
514.4444,4.6652E+002
514.4514,4.7352E+002
514.4583,4.9555E+002
514.4653,4.9882E+002
514.4722,5.6250E+002
514.4792,5.6558E+002
514.4861,5.5655E+002
514.4931,6.2318E+002
514.5000,6.1277E+002
514.5069,3.6864E+002
514.5139,5.9147E+002
514.5208,6.3604E+002
514.5278,5.4124E+002
514.5347,4.3311E+002
514.5417,5.7855E+002
514.5486,2.4080E+002
514.5556,2.0977E+002
514.5625,3.1840E+002
514.5694,2.6180E+002
514.5764,3.5253E+002
514.5833,3.6791E+002
514.5903,3.0114E+002
514.5972,3.0971E+002
514.6042,1.1774E+002
514.6111,6.3155E+002
514.6181,5.2895E+002
514.6250,2.4138E+002
514.6319,3.3067E+002
514.6389,4.8231E+002
514.6458,3.1297E+002
514.6528,3.4356E+002
514.6597,5.4859E+002
514.6667,1.0082E+002
514.6736,3.7088E+002
514.6806,5.1689E+002
514.6875,4.8019E+002
514.6944,3.3340E+002
514.7014,4.6573E+002
514.7083,4.4465E+002
514.7153,2.4220E+002
514.7222,3.9521E+002
514.7292,3.6861E+002
514.7361,3.5595E+002
514.7431,3.3059E+002
514.7500,3.0281E+002
514.7569,9.9193E+001
514.7639,2.3173E+001
514.7708,2.2188E+001
514.7778,1.7657E+001
514.7847,1.5359E+001
514.7917,1.5752E+001
514.7986,1.5436E+001
514.8056,1.2360E+001
514.8125,1.3471E+001
514.8194,1.2152E+001
514.8264,1.1804E+001
514.8333,9.3716E+000
514.8403,7.7730E+000
514.8472,7.3690E+000
514.8542,5.6702E+000
514.8611,4.5192E+000
514.8681,3.2290E+000
514.8750,2.0182E+000
514.8819,7.3586E-001
514.8889,2.2772E-002
514.8958,0.0000E+000
514.9028,0.0000E+000
514.9097,0.0000E+000
514.9167,0.0000E+000
514.9236,0.0000E+000
514.9306,0.0000E+000
514.9375,0.0000E+000
514.9444,0.0000E+000
514.9514,0.0000E+000
514.9583,0.0000E+000
514.9653,0.0000E+000
514.9722,0.0000E+000
514.9792,0.0000E+000
514.9861,0.0000E+000
514.9931,0.0000E+000
515.0000,0.0000E+000
515.0069,0.0000E+000
515.0139,0.0000E+000
515.0208,0.0000E+000
515.0278,0.0000E+000
515.0347,0.0000E+000
515.0417,0.0000E+000
515.0486,0.0000E+000
515.0556,0.0000E+000
515.0625,0.0000E+000
515.0694,0.0000E+000
515.0764,0.0000E+000
515.0833,0.0000E+000
515.0903,0.0000E+000
515.0972,0.0000E+000
515.1042,0.0000E+000
515.1111,0.0000E+000
515.1181,0.0000E+000
515.1250,0.0000E+000
515.1319,0.0000E+000
515.1389,0.0000E+000
515.1458,0.0000E+000
515.1528,0.0000E+000
515.1597,0.0000E+000
515.1667,0.0000E+000
515.1736,0.0000E+000
515.1806,0.0000E+000
515.1875,0.0000E+000
515.1944,0.0000E+000
515.2014,0.0000E+000
515.2083,0.0000E+000
515.2153,0.0000E+000
515.2222,0.0000E+000
515.2292,0.0000E+000
515.2361,3.7541E-001
515.2431,1.3858E+000
515.2500,2.7379E+000
515.2569,4.0339E+000
515.2639,5.3326E+000
515.2708,6.8297E+000
515.2778,8.2956E+000
515.2847,9.8545E+000
515.2917,1.1125E+001
515.2986,1.2568E+001
515.3056,1.3521E+001
515.3125,1.5075E+001
515.3194,1.6316E+001
515.3264,1.7295E+001
515.3333,1.8922E+001
515.3403,2.0202E+001
515.3472,2.1572E+001
515.3542,2.3108E+001
515.3611,2.4100E+001
515.3681,2.8608E+001
515.3750,2.2605E+001
515.3819,1.2340E+002
515.3889,1.5317E+002
515.3958,5.8746E+001
515.4028,3.3015E+002
515.4097,3.8663E+002
515.4167,4.0452E+002
515.4236,4.1295E+002
515.4306,4.2644E+002
515.4375,4.5360E+002
515.4444,4.7411E+002
515.4514,4.8056E+002
515.4583,4.8957E+002
515.4653,4.9344E+002
515.4722,5.1350E+002
515.4792,5.2811E+002
515.4861,5.4093E+002
515.4931,5.4845E+002
515.5000,5.7096E+002
515.5069,5.5830E+002
515.5139,4.9637E+002
515.5208,6.1087E+002
515.5278,5.9225E+002
515.5347,5.2871E+002
515.5417,5.9346E+002
515.5486,3.9219E+002
515.5556,4.8442E+002
515.5625,3.3114E+002
515.5694,6.0179E+002
515.5764,4.7839E+002
515.5833,5.2331E+002
515.5903,6.6256E+002
515.5972,5.3840E+002
515.6042,1.8406E+002
515.6111,6.2007E+002
515.6181,6.3822E+002
515.6250,3.4306E+002
515.6319,2.1813E+002
515.6389,3.5675E+002
515.6458,5.1662E+002
515.6528,4.4554E+002
515.6597,4.4518E+002
515.6667,5.1326E+002
515.6736,5.1035E+002
515.6806,5.0691E+002
515.6875,1.6542E+002
515.6944,4.7083E+002
515.7014,4.5833E+002
515.7083,4.7392E+002
515.7153,2.7324E+002
515.7222,3.0329E+002
515.7292,7.9464E+001
515.7361,3.2685E+002
515.7431,3.6107E+002
515.7500,2.2916E+002
515.7569,6.4400E+001
515.7639,6.8402E+001
515.7708,5.8094E+001
515.7778,4.1216E+001
515.7847,3.4249E+001
515.7917,6.8379E+001
515.7986,3.8450E+001
515.8056,2.4350E+001
515.8125,4.2159E+001
515.8194,3.4060E+001
515.8264,2.6295E+001
515.8333,2.6459E+001
515.8403,1.8116E+001
515.8472,7.3556E+000
515.8542,6.8943E+000
515.8611,4.5617E+000
515.8681,3.7757E+000
515.8750,2.4159E+000
515.8819,1.3716E+000
515.8889,3.5655E-001
515.8958,0.0000E+000
515.9028,0.0000E+000
515.9097,0.0000E+000
515.9167,0.0000E+000
515.9236,0.0000E+000
515.9306,0.0000E+000
515.9375,0.0000E+000
515.9444,0.0000E+000
515.9514,0.0000E+000
515.9583,0.0000E+000
515.9653,0.0000E+000
515.9722,0.0000E+000
515.9792,0.0000E+000
515.9861,0.0000E+000
515.9931,0.0000E+000
516.0000,0.0000E+000
516.0069,0.0000E+000
516.0139,0.0000E+000
516.0208,0.0000E+000
516.0278,0.0000E+000
516.0347,0.0000E+000
516.0417,0.0000E+000
516.0486,0.0000E+000
516.0556,0.0000E+000
516.0625,0.0000E+000
516.0694,0.0000E+000
516.0764,0.0000E+000
516.0833,0.0000E+000
516.0903,0.0000E+000
516.0972,0.0000E+000
516.1042,0.0000E+000
516.1111,0.0000E+000
516.1181,0.0000E+000
516.1250,0.0000E+000
516.1319,0.0000E+000
516.1389,0.0000E+000
516.1458,0.0000E+000
516.1528,0.0000E+000
516.1597,0.0000E+000
516.1667,0.0000E+000
516.1736,0.0000E+000
516.1806,0.0000E+000
516.1875,0.0000E+000
516.1944,0.0000E+000
516.2014,0.0000E+000
516.2083,0.0000E+000
516.2153,0.0000E+000
516.2222,0.0000E+000
516.2292,0.0000E+000
516.2361,9.7598E-003
516.2431,1.1139E+000
516.2500,2.2630E+000
516.2569,3.2403E+000
516.2639,4.8897E+000
516.2708,6.5033E+000
516.2778,7.4201E+000
516.2847,9.2335E+000
516.2917,1.0695E+001
516.2986,1.2420E+001
516.3056,1.3121E+001
516.3125,1.4779E+001
516.3194,1.5946E+001
516.3264,1.7105E+001
516.3333,1.8816E+001
516.3403,2.0269E+001
516.3472,2.1323E+001
516.3542,2.2566E+001
516.3611,2.3759E+001
516.3681,3.4725E+001
516.3750,2.6334E+001
516.3819,1.2606E+002
516.3889,1.8645E+002
516.3958,7.4947E+001
516.4028,3.1124E+002
516.4097,3.9047E+002
516.4167,4.0457E+002
516.4236,4.2185E+002
516.4306,4.3612E+002
516.4375,4.5310E+002
516.4444,4.6510E+002
516.4514,4.7465E+002
516.4583,4.9357E+002
516.4653,4.9859E+002
516.4722,5.0430E+002
516.4792,5.2426E+002
516.4861,5.3904E+002
516.4931,5.4864E+002
516.5000,5.5787E+002
516.5069,5.6350E+002
516.5139,5.7363E+002
516.5208,5.8081E+002
516.5278,5.8162E+002
516.5347,5.9355E+002
516.5417,5.9454E+002
516.5486,5.9350E+002
516.5556,6.0200E+002
516.5625,6.0007E+002
516.5694,6.0676E+002
516.5764,5.9578E+002
516.5833,6.0520E+002
516.5903,6.0177E+002
516.5972,5.9293E+002
516.6042,5.9790E+002
516.6111,5.8973E+002
516.6181,5.8576E+002
516.6250,5.7189E+002
516.6319,5.6284E+002
516.6389,5.6084E+002
516.6458,5.4915E+002
516.6528,5.3454E+002
516.6597,5.2434E+002
516.6667,5.0467E+002
516.6736,4.8534E+002
516.6806,4.7641E+002
516.6875,4.6608E+002
516.6944,4.4481E+002
516.7014,4.3991E+002
516.7083,4.1818E+002
516.7153,4.0000E+002
516.7222,3.7816E+002
516.7292,3.5808E+002
516.7361,3.3904E+002
516.7431,3.2280E+002
516.7500,3.0552E+002
516.7569,1.4867E+002
516.7639,2.2684E+001
516.7708,2.2566E+001
516.7778,1.9918E+001
516.7847,1.7692E+001
516.7917,1.6677E+001
516.7986,1.3130E+001
516.8056,1.3562E+001
516.8125,1.2455E+001
516.8194,1.1854E+001
516.8264,1.0411E+001
516.8333,9.8316E+000
516.8403,7.8861E+000
516.8472,7.9915E+000
516.8542,6.0805E+000
516.8611,4.5280E+000
516.8681,3.6372E+000
516.8750,2.6612E+000
516.8819,1.3976E+000
516.8889,1.7243E-001
516.8958,0.0000E+000
516.9028,0.0000E+000
516.9097,0.0000E+000
516.9167,0.0000E+000
516.9236,0.0000E+000
516.9306,0.0000E+000
516.9375,0.0000E+000
516.9444,0.0000E+000
516.9514,0.0000E+000
516.9583,0.0000E+000
516.9653,0.0000E+000
516.9722,0.0000E+000
516.9792,0.0000E+000
516.9861,0.0000E+000
516.9931,0.0000E+000
517.0000,0.0000E+000
517.0069,0.0000E+000
517.0139,0.0000E+000
517.0208,0.0000E+000
517.0278,0.0000E+000
517.0347,0.0000E+000
517.0417,0.0000E+000
517.0486,0.0000E+000
517.0556,0.0000E+000
517.0625,0.0000E+000
517.0694,0.0000E+000
517.0764,0.0000E+000
517.0833,0.0000E+000
517.0903,0.0000E+000
517.0972,0.0000E+000
517.1042,0.0000E+000
517.1111,0.0000E+000
517.1181,0.0000E+000
517.1250,0.0000E+000
517.1319,0.0000E+000
517.1389,0.0000E+000
517.1458,0.0000E+000
517.1528,0.0000E+000
517.1597,0.0000E+000
517.1667,0.0000E+000
517.1736,0.0000E+000
517.1806,0.0000E+000
517.1875,0.0000E+000
517.1944,0.0000E+000
517.2014,0.0000E+000
517.2083,0.0000E+000
517.2153,0.0000E+000
517.2222,0.0000E+000
517.2292,0.0000E+000
517.2361,1.0150E-001
517.2431,9.0506E-001
517.2500,1.9240E+000
517.2569,3.2468E+000
517.2639,4.0822E+000
517.2708,5.4935E+000
517.2778,6.5944E+000
517.2847,8.1781E+000
517.2917,9.2706E+000
517.2986,1.0399E+001
517.3056,1.1286E+001
517.3125,1.2565E+001
517.3194,1.4158E+001
517.3264,1.5398E+001
517.3333,1.7041E+001
517.3403,1.8557E+001
517.3472,2.0056E+001
517.3542,2.1096E+001
517.3611,2.2092E+001
517.3681,3.1736E+001
517.3750,2.1770E+001
517.3819,1.2864E+002
517.3889,2.1106E+002
517.3958,7.2982E+001
517.4028,3.1594E+002
517.4097,3.9945E+002
517.4167,4.1417E+002
517.4236,4.2930E+002
517.4306,4.4445E+002
517.4375,4.5647E+002
517.4444,4.6554E+002
517.4514,4.7959E+002
517.4583,4.8669E+002
517.4653,5.0069E+002
517.4722,5.1037E+002
517.4792,5.2937E+002
517.4861,5.4125E+002
517.4931,5.6200E+002
517.5000,5.6737E+002
517.5069,5.7674E+002
517.5139,5.7458E+002
517.5208,5.8053E+002
517.5278,5.8739E+002
517.5347,5.9362E+002
517.5417,5.9957E+002
517.5486,6.0374E+002
517.5556,6.1093E+002
517.5625,5.9611E+002
517.5694,5.9609E+002
517.5764,6.0131E+002
517.5833,6.0913E+002
517.5903,5.9591E+002
517.5972,5.9476E+002
517.6042,5.8229E+002
517.6111,5.9319E+002
517.6181,5.7906E+002
517.6250,5.7267E+002
517.6319,5.6661E+002
517.6389,5.4873E+002
517.6458,5.4268E+002
517.6528,5.3500E+002
517.6597,5.2506E+002
517.6667,5.1337E+002
517.6736,4.9026E+002
517.6806,4.7147E+002
517.6875,4.6142E+002
517.6944,4.4978E+002
517.7014,4.3828E+002
517.7083,4.1715E+002
517.7153,4.0442E+002
517.7222,3.8897E+002
517.7292,3.6483E+002
517.7361,3.4032E+002
517.7431,3.2337E+002
517.7500,3.0040E+002
517.7569,1.7440E+002
517.7639,2.4566E+001
517.7708,2.4093E+001
517.7778,1.8111E+001
517.7847,1.8072E+001
517.7917,1.6923E+001
517.7986,1.4501E+001
517.8056,1.4141E+001
517.8125,1.1939E+001
517.8194,1.2700E+001
517.8264,1.1231E+001
517.8333,1.0289E+001
517.8403,8.4405E+000
517.8472,6.7136E+000
517.8542,7.5100E+000
517.8611,5.4272E+000
517.8681,4.2899E+000
517.8750,2.5897E+000
517.8819,1.6124E+000
517.8889,3.6372E-001
517.8958,9.7601E-003
517.9028,3.1956E-013
517.9097,0.0000E+000
517.9167,0.0000E+000
517.9236,0.0000E+000
517.9306,0.0000E+000
517.9375,0.0000E+000
517.9444,0.0000E+000
517.9514,0.0000E+000
517.9583,0.0000E+000
517.9653,0.0000E+000
517.9722,0.0000E+000
517.9792,0.0000E+000
517.9861,0.0000E+000
517.9931,0.0000E+000
518.0000,0.0000E+000
518.0069,0.0000E+000
518.0139,0.0000E+000
518.0208,0.0000E+000
518.0278,0.0000E+000
518.0347,0.0000E+000
518.0417,0.0000E+000
518.0486,0.0000E+000
518.0556,0.0000E+000
518.0625,0.0000E+000
518.0694,0.0000E+000
518.0764,0.0000E+000
518.0833,0.0000E+000
518.0903,0.0000E+000
518.0972,0.0000E+000
518.1042,0.0000E+000
518.1111,0.0000E+000
518.1181,0.0000E+000
518.1250,0.0000E+000
518.1319,0.0000E+000
518.1389,0.0000E+000
518.1458,0.0000E+000
518.1528,0.0000E+000
518.1597,0.0000E+000
518.1667,0.0000E+000
518.1736,0.0000E+000
518.1806,0.0000E+000
518.1875,0.0000E+000
518.1944,0.0000E+000
518.2014,0.0000E+000
518.2083,0.0000E+000
518.2153,0.0000E+000
518.2222,0.0000E+000
518.2292,0.0000E+000
518.2361,8.0105E-012
518.2431,4.8931E-001
518.2500,1.8095E+000
518.2569,3.2521E+000
518.2639,4.1728E+000
518.2708,5.0096E+000
518.2778,6.5992E+000
518.2847,7.9949E+000
518.2917,8.9983E+000
518.2986,1.0279E+001
518.3056,1.1558E+001
518.3125,1.2964E+001
518.3194,1.4600E+001
518.3264,1.6519E+001
518.3333,1.7799E+001
518.3403,1.9282E+001
518.3472,2.0964E+001
518.3542,2.2664E+001
518.3611,2.4275E+001
518.3681,3.3204E+001
518.3750,2.6750E+001
518.3819,1.1016E+002
518.3889,2.2263E+002
518.3958,9.2035E+001
518.4028,2.8452E+002
518.4097,3.6822E+002
518.4167,3.8245E+002
518.4236,4.0781E+002
518.4306,4.1830E+002
518.4375,4.4045E+002
518.4444,4.5532E+002
518.4514,4.6630E+002
518.4583,4.8651E+002
518.4653,4.9748E+002
518.4722,5.1116E+002
518.4792,5.1868E+002
518.4861,5.3669E+002
518.4931,5.4943E+002
518.5000,5.5933E+002
518.5069,5.6507E+002
518.5139,5.7370E+002
518.5208,5.7343E+002
518.5278,5.7702E+002
518.5347,5.8071E+002
518.5417,5.8764E+002
518.5486,5.9255E+002
518.5556,5.9340E+002
518.5625,5.9071E+002
518.5694,5.9072E+002
518.5764,5.9117E+002
518.5833,5.9117E+002
518.5903,5.8761E+002
518.5972,5.9761E+002
518.6042,5.7845E+002
518.6111,5.7159E+002
518.6181,5.6806E+002
518.6250,5.6062E+002
518.6319,5.5800E+002
518.6389,5.3686E+002
518.6458,4.9210E+002
518.6528,5.1439E+002
518.6597,4.8100E+002
518.6667,4.7801E+002
518.6736,4.8855E+002
518.6806,4.1949E+002
518.6875,4.8065E+002
518.6944,4.4732E+002
518.7014,3.3108E+002
518.7083,2.5496E+002
518.7153,3.9957E+002
518.7222,7.2704E+001
518.7292,8.6926E+001
518.7361,8.3042E+001
518.7431,1.0167E+002
518.7500,3.0540E+002
518.7569,1.9312E+002
518.7639,5.8640E+001
518.7708,7.4981E+001
518.7778,5.5680E+001
518.7847,4.7744E+001
518.7917,4.4542E+001
518.7986,4.1189E+001
518.8056,2.6786E+001
518.8125,2.0598E+001
518.8194,2.3027E+001
518.8264,2.7424E+001
518.8333,2.5279E+001
518.8403,1.7929E+001
518.8472,1.0150E+001
518.8542,7.6658E+000
518.8611,2.7433E+000
518.8681,7.2227E-001
518.8750,2.7459E-001
518.8819,0.0000E+000
518.8889,0.0000E+000
518.8958,0.0000E+000
518.9028,0.0000E+000
518.9097,0.0000E+000
518.9167,0.0000E+000
518.9236,0.0000E+000
518.9306,0.0000E+000
518.9375,0.0000E+000
518.9444,0.0000E+000
518.9514,0.0000E+000
518.9583,8.1337E-002
518.9653,2.6631E-012
518.9722,0.0000E+000
518.9792,0.0000E+000
518.9861,0.0000E+000
518.9931,0.0000E+000
519.0000,0.0000E+000
519.0069,0.0000E+000
519.0139,0.0000E+000
519.0208,0.0000E+000
519.0278,0.0000E+000
519.0347,0.0000E+000
519.0417,0.0000E+000
519.0486,0.0000E+000
519.0556,0.0000E+000
519.0625,0.0000E+000
519.0694,0.0000E+000
519.0764,0.0000E+000
519.0833,0.0000E+000
519.0903,0.0000E+000
519.0972,0.0000E+000
519.1042,0.0000E+000
519.1111,0.0000E+000
519.1181,0.0000E+000
519.1250,0.0000E+000
519.1319,0.0000E+000
519.1389,0.0000E+000
519.1458,0.0000E+000
519.1528,0.0000E+000
519.1597,0.0000E+000
519.1667,0.0000E+000
519.1736,0.0000E+000
519.1806,0.0000E+000
519.1875,0.0000E+000
519.1944,0.0000E+000
519.2014,0.0000E+000
519.2083,0.0000E+000
519.2153,0.0000E+000
519.2222,0.0000E+000
519.2292,0.0000E+000
519.2361,2.4336E-001
519.2431,3.2190E+000
519.2500,5.4555E+000
519.2569,9.3050E+000
519.2639,1.2262E+001
519.2708,1.2485E+001
519.2778,1.9165E+001
519.2847,2.5145E+001
519.2917,3.0373E+001
519.2986,3.6514E+001
519.3056,4.2037E+001
519.3125,4.9665E+001
519.3194,5.6648E+001
519.3264,6.5901E+001
519.3333,7.5726E+001
519.3403,9.1421E+001
519.3472,1.0362E+002
519.3542,1.1692E+002
519.3611,1.3284E+002
519.3681,1.4462E+002
519.3750,1.4261E+002
519.3819,1.5179E+002
519.3889,1.5694E+002
519.3958,1.6811E+002
519.4028,2.1607E+002
519.4097,2.2084E+002
519.4167,2.5864E+002
519.4236,2.5254E+002
519.4306,3.8619E+002
519.4375,4.0936E+002
519.4444,4.2969E+002
519.4514,3.9378E+002
519.4583,2.2117E+002
519.4653,4.6025E+002
519.4722,3.4674E+002
519.4792,3.7087E+002
519.4861,2.8457E+002
519.4931,2.8505E+002
519.5000,3.8561E+002
519.5069,1.0255E+002
519.5139,5.9759E+002
519.5208,3.0162E+002
519.5278,1.3737E+002
519.5347,5.8763E+002
519.5417,3.5293E+002
519.5486,1.9667E+002
519.5556,3.4398E+002
519.5625,5.5719E+002
519.5694,2.2678E+002
519.5764,1.6120E+002
519.5833,2.0038E+002
519.5903,2.5776E+002
519.5972,1.8225E+002
519.6042,3.9318E+002
519.6111,6.1191E+002
519.6181,6.2777E+002
519.6250,5.3337E+002
519.6319,1.7123E+002
519.6389,8.0257E+001
519.6458,8.5878E+001
519.6528,3.5051E+002
519.6597,4.1711E+002
519.6667,9.1157E+001
519.6736,7.3455E+001
519.6806,4.9005E+001
519.6875,2.8454E+001
519.6944,3.0919E+001
519.7014,4.3093E+001
519.7083,5.1356E+001
519.7153,6.5494E+001
519.7222,1.4152E+002
519.7292,4.7746E+002
519.7361,4.4777E+002
519.7431,3.8744E+002
519.7500,2.2410E+002
519.7569,1.4145E+002
519.7639,1.1784E+002
519.7708,1.2621E+002
519.7778,1.2037E+002
519.7847,9.9403E+001
519.7917,9.8143E+001
519.7986,8.8381E+001
519.8056,6.1389E+001
519.8125,3.5554E+001
519.8194,1.6592E+001
519.8264,1.0450E+001
519.8333,9.4347E+000
519.8403,8.9949E+000
519.8472,1.0633E+001
519.8542,1.0430E+001
519.8611,9.1660E+000
519.8681,4.8739E+000
519.8750,1.4049E+000
519.8819,3.1234E-001
519.8889,3.2536E-003
519.8958,0.0000E+000
519.9028,0.0000E+000
519.9097,0.0000E+000
519.9167,0.0000E+000
519.9236,0.0000E+000
519.9306,0.0000E+000
519.9375,0.0000E+000
519.9444,0.0000E+000
519.9514,0.0000E+000
519.9583,0.0000E+000
519.9653,0.0000E+000
519.9722,0.0000E+000
519.9792,0.0000E+000
519.9861,0.0000E+000
519.9931,0.0000E+000
520.0000,0.0000E+000
520.0069,0.0000E+000
520.0139,0.0000E+000
520.0208,0.0000E+000
520.0278,0.0000E+000
520.0347,0.0000E+000
520.0417,0.0000E+000
520.0486,0.0000E+000
520.0556,0.0000E+000
520.0625,0.0000E+000
520.0694,0.0000E+000
520.0764,0.0000E+000
520.0833,0.0000E+000
520.0903,0.0000E+000
520.0972,0.0000E+000
520.1042,0.0000E+000
520.1111,0.0000E+000
520.1181,0.0000E+000
520.1250,0.0000E+000
520.1319,0.0000E+000
520.1389,0.0000E+000
520.1458,0.0000E+000
520.1528,0.0000E+000
520.1597,0.0000E+000
520.1667,0.0000E+000
520.1736,0.0000E+000
520.1806,0.0000E+000
520.1875,0.0000E+000
520.1944,0.0000E+000
520.2014,0.0000E+000
520.2083,0.0000E+000
520.2153,0.0000E+000
520.2222,0.0000E+000
520.2292,0.0000E+000
520.2361,3.4879E-001
520.2431,1.1798E+000
520.2500,3.9076E+000
520.2569,1.3424E+000
520.2639,7.3988E-001
520.2708,2.0465E+000
520.2778,3.7957E+000
520.2847,1.5643E+000
520.2917,1.6411E+000
520.2986,2.6328E+000
520.3056,3.2530E+000
520.3125,2.9842E+000
520.3194,2.6504E+000
520.3264,4.9677E+000
520.3333,1.4187E+001
520.3403,3.3798E+001
520.3472,5.1678E+001
520.3542,7.1371E+001
520.3611,9.6616E+001
520.3681,9.2135E+001
520.3750,1.0817E+002
520.3819,1.4848E+002
520.3889,1.9430E+002
520.3958,2.0725E+002
520.4028,2.2852E+002
520.4097,2.3801E+002
520.4167,2.4326E+002
520.4236,2.8848E+002
520.4306,2.3278E+002
520.4375,2.3651E+002
520.4444,2.3863E+002
520.4514,3.4796E+002
520.4583,4.5729E+002
520.4653,4.5885E+002
520.4722,4.7550E+002
520.4792,4.8269E+002
520.4861,4.3312E+002
520.4931,5.0680E+002
520.5000,4.3078E+002
520.5069,4.3492E+002
520.5139,3.3689E+002
520.5208,3.8481E+002
520.5278,2.8912E+002
520.5347,5.2012E+002
520.5417,5.1036E+002
520.5486,3.5659E+002
520.5556,1.9472E+002
520.5625,6.3222E+001
520.5694,4.3969E+002
520.5764,6.1905E+002
520.5833,4.9681E+002
520.5903,4.6824E+002
520.5972,1.9758E+002
520.6042,1.7127E+002
520.6111,2.0479E+002
520.6181,2.7532E+002
520.6250,2.6889E+002
520.6319,2.0537E+002
520.6389,4.4839E+002
520.6458,3.6326E+002
520.6528,3.8333E+002
520.6597,2.3060E+002
520.6667,4.1900E+002
520.6736,4.2031E+002
520.6806,2.5669E+002
520.6875,3.7893E+002
520.6944,5.4824E+002
520.7014,3.1186E+002
520.7083,3.3993E+002
520.7153,3.1515E+002
520.7222,3.1088E+002
520.7292,2.0461E+002
520.7361,3.1750E+002
520.7431,3.1804E+002
520.7500,2.9005E+002
520.7569,9.6769E+001
520.7639,8.0993E+001
520.7708,7.8257E+001
520.7778,8.5210E+001
520.7847,6.4578E+001
520.7917,6.5579E+001
520.7986,5.3934E+001
520.8056,3.8226E+001
520.8125,3.0989E+001
520.8194,2.1231E+001
520.8264,8.8930E+000
520.8333,6.7638E+000
520.8403,8.6880E+000
520.8472,1.1620E+001
520.8542,8.5540E+000
520.8611,5.1402E+000
520.8681,3.8491E+000
520.8750,1.6470E+000
520.8819,7.0931E-002
520.8889,1.1612E-012
520.8958,0.0000E+000
520.9028,0.0000E+000
520.9097,0.0000E+000
520.9167,0.0000E+000
520.9236,0.0000E+000
520.9306,0.0000E+000
520.9375,0.0000E+000
520.9444,0.0000E+000
520.9514,0.0000E+000
520.9583,0.0000E+000
520.9653,0.0000E+000
520.9722,0.0000E+000
520.9792,0.0000E+000
520.9861,0.0000E+000
520.9931,0.0000E+000
521.0000,0.0000E+000
521.0069,0.0000E+000
521.0139,0.0000E+000
521.0208,0.0000E+000
521.0278,0.0000E+000
521.0347,0.0000E+000
521.0417,0.0000E+000
521.0486,0.0000E+000
521.0556,0.0000E+000
521.0625,0.0000E+000
521.0694,0.0000E+000
521.0764,0.0000E+000
521.0833,0.0000E+000
521.0903,0.0000E+000
521.0972,0.0000E+000
521.1042,0.0000E+000
521.1111,0.0000E+000
521.1181,0.0000E+000
521.1250,0.0000E+000
521.1319,0.0000E+000
521.1389,0.0000E+000
521.1458,0.0000E+000
521.1528,0.0000E+000
521.1597,0.0000E+000
521.1667,0.0000E+000
521.1736,0.0000E+000
521.1806,0.0000E+000
521.1875,0.0000E+000
521.1944,0.0000E+000
521.2014,0.0000E+000
521.2083,0.0000E+000
521.2153,0.0000E+000
521.2222,1.6594E-001
521.2292,1.5032E+000
521.2361,3.5570E+000
521.2431,7.2018E+000
521.2500,1.2315E+001
521.2569,1.4880E+001
521.2639,2.4004E+001
521.2708,3.6976E+001
521.2778,4.6147E+001
521.2847,4.5353E+001
521.2917,4.0746E+001
521.2986,3.0357E+001
521.3056,1.9180E+001
521.3125,2.0216E+001
521.3194,2.1880E+001
521.3264,2.9164E+001
521.3333,4.4102E+001
521.3403,3.7006E+001
521.3472,4.6116E+001
521.3542,4.0044E+001
521.3611,4.1471E+001
521.3681,2.9378E+001
521.3750,1.5543E+001
521.3819,3.0009E+001
521.3889,2.3190E+001
521.3958,3.9941E+001
521.4028,1.0298E+002
521.4097,1.2630E+002
521.4167,8.8553E+001
521.4236,4.1720E+001
521.4306,2.5843E+001
521.4375,3.4774E+001
521.4444,5.0860E+001
521.4514,4.8824E+001
521.4583,6.3241E+001
521.4653,7.9849E+001
521.4722,1.4886E+002
521.4792,1.6832E+002
521.4861,2.3279E+002
521.4931,1.2551E+002
521.5000,1.6386E+002
521.5069,2.3557E+002
521.5139,2.8827E+002
521.5208,3.4379E+002
521.5278,2.0190E+002
521.5347,1.7719E+002
521.5417,1.9236E+002
521.5486,1.5985E+002
521.5556,9.1832E+001
521.5625,2.7911E+001
521.5694,1.7502E+001
521.5764,5.6653E+001
521.5833,8.3783E+001
521.5903,1.1083E+002
521.5972,2.6006E+002
521.6042,2.7711E+002
521.6111,2.2846E+002
521.6181,2.7529E+002
521.6250,2.4721E+002
521.6319,3.3335E+002
521.6389,2.2418E+002
521.6458,2.5191E+002
521.6528,2.1645E+002
521.6597,1.6823E+002
521.6667,1.4520E+002
521.6736,1.4235E+002
521.6806,1.2645E+002
521.6875,1.3901E+002
521.6944,2.9692E+002
521.7014,2.0675E+002
521.7083,1.1704E+002
521.7153,1.0434E+002
521.7222,8.2868E+001
521.7292,8.7277E+001
521.7361,1.3645E+002
521.7431,1.2307E+002
521.7500,1.1063E+002
521.7569,1.1779E+002
521.7639,8.7276E+001
521.7708,6.1000E+001
521.7778,5.5303E+001
521.7847,3.6946E+001
521.7917,1.7511E+001
521.7986,1.1964E+001
521.8056,1.8405E+001
521.8125,2.9263E+001
521.8194,6.0400E+001
521.8264,9.4388E+001
521.8333,7.1757E+001
521.8403,5.1646E+001
521.8472,2.8093E+001
521.8542,1.3932E+001
521.8611,1.1093E+001
521.8681,8.5777E+000
521.8750,2.7976E+000
521.8819,3.4360E-001
521.8889,5.6251E-012
521.8958,0.0000E+000
521.9028,0.0000E+000
521.9097,0.0000E+000
521.9167,0.0000E+000
521.9236,1.9523E-003
521.9306,1.2784E-013
521.9375,0.0000E+000
521.9444,0.0000E+000
521.9514,0.0000E+000
521.9583,0.0000E+000
521.9653,0.0000E+000
521.9722,0.0000E+000
521.9792,0.0000E+000
521.9861,0.0000E+000
521.9931,0.0000E+000
522.0000,0.0000E+000
522.0069,0.0000E+000
522.0139,0.0000E+000
522.0208,0.0000E+000
522.0278,0.0000E+000
522.0347,0.0000E+000
522.0417,0.0000E+000
522.0486,0.0000E+000
522.0556,0.0000E+000
522.0625,0.0000E+000
522.0694,0.0000E+000
522.0764,0.0000E+000
522.0833,0.0000E+000
522.0903,0.0000E+000
522.0972,0.0000E+000
522.1042,0.0000E+000
522.1111,0.0000E+000
522.1181,0.0000E+000
522.1250,0.0000E+000
522.1319,0.0000E+000
522.1389,0.0000E+000
522.1458,0.0000E+000
522.1528,0.0000E+000
522.1597,0.0000E+000
522.1667,0.0000E+000
522.1736,0.0000E+000
522.1806,0.0000E+000
522.1875,0.0000E+000
522.1944,0.0000E+000
522.2014,0.0000E+000
522.2083,0.0000E+000
522.2153,0.0000E+000
522.2222,0.0000E+000
522.2292,0.0000E+000
522.2361,0.0000E+000
522.2431,0.0000E+000
522.2500,0.0000E+000
522.2569,5.0760E-002
522.2639,7.7182E-001
522.2708,2.4775E+000
522.2778,4.3797E+000
522.2847,6.1303E+000
522.2917,3.6704E+000
522.2986,3.3996E+000
522.3056,5.7724E+000
522.3125,1.0701E+001
522.3194,8.2277E+000
522.3264,1.2436E+001
522.3333,1.2724E+001
522.3403,2.2493E+001
522.3472,1.8296E+001
522.3542,2.1874E+001
522.3611,3.1403E+001
522.3681,5.9338E+001
522.3750,7.3332E+001
522.3819,7.3283E+001
522.3889,6.2734E+001
522.3958,4.3230E+001
522.4028,2.7926E+001
522.4097,4.2742E+001
522.4167,6.5762E+001
522.4236,4.8038E+001
522.4306,5.4997E+001
522.4375,6.4724E+001
522.4444,7.7502E+001
522.4514,8.4605E+001
522.4583,8.5595E+001
522.4653,1.1050E+002
522.4722,8.4138E+001
522.4792,7.4241E+001
522.4861,7.1957E+001
522.4931,8.3157E+001
522.5000,1.0961E+002
522.5069,1.0452E+002
522.5139,1.6837E+002
522.5208,1.3765E+002
522.5278,1.3980E+002
522.5347,2.2045E+002
522.5417,1.2951E+002
522.5486,1.2173E+002
522.5556,1.7137E+002
522.5625,1.4770E+002
522.5694,1.2539E+002
522.5764,1.2498E+002
522.5833,1.6575E+002
522.5903,1.7248E+002
522.5972,1.5610E+002
522.6042,1.6990E+002
522.6111,1.4589E+002
522.6181,1.0301E+002
522.6250,1.0927E+002
522.6319,1.0300E+002
522.6389,1.2586E+002
522.6458,1.3327E+002
522.6528,1.2270E+002
522.6597,1.4427E+002
522.6667,1.3726E+002
522.6736,1.0403E+002
522.6806,8.4887E+001
522.6875,1.3394E+002
522.6944,1.4763E+002
522.7014,1.3626E+002
522.7083,1.3771E+002
522.7153,1.4630E+002
522.7222,1.7401E+002
522.7292,1.5405E+002
522.7361,2.1098E+002
522.7431,3.2188E+002
522.7500,1.9374E+002
522.7569,1.0998E+002
522.7639,6.9249E+001
522.7708,8.0228E+001
522.7778,1.0691E+002
522.7847,9.4273E+001
522.7917,6.1227E+001
522.7986,3.1474E+001
522.8056,3.7062E+001
522.8125,6.0716E+001
522.8194,6.4958E+001
522.8264,4.3605E+001
522.8333,2.0842E+001
522.8403,1.7575E+001
522.8472,9.0375E+000
522.8542,4.7345E+000
522.8611,1.1283E+001
522.8681,7.3916E+000
522.8750,4.0303E+000
522.8819,1.7454E+000
522.8889,6.4558E-001
522.8958,2.7984E-002
522.9028,9.1624E-013
522.9097,0.0000E+000
522.9167,0.0000E+000
522.9236,0.0000E+000
522.9306,0.0000E+000
522.9375,0.0000E+000
522.9444,0.0000E+000
522.9514,0.0000E+000
522.9583,0.0000E+000
522.9653,0.0000E+000
522.9722,0.0000E+000
522.9792,0.0000E+000
522.9861,0.0000E+000
522.9931,0.0000E+000
523.0000,0.0000E+000
523.0069,0.0000E+000
523.0139,0.0000E+000
523.0208,0.0000E+000
523.0278,0.0000E+000
523.0347,0.0000E+000
523.0417,0.0000E+000
523.0486,0.0000E+000
523.0556,0.0000E+000
523.0625,0.0000E+000
523.0694,0.0000E+000
523.0764,0.0000E+000
523.0833,0.0000E+000
523.0903,0.0000E+000
523.0972,0.0000E+000
523.1042,0.0000E+000
523.1111,0.0000E+000
523.1181,0.0000E+000
523.1250,0.0000E+000
523.1319,0.0000E+000
523.1389,0.0000E+000
523.1458,0.0000E+000
523.1528,0.0000E+000
523.1597,0.0000E+000
523.1667,0.0000E+000
523.1736,0.0000E+000
523.1806,0.0000E+000
523.1875,0.0000E+000
523.1944,0.0000E+000
523.2014,0.0000E+000
523.2083,0.0000E+000
523.2153,0.0000E+000
523.2222,0.0000E+000
523.2292,0.0000E+000
523.2361,6.0835E-012
523.2431,3.7160E-001
523.2500,1.4955E+000
523.2569,1.6374E+000
523.2639,1.1487E+000
523.2708,1.1421E+000
523.2778,3.4967E+000
523.2847,7.3241E+000
523.2917,1.0571E+001
523.2986,1.6184E+001
523.3056,1.6313E+001
523.3125,1.0452E+001
523.3194,8.9947E+000
523.3264,1.7304E+001
523.3333,2.5872E+001
523.3403,2.8262E+001
523.3472,2.5224E+001
523.3542,2.6046E+001
523.3611,3.1537E+001
523.3681,4.4723E+001
523.3750,5.7323E+001
523.3819,5.6585E+001
523.3889,5.3007E+001
523.3958,5.3504E+001
523.4028,6.2652E+001
523.4097,5.8100E+001
523.4167,6.0334E+001
523.4236,5.8510E+001
523.4306,5.2662E+001
523.4375,5.3543E+001
523.4444,5.1678E+001
523.4514,4.7361E+001
523.4583,4.0471E+001
523.4653,5.8881E+001
523.4722,7.8338E+001
523.4792,6.7771E+001
523.4861,6.8872E+001
523.4931,4.9933E+001
523.5000,6.0137E+001
523.5069,7.0993E+001
523.5139,6.9231E+001
523.5208,1.1371E+002
523.5278,1.1941E+002
523.5347,1.1360E+002
523.5417,1.2116E+002
523.5486,1.0515E+002
523.5556,9.7809E+001
523.5625,1.0667E+002
523.5694,1.0563E+002
523.5764,1.1216E+002
523.5833,1.1210E+002
523.5903,8.9295E+001
523.5972,9.6996E+001
523.6042,9.7045E+001
523.6111,1.1722E+002
523.6181,1.2639E+002
523.6250,1.2351E+002
523.6319,1.2883E+002
523.6389,1.0763E+002
523.6458,8.1943E+001
523.6528,1.0289E+002
523.6597,9.0751E+001
523.6667,8.1619E+001
523.6736,7.4557E+001
523.6806,1.1116E+002
523.6875,8.2585E+001
523.6944,1.1288E+002
523.7014,1.0614E+002
523.7083,1.3826E+002
523.7153,1.4630E+002
523.7222,1.4391E+002
523.7292,9.1956E+001
523.7361,5.2855E+001
523.7431,4.7109E+001
523.7500,4.8895E+001
523.7569,5.1841E+001
523.7639,3.1735E+001
523.7708,2.8142E+001
523.7778,4.7435E+001
523.7847,6.9644E+001
523.7917,8.8766E+001
523.7986,6.5085E+001
523.8056,5.2910E+001
523.8125,4.9493E+001
523.8194,5.8048E+001
523.8264,5.0128E+001
523.8333,3.7414E+001
523.8403,3.3574E+001
523.8472,3.0031E+001
523.8542,1.6328E+001
523.8611,1.0196E+001
523.8681,1.0800E+001
523.8750,7.0353E+000
523.8819,1.8867E+000
523.8889,6.5081E-002
523.8958,3.3842E-002
523.9028,1.1081E-012
523.9097,0.0000E+000
523.9167,0.0000E+000
523.9236,0.0000E+000
523.9306,0.0000E+000
523.9375,0.0000E+000
523.9444,0.0000E+000
523.9514,0.0000E+000
523.9583,0.0000E+000
523.9653,0.0000E+000
523.9722,0.0000E+000
523.9792,0.0000E+000
523.9861,0.0000E+000
523.9931,0.0000E+000
524.0000,0.0000E+000
524.0069,0.0000E+000
524.0139,0.0000E+000
524.0208,0.0000E+000
524.0278,0.0000E+000
524.0347,0.0000E+000
524.0417,0.0000E+000
524.0486,0.0000E+000
524.0556,0.0000E+000
524.0625,0.0000E+000
524.0694,0.0000E+000
524.0764,0.0000E+000
524.0833,0.0000E+000
524.0903,0.0000E+000
524.0972,0.0000E+000
524.1042,0.0000E+000
524.1111,0.0000E+000
524.1181,0.0000E+000
524.1250,0.0000E+000
524.1319,0.0000E+000
524.1389,0.0000E+000
524.1458,0.0000E+000
524.1528,0.0000E+000
524.1597,0.0000E+000
524.1667,0.0000E+000
524.1736,0.0000E+000
524.1806,0.0000E+000
524.1875,0.0000E+000
524.1944,0.0000E+000
524.2014,0.0000E+000
524.2083,0.0000E+000
524.2153,0.0000E+000
524.2222,4.2618E-013
524.2292,1.3016E-002
524.2361,1.0921E+000
524.2431,3.0387E+000
524.2500,4.8258E+000
524.2569,7.7617E+000
524.2639,1.3378E+001
524.2708,1.6541E+001
524.2778,2.6034E+001
524.2847,3.1813E+001
524.2917,3.2946E+001
524.2986,3.2113E+001
524.3056,3.2957E+001
524.3125,2.4521E+001
524.3194,2.7708E+001
524.3264,3.6135E+001
524.3333,5.2573E+001
524.3403,5.7084E+001
524.3472,4.6661E+001
524.3542,5.0352E+001
524.3611,6.4126E+001
524.3681,8.0017E+001
524.3750,7.6119E+001
524.3819,9.6959E+001
524.3889,1.1648E+002
524.3958,1.1999E+002
524.4028,1.5846E+002
524.4097,1.8374E+002
524.4167,2.0550E+002
524.4236,2.1610E+002
524.4306,2.3209E+002
524.4375,4.0503E+002
524.4444,3.7186E+002
524.4514,4.0563E+002
524.4583,2.7555E+002
524.4653,2.5365E+002
524.4722,3.2141E+002
524.4792,3.0846E+002
524.4861,1.9553E+002
524.4931,1.7619E+002
524.5000,2.8220E+002
524.5069,3.7485E+002
524.5139,4.2753E+002
524.5208,2.7494E+002
524.5278,2.7023E+002
524.5347,2.6485E+002
524.5417,2.9073E+002
524.5486,3.1786E+002
524.5556,3.0390E+002
524.5625,3.4230E+002
524.5694,1.9148E+002
524.5764,1.3897E+002
524.5833,2.1126E+002
524.5903,2.9959E+002
524.5972,2.5400E+002
524.6042,2.0567E+002
524.6111,2.2798E+002
524.6181,3.6744E+002
524.6250,3.5417E+002
524.6319,3.7585E+002
524.6389,4.4504E+002
524.6458,4.6974E+002
524.6528,2.5982E+002
524.6597,2.5817E+002
524.6667,1.7130E+002
524.6736,2.0763E+002
524.6806,7.9508E+001
524.6875,1.0549E+002
524.6944,1.2607E+002
524.7014,7.1122E+001
524.7083,6.7478E+001
524.7153,2.4472E+001
524.7222,8.5317E+000
524.7292,6.9470E+000
524.7361,9.2568E+000
524.7431,9.6473E+000
524.7500,1.4044E+001
524.7569,2.6391E+001
524.7639,3.5654E+001
524.7708,3.8036E+001
524.7778,3.9522E+001
524.7847,3.7735E+001
524.7917,3.8637E+001
524.7986,3.7054E+001
524.8056,3.4286E+001
524.8125,3.2062E+001
524.8194,2.7573E+001
524.8264,2.3684E+001
524.8333,2.0775E+001
524.8403,1.8079E+001
524.8472,1.5838E+001
524.8542,1.6895E+001
524.8611,1.7816E+001
524.8681,1.7141E+001
524.8750,1.4849E+001
524.8819,1.2993E+001
524.8889,6.9392E+000
524.8958,1.1500E+000
524.9028,3.7654E-011
524.9097,0.0000E+000
524.9167,0.0000E+000
524.9236,0.0000E+000
524.9306,0.0000E+000
524.9375,0.0000E+000
524.9444,0.0000E+000
524.9514,0.0000E+000
524.9583,0.0000E+000
524.9653,0.0000E+000
524.9722,0.0000E+000
524.9792,0.0000E+000
524.9861,0.0000E+000
524.9931,0.0000E+000
525.0000,0.0000E+000
525.0069,0.0000E+000
525.0139,0.0000E+000
525.0208,0.0000E+000
525.0278,0.0000E+000
525.0347,0.0000E+000
525.0417,0.0000E+000
525.0486,0.0000E+000
525.0556,0.0000E+000
525.0625,0.0000E+000
525.0694,0.0000E+000
525.0764,0.0000E+000
525.0833,0.0000E+000
525.0903,0.0000E+000
525.0972,0.0000E+000
525.1042,0.0000E+000
525.1111,0.0000E+000
525.1181,0.0000E+000
525.1250,0.0000E+000
525.1319,0.0000E+000
525.1389,0.0000E+000
525.1458,0.0000E+000
525.1528,0.0000E+000
525.1597,0.0000E+000
525.1667,0.0000E+000
525.1736,0.0000E+000
525.1806,0.0000E+000
525.1875,0.0000E+000
525.1944,0.0000E+000
525.2014,0.0000E+000
525.2083,0.0000E+000
525.2153,0.0000E+000
525.2222,2.3057E-011
525.2292,7.0421E-001
525.2361,2.7732E+000
525.2431,4.9471E+000
525.2500,6.0958E+000
525.2569,8.7740E+000
525.2639,1.6500E+001
525.2708,1.7079E+001
525.2778,2.0144E+001
525.2847,2.3790E+001
525.2917,2.6373E+001
525.2986,2.9952E+001
525.3056,4.0656E+001
525.3125,5.0623E+001
525.3194,4.5513E+001
525.3264,4.4961E+001
525.3333,5.1424E+001
525.3403,4.9446E+001
525.3472,5.6081E+001
525.3542,5.7632E+001
525.3611,5.8881E+001
525.3681,5.9757E+001
525.3750,7.0109E+001
525.3819,1.9911E+002
525.3889,2.0034E+002
525.3958,6.1275E+001
525.4028,5.0230E+001
525.4097,4.4791E+001
525.4167,5.1576E+001
525.4236,3.2051E+002
525.4306,4.5112E+002
525.4375,4.6600E+002
525.4444,3.3254E+002
525.4514,8.4719E+001
525.4583,1.0626E+002
525.4653,1.0253E+002
525.4722,8.4290E+001
525.4792,5.8985E+001
525.4861,4.2605E+001
525.4931,3.8684E+001
525.5000,2.1296E+002
525.5069,5.3666E+002
525.5139,1.3564E+002
525.5208,1.6715E+002
525.5278,4.8222E+002
525.5347,6.1770E+002
525.5417,1.8505E+002
525.5486,4.4312E+002
525.5556,6.0214E+002
525.5625,5.8247E+002
525.5694,5.7369E+002
525.5764,5.7190E+002
525.5833,4.0244E+002
525.5903,1.1941E+002
525.5972,1.3823E+002
525.6042,2.1778E+002
525.6111,2.1374E+002
525.6181,1.0201E+002
525.6250,3.9867E+002
525.6319,5.8236E+002
525.6389,5.7960E+002
525.6458,4.8095E+002
525.6528,5.4266E+002
525.6597,5.3941E+002
525.6667,2.4220E+002
525.6736,1.6507E+002
525.6806,4.2598E+002
525.6875,2.9900E+002
525.6944,4.5322E+001
525.7014,1.2494E+002
525.7083,5.8074E+001
525.7153,1.9066E+002
525.7222,1.9655E+002
525.7292,3.3847E+002
525.7361,3.3376E+002
525.7431,3.1018E+002
525.7500,2.8227E+002
525.7569,7.7534E+001
525.7639,4.9886E+001
525.7708,5.7614E+001
525.7778,5.8067E+001
525.7847,5.3774E+001
525.7917,4.6134E+001
525.7986,3.7250E+001
525.8056,3.2954E+001
525.8125,2.7815E+001
525.8194,2.3113E+001
525.8264,2.2242E+001
525.8333,2.1640E+001
525.8403,2.1772E+001
525.8472,2.4567E+001
525.8542,2.0685E+001
525.8611,1.3897E+001
525.8681,8.9532E+000
525.8750,4.7858E+000
525.8819,3.4281E+000
525.8889,1.0271E+000
525.8958,6.6387E-002
525.9028,2.1736E-012
525.9097,0.0000E+000
525.9167,0.0000E+000
525.9236,0.0000E+000
525.9306,0.0000E+000
525.9375,0.0000E+000
525.9444,0.0000E+000
525.9514,0.0000E+000
525.9583,0.0000E+000
525.9653,0.0000E+000
525.9722,0.0000E+000
525.9792,0.0000E+000
525.9861,0.0000E+000
525.9931,0.0000E+000
526.0000,0.0000E+000
526.0069,0.0000E+000
526.0139,0.0000E+000
526.0208,0.0000E+000
526.0278,0.0000E+000
526.0347,0.0000E+000
526.0417,0.0000E+000
526.0486,0.0000E+000
526.0556,0.0000E+000
526.0625,0.0000E+000
526.0694,0.0000E+000
526.0764,0.0000E+000
526.0833,0.0000E+000
526.0903,0.0000E+000
526.0972,0.0000E+000
526.1042,0.0000E+000
526.1111,0.0000E+000
526.1181,0.0000E+000
526.1250,0.0000E+000
526.1319,0.0000E+000
526.1389,0.0000E+000
526.1458,0.0000E+000
526.1528,0.0000E+000
526.1597,0.0000E+000
526.1667,0.0000E+000
526.1736,0.0000E+000
526.1806,0.0000E+000
526.1875,0.0000E+000
526.1944,0.0000E+000
526.2014,0.0000E+000
526.2083,0.0000E+000
526.2153,0.0000E+000
526.2222,1.7638E-001
526.2292,8.8778E-001
526.2361,2.1758E+000
526.2431,3.3201E+000
526.2500,4.8965E+000
526.2569,7.3964E+000
526.2639,1.0712E+001
526.2708,1.4456E+001
526.2778,2.3851E+001
526.2847,3.2100E+001
526.2917,3.7625E+001
526.2986,4.3136E+001
526.3056,4.4445E+001
526.3125,4.2101E+001
526.3194,3.9018E+001
526.3264,4.2587E+001
526.3333,4.6775E+001
526.3403,6.2729E+001
526.3472,6.4809E+001
526.3542,6.0374E+001
526.3611,6.6331E+001
526.3681,6.2120E+001
526.3750,6.1848E+001
526.3819,1.9020E+002
526.3889,2.2286E+002
526.3958,1.9195E+002
526.4028,3.0465E+002
526.4097,3.2857E+002
526.4167,3.4643E+002
526.4236,3.6173E+002
526.4306,3.7446E+002
526.4375,2.1561E+002
526.4444,3.3866E+002
526.4514,4.6400E+002
526.4583,4.9850E+002
526.4653,4.4448E+002
526.4722,5.3542E+002
526.4792,2.7119E+002
526.4861,4.3078E+002
526.4931,5.1634E+002
526.5000,4.2461E+002
526.5069,1.3937E+002
526.5139,3.8760E+001
526.5208,2.0034E+001
526.5278,2.4850E+001
526.5347,4.8196E+001
526.5417,5.2242E+001
526.5486,1.0470E+002
526.5556,1.4762E+002
526.5625,3.2297E+002
526.5694,5.8401E+002
526.5764,1.6221E+002
526.5833,1.4787E+002
526.5903,1.6086E+002
526.5972,2.6104E+002
526.6042,4.6681E+002
526.6111,5.8014E+002
526.6181,5.7739E+002
526.6250,5.8899E+002
526.6319,6.0766E+002
526.6389,5.8022E+002
526.6458,5.3932E+002
526.6528,5.0317E+002
526.6597,4.5600E+002
526.6667,4.0628E+002
526.6736,4.2666E+002
526.6806,4.2415E+002
526.6875,3.7769E+002
526.6944,3.4180E+002
526.7014,3.4392E+002
526.7083,1.3033E+002
526.7153,1.0678E+002
526.7222,1.5094E+002
526.7292,6.6821E+001
526.7361,2.9213E+002
526.7431,1.6746E+002
526.7500,5.0333E+001
526.7569,6.4212E+001
526.7639,5.8908E+001
526.7708,7.1211E+001
526.7778,8.1574E+001
526.7847,8.0651E+001
526.7917,8.4009E+001
526.7986,7.1493E+001
526.8056,8.7263E+001
526.8125,7.4403E+001
526.8194,5.2263E+001
526.8264,3.1186E+001
526.8333,2.1344E+001
526.8403,1.5800E+001
526.8472,1.3403E+001
526.8542,1.1107E+001
526.8611,9.9520E+000
526.8681,9.4853E+000
526.8750,7.9752E+000
526.8819,4.9779E+000
526.8889,1.2940E+000
526.8958,0.0000E+000
526.9028,0.0000E+000
526.9097,0.0000E+000
526.9167,0.0000E+000
526.9236,0.0000E+000
526.9306,0.0000E+000
526.9375,0.0000E+000
526.9444,0.0000E+000
526.9514,0.0000E+000
526.9583,0.0000E+000
526.9653,0.0000E+000
526.9722,0.0000E+000
526.9792,0.0000E+000
526.9861,0.0000E+000
526.9931,0.0000E+000
527.0000,0.0000E+000
527.0069,0.0000E+000
527.0139,0.0000E+000
527.0208,0.0000E+000
527.0278,0.0000E+000
527.0347,0.0000E+000
527.0417,0.0000E+000
527.0486,0.0000E+000
527.0556,0.0000E+000
527.0625,0.0000E+000
527.0694,0.0000E+000
527.0764,0.0000E+000
527.0833,0.0000E+000
527.0903,0.0000E+000
527.0972,0.0000E+000
527.1042,0.0000E+000
527.1111,0.0000E+000
527.1181,0.0000E+000
527.1250,0.0000E+000
527.1319,0.0000E+000
527.1389,0.0000E+000
527.1458,0.0000E+000
527.1528,0.0000E+000
527.1597,0.0000E+000
527.1667,0.0000E+000
527.1736,0.0000E+000
527.1806,0.0000E+000
527.1875,0.0000E+000
527.1944,0.0000E+000
527.2014,0.0000E+000
527.2083,0.0000E+000
527.2153,0.0000E+000
527.2222,1.2680E-011
527.2292,3.8728E-001
527.2361,1.7359E+000
527.2431,3.3944E+000
527.2500,5.2826E+000
527.2569,7.2464E+000
527.2639,8.9530E+000
527.2708,1.0465E+001
527.2778,1.2285E+001
527.2847,1.4355E+001
527.2917,1.7282E+001
527.2986,2.0539E+001
527.3056,2.3587E+001
527.3125,2.4273E+001
527.3194,2.4897E+001
527.3264,2.6674E+001
527.3333,2.8863E+001
527.3403,3.0471E+001
527.3472,3.2710E+001
527.3542,3.5865E+001
527.3611,4.5047E+001
527.3681,4.2780E+001
527.3750,4.3039E+001
527.3819,2.0034E+002
527.3889,2.6059E+002
527.3958,2.0574E+002
527.4028,3.4312E+002
527.4097,3.5636E+002
527.4167,3.6676E+002
527.4236,3.8367E+002
527.4306,4.0716E+002
527.4375,4.2146E+002
527.4444,4.2755E+002
527.4514,4.4134E+002
527.4583,4.6055E+002
527.4653,4.7620E+002
527.4722,4.9789E+002
527.4792,5.4358E+002
527.4861,5.7518E+002
527.4931,5.2795E+002
527.5000,2.0980E+002
527.5069,2.6289E+002
527.5139,2.2556E+002
527.5208,4.9172E+002
527.5278,5.2816E+002
527.5347,4.9811E+002
527.5417,5.6784E+002
527.5486,6.1358E+002
527.5556,3.7029E+002
527.5625,5.1515E+001
527.5694,6.9315E+001
527.5764,9.0637E+001
527.5833,2.1543E+002
527.5903,4.4498E+002
527.5972,5.1986E+002
527.6042,4.2919E+002
527.6111,5.8634E+002
527.6181,1.3594E+002
527.6250,3.6121E+002
527.6319,3.8383E+002
527.6389,4.2863E+002
527.6458,1.7356E+002
527.6528,3.2001E+002
527.6597,1.6526E+002
527.6667,4.6290E+002
527.6736,4.0141E+002
527.6806,2.8009E+002
527.6875,9.1920E+001
527.6944,3.5949E+001
527.7014,6.4271E+001
527.7083,7.1749E+001
527.7153,9.5790E+001
527.7222,1.4739E+002
527.7292,1.7733E+002
527.7361,1.4312E+002
527.7431,1.3208E+002
527.7500,1.5125E+002
527.7569,1.1919E+002
527.7639,1.2423E+002
527.7708,1.2113E+002
527.7778,1.1521E+002
527.7847,9.5907E+001
527.7917,5.2435E+001
527.7986,3.4218E+001
527.8056,2.9335E+001
527.8125,2.7430E+001
527.8194,2.6051E+001
527.8264,2.1449E+001
527.8333,1.7478E+001
527.8403,1.4568E+001
527.8472,1.1449E+001
527.8542,9.4088E+000
527.8611,6.6783E+000
527.8681,4.6800E+000
527.8750,3.1393E+000
527.8819,2.5027E+000
527.8889,8.3381E-001
527.8958,0.0000E+000
527.9028,0.0000E+000
527.9097,0.0000E+000
527.9167,0.0000E+000
527.9236,0.0000E+000
527.9306,0.0000E+000
527.9375,0.0000E+000
527.9444,0.0000E+000
527.9514,0.0000E+000
527.9583,0.0000E+000
527.9653,0.0000E+000
527.9722,0.0000E+000
527.9792,0.0000E+000
527.9861,0.0000E+000
527.9931,0.0000E+000
528.0000,0.0000E+000
528.0069,0.0000E+000
528.0139,0.0000E+000
528.0208,0.0000E+000
528.0278,0.0000E+000
528.0347,0.0000E+000
528.0417,0.0000E+000
528.0486,0.0000E+000
528.0556,0.0000E+000
528.0625,0.0000E+000
528.0694,0.0000E+000
528.0764,0.0000E+000
528.0833,0.0000E+000
528.0903,0.0000E+000
528.0972,0.0000E+000
528.1042,0.0000E+000
528.1111,0.0000E+000
528.1181,0.0000E+000
528.1250,0.0000E+000
528.1319,0.0000E+000
528.1389,0.0000E+000
528.1458,0.0000E+000
528.1528,0.0000E+000
528.1597,0.0000E+000
528.1667,0.0000E+000
528.1736,0.0000E+000
528.1806,0.0000E+000
528.1875,0.0000E+000
528.1944,0.0000E+000
528.2014,0.0000E+000
528.2083,2.5574E-013
528.2153,5.2073E-003
528.2222,1.3128E-011
528.2292,4.0096E-001
528.2361,2.6609E+000
528.2431,5.2093E+000
528.2500,7.0149E+000
528.2569,1.0019E+001
528.2639,1.2958E+001
528.2708,1.7871E+001
528.2778,2.4647E+001
528.2847,2.7347E+001
528.2917,2.1768E+001
528.2986,2.0879E+001
528.3056,2.6968E+001
528.3125,3.1335E+001
528.3194,3.6678E+001
528.3264,4.7948E+001
528.3333,4.4172E+001
528.3403,5.1812E+001
528.3472,6.3137E+001
528.3542,5.8099E+001
528.3611,5.6104E+001
528.3681,4.2140E+001
528.3750,4.1036E+001
528.3819,1.7925E+002
528.3889,2.4252E+002
528.3958,2.1522E+002
528.4028,2.9113E+002
528.4097,3.3937E+002
528.4167,2.5306E+002
528.4236,3.4443E+002
528.4306,3.8320E+002
528.4375,3.7075E+002
528.4444,4.0031E+002
528.4514,3.5410E+002
528.4583,3.9275E+002
528.4653,4.1023E+002
528.4722,4.1254E+002
528.4792,3.3035E+002
528.4861,4.0493E+002
528.4931,4.9656E+002
528.5000,4.7313E+002
528.5069,3.6978E+002
528.5139,4.5972E+002
528.5208,4.6455E+002
528.5278,5.2084E+002
528.5347,5.4552E+002
528.5417,5.4972E+002
528.5486,5.5365E+002
528.5556,5.6099E+002
528.5625,5.6599E+002
528.5694,5.5156E+002
528.5764,3.7784E+002
528.5833,4.8537E+002
528.5903,2.9041E+002
528.5972,3.9472E+002
528.6042,3.8105E+002
528.6111,4.2764E+002
528.6181,4.2786E+002
528.6250,5.0989E+002
528.6319,3.1286E+002
528.6389,4.6206E+002
528.6458,4.7833E+002
528.6528,4.8744E+002
528.6597,4.8307E+002
528.6667,3.8460E+002
528.6736,2.5391E+002
528.6806,1.6854E+002
528.6875,1.1046E+002
528.6944,9.8565E+001
528.7014,7.7839E+001
528.7083,8.1696E+001
528.7153,9.7360E+001
528.7222,8.9938E+001
528.7292,8.1248E+001
528.7361,7.4682E+001
528.7431,7.5023E+001
528.7500,6.6500E+001
528.7569,3.5482E+001
528.7639,4.4560E+001
528.7708,9.7878E+001
528.7778,3.4353E+001
528.7847,2.5883E+001
528.7917,2.3804E+001
528.7986,2.1000E+001
528.8056,4.0482E+001
528.8125,4.5541E+001
528.8194,2.3861E+001
528.8264,3.2170E+001
528.8333,2.7661E+001
528.8403,3.4924E+001
528.8472,2.5012E+001
528.8542,2.0453E+001
528.8611,1.7606E+001
528.8681,1.3181E+001
528.8750,4.1894E+000
528.8819,7.6809E-002
528.8889,1.2574E-012
528.8958,0.0000E+000
528.9028,0.0000E+000
528.9097,0.0000E+000
528.9167,0.0000E+000
528.9236,0.0000E+000
528.9306,0.0000E+000
528.9375,0.0000E+000
528.9444,0.0000E+000
528.9514,0.0000E+000
528.9583,0.0000E+000
528.9653,0.0000E+000
528.9722,0.0000E+000
528.9792,0.0000E+000
528.9861,0.0000E+000
528.9931,0.0000E+000
529.0000,0.0000E+000
529.0069,0.0000E+000
529.0139,0.0000E+000
529.0208,0.0000E+000
529.0278,0.0000E+000
529.0347,0.0000E+000
529.0417,0.0000E+000
529.0486,0.0000E+000
529.0556,0.0000E+000
529.0625,0.0000E+000
529.0694,0.0000E+000
529.0764,0.0000E+000
529.0833,0.0000E+000
529.0903,0.0000E+000
529.0972,0.0000E+000
529.1042,0.0000E+000
529.1111,0.0000E+000
529.1181,0.0000E+000
529.1250,0.0000E+000
529.1319,0.0000E+000
529.1389,0.0000E+000
529.1458,0.0000E+000
529.1528,0.0000E+000
529.1597,0.0000E+000
529.1667,0.0000E+000
529.1736,0.0000E+000
529.1806,0.0000E+000
529.1875,0.0000E+000
529.1944,0.0000E+000
529.2014,0.0000E+000
529.2083,1.4386E-012
529.2153,2.9292E-002
529.2222,2.2457E-001
529.2292,9.9788E-001
529.2361,2.1188E+000
529.2431,3.4604E+000
529.2500,4.7714E+000
529.2569,6.0081E+000
529.2639,7.1863E+000
529.2708,8.7675E+000
529.2778,1.0371E+001
529.2847,1.1574E+001
529.2917,1.2918E+001
529.2986,1.3825E+001
529.3056,1.5045E+001
529.3125,1.6840E+001
529.3194,1.8670E+001
529.3264,2.0589E+001
529.3333,2.2595E+001
529.3403,2.4380E+001
529.3472,2.6298E+001
529.3542,2.5376E+001
529.3611,3.2042E+001
529.3681,3.3543E+001
529.3750,2.6547E+001
529.3819,1.7978E+002
529.3889,3.1655E+002
529.3958,2.6790E+002
529.4028,3.7404E+002
529.4097,3.9139E+002
529.4167,4.1156E+002
529.4236,4.2573E+002
529.4306,4.3976E+002
529.4375,4.5709E+002
529.4444,4.7044E+002
529.4514,4.8275E+002
529.4583,4.8988E+002
529.4653,4.9913E+002
529.4722,5.0493E+002
529.4792,5.1298E+002
529.4861,5.3499E+002
529.4931,5.3807E+002
529.5000,5.4184E+002
529.5069,5.5526E+002
529.5139,5.5723E+002
529.5208,5.5782E+002
529.5278,5.7264E+002
529.5347,5.8613E+002
529.5417,5.9706E+002
529.5486,6.0035E+002
529.5556,5.9989E+002
529.5625,6.0257E+002
529.5694,6.0367E+002
529.5764,6.0370E+002
529.5833,5.9996E+002
529.5903,5.9941E+002
529.5972,5.9812E+002
529.6042,5.9719E+002
529.6111,5.9001E+002
529.6181,5.8432E+002
529.6250,5.7857E+002
529.6319,5.6725E+002
529.6389,5.3573E+002
529.6458,5.4783E+002
529.6528,5.3251E+002
529.6597,5.2041E+002
529.6667,5.0173E+002
529.6736,4.8726E+002
529.6806,4.7121E+002
529.6875,4.6007E+002
529.6944,4.4232E+002
529.7014,4.2431E+002
529.7083,4.0234E+002
529.7153,3.8377E+002
529.7222,3.7570E+002
529.7292,3.5251E+002
529.7361,3.3944E+002
529.7431,3.1849E+002
529.7500,2.9632E+002
529.7569,1.0535E+002
529.7639,1.9211E+001
529.7708,1.8784E+001
529.7778,1.5823E+001
529.7847,1.3790E+001
529.7917,1.4323E+001
529.7986,1.3569E+001
529.8056,1.1983E+001
529.8125,1.0705E+001
529.8194,9.8176E+000
529.8264,8.6505E+000
529.8333,8.7318E+000
529.8403,7.5380E+000
529.8472,6.9964E+000
529.8542,5.6984E+000
529.8611,4.9602E+000
529.8681,3.2196E+000
529.8750,2.1716E+000
529.8819,1.0786E+000
529.8889,1.7658E-011
529.8958,6.9001E-002
529.9028,2.2592E-012
529.9097,0.0000E+000
529.9167,0.0000E+000
529.9236,0.0000E+000
529.9306,0.0000E+000
529.9375,0.0000E+000
529.9444,0.0000E+000
529.9514,0.0000E+000
529.9583,0.0000E+000
529.9653,0.0000E+000
529.9722,0.0000E+000
529.9792,0.0000E+000
529.9861,0.0000E+000
529.9931,0.0000E+000
530.0000,0.0000E+000
