time,Volume,Vol Snow,Vol Blue Ice,Vol White Ice,Tot Inflow Vol,Tot Outflow Vol,Overflow Vol,Evaporation,Rain,Local Runoff,Snowfall,Lake Level,Surface Area,Blue Ice Thickness,Snow Thickness,Snow Density,White Ice Thickness,Albedo,Max Temp,Min Temp,Surface Temp,Daily Qsw,Daily Qe,Daily Qh,Daily Qlw,Light,Benthic Light,Surface Wave Height,Surface Wave Length,Surface Wave Period,LakeNumber,Max dT/dz,CD,CHE,z/L
2020-07-22 24:00:00,    7.227000,    0.000000,    0.000000,    0.000000,    0.000000,    0.000000,    0.000000,         nan,    0.000000,    0.000000,    0.000000,    0.000000,   31.680000,    0.000000,    0.000000,    0.000000,    0.000000,    0.061232,   -nan(ind),   -nan(ind),   -nan(ind),    0.000000,         nan,   -nan(ind),   -nan(ind),    0.000000,    0.000000,    0.000000,    0.000000,    0.000000,-9999.000000,    0.000000,    0.001300,    0.001300,    0.000000
2020-07-23 24:00:00,    7.227000,    0.000000,    0.000000,    0.000000,    0.000000,    0.000000,    0.000000,         nan,    0.311674,    0.000000,    0.000000,    0.000000,   31.680000,    0.000000,    0.000000,    0.000000,    0.000000,    0.061354,   -nan(ind),   -nan(ind),   -nan(ind),  132.387390,         nan,   -nan(ind),   -nan(ind),  405.218557,    0.000000,    0.000114,    0.001494,    0.055218,-9999.000000,    0.000075,    0.001300,    0.001300,    0.000000
2020-07-24 24:00:00,    7.227000,    0.000000,    0.000000,    0.000000,    0.000000,    0.000000,    0.000000,         nan,    0.290635,    0.000000,    0.000000,    0.000000,   31.680000,    0.000000,    0.000000,    0.000000,    0.000000,    0.061482,   -nan(ind),   -nan(ind),   -nan(ind),  172.716989,         nan,   -nan(ind),   -nan(ind),  135.746686,    0.000000,    0.000230,    0.002954,    0.078442,-9999.000000,    0.000000,    0.001300,    0.001300,    0.000000
2020-07-25 24:00:00,    7.227000,    0.000000,    0.000000,    0.000000,    0.000000,    0.000000,    0.000000,         nan,    0.274885,    0.000000,    0.000000,    0.000000,   31.680000,    0.000000,    0.000000,    0.000000,    0.000000,    0.061614,   -nan(ind),   -nan(ind),   -nan(ind),  130.115564,         nan,   -nan(ind),   -nan(ind),    0.000000,    0.000000,    0.000000,    0.000000,    0.000434,-9999.000000,    0.000000,    0.001300,    0.001300,    0.000000
2020-07-26 24:00:00,    7.227000,    0.000000,    0.000000,    0.000000,    0.000000,    0.000000,    0.000000,         nan,    0.407652,    0.000000,    0.000000,    0.000000,   31.680000,    0.000000,    0.000000,    0.000000,    0.000000,    0.061753,   -nan(ind),   -nan(ind),   -nan(ind),  150.405307,         nan,   -nan(ind),   -nan(ind),  288.019679,    0.000000,    0.000000,    0.000000,    0.000377,-9999.000000,    0.000000,    0.001300,    0.001300,    0.000000
2020-07-27 24:00:00,    7.227000,    0.000000,    0.000000,    0.000000,    0.000000,    0.000000,    0.000000,         nan,    0.515900,    0.000000,    0.000000,    0.000000,   31.680000,    0.000000,    0.000000,    0.000000,    0.000000,    0.061896,   -nan(ind),   -nan(ind),   -nan(ind),  161.498204,         nan,   -nan(ind),   -nan(ind),  276.354432,    0.000000,    0.000407,    0.004719,    0.104408,-9999.000000,    0.000209,    0.001300,    0.001300,    0.000000
2020-07-28 24:00:00,    7.227000,    0.000000,    0.000000,    0.000000,    0.000000,    0.000000,    0.000000,         nan,    0.263966,    0.000000,    0.000000,    0.000000,   31.680000,    0.000000,    0.000000,    0.000000,    0.000000,    0.062045,   -nan(ind),   -nan(ind),   -nan(ind),  164.190831,         nan,   -nan(ind),   -nan(ind),  337.779430,    0.000000,    0.000000,    0.000000,    0.000001,-9999.000000,    0.000000,    0.001300,    0.001300,    0.000000
2020-07-29 24:00:00,    7.227000,    0.000000,    0.000000,    0.000000,    0.000000,    0.000000,    0.000000,         nan,    0.515064,    0.000000,    0.000000,    0.000000,   31.680000,    0.000000,    0.000000,    0.000000,    0.000000,    0.062199,   -nan(ind),   -nan(ind),   -nan(ind),  143.591204,         nan,   -nan(ind),   -nan(ind),  249.440392,    0.000000,    0.000172,    0.001758,    0.067866,-9999.000000,    0.000069,    0.001300,    0.001300,    0.000000
2020-07-30 24:00:00,    7.227000,    0.000000,    0.000000,    0.000000,    0.000000,    0.000000,    0.000000,         nan,    0.438599,    0.000000,    0.000000,    0.000000,   31.680000,    0.000000,    0.000000,    0.000000,    0.000000,    0.062359,   -nan(ind),   -nan(ind),   -nan(ind),  143.171874,         nan,   -nan(ind),   -nan(ind),  111.314016,    0.000000,    0.000114,    0.001625,    0.055159,-9999.000000,    0.000089,    0.001300,    0.001300,    0.000000
2020-07-31 24:00:00,    7.227000,    0.000000,    0.000000,    0.000000,    0.000000,    0.000000,    0.000000,         nan,    0.375596,    0.000000,    0.000000,    0.000000,   31.680000,    0.000000,    0.000000,    0.000000,    0.000000,    0.062524,   -nan(ind),   -nan(ind),   -nan(ind),  147.810515,         nan,   -nan(ind),   -nan(ind),  231.933960,    0.000000,    0.000192,    0.002575,    0.071703,-9999.000000,    0.000132,    0.001300,    0.001300,    0.000000
2020-08-01 24:00:00,    7.227000,    0.000000,    0.000000,    0.000000,    0.000000,    0.000000,    0.000000,         nan,    0.299138,    0.000000,    0.000000,    0.000000,   31.680000,    0.000000,    0.000000,    0.000000,    0.000000,    0.062694,   -nan(ind),   -nan(ind),   -nan(ind),  128.064694,         nan,   -nan(ind),   -nan(ind),  266.810315,    0.000000,    0.000017,    0.000435,    0.021179,-9999.000000,    0.000045,    0.001300,    0.001300,    0.000000
2020-08-02 24:00:00,    7.227000,    0.000000,    0.000000,    0.000000,    0.000000,    0.000000,    0.000000,         nan,    0.306382,    0.000000,    0.000000,    0.000000,   31.680000,    0.000000,    0.000000,    0.000000,    0.000000,    0.062869,   -nan(ind),   -nan(ind),   -nan(ind),  116.040855,         nan,   -nan(ind),   -nan(ind),  454.189892,    0.000000,    0.000093,    0.001527,    0.049950,-9999.000000,    0.000096,    0.001300,    0.001300,    0.000000
2020-08-03 24:00:00,    7.227000,    0.000000,    0.000000,    0.000000,    0.000000,    0.000000,    0.000000,         nan,    0.445193,    0.000000,    0.000000,    0.000000,   31.680000,    0.000000,    0.000000,    0.000000,    0.000000,    0.063049,   -nan(ind),   -nan(ind),   -nan(ind),   80.341315,         nan,   -nan(ind),   -nan(ind),   53.132382,    0.000000,    0.000000,    0.000000,    0.000247,-9999.000000,    0.000000,    0.001300,    0.001300,    0.000000
2020-08-04 24:00:00,    7.227000,    0.000000,    0.000000,    0.000000,    0.000000,    0.000000,    0.000000,         nan,    0.353664,    0.000000,    0.000000,    0.000000,   31.680000,    0.000000,    0.000000,    0.000000,    0.000000,    0.063234,   -nan(ind),   -nan(ind),   -nan(ind),  166.475681,         nan,   -nan(ind),   -nan(ind),   85.417814,    0.000000,    0.000019,    0.000164,    0.022513,-9999.000000,    0.000005,    0.001300,    0.001300,    0.000000
2020-08-05 24:00:00,    7.227000,    0.000000,    0.000000,    0.000000,    0.000000,    0.000000,    0.000000,         nan,    0.367862,    0.000000,    0.000000,    0.000000,   31.680000,    0.000000,    0.000000,    0.000000,    0.000000,    0.063425,   -nan(ind),   -nan(ind),   -nan(ind),   84.078481,         nan,   -nan(ind),   -nan(ind),    0.000000,    0.000000,    0.000000,    0.000000,    0.000000,-9999.000000,    0.000000,    0.001300,    0.001300,    0.000000
2020-08-06 24:00:00,    7.227000,    0.000000,    0.000000,    0.000000,    0.000000,    0.000000,    0.000000,         nan,    0.546573,    0.000000,    0.000000,    0.000000,   31.680000,    0.000000,    0.000000,    0.000000,    0.000000,    0.063620,   -nan(ind),   -nan(ind),   -nan(ind),  158.257699,         nan,   -nan(ind),   -nan(ind),  436.893651,    0.000000,    0.000000,    0.000000,    0.000321,-9999.000000,    0.000000,    0.001300,    0.001300,    0.000000
2020-08-07 24:00:00,    7.227000,    0.000000,    0.000000,    0.000000,    0.000000,    0.000000,    0.000000,         nan,    0.420660,    0.000000,    0.000000,    0.000000,   31.680000,    0.000000,    0.000000,    0.000000,    0.000000,    0.063820,   -nan(ind),   -nan(ind),   -nan(ind),  162.761016,         nan,   -nan(ind),   -nan(ind),  113.009671,    0.000000,    0.000000,    0.000000,    0.000002,-9999.000000,    0.000000,    0.001300,    0.001300,    0.000000
2020-08-08 24:00:00,    7.227000,    0.000000,    0.000000,    0.000000,    0.000000,    0.000000,    0.000000,         nan,    0.374547,    0.000000,    0.000000,    0.000000,   31.680000,    0.000000,    0.000000,    0.000000,    0.000000,    0.064024,   -nan(ind),   -nan(ind),   -nan(ind),  124.792990,         nan,   -nan(ind),   -nan(ind),   30.869424,    0.000000,    0.000000,    0.000000,    0.000187,-9999.000000,    0.000000,    0.001300,    0.001300,    0.000000
2020-08-09 24:00:00,    7.227000,    0.000000,    0.000000,    0.000000,    0.000000,    0.000000,    0.000000,         nan,    0.283573,    0.000000,    0.000000,    0.000000,   31.680000,    0.000000,    0.000000,    0.000000,    0.000000,    0.064234,   -nan(ind),   -nan(ind),   -nan(ind),  106.781242,         nan,   -nan(ind),   -nan(ind),   16.511520,    0.000000,    0.000260,    0.003522,    0.083436,-9999.000000,    0.000182,    0.001300,    0.001300,    0.000000
2020-08-10 24:00:00,    7.227000,    0.000000,    0.000000,    0.000000,    0.000000,    0.000000,    0.000000,         nan,    0.402974,    0.000000,    0.000000,    0.000000,   31.680000,    0.000000,    0.000000,    0.000000,    0.000000,    0.064448,   -nan(ind),   -nan(ind),   -nan(ind),  153.832070,         nan,   -nan(ind),   -nan(ind),    0.000000,    0.000000,    0.000029,    0.000270,    0.028041,-9999.000000,    0.000009,    0.001300,    0.001300,    0.000000
2020-08-11 24:00:00,    7.227000,    0.000000,    0.000000,    0.000000,    0.000000,    0.000000,    0.000000,         nan,    0.278225,    0.000000,    0.000000,    0.000000,   31.680000,    0.000000,    0.000000,    0.000000,    0.000000,    0.064667,   -nan(ind),   -nan(ind),   -nan(ind),  139.100355,         nan,   -nan(ind),   -nan(ind),  450.882839,    0.000000,    0.000000,    0.000000,    0.000002,-9999.000000,    0.000000,    0.001300,    0.001300,    0.000000
2020-08-12 24:00:00,    7.227000,    0.000000,    0.000000,    0.000000,    0.000000,    0.000000,    0.000000,         nan,    0.349076,    0.000000,    0.000000,    0.000000,   31.680000,    0.000000,    0.000000,    0.000000,    0.000000,    0.064890,   -nan(ind),   -nan(ind),   -nan(ind),  139.475696,         nan,   -nan(ind),   -nan(ind),  338.733824,    0.000000,    0.000000,    0.000000,    0.000208,-9999.000000,    0.000000,    0.001300,    0.001300,    0.000000
2020-08-13 24:00:00,    7.227000,    0.000000,    0.000000,    0.000000,    0.000000,    0.000000,    0.000000,         nan,    0.309320,    0.000000,    0.000000,    0.000000,   31.680000,    0.000000,    0.000000,    0.000000,    0.000000,    0.065118,   -nan(ind),   -nan(ind),   -nan(ind),   92.582117,         nan,   -nan(ind),   -nan(ind),    0.000000,    0.000000,    0.000075,    0.000888,    0.044744,-9999.000000,    0.000040,    0.001300,    0.001300,    0.000000
2020-08-14 24:00:00,    7.227000,    0.000000,    0.000000,    0.000000,    0.000000,    0.000000,    0.000000,         nan,    0.516301,    0.000000,    0.000000,    0.000000,   31.680000,    0.000000,    0.000000,    0.000000,    0.000000,    0.065350,   -nan(ind),   -nan(ind),   -nan(ind),  150.608325,         nan,   -nan(ind),   -nan(ind),  154.287170,    0.000000,    0.000000,    0.000000,    0.000323,-9999.000000,    0.000000,    0.001300,    0.001300,    0.000000
2020-08-15 24:00:00,    7.227000,    0.000000,    0.000000,    0.000000,    0.000000,    0.000000,    0.000000,         nan,    0.234181,    0.000000,    0.000000,    0.000000,   31.680000,    0.000000,    0.000000,    0.000000,    0.000000,    0.065587,   -nan(ind),   -nan(ind),   -nan(ind),  135.605077,         nan,   -nan(ind),   -nan(ind),  468.982674,    0.000000,    0.000147,    0.001927,    0.062829,-9999.000000,    0.000096,    0.001300,    0.001300,    0.000000
2020-08-16 24:00:00,    7.227000,    0.000000,    0.000000,    0.000000,    0.000000,    0.000000,    0.000000,         nan,    0.447038,    0.000000,    0.000000,    0.000000,   31.680000,    0.000000,    0.000000,    0.000000,    0.000000,    0.065827,   -nan(ind),   -nan(ind),   -nan(ind),  137.104079,         nan,   -nan(ind),   -nan(ind),  205.154471,    0.000000,    0.000000,    0.000000,    0.000484,-9999.000000,    0.000000,    0.001300,    0.001300,    0.000000
2020-08-17 24:00:00,    7.227000,    0.000000,    0.000000,    0.000000,    0.000000,    0.000000,    0.000000,         nan,    0.479664,    0.000000,    0.000000,    0.000000,   31.680000,    0.000000,    0.000000,    0.000000,    0.000000,    0.066072,   -nan(ind),   -nan(ind),   -nan(ind),  159.488625,         nan,   -nan(ind),   -nan(ind),    0.000000,    0.000000,    0.000307,    0.004208,    0.090539,-9999.000000,    0.000221,    0.001300,    0.001300,    0.000000
2020-08-18 24:00:00,    7.227000,    0.000000,    0.000000,    0.000000,    0.000000,    0.000000,    0.000000,         nan,    0.376823,    0.000000,    0.000000,    0.000000,   31.680000,    0.000000,    0.000000,    0.000000,    0.000000,    0.066322,   -nan(ind),   -nan(ind),   -nan(ind),  135.379470,         nan,   -nan(ind),   -nan(ind),  395.840189,    0.000000,    0.000000,    0.000000,    0.000190,-9999.000000,    0.000000,    0.001300,    0.001300,    0.000000
2020-08-19 24:00:00,    7.227000,    0.000000,    0.000000,    0.000000,    0.000000,    0.000000,    0.000000,         nan,    0.276184,    0.000000,    0.000000,    0.000000,   31.680000,    0.000000,    0.000000,    0.000000,    0.000000,    0.066575,   -nan(ind),   -nan(ind),   -nan(ind),   79.217642,         nan,   -nan(ind),   -nan(ind),  363.698422,    0.000000,    0.000075,    0.000848,    0.044709,-9999.000000,    0.000037,    0.001300,    0.001300,    0.000000
2020-08-20 24:00:00,    7.227000,    0.000000,    0.000000,    0.000000,    0.000000,    0.000000,    0.000000,         nan,    0.464404,    0.000000,    0.000000,    0.000000,   31.680000,    0.000000,    0.000000,    0.000000,    0.000000,    0.066832,   -nan(ind),   -nan(ind),   -nan(ind),  136.509404,         nan,   -nan(ind),   -nan(ind),  241.040961,    0.000000,    0.000233,    0.002852,    0.079084,-9999.000000,    0.000133,    0.001300,    0.001300,    0.000000
2020-08-21 24:00:00,    7.227000,    0.000000,    0.000000,    0.000000,    0.000000,    0.000000,    0.000000,         nan,    0.285973,    0.000000,    0.000000,    0.000000,   31.680000,    0.000000,    0.000000,    0.000000,    0.000000,    0.067093,   -nan(ind),   -nan(ind),   -nan(ind),  166.078237,         nan,   -nan(ind),   -nan(ind),  231.702109,    0.000000,    0.000000,    0.000000,    0.000177,-9999.000000,    0.000000,    0.001300,    0.001300,    0.000000
2020-08-22 24:00:00,    7.227000,    0.000000,    0.000000,    0.000000,    0.000000,    0.000000,    0.000000,         nan,    0.269782,    0.000000,    0.000000,    0.000000,   31.680000,    0.000000,    0.000000,    0.000000,    0.000000,    0.067358,   -nan(ind),   -nan(ind),   -nan(ind),  128.008245,         nan,   -nan(ind),   -nan(ind),  182.822374,    0.000000,    0.000030,    0.000359,    0.028483,-9999.000000,    0.000000,    0.001300,    0.001300,    0.000000
2020-08-23 24:00:00,    7.227000,    0.000000,    0.000000,    0.000000,    0.000000,    0.000000,    0.000000,         nan,    0.338529,    0.000000,    0.000000,    0.000000,   31.680000,    0.000000,    0.000000,    0.000000,    0.000000,    0.067627,   -nan(ind),   -nan(ind),   -nan(ind),  142.850402,         nan,   -nan(ind),   -nan(ind),    0.000000,    0.000000,    0.000000,    0.000000,    0.000000,-9999.000000,    0.000000,    0.001300,    0.001300,    0.000000
2020-08-24 24:00:00,    7.227000,    0.000000,    0.000000,    0.000000,    0.000000,    0.000000,    0.000000,         nan,    0.471010,    0.000000,    0.000000,    0.000000,   31.680000,    0.000000,    0.000000,    0.000000,    0.000000,    0.067899,   -nan(ind),   -nan(ind),   -nan(ind),  101.060452,         nan,   -nan(ind),   -nan(ind),  124.617716,    0.000000,    0.000000,    0.000000,    0.000000,-9999.000000,    0.000000,    0.001300,    0.001300,    0.000000
2020-08-25 24:00:00,    7.227000,    0.000000,    0.000000,    0.000000,    0.000000,    0.000000,    0.000000,         nan,    0.516286,    0.000000,    0.000000,    0.000000,   31.680000,    0.000000,    0.000000,    0.000000,    0.000000,    0.068175,   -nan(ind),   -nan(ind),   -nan(ind),  169.772838,         nan,   -nan(ind),   -nan(ind),  408.111141,    0.000000,    0.000000,    0.000000,    0.000002,-9999.000000,    0.000060,    0.001300,    0.001300,    0.000000
2020-08-26 24:00:00,    7.227000,    0.000000,    0.000000,    0.000000,    0.000000,    0.000000,    0.000000,         nan,    0.285199,    0.000000,    0.000000,    0.000000,   31.680000,    0.000000,    0.000000,    0.000000,    0.000000,    0.068454,   -nan(ind),   -nan(ind),   -nan(ind),   89.535419,         nan,   -nan(ind),   -nan(ind),    7.211296,    0.000000,    0.000000,    0.000000,    0.000233,-9999.000000,    0.000000,    0.001300,    0.001300,    0.000000
2020-08-27 24:00:00,    7.227000,    0.000000,    0.000000,    0.000000,    0.000000,    0.000000,    0.000000,         nan,    0.247969,    0.000000,    0.000000,    0.000000,   31.680000,    0.000000,    0.000000,    0.000000,    0.000000,    0.068737,   -nan(ind),   -nan(ind),   -nan(ind),  143.243330,         nan,   -nan(ind),   -nan(ind),    0.000000,    0.000000,    0.000000,    0.000000,    0.000159,-9999.000000,    0.000000,    0.001300,    0.001300,    0.000000
2020-08-28 24:00:00,    7.227000,    0.000000,    0.000000,    0.000000,    0.000000,    0.000000,    0.000000,         nan,    0.366737,    0.000000,    0.000000,    0.000000,   31.680000,    0.000000,    0.000000,    0.000000,    0.000000,    0.069023,   -nan(ind),   -nan(ind),   -nan(ind),  128.945837,         nan,   -nan(ind),   -nan(ind),  531.140555,    0.000000,    0.000049,    0.001041,    0.035842,-9999.000000,    0.000088,    0.001300,    0.001300,    0.000000
2020-08-29 24:00:00,    7.227000,    0.000000,    0.000000,    0.000000,    0.000000,    0.000000,    0.000000,         nan,    0.409579,    0.000000,    0.000000,    0.000000,   31.680000,    0.000000,    0.000000,    0.000000,    0.000000,    0.069313,   -nan(ind),   -nan(ind),   -nan(ind),  123.459402,         nan,   -nan(ind),   -nan(ind),    0.000000,    0.000000,    0.000161,    0.002193,    0.065745,-9999.000000,    0.000114,    0.001300,    0.001300,    0.000000
2020-08-30 24:00:00,    7.227000,    0.000000,    0.000000,    0.000000,    0.000000,    0.000000,    0.000000,         nan,    0.384884,    0.000000,    0.000000,    0.000000,   31.680000,    0.000000,    0.000000,    0.000000,    0.000000,    0.069605,   -nan(ind),   -nan(ind),   -nan(ind),  108.448581,         nan,   -nan(ind),   -nan(ind),  295.680338,    0.000000,    0.000000,    0.000000,    0.000300,-9999.000000,    0.000000,    0.001300,    0.001300,    0.000000
2020-08-31 24:00:00,    7.227000,    0.000000,    0.000000,    0.000000,    0.000000,    0.000000,    0.000000,         nan,    0.345426,    0.000000,    0.000000,    0.000000,   31.680000,    0.000000,    0.000000,    0.000000,    0.000000,    0.069901,   -nan(ind),   -nan(ind),   -nan(ind),  115.981619,         nan,   -nan(ind),   -nan(ind),  175.017449,    0.000000,    0.000000,    0.000000,    0.000410,-9999.000000,    0.000000,    0.001300,    0.001300,    0.000000
2020-09-01 24:00:00,    7.227000,    0.000000,    0.000000,    0.000000,    0.000000,    0.000000,    0.000000,         nan,    0.498368,    0.000000,    0.000000,    0.000000,   31.680000,    0.000000,    0.000000,    0.000000,    0.000000,    0.070199,   -nan(ind),   -nan(ind),   -nan(ind),   83.468427,         nan,   -nan(ind),   -nan(ind),  112.886065,    0.000000,    0.000008,    0.000064,    0.014614,-9999.000000,    0.000002,    0.001300,    0.001300,    0.000000
2020-09-02 24:00:00,    7.227000,    0.000000,    0.000000,    0.000000,    0.000000,    0.000000,    0.000000,         nan,    0.343860,    0.000000,    0.000000,    0.000000,   31.680000,    0.000000,    0.000000,    0.000000,    0.000000,    0.070501,   -nan(ind),   -nan(ind),   -nan(ind),  134.385749,         nan,   -nan(ind),   -nan(ind),  163.247867,    0.000000,    0.000165,    0.002123,    0.066437,-9999.000000,    0.000010,    0.001300,    0.001300,    0.000000
2020-09-03 24:00:00,    7.227000,    0.000000,    0.000000,    0.000000,    0.000000,    0.000000,    0.000000,         nan,    0.572408,    0.000000,    0.000000,    0.000000,   31.680000,    0.000000,    0.000000,    0.000000,    0.000000,    0.070805,   -nan(ind),   -nan(ind),   -nan(ind),  131.633276,         nan,   -nan(ind),   -nan(ind),   94.142360,    0.000000,    0.000340,    0.004183,    0.095464,-9999.000000,    0.000086,    0.001300,    0.001300,    0.000000
2020-09-04 24:00:00,    7.227000,    0.000000,    0.000000,    0.000000,    0.000000,    0.000000,    0.000000,         nan,    0.532123,    0.000000,    0.000000,    0.000000,   31.680000,    0.000000,    0.000000,    0.000000,    0.000000,    0.071112,   -nan(ind),   -nan(ind),   -nan(ind),  151.431837,         nan,   -nan(ind),   -nan(ind),    0.000000,    0.000000,    0.000000,    0.000000,    0.000315,-9999.000000,    0.000191,    0.001300,    0.001300,    0.000000
2020-09-05 24:00:00,    7.227000,    0.000000,    0.000000,    0.000000,    0.000000,    0.000000,    0.000000,         nan,    0.377402,    0.000000,    0.000000,    0.000000,   31.680000,    0.000000,    0.000000,    0.000000,    0.000000,    0.071422,   -nan(ind),   -nan(ind),   -nan(ind),  120.495080,         nan,   -nan(ind),   -nan(ind),    0.000000,    0.000000,    0.000026,    0.000536,    0.026472,-9999.000000,    0.000043,    0.001300,    0.001300,    0.000000
2020-09-06 24:00:00,    7.227000,    0.000000,    0.000000,    0.000000,    0.000000,    0.000000,    0.000000,         nan,    0.326483,    0.000000,    0.000000,    0.000000,   31.680000,    0.000000,    0.000000,    0.000000,    0.000000,    0.071734,   -nan(ind),   -nan(ind),   -nan(ind),  132.880960,         nan,   -nan(ind),   -nan(ind),   24.165282,    0.000000,    0.000000,    0.000000,    0.000002,-9999.000000,    0.000185,    0.001300,    0.001300,    0.000000
2020-09-07 24:00:00,    7.227000,    0.000000,    0.000000,    0.000000,    0.000000,    0.000000,    0.000000,         nan,    0.355489,    0.000000,    0.000000,    0.000000,   31.680000,    0.000000,    0.000000,    0.000000,    0.000000,    0.072049,   -nan(ind),   -nan(ind),   -nan(ind),  133.212237,         nan,   -nan(ind),   -nan(ind),    0.000000,    0.000000,    0.000105,    0.001301,    0.053031,-9999.000000,    0.000062,    0.001300,    0.001300,    0.000000
2020-09-08 24:00:00,    7.227000,    0.000000,    0.000000,    0.000000,    0.000000,    0.000000,    0.000000,         nan,    0.287896,    0.000000,    0.000000,    0.000000,   31.680000,    0.000000,    0.000000,    0.000000,    0.000000,    0.072366,   -nan(ind),   -nan(ind),   -nan(ind),  129.567528,         nan,   -nan(ind),   -nan(ind),  113.907557,    0.000000,    0.000000,    0.000000,    0.000000,-9999.000000,    0.000000,    0.001300,    0.001300,    0.000000
2020-09-09 24:00:00,    7.227000,    0.000000,    0.000000,    0.000000,    0.000000,    0.000000,    0.000000,         nan,    0.362195,    0.000000,    0.000000,    0.000000,   31.680000,    0.000000,    0.000000,    0.000000,    0.000000,    0.072686,   -nan(ind),   -nan(ind),   -nan(ind),  121.371257,         nan,   -nan(ind),   -nan(ind),   29.599168,    0.000000,    0.000305,    0.003763,    0.090416,-9999.000000,    0.000177,    0.001300,    0.001300,    0.000000
2020-09-10 24:00:00,    7.227000,    0.000000,    0.000000,    0.000000,    0.000000,    0.000000,    0.000000,         nan,    0.388012,    0.000000,    0.000000,    0.000000,   31.680000,    0.000000,    0.000000,    0.000000,    0.000000,    0.073007,   -nan(ind),   -nan(ind),   -nan(ind),  126.485519,         nan,   -nan(ind),   -nan(ind),  250.190465,    0.000000,    0.000057,    0.000645,    0.039067,-9999.000000,    0.000106,    0.001300,    0.001300,    0.000000
2020-09-11 24:00:00,    7.227000,    0.000000,    0.000000,    0.000000,    0.000000,    0.000000,    0.000000,         nan,    0.353113,    0.000000,    0.000000,    0.000000,   31.680000,    0.000000,    0.000000,    0.000000,    0.000000,    0.073331,   -nan(ind),   -nan(ind),   -nan(ind),  117.642347,         nan,   -nan(ind),   -nan(ind),  116.423553,    0.000000,    0.000095,    0.000895,    0.050373,-9999.000000,    0.000032,    0.001300,    0.001300,    0.000000
2020-09-12 24:00:00,    7.227000,    0.000000,    0.000000,    0.000000,    0.000000,    0.000000,    0.000000,         nan,    0.543425,    0.000000,    0.000000,    0.000000,   31.680000,    0.000000,    0.000000,    0.000000,    0.000000,    0.073656,   -nan(ind),   -nan(ind),   -nan(ind),  160.676150,         nan,   -nan(ind),   -nan(ind),  115.209780,    0.000000,    0.000229,    0.002835,    0.078268,-9999.000000,    0.000134,    0.001300,    0.001300,    0.000000
2020-09-13 24:00:00,    7.227000,    0.000000,    0.000000,    0.000000,    0.000000,    0.000000,    0.000000,         nan,    0.448607,    0.000000,    0.000000,    0.000000,   31.680000,    0.000000,    0.000000,    0.000000,    0.000000,    0.073984,   -nan(ind),   -nan(ind),   -nan(ind),  141.334426,         nan,   -nan(ind),   -nan(ind),  190.411195,    0.000000,    0.000080,    0.000971,    0.046449,-9999.000000,    0.000000,    0.001300,    0.001300,    0.000000
2020-09-14 24:00:00,    7.227000,    0.000000,    0.000000,    0.000000,    0.000000,    0.000000,    0.000000,         nan,    0.333646,    0.000000,    0.000000,    0.000000,   31.680000,    0.000000,    0.000000,    0.000000,    0.000000,    0.074313,   -nan(ind),   -nan(ind),   -nan(ind),  211.938814,         nan,   -nan(ind),   -nan(ind),  369.024964,    0.000000,    0.000000,    0.000000,    0.000001,-9999.000000,    0.000000,    0.001300,    0.001300,    0.000000
2020-09-15 24:00:00,    7.227000,    0.000000,    0.000000,    0.000000,    0.000000,    0.000000,    0.000000,         nan,    0.333673,    0.000000,    0.000000,    0.000000,   31.680000,    0.000000,    0.000000,    0.000000,    0.000000,    0.074644,   -nan(ind),   -nan(ind),   -nan(ind),   95.889746,         nan,   -nan(ind),   -nan(ind),  249.209793,    0.000000,    0.000000,    0.000000,    0.000261,-9999.000000,    0.000000,    0.001300,    0.001300,    0.000000
2020-09-16 24:00:00,    7.227000,    0.000000,    0.000000,    0.000000,    0.000000,    0.000000,    0.000000,         nan,    0.401618,    0.000000,    0.000000,    0.000000,   31.680000,    0.000000,    0.000000,    0.000000,    0.000000,    0.074976,   -nan(ind),   -nan(ind),   -nan(ind),  134.376118,         nan,   -nan(ind),   -nan(ind),  238.492634,    0.000000,    0.000072,    0.000632,    0.043905,-9999.000000,    0.000021,    0.001300,    0.001300,    0.000000
2020-09-17 24:00:00,    7.227000,    0.000000,    0.000000,    0.000000,    0.000000,    0.000000,    0.000000,         nan,    0.291051,    0.000000,    0.000000,    0.000000,   31.680000,    0.000000,    0.000000,    0.000000,    0.000000,    0.075310,   -nan(ind),   -nan(ind),   -nan(ind),  145.949462,         nan,   -nan(ind),   -nan(ind),  132.818073,    0.000000,    0.000000,    0.000000,    0.000000,-9999.000000,    0.000053,    0.001300,    0.001300,    0.000000
2020-09-18 24:00:00,    7.227000,    0.000000,    0.000000,    0.000000,    0.000000,    0.000000,    0.000000,         nan,    0.423415,    0.000000,    0.000000,    0.000000,   31.680000,    0.000000,    0.000000,    0.000000,    0.000000,    0.075646,   -nan(ind),   -nan(ind),   -nan(ind),  133.070731,         nan,   -nan(ind),   -nan(ind),    0.000000,    0.000000,    0.000000,    0.000000,    0.000000,-9999.000000,    0.000000,    0.001300,    0.001300,    0.000000
2020-09-19 24:00:00,    7.227000,    0.000000,    0.000000,    0.000000,    0.000000,    0.000000,    0.000000,         nan,    0.308349,    0.000000,    0.000000,    0.000000,   31.680000,    0.000000,    0.000000,    0.000000,    0.000000,    0.075982,   -nan(ind),   -nan(ind),   -nan(ind),  127.515377,         nan,   -nan(ind),   -nan(ind),  458.204928,    0.000000,    0.000230,    0.003257,    0.078494,-9999.000000,    0.000002,    0.001300,    0.001300,    0.000000
2020-09-20 24:00:00,    7.227000,    0.000000,    0.000000,    0.000000,    0.000000,    0.000000,    0.000000,         nan,    0.310910,    0.000000,    0.000000,    0.000000,   31.680000,    0.000000,    0.000000,    0.000000,    0.000000,    0.076320,   -nan(ind),   -nan(ind),   -nan(ind),  109.237272,         nan,   -nan(ind),   -nan(ind),    0.000000,    0.000000,    0.000075,    0.000784,    0.044933,-9999.000000,    0.000031,    0.001300,    0.001300,    0.000000
2020-09-21 24:00:00,    7.227000,    0.000000,    0.000000,    0.000000,    0.000000,    0.000000,    0.000000,         nan,    0.405113,    0.000000,    0.000000,    0.000000,   31.680000,    0.000000,    0.000000,    0.000000,    0.000000,    0.076659,   -nan(ind),   -nan(ind),   -nan(ind),  175.255088,         nan,   -nan(ind),   -nan(ind),  294.034378,    0.000000,    0.000288,    0.003464,    0.087818,-9999.000000,    0.000159,    0.001300,    0.001300,    0.000000
2020-09-22 24:00:00,    7.227000,    0.000000,    0.000000,    0.000000,    0.000000,    0.000000,    0.000000,         nan,    0.367641,    0.000000,    0.000000,    0.000000,   31.680000,    0.000000,    0.000000,    0.000000,    0.000000,    0.076999,   -nan(ind),   -nan(ind),   -nan(ind),  105.117163,         nan,   -nan(ind),   -nan(ind),    0.000000,    0.000000,    0.000034,    0.000508,    0.030066,-9999.000000,    0.000029,    0.001300,    0.001300,    0.000000
2020-09-23 24:00:00,    7.227000,    0.000000,    0.000000,    0.000000,    0.000000,    0.000000,    0.000000,         nan,    0.400101,    0.000000,    0.000000,    0.000000,   31.680000,    0.000000,    0.000000,    0.000000,    0.000000,    0.077340,   -nan(ind),   -nan(ind),   -nan(ind),   96.550711,         nan,   -nan(ind),   -nan(ind),  216.761967,    0.000000,    0.000000,    0.000000,    0.000379,-9999.000000,    0.000000,    0.001300,    0.001300,    0.000000
2020-09-24 24:00:00,    7.227000,    0.000000,    0.000000,    0.000000,    0.000000,    0.000000,    0.000000,         nan,    0.456533,    0.000000,    0.000000,    0.000000,   31.680000,    0.000000,    0.000000,    0.000000,    0.000000,    0.077681,   -nan(ind),   -nan(ind),   -nan(ind),  130.857208,         nan,   -nan(ind),   -nan(ind),   57.789895,    0.000000,    0.000160,    0.001682,    0.065510,-9999.000000,    0.000067,    0.001300,    0.001300,    0.000000
2020-09-25 24:00:00,    7.227000,    0.000000,    0.000000,    0.000000,    0.000000,    0.000000,    0.000000,         nan,    0.239525,    0.000000,    0.000000,    0.000000,   31.680000,    0.000000,    0.000000,    0.000000,    0.000000,    0.078024,   -nan(ind),   -nan(ind),   -nan(ind),  182.709043,         nan,   -nan(ind),   -nan(ind),  532.174110,    0.000000,    0.000000,    0.000000,    0.000205,-9999.000000,    0.000060,    0.001300,    0.001300,    0.000000
2020-09-26 24:00:00,    7.227000,    0.000000,    0.000000,    0.000000,    0.000000,    0.000000,    0.000000,         nan,    0.295944,    0.000000,    0.000000,    0.000000,   31.680000,    0.000000,    0.000000,    0.000000,    0.000000,    0.078366,   -nan(ind),   -nan(ind),   -nan(ind),  103.675855,         nan,   -nan(ind),   -nan(ind),  382.247275,    0.000000,    0.000000,    0.000000,    0.000000,-9999.000000,    0.000000,    0.001300,    0.001300,    0.000000
2020-09-27 24:00:00,    7.227000,    0.000000,    0.000000,    0.000000,    0.000000,    0.000000,    0.000000,         nan,    0.529851,    0.000000,    0.000000,    0.000000,   31.680000,    0.000000,    0.000000,    0.000000,    0.000000,    0.078710,   -nan(ind),   -nan(ind),   -nan(ind),  137.770555,         nan,   -nan(ind),   -nan(ind),  222.972471,    0.000000,    0.000000,    0.000000,    0.000002,-9999.000000,    0.000000,    0.001300,    0.001300,    0.000000
2020-09-28 24:00:00,    7.227000,    0.000000,    0.000000,    0.000000,    0.000000,    0.000000,    0.000000,         nan,    0.391571,    0.000000,    0.000000,    0.000000,   31.680000,    0.000000,    0.000000,    0.000000,    0.000000,    0.079054,   -nan(ind),   -nan(ind),   -nan(ind),   78.689836,         nan,   -nan(ind),   -nan(ind),    0.000000,    0.000000,    0.000042,    0.000468,    0.033501,-9999.000000,    0.000020,    0.001300,    0.001300,    0.000000
2020-09-29 24:00:00,    7.227000,    0.000000,    0.000000,    0.000000,    0.000000,    0.000000,    0.000000,         nan,    0.454061,    0.000000,    0.000000,    0.000000,   31.680000,    0.000000,    0.000000,    0.000000,    0.000000,    0.079398,   -nan(ind),   -nan(ind),   -nan(ind),  147.786872,         nan,   -nan(ind),   -nan(ind),   94.072825,    0.000000,    0.000041,    0.001098,    0.030416,-9999.000000,    0.000152,    0.001300,    0.001300,    0.000000
2020-09-30 24:00:00,    7.227000,    0.000000,    0.000000,    0.000000,    0.000000,    0.000000,    0.000000,         nan,    0.244151,    0.000000,    0.000000,    0.000000,   31.680000,    0.000000,    0.000000,    0.000000,    0.000000,    0.079742,   -nan(ind),   -nan(ind),   -nan(ind),  126.254523,         nan,   -nan(ind),   -nan(ind),  330.963005,    0.000000,    0.000068,    0.000647,    0.042589,-9999.000000,    0.000024,    0.001300,    0.001300,    0.000000
2020-10-01 24:00:00,    7.227000,    0.000000,    0.000000,    0.000000,    0.000000,    0.000000,    0.000000,         nan,    0.396302,    0.000000,    0.000000,    0.000000,   31.680000,    0.000000,    0.000000,    0.000000,    0.000000,    0.080086,   -nan(ind),   -nan(ind),   -nan(ind),  167.544767,         nan,   -nan(ind),   -nan(ind),   85.054141,    0.000000,    0.000000,    0.000000,    0.000266,-9999.000000,    0.000000,    0.001300,    0.001300,    0.000000
2020-10-02 24:00:00,    7.227000,    0.000000,    0.000000,    0.000000,    0.000000,    0.000000,    0.000000,         nan,    0.369358,    0.000000,    0.000000,    0.000000,   31.680000,    0.000000,    0.000000,    0.000000,    0.000000,    0.080430,   -nan(ind),   -nan(ind),   -nan(ind),  137.418671,         nan,   -nan(ind),   -nan(ind),    0.000000,    0.000000,    0.000011,    0.000076,    0.016912,-9999.000000,    0.000002,    0.001300,    0.001300,    0.000000
2020-10-03 24:00:00,    7.227000,    0.000000,    0.000000,    0.000000,    0.000000,    0.000000,    0.000000,         nan,    0.199061,    0.000000,    0.000000,    0.000000,   31.680000,    0.000000,    0.000000,    0.000000,    0.000000,    0.080774,   -nan(ind),   -nan(ind),   -nan(ind),  130.292296,         nan,   -nan(ind),   -nan(ind),    6.999182,    0.000000,    0.000026,    0.000212,    0.026153,-9999.000000,    0.000000,    0.001300,    0.001300,    0.000000
2020-10-04 24:00:00,    7.227000,    0.000000,    0.000000,    0.000000,    0.000000,    0.000000,    0.000000,         nan,    0.442741,    0.000000,    0.000000,    0.000000,   31.680000,    0.000000,    0.000000,    0.000000,    0.000000,    0.081118,   -nan(ind),   -nan(ind),   -nan(ind),  161.664859,         nan,   -nan(ind),   -nan(ind),  266.633977,    0.000000,    0.000049,    0.000535,    0.036157,-9999.000000,    0.000000,    0.001300,    0.001300,    0.000000
2020-10-05 24:00:00,    7.227000,    0.000000,    0.000000,    0.000000,    0.000000,    0.000000,    0.000000,         nan,    0.513881,    0.000000,    0.000000,    0.000000,   31.680000,    0.000000,    0.000000,    0.000000,    0.000000,    0.081462,   -nan(ind),   -nan(ind),   -nan(ind),  105.319631,         nan,   -nan(ind),   -nan(ind),    0.000000,    0.000000,    0.000019,    0.000190,    0.022775,-9999.000000,    0.000007,    0.001300,    0.001300,    0.000000
2020-10-06 24:00:00,    7.227000,    0.000000,    0.000000,    0.000000,    0.000000,    0.000000,    0.000000,         nan,    0.322103,    0.000000,    0.000000,    0.000000,   31.680000,    0.000000,    0.000000,    0.000000,    0.000000,    0.081805,   -nan(ind),   -nan(ind),   -nan(ind),  100.366422,         nan,   -nan(ind),   -nan(ind),    0.000000,    0.000000,    0.000111,    0.001317,    0.054517,-9999.000000,    0.000060,    0.001300,    0.001300,    0.000000
2020-10-07 24:00:00,    7.227000,    0.000000,    0.000000,    0.000000,    0.000000,    0.000000,    0.000000,         nan,    0.387493,    0.000000,    0.000000,    0.000000,   31.680000,    0.000000,    0.000000,    0.000000,    0.000000,    0.082148,   -nan(ind),   -nan(ind),   -nan(ind),  138.448567,         nan,   -nan(ind),   -nan(ind),   79.011232,    0.000000,    0.000000,    0.000000,    0.000295,-9999.000000,    0.000188,    0.001300,    0.001300,    0.000000
2020-10-08 24:00:00,    7.227000,    0.000000,    0.000000,    0.000000,    0.000000,    0.000000,    0.000000,         nan,    0.340092,    0.000000,    0.000000,    0.000000,   31.680000,    0.000000,    0.000000,    0.000000,    0.000000,    0.082490,   -nan(ind),   -nan(ind),   -nan(ind),   55.959728,         nan,   -nan(ind),   -nan(ind),    0.000000,    0.000000,    0.000000,    0.000000,    0.000000,-9999.000000,    0.000000,    0.001300,    0.001300,    0.000000
2020-10-09 24:00:00,    7.227000,    0.000000,    0.000000,    0.000000,    0.000000,    0.000000,    0.000000,         nan,    0.441511,    0.000000,    0.000000,    0.000000,   31.680000,    0.000000,    0.000000,    0.000000,    0.000000,    0.082831,   -nan(ind),   -nan(ind),   -nan(ind),  159.561504,         nan,   -nan(ind),   -nan(ind),   64.940040,    0.000000,    0.000000,    0.000000,    0.000002,-9999.000000,    0.000000,    0.001300,    0.001300,    0.000000
2020-10-10 24:00:00,    7.227000,    0.000000,    0.000000,    0.000000,    0.000000,    0.000000,    0.000000,         nan,    0.357701,    0.000000,    0.000000,    0.000000,   31.680000,    0.000000,    0.000000,    0.000000,    0.000000,    0.083171,   -nan(ind),   -nan(ind),   -nan(ind),  144.488637,         nan,   -nan(ind),   -nan(ind),   89.147725,    0.000000,    0.000000,    0.000000,    0.000298,-9999.000000,    0.000000,    0.001300,    0.001300,    0.000000
2020-10-11 24:00:00,    7.227000,    0.000000,    0.000000,    0.000000,    0.000000,    0.000000,    0.000000,         nan,    0.416043,    0.000000,    0.000000,    0.000000,   31.680000,    0.000000,    0.000000,    0.000000,    0.000000,    0.083511,   -nan(ind),   -nan(ind),   -nan(ind),  154.773235,         nan,   -nan(ind),   -nan(ind),  313.463606,    0.000000,    0.000000,    0.000000,    0.000268,-9999.000000,    0.000000,    0.001300,    0.001300,    0.000000
2020-10-12 24:00:00,    7.227000,    0.000000,    0.000000,    0.000000,    0.000000,    0.000000,    0.000000,         nan,    0.317369,    0.000000,    0.000000,    0.000000,   31.680000,    0.000000,    0.000000,    0.000000,    0.000000,    0.083849,   -nan(ind),   -nan(ind),   -nan(ind),  146.989940,         nan,   -nan(ind),   -nan(ind),   83.402243,    0.000000,    0.000000,    0.000000,    0.000482,-9999.000000,    0.000000,    0.001300,    0.001300,    0.000000
2020-10-13 24:00:00,    7.227000,    0.000000,    0.000000,    0.000000,    0.000000,    0.000000,    0.000000,         nan,    0.329353,    0.000000,    0.000000,    0.000000,   31.680000,    0.000000,    0.000000,    0.000000,    0.000000,    0.084186,   -nan(ind),   -nan(ind),   -nan(ind),  131.896148,         nan,   -nan(ind),   -nan(ind),   53.440097,    0.000000,    0.000082,    0.000991,    0.047016,-9999.000000,    0.000045,    0.001300,    0.001300,    0.000000
2020-10-14 24:00:00,    7.227000,    0.000000,    0.000000,    0.000000,    0.000000,    0.000000,    0.000000,         nan,    0.452206,    0.000000,    0.000000,    0.000000,   31.680000,    0.000000,    0.000000,    0.000000,    0.000000,    0.084522,   -nan(ind),   -nan(ind),   -nan(ind),  118.080305,         nan,   -nan(ind),   -nan(ind),   81.250467,    0.000000,    0.000000,    0.000000,    0.000117,-9999.000000,    0.000000,    0.001300,    0.001300,    0.000000
2020-10-15 24:00:00,    7.227000,    0.000000,    0.000000,    0.000000,    0.000000,    0.000000,    0.000000,         nan,    0.329158,    0.000000,    0.000000,    0.000000,   31.680000,    0.000000,    0.000000,    0.000000,    0.000000,    0.084857,   -nan(ind),   -nan(ind),   -nan(ind),  129.577996,         nan,   -nan(ind),   -nan(ind),   36.185923,    0.000000,    0.000054,    0.000495,    0.038128,-9999.000000,    0.000073,    0.001300,    0.001300,    0.000000
2020-10-16 24:00:00,    7.227000,    0.000000,    0.000000,    0.000000,    0.000000,    0.000000,    0.000000,         nan,    0.510732,    0.000000,    0.000000,    0.000000,   31.680000,    0.000000,    0.000000,    0.000000,    0.000000,    0.085190,   -nan(ind),   -nan(ind),   -nan(ind),  129.716234,         nan,   -nan(ind),   -nan(ind),  253.630220,    0.000000,    0.000000,    0.000000,    0.000001,-9999.000000,    0.000000,    0.001300,    0.001300,    0.000000
2020-10-17 24:00:00,    7.227000,    0.000000,    0.000000,    0.000000,    0.000000,    0.000000,    0.000000,         nan,    0.488034,    0.000000,    0.000000,    0.000000,   31.680000,    0.000000,    0.000000,    0.000000,    0.000000,    0.085522,   -nan(ind),   -nan(ind),   -nan(ind),  147.640123,         nan,   -nan(ind),   -nan(ind),  258.073089,    0.000000,    0.000175,    0.002580,    0.068486,-9999.000000,    0.000145,    0.001300,    0.001300,    0.000000
2020-10-18 24:00:00,    7.227000,    0.000000,    0.000000,    0.000000,    0.000000,    0.000000,    0.000000,         nan,    0.320816,    0.000000,    0.000000,    0.000000,   31.680000,    0.000000,    0.000000,    0.000000,    0.000000,    0.085852,   -nan(ind),   -nan(ind),   -nan(ind),  109.134943,         nan,   -nan(ind),   -nan(ind),  183.139431,    0.000000,    0.000098,    0.000958,    0.051268,-9999.000000,    0.000036,    0.001300,    0.001300,    0.000000
2020-10-19 24:00:00,    7.227000,    0.000000,    0.000000,    0.000000,    0.000000,    0.000000,    0.000000,         nan,    0.547120,    0.000000,    0.000000,    0.000000,   31.680000,    0.000000,    0.000000,    0.000000,    0.000000,    0.086180,   -nan(ind),   -nan(ind),   -nan(ind),  136.957502,         nan,   -nan(ind),   -nan(ind),  436.521417,    0.000000,    0.000089,    0.000990,    0.048738,-9999.000000,    0.000166,    0.001300,    0.001300,    0.000000
2020-10-20 24:00:00,    7.227000,    0.000000,    0.000000,    0.000000,    0.000000,    0.000000,    0.000000,         nan,    0.482686,    0.000000,    0.000000,    0.000000,   31.680000,    0.000000,    0.000000,    0.000000,    0.000000,    0.086507,   -nan(ind),   -nan(ind),   -nan(ind),  149.697373,         nan,   -nan(ind),   -nan(ind),   13.345792,    0.000000,    0.000066,    0.000974,    0.042108,-9999.000000,    0.000055,    0.001300,    0.001300,    0.000000
2020-10-21 24:00:00,    7.227000,    0.000000,    0.000000,    0.000000,    0.000000,    0.000000,    0.000000,         nan,    0.357639,    0.000000,    0.000000,    0.000000,   31.680000,    0.000000,    0.000000,    0.000000,    0.000000,    0.086831,   -nan(ind),   -nan(ind),   -nan(ind),  133.731671,         nan,   -nan(ind),   -nan(ind),    0.000000,    0.000000,    0.000123,    0.001372,    0.057356,-9999.000000,    0.000058,    0.001300,    0.001300,    0.000000
2020-10-22 24:00:00,    7.227000,    0.000000,    0.000000,    0.000000,    0.000000,    0.000000,    0.000000,         nan,    0.467405,    0.000000,    0.000000,    0.000000,   31.680000,    0.000000,    0.000000,    0.000000,    0.000000,    0.087154,   -nan(ind),   -nan(ind),   -nan(ind),  156.473818,         nan,   -nan(ind),   -nan(ind),  286.464386,    0.000000,    0.000000,    0.000000,    0.000387,-9999.000000,    0.000000,    0.001300,    0.001300,    0.000000
2020-10-23 24:00:00,    7.227000,    0.000000,    0.000000,    0.000000,    0.000000,    0.000000,    0.000000,         nan,    0.345181,    0.000000,    0.000000,    0.000000,   31.680000,    0.000000,    0.000000,    0.000000,    0.000000,    0.087474,   -nan(ind),   -nan(ind),   -nan(ind),   97.598183,         nan,   -nan(ind),   -nan(ind),   61.616133,    0.000000,    0.000110,    0.001107,    0.054233,-9999.000000,    0.000074,    0.001300,    0.001300,    0.000000
2020-10-24 24:00:00,    7.227000,    0.000000,    0.000000,    0.000000,    0.000000,    0.000000,    0.000000,         nan,    0.285502,    0.000000,    0.000000,    0.000000,   31.680000,    0.000000,    0.000000,    0.000000,    0.000000,    0.087793,   -nan(ind),   -nan(ind),   -nan(ind),   88.721900,         nan,   -nan(ind),   -nan(ind),  169.832127,    0.000000,    0.000005,    0.000055,    0.011983,-9999.000000,    0.000002,    0.001300,    0.001300,    0.000000
2020-10-25 24:00:00,    7.227000,    0.000000,    0.000000,    0.000000,    0.000000,    0.000000,    0.000000,         nan,    0.397813,    0.000000,    0.000000,    0.000000,   31.680000,    0.000000,    0.000000,    0.000000,    0.000000,    0.088109,   -nan(ind),   -nan(ind),   -nan(ind),  100.837569,         nan,   -nan(ind),   -nan(ind),  339.828262,    0.000000,    0.000188,    0.002828,    0.070941,-9999.000000,    0.000163,    0.001300,    0.001300,    0.000000
2020-10-26 24:00:00,    7.227000,    0.000000,    0.000000,    0.000000,    0.000000,    0.000000,    0.000000,         nan,    0.489463,    0.000000,    0.000000,    0.000000,   31.680000,    0.000000,    0.000000,    0.000000,    0.000000,    0.088422,   -nan(ind),   -nan(ind),   -nan(ind),  131.143522,         nan,   -nan(ind),   -nan(ind),   72.360814,    0.000000,    0.000000,    0.000000,    0.000058,-9999.000000,    0.000000,    0.001300,    0.001300,    0.000000
2020-10-27 24:00:00,    7.227000,    0.000000,    0.000000,    0.000000,    0.000000,    0.000000,    0.000000,         nan,    0.236933,    0.000000,    0.000000,    0.000000,   31.680000,    0.000000,    0.000000,    0.000000,    0.000000,    0.088733,   -nan(ind),   -nan(ind),   -nan(ind),  112.515010,         nan,   -nan(ind),   -nan(ind),  306.704752,    0.000000,    0.000134,    0.001509,    0.059835,-9999.000000,    0.000065,    0.001300,    0.001300,    0.000000
2020-10-28 24:00:00,    7.227000,    0.000000,    0.000000,    0.000000,    0.000000,    0.000000,    0.000000,         nan,    0.686227,    0.000000,    0.000000,    0.000000,   31.680000,    0.000000,    0.000000,    0.000000,    0.000000,    0.089041,   -nan(ind),   -nan(ind),   -nan(ind),  121.386210,         nan,   -nan(ind),   -nan(ind),    0.000000,    0.000000,    0.000257,    0.003676,    0.082821,-9999.000000,    0.000202,    0.001300,    0.001300,    0.000000
2020-10-29 24:00:00,    7.227000,    0.000000,    0.000000,    0.000000,    0.000000,    0.000000,    0.000000,         nan,    0.289422,    0.000000,    0.000000,    0.000000,   31.680000,    0.000000,    0.000000,    0.000000,    0.000000,    0.089347,   -nan(ind),   -nan(ind),   -nan(ind),  118.374740,         nan,   -nan(ind),   -nan(ind),  307.591930,    0.000000,    0.000165,    0.002181,    0.066432,-9999.000000,    0.000110,    0.001300,    0.001300,    0.000000
2020-10-30 24:00:00,    7.227000,    0.000000,    0.000000,    0.000000,    0.000000,    0.000000,    0.000000,         nan,    0.245451,    0.000000,    0.000000,    0.000000,   31.680000,    0.000000,    0.000000,    0.000000,    0.000000,    0.089650,   -nan(ind),   -nan(ind),   -nan(ind),  135.086164,         nan,   -nan(ind),   -nan(ind),   95.915598,    0.000000,    0.000177,    0.002615,    0.068814,-9999.000000,    0.000000,    0.001300,    0.001300,    0.000000
2020-10-31 24:00:00,    7.227000,    0.000000,    0.000000,    0.000000,    0.000000,    0.000000,    0.000000,         nan,    0.347392,    0.000000,    0.000000,    0.000000,   31.680000,    0.000000,    0.000000,    0.000000,    0.000000,    0.089950,   -nan(ind),   -nan(ind),   -nan(ind),  118.238162,         nan,   -nan(ind),   -nan(ind),  157.896805,    0.000000,    0.000031,    0.000334,    0.028616,-9999.000000,    0.000000,    0.001300,    0.001300,    0.000000
2020-11-01 24:00:00,    7.227000,    0.000000,    0.000000,    0.000000,    0.000000,    0.000000,    0.000000,         nan,    0.124048,    0.000000,    0.000000,    0.000000,   31.680000,    0.000000,    0.000000,    0.000000,    0.000000,    0.090247,   -nan(ind),   -nan(ind),   -nan(ind),   97.560477,         nan,   -nan(ind),   -nan(ind),   47.855751,    0.000000,    0.000000,    0.000000,    0.000001,-9999.000000,    0.000000,    0.001300,    0.001300,    0.000000
2020-11-02 24:00:00,    7.227000,    0.000000,    0.000000,    0.000000,    0.000000,    0.000000,    0.000000,         nan,    0.464939,    0.000000,    0.000000,    0.000000,   31.680000,    0.000000,    0.000000,    0.000000,    0.000000,    0.090542,   -nan(ind),   -nan(ind),   -nan(ind),  124.018077,         nan,   -nan(ind),   -nan(ind),    0.000000,    0.000000,    0.000095,    0.001144,    0.050487,-9999.000000,    0.000052,    0.001300,    0.001300,    0.000000
2020-11-03 24:00:00,    7.227000,    0.000000,    0.000000,    0.000000,    0.000000,    0.000000,    0.000000,         nan,    0.372158,    0.000000,    0.000000,    0.000000,   31.680000,    0.000000,    0.000000,    0.000000,    0.000000,    0.090833,   -nan(ind),   -nan(ind),   -nan(ind),  164.024830,         nan,   -nan(ind),   -nan(ind),   56.120296,    0.000000,    0.000000,    0.000000,    0.000000,-9999.000000,    0.000000,    0.001300,    0.001300,    0.000000
2020-11-04 24:00:00,    7.227000,    0.000000,    0.000000,    0.000000,    0.000000,    0.000000,    0.000000,         nan,    0.447095,    0.000000,    0.000000,    0.000000,   31.680000,    0.000000,    0.000000,    0.000000,    0.000000,    0.091120,   -nan(ind),   -nan(ind),   -nan(ind),  148.097959,         nan,   -nan(ind),   -nan(ind),   95.918423,    0.000000,    0.000031,    0.000397,    0.028952,-9999.000000,    0.000019,    0.001300,    0.001300,    0.000000
2020-11-05 24:00:00,    7.227000,    0.000000,    0.000000,    0.000000,    0.000000,    0.000000,    0.000000,         nan,    0.324690,    0.000000,    0.000000,    0.000000,   31.680000,    0.000000,    0.000000,    0.000000,    0.000000,    0.091405,   -nan(ind),   -nan(ind),   -nan(ind),  129.579983,         nan,   -nan(ind),   -nan(ind),    0.000000,    0.000000,    0.000151,    0.001736,    0.063581,-9999.000000,    0.000076,    0.001300,    0.001300,    0.000000
2020-11-06 24:00:00,    7.227000,    0.000000,    0.000000,    0.000000,    0.000000,    0.000000,    0.000000,         nan,    0.441803,    0.000000,    0.000000,    0.000000,   31.680000,    0.000000,    0.000000,    0.000000,    0.000000,    0.091686,   -nan(ind),   -nan(ind),   -nan(ind),  121.181252,         nan,   -nan(ind),   -nan(ind),  221.261221,    0.000000,    0.000000,    0.000000,    0.000000,-9999.000000,    0.000000,    0.001300,    0.001300,    0.000000
2020-11-07 24:00:00,    7.227000,    0.000000,    0.000000,    0.000000,    0.000000,    0.000000,    0.000000,         nan,    0.393907,    0.000000,    0.000000,    0.000000,   31.680000,    0.000000,    0.000000,    0.000000,    0.000000,    0.091964,   -nan(ind),   -nan(ind),   -nan(ind),  141.477423,         nan,   -nan(ind),   -nan(ind),  479.025822,    0.000000,    0.000000,    0.000000,    0.000282,-9999.000000,    0.000000,    0.001300,    0.001300,    0.000000
2020-11-08 24:00:00,    7.227000,    0.000000,    0.000000,    0.000000,    0.000000,    0.000000,    0.000000,         nan,    0.396683,    0.000000,    0.000000,    0.000000,   31.680000,    0.000000,    0.000000,    0.000000,    0.000000,    0.092238,   -nan(ind),   -nan(ind),   -nan(ind),  143.354519,         nan,   -nan(ind),   -nan(ind),  174.321229,    0.000000,    0.000148,    0.002017,    0.062990,-9999.000000,    0.000105,    0.001300,    0.001300,    0.000000
2020-11-09 24:00:00,    7.227000,    0.000000,    0.000000,    0.000000,    0.000000,    0.000000,    0.000000,         nan,    0.375243,    0.000000,    0.000000,    0.000000,   31.680000,    0.000000,    0.000000,    0.000000,    0.000000,    0.092508,   -nan(ind),   -nan(ind),   -nan(ind),  119.353326,         nan,   -nan(ind),   -nan(ind),  107.833964,    0.000000,    0.000000,    0.000000,    0.000207,-9999.000000,    0.000042,    0.001300,    0.001300,    0.000000
2020-11-10 24:00:00,    7.227000,    0.000000,    0.000000,    0.000000,    0.000000,    0.000000,    0.000000,         nan,    0.343927,    0.000000,    0.000000,    0.000000,   31.680000,    0.000000,    0.000000,    0.000000,    0.000000,    0.092775,   -nan(ind),   -nan(ind),   -nan(ind),  108.501944,         nan,   -nan(ind),   -nan(ind),  139.227114,    0.000000,    0.000031,    0.000252,    0.028790,-9999.000000,    0.000008,    0.001300,    0.001300,    0.000000
2020-11-11 24:00:00,    7.227000,    0.000000,    0.000000,    0.000000,    0.000000,    0.000000,    0.000000,         nan,    0.234659,    0.000000,    0.000000,    0.000000,   31.680000,    0.000000,    0.000000,    0.000000,    0.000000,    0.093038,   -nan(ind),   -nan(ind),   -nan(ind),  139.730932,         nan,   -nan(ind),   -nan(ind),    0.000000,    0.000000,    0.000177,    0.002830,    0.068671,-9999.000000,    0.000174,    0.001300,    0.001300,    0.000000
2020-11-12 24:00:00,    7.227000,    0.000000,    0.000000,    0.000000,    0.000000,    0.000000,    0.000000,         nan,    0.287826,    0.000000,    0.000000,    0.000000,   31.680000,    0.000000,    0.000000,    0.000000,    0.000000,    0.093297,   -nan(ind),   -nan(ind),   -nan(ind),  126.775574,         nan,   -nan(ind),   -nan(ind),    0.000000,    0.000000,    0.000001,    0.000008,    0.004865,-9999.000000,    0.000000,    0.001300,    0.001300,    0.000000
2020-11-13 24:00:00,    7.227000,    0.000000,    0.000000,    0.000000,    0.000000,    0.000000,    0.000000,         nan,    0.261372,    0.000000,    0.000000,    0.000000,   31.680000,    0.000000,    0.000000,    0.000000,    0.000000,    0.093552,   -nan(ind),   -nan(ind),   -nan(ind),   92.109463,         nan,   -nan(ind),   -nan(ind),  178.432236,    0.000000,    0.000107,    0.001143,    0.053648,-9999.000000,    0.000086,    0.001300,    0.001300,    0.000000
2020-11-14 24:00:00,    7.227000,    0.000000,    0.000000,    0.000000,    0.000000,    0.000000,    0.000000,         nan,    0.489946,    0.000000,    0.000000,    0.000000,   31.680000,    0.000000,    0.000000,    0.000000,    0.000000,    0.093803,   -nan(ind),   -nan(ind),   -nan(ind),  156.333605,         nan,   -nan(ind),   -nan(ind),  170.566124,    0.000000,    0.000185,    0.002087,    0.070473,-9999.000000,    0.000090,    0.001300,    0.001300,    0.000000
2020-11-15 24:00:00,    7.227000,    0.000000,    0.000000,    0.000000,    0.000000,    0.000000,    0.000000,         nan,    0.559897,    0.000000,    0.000000,    0.000000,   31.680000,    0.000000,    0.000000,    0.000000,    0.000000,    0.094051,   -nan(ind),   -nan(ind),   -nan(ind),  139.772996,         nan,   -nan(ind),   -nan(ind),    0.000000,    0.000000,    0.000180,    0.002925,    0.069121,-9999.000000,    0.000184,    0.001300,    0.001300,    0.000000
2020-11-16 24:00:00,    7.227000,    0.000000,    0.000000,    0.000000,    0.000000,    0.000000,    0.000000,         nan,    0.331103,    0.000000,    0.000000,    0.000000,   31.680000,    0.000000,    0.000000,    0.000000,    0.000000,    0.094293,   -nan(ind),   -nan(ind),   -nan(ind),  156.271668,         nan,   -nan(ind),   -nan(ind),    0.000000,    0.000000,    0.000000,    0.000000,    0.000002,-9999.000000,    0.000000,    0.001300,    0.001300,    0.000000
2020-11-17 24:00:00,    7.227000,    0.000000,    0.000000,    0.000000,    0.000000,    0.000000,    0.000000,         nan,    0.518480,    0.000000,    0.000000,    0.000000,   31.680000,    0.000000,    0.000000,    0.000000,    0.000000,    0.094532,   -nan(ind),   -nan(ind),   -nan(ind),  164.931503,         nan,   -nan(ind),   -nan(ind),  311.794133,    0.000000,    0.000000,    0.000000,    0.000002,-9999.000000,    0.000000,    0.001300,    0.001300,    0.000000
2020-11-18 24:00:00,    7.227000,    0.000000,    0.000000,    0.000000,    0.000000,    0.000000,    0.000000,         nan,    0.595589,    0.000000,    0.000000,    0.000000,   31.680000,    0.000000,    0.000000,    0.000000,    0.000000,    0.094767,   -nan(ind),   -nan(ind),   -nan(ind),  117.188214,         nan,   -nan(ind),   -nan(ind),    0.000000,    0.000000,    0.000020,    0.000284,    0.022901,-9999.000000,    0.000016,    0.001300,    0.001300,    0.000000
2020-11-19 24:00:00,    7.227000,    0.000000,    0.000000,    0.000000,    0.000000,    0.000000,    0.000000,         nan,    0.226134,    0.000000,    0.000000,    0.000000,   31.680000,    0.000000,    0.000000,    0.000000,    0.000000,    0.094997,   -nan(ind),   -nan(ind),   -nan(ind),  127.372404,         nan,   -nan(ind),   -nan(ind),  375.549979,    0.000000,    0.000000,    0.000000,    0.000300,-9999.000000,    0.000000,    0.001300,    0.001300,    0.000000
2020-11-20 24:00:00,    7.227000,    0.000000,    0.000000,    0.000000,    0.000000,    0.000000,    0.000000,         nan,    0.388575,    0.000000,    0.000000,    0.000000,   31.680000,    0.000000,    0.000000,    0.000000,    0.000000,    0.095222,   -nan(ind),   -nan(ind),   -nan(ind),   98.061625,         nan,   -nan(ind),   -nan(ind),  126.592916,    0.000000,    0.000042,    0.000391,    0.033442,-9999.000000,    0.000014,    0.001300,    0.001300,    0.000000
2020-11-21 24:00:00,    7.227000,    0.000000,    0.000000,    0.000000,    0.000000,    0.000000,    0.000000,         nan,    0.384559,    0.000000,    0.000000,    0.000000,   31.680000,    0.000000,    0.000000,    0.000000,    0.000000,    0.095443,   -nan(ind),   -nan(ind),   -nan(ind),  144.054518,         nan,   -nan(ind),   -nan(ind),  312.272289,    0.000000,    0.000205,    0.002393,    0.074138,-9999.000000,    0.000000,    0.001300,    0.001300,    0.000000
2020-11-22 24:00:00,    7.227000,    0.000000,    0.000000,    0.000000,    0.000000,    0.000000,    0.000000,         nan,    0.319137,    0.000000,    0.000000,    0.000000,   31.680000,    0.000000,    0.000000,    0.000000,    0.000000,    0.095660,   -nan(ind),   -nan(ind),   -nan(ind),   99.041616,         nan,   -nan(ind),   -nan(ind),   94.465824,    0.000000,    0.000009,    0.000072,    0.015802,-9999.000000,    0.000002,    0.001300,    0.001300,    0.000000
2020-11-23 24:00:00,    7.227000,    0.000000,    0.000000,    0.000000,    0.000000,    0.000000,    0.000000,         nan,    0.392831,    0.000000,    0.000000,    0.000000,   31.680000,    0.000000,    0.000000,    0.000000,    0.000000,    0.095871,   -nan(ind),   -nan(ind),   -nan(ind),  165.428846,         nan,   -nan(ind),   -nan(ind),    0.000000,    0.000000,    0.000214,    0.003597,    0.075277,-9999.000000,    0.000235,    0.001300,    0.001300,    0.000000
2020-11-24 24:00:00,    7.227000,    0.000000,    0.000000,    0.000000,    0.000000,    0.000000,    0.000000,         nan,    0.561319,    0.000000,    0.000000,    0.000000,   31.680000,    0.000000,    0.000000,    0.000000,    0.000000,    0.096079,   -nan(ind),   -nan(ind),   -nan(ind),  100.628413,         nan,   -nan(ind),   -nan(ind),  110.403907,    0.000000,    0.000149,    0.001732,    0.063258,-9999.000000,    0.000077,    0.001300,    0.001300,    0.000000
2020-11-25 24:00:00,    7.227000,    0.000000,    0.000000,    0.000000,    0.000000,    0.000000,    0.000000,         nan,    0.537265,    0.000000,    0.000000,    0.000000,   31.680000,    0.000000,    0.000000,    0.000000,    0.000000,    0.096281,   -nan(ind),   -nan(ind),   -nan(ind),  114.162647,         nan,   -nan(ind),   -nan(ind),    0.000000,    0.000000,    0.000000,    0.000000,    0.000148,-9999.000000,    0.000000,    0.001300,    0.001300,    0.000000
2020-11-26 24:00:00,    7.227000,    0.000000,    0.000000,    0.000000,    0.000000,    0.000000,    0.000000,         nan,    0.698163,    0.000000,    0.000000,    0.000000,   31.680000,    0.000000,    0.000000,    0.000000,    0.000000,    0.096478,   -nan(ind),   -nan(ind),   -nan(ind),  154.674379,         nan,   -nan(ind),   -nan(ind),    0.000000,    0.000000,    0.000056,    0.001025,    0.038618,-9999.000000,    0.000128,    0.001300,    0.001300,    0.000000
2020-11-27 24:00:00,    7.227000,    0.000000,    0.000000,    0.000000,    0.000000,    0.000000,    0.000000,         nan,    0.514967,    0.000000,    0.000000,    0.000000,   31.680000,    0.000000,    0.000000,    0.000000,    0.000000,    0.096671,   -nan(ind),   -nan(ind),   -nan(ind),  112.446459,         nan,   -nan(ind),   -nan(ind),    4.438534,    0.000000,    0.000000,    0.000000,    0.000546,-9999.000000,    0.000000,    0.001300,    0.001300,    0.000000
2020-11-28 24:00:00,    7.227000,    0.000000,    0.000000,    0.000000,    0.000000,    0.000000,    0.000000,         nan,    0.186108,    0.000000,    0.000000,    0.000000,   31.680000,    0.000000,    0.000000,    0.000000,    0.000000,    0.096859,   -nan(ind),   -nan(ind),   -nan(ind),  161.278765,         nan,   -nan(ind),   -nan(ind),  495.370303,    0.000000,    0.000220,    0.002753,    0.076746,-9999.000000,    0.000132,    0.001300,    0.001300,    0.000000
2020-11-29 24:00:00,    7.227000,    0.000000,    0.000000,    0.000000,    0.000000,    0.000000,    0.000000,         nan,    0.242113,    0.000000,    0.000000,    0.000000,   31.680000,    0.000000,    0.000000,    0.000000,    0.000000,    0.097042,   -nan(ind),   -nan(ind),   -nan(ind),   95.969785,         nan,   -nan(ind),   -nan(ind),    7.766375,    0.000000,    0.000104,    0.001382,    0.052817,-9999.000000,    0.000070,    0.001300,    0.001300,    0.000000
2020-11-30 24:00:00,    7.227000,    0.000000,    0.000000,    0.000000,    0.000000,    0.000000,    0.000000,         nan,    0.244017,    0.000000,    0.000000,    0.000000,   31.680000,    0.000000,    0.000000,    0.000000,    0.000000,    0.097219,   -nan(ind),   -nan(ind),   -nan(ind),  108.980748,         nan,   -nan(ind),   -nan(ind),  244.470291,    0.000000,    0.000189,    0.002394,    0.071181,-9999.000000,    0.000058,    0.001300,    0.001300,    0.000000
2020-12-01 24:00:00,    7.227000,    0.000000,    0.000000,    0.000000,    0.000000,    0.000000,    0.000000,         nan,    0.314582,    0.000000,    0.000000,    0.000000,   31.680000,    0.000000,    0.000000,    0.000000,    0.000000,    0.097392,   -nan(ind),   -nan(ind),   -nan(ind),  177.185063,         nan,   -nan(ind),   -nan(ind),  408.162746,    0.000000,    0.000009,    0.000065,    0.015099,-9999.000000,    0.000002,    0.001300,    0.001300,    0.000000
2020-12-02 24:00:00,    7.227000,    0.000000,    0.000000,    0.000000,    0.000000,    0.000000,    0.000000,         nan,    0.489157,    0.000000,    0.000000,    0.000000,   31.680000,    0.000000,    0.000000,    0.000000,    0.000000,    0.097559,   -nan(ind),   -nan(ind),   -nan(ind),  200.445839,         nan,   -nan(ind),   -nan(ind),    0.000000,    0.000000,    0.000000,    0.000000,    0.000001,-9999.000000,    0.000174,    0.001300,    0.001300,    0.000000
2020-12-03 24:00:00,    7.227000,    0.000000,    0.000000,    0.000000,    0.000000,    0.000000,    0.000000,         nan,    0.443561,    0.000000,    0.000000,    0.000000,   31.680000,    0.000000,    0.000000,    0.000000,    0.000000,    0.097721,   -nan(ind),   -nan(ind),   -nan(ind),  160.846807,         nan,   -nan(ind),   -nan(ind),   88.061006,    0.000000,    0.000199,    0.002274,    0.073015,-9999.000000,    0.000099,    0.001300,    0.001300,    0.000000
2020-12-04 24:00:00,    7.227000,    0.000000,    0.000000,    0.000000,    0.000000,    0.000000,    0.000000,         nan,    0.360010,    0.000000,    0.000000,    0.000000,   31.680000,    0.000000,    0.000000,    0.000000,    0.000000,    0.097878,   -nan(ind),   -nan(ind),   -nan(ind),   96.648452,         nan,   -nan(ind),   -nan(ind),  180.904732,    0.000000,    0.000000,    0.000000,    0.000279,-9999.000000,    0.000000,    0.001300,    0.001300,    0.000000
2020-12-05 24:00:00,    7.227000,    0.000000,    0.000000,    0.000000,    0.000000,    0.000000,    0.000000,         nan,    0.342910,    0.000000,    0.000000,    0.000000,   31.680000,    0.000000,    0.000000,    0.000000,    0.000000,    0.098030,   -nan(ind),   -nan(ind),   -nan(ind),  104.971720,         nan,   -nan(ind),   -nan(ind),   89.632380,    0.000000,    0.000249,    0.002620,    0.081666,-9999.000000,    0.000105,    0.001300,    0.001300,    0.000000
2020-12-06 24:00:00,    7.227000,    0.000000,    0.000000,    0.000000,    0.000000,    0.000000,    0.000000,         nan,    0.599496,    0.000000,    0.000000,    0.000000,   31.680000,    0.000000,    0.000000,    0.000000,    0.000000,    0.098176,   -nan(ind),   -nan(ind),   -nan(ind),  124.077759,         nan,   -nan(ind),   -nan(ind),    0.000000,    0.000000,    0.000177,    0.002671,    0.068810,-9999.000000,    0.000000,    0.001300,    0.001300,    0.000000
2020-12-07 24:00:00,    7.227000,    0.000000,    0.000000,    0.000000,    0.000000,    0.000000,    0.000000,         nan,    0.393045,    0.000000,    0.000000,    0.000000,   31.680000,    0.000000,    0.000000,    0.000000,    0.000000,    0.098317,   -nan(ind),   -nan(ind),   -nan(ind),  104.415459,         nan,   -nan(ind),   -nan(ind),    1.485660,    0.000000,    0.000037,    0.000455,    0.031369,-9999.000000,    0.000022,    0.001300,    0.001300,    0.000000
2020-12-08 24:00:00,    7.227000,    0.000000,    0.000000,    0.000000,    0.000000,    0.000000,    0.000000,         nan,    0.385827,    0.000000,    0.000000,    0.000000,   31.680000,    0.000000,    0.000000,    0.000000,    0.000000,    0.098453,   -nan(ind),   -nan(ind),   -nan(ind),  161.501604,         nan,   -nan(ind),   -nan(ind),    0.000000,    0.000000,    0.000000,    0.000000,    0.000343,-9999.000000,    0.000000,    0.001300,    0.001300,    0.000000
2020-12-09 24:00:00,    7.227000,    0.000000,    0.000000,    0.000000,    0.000000,    0.000000,    0.000000,         nan,    0.350684,    0.000000,    0.000000,    0.000000,   31.680000,    0.000000,    0.000000,    0.000000,    0.000000,    0.098583,   -nan(ind),   -nan(ind),   -nan(ind),  100.486976,         nan,   -nan(ind),   -nan(ind),  324.095602,    0.000000,    0.000000,    0.000000,    0.000001,-9999.000000,    0.000000,    0.001300,    0.001300,    0.000000
2020-12-10 24:00:00,    7.227000,    0.000000,    0.000000,    0.000000,    0.000000,    0.000000,    0.000000,         nan,    0.425618,    0.000000,    0.000000,    0.000000,   31.680000,    0.000000,    0.000000,    0.000000,    0.000000,    0.098707,   -nan(ind),   -nan(ind),   -nan(ind),  152.260702,         nan,   -nan(ind),   -nan(ind),    0.000000,    0.000000,    0.000135,    0.001831,    0.060097,-9999.000000,    0.000095,    0.001300,    0.001300,    0.000000
2020-12-11 24:00:00,    7.227000,    0.000000,    0.000000,    0.000000,    0.000000,    0.000000,    0.000000,         nan,    0.316580,    0.000000,    0.000000,    0.000000,   31.680000,    0.000000,    0.000000,    0.000000,    0.000000,    0.098826,   -nan(ind),   -nan(ind),   -nan(ind),  149.221301,         nan,   -nan(ind),   -nan(ind),    0.000000,    0.000000,    0.000075,    0.000718,    0.044828,-9999.000000,    0.000026,    0.001300,    0.001300,    0.000000
2020-12-12 24:00:00,    7.227000,    0.000000,    0.000000,    0.000000,    0.000000,    0.000000,    0.000000,         nan,    0.366254,    0.000000,    0.000000,    0.000000,   31.680000,    0.000000,    0.000000,    0.000000,    0.000000,    0.098940,   -nan(ind),   -nan(ind),   -nan(ind),  126.124162,         nan,   -nan(ind),   -nan(ind),  163.681846,    0.000000,    0.000000,    0.000000,    0.000002,-9999.000000,    0.000000,    0.001300,    0.001300,    0.000000
2020-12-13 24:00:00,    7.227000,    0.000000,    0.000000,    0.000000,    0.000000,    0.000000,    0.000000,         nan,    0.417741,    0.000000,    0.000000,    0.000000,   31.680000,    0.000000,    0.000000,    0.000000,    0.000000,    0.099048,   -nan(ind),   -nan(ind),   -nan(ind),  114.145914,         nan,   -nan(ind),   -nan(ind),  214.135333,    0.000000,    0.000000,    0.000000,    0.000000,-9999.000000,    0.000000,    0.001300,    0.001300,    0.000000
2020-12-14 24:00:00,    7.227000,    0.000000,    0.000000,    0.000000,    0.000000,    0.000000,    0.000000,         nan,    0.313852,    0.000000,    0.000000,    0.000000,   31.680000,    0.000000,    0.000000,    0.000000,    0.000000,    0.099150,   -nan(ind),   -nan(ind),   -nan(ind),  149.929031,         nan,   -nan(ind),   -nan(ind),  192.280010,    0.000000,    0.000088,    0.001468,    0.048562,-9999.000000,    0.000000,    0.001300,    0.001300,    0.000000
2020-12-15 24:00:00,    7.227000,    0.000000,    0.000000,    0.000000,    0.000000,    0.000000,    0.000000,         nan,    0.383835,    0.000000,    0.000000,    0.000000,   31.680000,    0.000000,    0.000000,    0.000000,    0.000000,    0.099246,   -nan(ind),   -nan(ind),   -nan(ind),  111.594155,         nan,   -nan(ind),   -nan(ind),  161.401573,    0.000000,    0.000013,    0.000236,    0.018319,-9999.000000,    0.000017,    0.001300,    0.001300,    0.000000
2020-12-16 24:00:00,    7.227000,    0.000000,    0.000000,    0.000000,    0.000000,    0.000000,    0.000000,         nan,    0.488602,    0.000000,    0.000000,    0.000000,   31.680000,    0.000000,    0.000000,    0.000000,    0.000000,    0.099337,   -nan(ind),   -nan(ind),   -nan(ind),  136.425384,         nan,   -nan(ind),   -nan(ind),   43.635371,    0.000000,    0.000260,    0.003723,    0.083334,-9999.000000,    0.000204,    0.001300,    0.001300,    0.000000
2020-12-17 24:00:00,    7.227000,    0.000000,    0.000000,    0.000000,    0.000000,    0.000000,    0.000000,         nan,    0.423858,    0.000000,    0.000000,    0.000000,   31.680000,    0.000000,    0.000000,    0.000000,    0.000000,    0.099422,   -nan(ind),   -nan(ind),   -nan(ind),  125.469425,         nan,   -nan(ind),   -nan(ind),  150.804776,    0.000000,    0.000046,    0.000855,    0.034860,-9999.000000,    0.000062,    0.001300,    0.001300,    0.000000
2020-12-18 24:00:00,    7.227000,    0.000000,    0.000000,    0.000000,    0.000000,    0.000000,    0.000000,         nan,    0.298452,    0.000000,    0.000000,    0.000000,   31.680000,    0.000000,    0.000000,    0.000000,    0.000000,    0.099501,   -nan(ind),   -nan(ind),   -nan(ind),  168.532865,         nan,   -nan(ind),   -nan(ind),  278.493787,    0.000000,    0.000122,    0.001585,    0.057129,-9999.000000,    0.000079,    0.001300,    0.001300,    0.000000
2020-12-19 24:00:00,    7.227000,    0.000000,    0.000000,    0.000000,    0.000000,    0.000000,    0.000000,         nan,    0.338269,    0.000000,    0.000000,    0.000000,   31.680000,    0.000000,    0.000000,    0.000000,    0.000000,    0.099575,   -nan(ind),   -nan(ind),   -nan(ind),   67.771911,         nan,   -nan(ind),   -nan(ind),    0.000000,    0.000000,    0.000019,    0.000294,    0.022458,-9999.000000,    0.000018,    0.001300,    0.001300,    0.000000
2020-12-20 24:00:00,    7.227000,    0.000000,    0.000000,    0.000000,    0.000000,    0.000000,    0.000000,         nan,    0.479837,    0.000000,    0.000000,    0.000000,   31.680000,    0.000000,    0.000000,    0.000000,    0.000000,    0.099643,   -nan(ind),   -nan(ind),   -nan(ind),  118.008945,         nan,   -nan(ind),   -nan(ind),    0.000000,    0.000000,    0.000000,    0.000000,    0.000394,-9999.000000,    0.000000,    0.001300,    0.001300,    0.000000
2020-12-21 24:00:00,    7.227000,    0.000000,    0.000000,    0.000000,    0.000000,    0.000000,    0.000000,         nan,    0.258775,    0.000000,    0.000000,    0.000000,   31.680000,    0.000000,    0.000000,    0.000000,    0.000000,    0.099704,   -nan(ind),   -nan(ind),   -nan(ind),  135.290019,         nan,   -nan(ind),   -nan(ind),  267.263471,    0.000000,    0.000000,    0.000000,    0.000001,-9999.000000,    0.000000,    0.001300,    0.001300,    0.000000
2020-12-22 24:00:00,    7.227000,    0.000000,    0.000000,    0.000000,    0.000000,    0.000000,    0.000000,         nan,    0.367313,    0.000000,    0.000000,    0.000000,   31.680000,    0.000000,    0.000000,    0.000000,    0.000000,    0.099760,   -nan(ind),   -nan(ind),   -nan(ind),  113.257933,         nan,   -nan(ind),   -nan(ind),    0.000000,    0.000000,    0.000000,    0.000000,    0.000000,-9999.000000,    0.000000,    0.001300,    0.001300,    0.000000
2020-12-23 24:00:00,    7.227000,    0.000000,    0.000000,    0.000000,    0.000000,    0.000000,    0.000000,         nan,    0.305009,    0.000000,    0.000000,    0.000000,   31.680000,    0.000000,    0.000000,    0.000000,    0.000000,    0.099811,   -nan(ind),   -nan(ind),   -nan(ind),  124.830918,         nan,   -nan(ind),   -nan(ind),  374.363555,    0.000000,    0.000000,    0.000000,    0.000099,-9999.000000,    0.000000,    0.001300,    0.001300,    0.000000
2020-12-24 24:00:00,    7.227000,    0.000000,    0.000000,    0.000000,    0.000000,    0.000000,    0.000000,         nan,    0.382497,    0.000000,    0.000000,    0.000000,   31.680000,    0.000000,    0.000000,    0.000000,    0.000000,    0.099855,   -nan(ind),   -nan(ind),   -nan(ind),  120.215782,         nan,   -nan(ind),   -nan(ind),   44.181158,    0.000000,    0.000000,    0.000000,    0.000003,-9999.000000,    0.000000,    0.001300,    0.001300,    0.000000
2020-12-25 24:00:00,    7.227000,    0.000000,    0.000000,    0.000000,    0.000000,    0.000000,    0.000000,         nan,    0.239997,    0.000000,    0.000000,    0.000000,   31.680000,    0.000000,    0.000000,    0.000000,    0.000000,    0.099893,   -nan(ind),   -nan(ind),   -nan(ind),  162.662521,         nan,   -nan(ind),   -nan(ind),    0.000000,    0.000000,    0.000038,    0.000333,    0.031793,-9999.000000,    0.000040,    0.001300,    0.001300,    0.000000
2020-12-26 24:00:00,    7.227000,    0.000000,    0.000000,    0.000000,    0.000000,    0.000000,    0.000000,         nan,    0.309163,    0.000000,    0.000000,    0.000000,   31.680000,    0.000000,    0.000000,    0.000000,    0.000000,    0.099926,   -nan(ind),   -nan(ind),   -nan(ind),  140.757847,         nan,   -nan(ind),   -nan(ind),  295.343067,    0.000000,    0.000000,    0.000000,    0.000234,-9999.000000,    0.000000,    0.001300,    0.001300,    0.000000
2020-12-27 24:00:00,    7.227000,    0.000000,    0.000000,    0.000000,    0.000000,    0.000000,    0.000000,         nan,    0.183174,    0.000000,    0.000000,    0.000000,   31.680000,    0.000000,    0.000000,    0.000000,    0.000000,    0.099953,   -nan(ind),   -nan(ind),   -nan(ind),  139.439172,         nan,   -nan(ind),   -nan(ind),  208.722881,    0.000000,    0.000148,    0.001963,    0.062936,-9999.000000,    0.000100,    0.001300,    0.001300,    0.000000
2020-12-28 24:00:00,    7.227000,    0.000000,    0.000000,    0.000000,    0.000000,    0.000000,    0.000000,         nan,    0.383515,    0.000000,    0.000000,    0.000000,   31.680000,    0.000000,    0.000000,    0.000000,    0.000000,    0.099973,   -nan(ind),   -nan(ind),   -nan(ind),  119.976427,         nan,   -nan(ind),   -nan(ind),    0.000000,    0.000000,    0.000162,    0.001780,    0.065799,-9999.000000,    0.000075,    0.001300,    0.001300,    0.000000
2020-12-29 24:00:00,    7.227000,    0.000000,    0.000000,    0.000000,    0.000000,    0.000000,    0.000000,         nan,    0.250070,    0.000000,    0.000000,    0.000000,   31.680000,    0.000000,    0.000000,    0.000000,    0.000000,    0.099988,   -nan(ind),   -nan(ind),   -nan(ind),   96.964409,         nan,   -nan(ind),   -nan(ind),   68.858577,    0.000000,    0.000000,    0.000000,    0.000429,-9999.000000,    0.000000,    0.001300,    0.001300,    0.000000
2020-12-30 24:00:00,    7.227000,    0.000000,    0.000000,    0.000000,    0.000000,    0.000000,    0.000000,         nan,    0.216418,    0.000000,    0.000000,    0.000000,   31.680000,    0.000000,    0.000000,    0.000000,    0.000000,    0.099997,   -nan(ind),   -nan(ind),   -nan(ind),  153.659097,         nan,   -nan(ind),   -nan(ind),  236.911758,    0.000000,    0.000000,    0.000000,    0.000414,-9999.000000,    0.000000,    0.001300,    0.001300,    0.000000
2020-12-31 24:00:00,    7.227000,    0.000000,    0.000000,    0.000000,    0.000000,    0.000000,    0.000000,         nan,    0.199523,    0.000000,    0.000000,    0.000000,   31.680000,    0.000000,    0.000000,    0.000000,    0.000000,    0.100000,   -nan(ind),   -nan(ind),   -nan(ind),   74.118495,         nan,   -nan(ind),   -nan(ind),    7.387180,    0.000000,    0.000043,    0.000582,    0.034083,-9999.000000,    0.000000,    0.001300,    0.001300,    0.000000
2021-01-01 24:00:00,    7.227000,    0.000000,    0.000000,    0.000000,    0.000000,    0.000000,    0.000000,         nan,    0.544107,    0.000000,    0.000000,    0.000000,   31.680000,    0.000000,    0.000000,    0.000000,    0.000000,    0.100000,   -nan(ind),   -nan(ind),   -nan(ind),  129.492097,         nan,   -nan(ind),   -nan(ind),    0.000000,    0.000000,    0.000131,    0.001777,    0.059235,-9999.000000,    0.000092,    0.001300,    0.001300,    0.000000
2021-01-02 24:00:00,    7.227000,    0.000000,    0.000000,    0.000000,    0.000000,    0.000000,    0.000000,         nan,    0.630850,    0.000000,    0.000000,    0.000000,   31.680000,    0.000000,    0.000000,    0.000000,    0.000000,    0.099997,   -nan(ind),   -nan(ind),   -nan(ind),   86.434857,         nan,   -nan(ind),   -nan(ind),    0.000000,    0.000000,    0.000067,    0.001032,    0.042393,-9999.000000,    0.000061,    0.001300,    0.001300,    0.000000
2021-01-03 24:00:00,    7.227000,    0.000000,    0.000000,    0.000000,    0.000000,    0.000000,    0.000000,         nan,    0.424701,    0.000000,    0.000000,    0.000000,   31.680000,    0.000000,    0.000000,    0.000000,    0.000000,    0.099988,   -nan(ind),   -nan(ind),   -nan(ind),  143.940134,         nan,   -nan(ind),   -nan(ind),   82.785717,    0.000000,    0.000000,    0.000000,    0.000297,-9999.000000,    0.000038,    0.001300,    0.001300,    0.000000
2021-01-04 24:00:00,    7.227000,    0.000000,    0.000000,    0.000000,    0.000000,    0.000000,    0.000000,         nan,    0.397192,    0.000000,    0.000000,    0.000000,   31.680000,    0.000000,    0.000000,    0.000000,    0.000000,    0.099973,   -nan(ind),   -nan(ind),   -nan(ind),   75.243579,         nan,   -nan(ind),   -nan(ind),    0.000000,    0.000000,    0.000023,    0.000239,    0.024757,-9999.000000,    0.000009,    0.001300,    0.001300,    0.000000
2021-01-05 24:00:00,    7.227000,    0.000000,    0.000000,    0.000000,    0.000000,    0.000000,    0.000000,         nan,    0.459009,    0.000000,    0.000000,    0.000000,   31.680000,    0.000000,    0.000000,    0.000000,    0.000000,    0.099953,   -nan(ind),   -nan(ind),   -nan(ind),  137.625800,         nan,   -nan(ind),   -nan(ind),    0.000000,    0.000000,    0.000000,    0.000000,    0.000228,-9999.000000,    0.000000,    0.001300,    0.001300,    0.000000
2021-01-06 24:00:00,    7.227000,    0.000000,    0.000000,    0.000000,    0.000000,    0.000000,    0.000000,         nan,    0.370177,    0.000000,    0.000000,    0.000000,   31.680000,    0.000000,    0.000000,    0.000000,    0.000000,    0.099926,   -nan(ind),   -nan(ind),   -nan(ind),  104.193452,         nan,   -nan(ind),   -nan(ind),    0.000000,    0.000000,    0.000134,    0.001599,    0.059964,-9999.000000,    0.000073,    0.001300,    0.001300,    0.000000
2021-01-07 24:00:00,    7.227000,    0.000000,    0.000000,    0.000000,    0.000000,    0.000000,    0.000000,         nan,    0.334435,    0.000000,    0.000000,    0.000000,   31.680000,    0.000000,    0.000000,    0.000000,    0.000000,    0.099893,   -nan(ind),   -nan(ind),   -nan(ind),   99.227682,         nan,   -nan(ind),   -nan(ind),    0.000000,    0.000000,    0.000063,    0.000729,    0.041144,-9999.000000,    0.000000,    0.001300,    0.001300,    0.000000
2021-01-08 24:00:00,    7.227000,    0.000000,    0.000000,    0.000000,    0.000000,    0.000000,    0.000000,         nan,    0.484597,    0.000000,    0.000000,    0.000000,   31.680000,    0.000000,    0.000000,    0.000000,    0.000000,    0.099855,   -nan(ind),   -nan(ind),   -nan(ind),  125.911732,         nan,   -nan(ind),   -nan(ind),    0.000000,    0.000000,    0.000000,    0.000000,    0.000560,-9999.000000,    0.000000,    0.001300,    0.001300,    0.000000
2021-01-09 24:00:00,    7.227000,    0.000000,    0.000000,    0.000000,    0.000000,    0.000000,    0.000000,         nan,    0.306897,    0.000000,    0.000000,    0.000000,   31.680000,    0.000000,    0.000000,    0.000000,    0.000000,    0.099811,   -nan(ind),   -nan(ind),   -nan(ind),  123.230834,         nan,   -nan(ind),   -nan(ind),    1.151530,    0.000000,    0.000042,    0.000645,    0.033596,-9999.000000,    0.000038,    0.001300,    0.001300,    0.000000
2021-01-10 24:00:00,    7.227000,    0.000000,    0.000000,    0.000000,    0.000000,    0.000000,    0.000000,         nan,    0.518120,    0.000000,    0.000000,    0.000000,   31.680000,    0.000000,    0.000000,    0.000000,    0.000000,    0.099760,   -nan(ind),   -nan(ind),   -nan(ind),   91.230177,         nan,   -nan(ind),   -nan(ind),   42.773481,    0.000000,    0.000045,    0.000546,    0.034902,-9999.000000,    0.000025,    0.001300,    0.001300,    0.000000
2021-01-11 24:00:00,    7.227000,    0.000000,    0.000000,    0.000000,    0.000000,    0.000000,    0.000000,         nan,    0.492336,    0.000000,    0.000000,    0.000000,   31.680000,    0.000000,    0.000000,    0.000000,    0.000000,    0.099704,   -nan(ind),   -nan(ind),   -nan(ind),  117.315305,         nan,   -nan(ind),   -nan(ind),    8.031164,    0.000000,    0.000150,    0.002626,    0.063132,-9999.000000,    0.000007,    0.001300,    0.001300,    0.000000
2021-01-12 24:00:00,    7.227000,    0.000000,    0.000000,    0.000000,    0.000000,    0.000000,    0.000000,         nan,    0.460507,    0.000000,    0.000000,    0.000000,   31.680000,    0.000000,    0.000000,    0.000000,    0.000000,    0.099643,   -nan(ind),   -nan(ind),   -nan(ind),  118.263049,         nan,   -nan(ind),   -nan(ind),  107.420157,    0.000000,    0.000138,    0.001713,    0.060911,-9999.000000,    0.000081,    0.001300,    0.001300,    0.000000
2021-01-13 24:00:00,    7.227000,    0.000000,    0.000000,    0.000000,    0.000000,    0.000000,    0.000000,         nan,    0.318959,    0.000000,    0.000000,    0.000000,   31.680000,    0.000000,    0.000000,    0.000000,    0.000000,    0.099575,   -nan(ind),   -nan(ind),   -nan(ind),  130.790665,         nan,   -nan(ind),   -nan(ind),  146.265961,    0.000000,    0.000136,    0.002594,    0.059548,-9999.000000,    0.000197,    0.001300,    0.001300,    0.000000
2021-01-14 24:00:00,    7.227000,    0.000000,    0.000000,    0.000000,    0.000000,    0.000000,    0.000000,         nan,    0.498597,    0.000000,    0.000000,    0.000000,   31.680000,    0.000000,    0.000000,    0.000000,    0.000000,    0.099501,   -nan(ind),   -nan(ind),   -nan(ind),  122.183739,         nan,   -nan(ind),   -nan(ind),    0.000000,    0.000000,    0.000111,    0.001102,    0.054663,-9999.000000,    0.000000,    0.001300,    0.001300,    0.000000
2021-01-15 24:00:00,    7.227000,    0.000000,    0.000000,    0.000000,    0.000000,    0.000000,    0.000000,         nan,    0.461087,    0.000000,    0.000000,    0.000000,   31.680000,    0.000000,    0.000000,    0.000000,    0.000000,    0.099422,   -nan(ind),   -nan(ind),   -nan(ind),  147.216891,         nan,   -nan(ind),   -nan(ind),  325.890071,    0.000000,    0.000000,    0.000000,    0.000002,-9999.000000,    0.000000,    0.001300,    0.001300,    0.000000
2021-01-16 24:00:00,    7.227000,    0.000000,    0.000000,    0.000000,    0.000000,    0.000000,    0.000000,         nan,    0.417029,    0.000000,    0.000000,    0.000000,   31.680000,    0.000000,    0.000000,    0.000000,    0.000000,    0.099337,   -nan(ind),   -nan(ind),   -nan(ind),  165.498954,         nan,   -nan(ind),   -nan(ind),   82.951025,    0.000000,    0.000000,    0.000000,    0.000130,-9999.000000,    0.000000,    0.001300,    0.001300,    0.000000
2021-01-17 24:00:00,    7.227000,    0.000000,    0.000000,    0.000000,    0.000000,    0.000000,    0.000000,         nan,    0.303521,    0.000000,    0.000000,    0.000000,   31.680000,    0.000000,    0.000000,    0.000000,    0.000000,    0.099246,   -nan(ind),   -nan(ind),   -nan(ind),  152.752934,         nan,   -nan(ind),   -nan(ind),  220.221293,    0.000000,    0.000050,    0.000606,    0.036770,-9999.000000,    0.000028,    0.001300,    0.001300,    0.000000
2021-01-18 24:00:00,    7.227000,    0.000000,    0.000000,    0.000000,    0.000000,    0.000000,    0.000000,         nan,    0.415791,    0.000000,    0.000000,    0.000000,   31.680000,    0.000000,    0.000000,    0.000000,    0.000000,    0.099150,   -nan(ind),   -nan(ind),   -nan(ind),  119.682575,         nan,   -nan(ind),   -nan(ind),  229.747184,    0.000000,    0.000062,    0.000898,    0.040884,-9999.000000,    0.000049,    0.001300,    0.001300,    0.000000
2021-01-19 24:00:00,    7.227000,    0.000000,    0.000000,    0.000000,    0.000000,    0.000000,    0.000000,         nan,    0.367280,    0.000000,    0.000000,    0.000000,   31.680000,    0.000000,    0.000000,    0.000000,    0.000000,    0.099048,   -nan(ind),   -nan(ind),   -nan(ind),   85.375737,         nan,   -nan(ind),   -nan(ind),   54.336667,    0.000000,    0.000000,    0.000000,    0.000001,-9999.000000,    0.000000,    0.001300,    0.001300,    0.000000
2021-01-20 24:00:00,    7.227000,    0.000000,    0.000000,    0.000000,    0.000000,    0.000000,    0.000000,         nan,    0.209114,    0.000000,    0.000000,    0.000000,   31.680000,    0.000000,    0.000000,    0.000000,    0.000000,    0.098940,   -nan(ind),   -nan(ind),   -nan(ind),  155.076903,         nan,   -nan(ind),   -nan(ind),   90.638731,    0.000000,    0.000000,    0.000000,    0.000000,-9999.000000,    0.000000,    0.001300,    0.001300,    0.000000
2021-01-21 24:00:00,    7.227000,    0.000000,    0.000000,    0.000000,    0.000000,    0.000000,    0.000000,         nan,    0.209582,    0.000000,    0.000000,    0.000000,   31.680000,    0.000000,    0.000000,    0.000000,    0.000000,    0.098826,   -nan(ind),   -nan(ind),   -nan(ind),  121.937577,         nan,   -nan(ind),   -nan(ind),   96.074114,    0.000000,    0.000000,    0.000000,    0.000252,-9999.000000,    0.000000,    0.001300,    0.001300,    0.000000
2021-01-22 24:00:00,    7.227000,    0.000000,    0.000000,    0.000000,    0.000000,    0.000000,    0.000000,         nan,    0.368909,    0.000000,    0.000000,    0.000000,   31.680000,    0.000000,    0.000000,    0.000000,    0.000000,    0.098707,   -nan(ind),   -nan(ind),   -nan(ind),  176.074210,         nan,   -nan(ind),   -nan(ind),    0.000000,    0.000000,    0.000011,    0.000171,    0.017188,-9999.000000,    0.000010,    0.001300,    0.001300,    0.000000
2021-01-23 24:00:00,    7.227000,    0.000000,    0.000000,    0.000000,    0.000000,    0.000000,    0.000000,         nan,    0.473629,    0.000000,    0.000000,    0.000000,   31.680000,    0.000000,    0.000000,    0.000000,    0.000000,    0.098583,   -nan(ind),   -nan(ind),   -nan(ind),  192.201608,         nan,   -nan(ind),   -nan(ind),  149.839818,    0.000000,    0.000009,    0.000132,    0.015197,-9999.000000,    0.000008,    0.001300,    0.001300,    0.000000
2021-01-24 24:00:00,    7.227000,    0.000000,    0.000000,    0.000000,    0.000000,    0.000000,    0.000000,         nan,    0.462636,    0.000000,    0.000000,    0.000000,   31.680000,    0.000000,    0.000000,    0.000000,    0.000000,    0.098453,   -nan(ind),   -nan(ind),   -nan(ind),  133.815991,         nan,   -nan(ind),   -nan(ind),    0.000000,    0.000000,    0.000000,    0.000000,    0.000406,-9999.000000,    0.000174,    0.001300,    0.001300,    0.000000
2021-01-25 24:00:00,    7.227000,    0.000000,    0.000000,    0.000000,    0.000000,    0.000000,    0.000000,         nan,    0.524106,    0.000000,    0.000000,    0.000000,   31.680000,    0.000000,    0.000000,    0.000000,    0.000000,    0.098317,   -nan(ind),   -nan(ind),   -nan(ind),  132.692890,         nan,   -nan(ind),   -nan(ind),  222.668581,    0.000000,    0.000000,    0.000000,    0.000002,-9999.000000,    0.000062,    0.001300,    0.001300,    0.000000
2021-01-26 24:00:00,    7.227000,    0.000000,    0.000000,    0.000000,    0.000000,    0.000000,    0.000000,         nan,    0.586109,    0.000000,    0.000000,    0.000000,   31.680000,    0.000000,    0.000000,    0.000000,    0.000000,    0.098176,   -nan(ind),   -nan(ind),   -nan(ind),   87.064484,         nan,   -nan(ind),   -nan(ind),  198.187461,    0.000000,    0.000061,    0.000578,    0.040596,-9999.000000,    0.000021,    0.001300,    0.001300,    0.000000
2021-01-27 24:00:00,    7.227000,    0.000000,    0.000000,    0.000000,    0.000000,    0.000000,    0.000000,         nan,    0.393330,    0.000000,    0.000000,    0.000000,   31.680000,    0.000000,    0.000000,    0.000000,    0.000000,    0.098030,   -nan(ind),   -nan(ind),   -nan(ind),  161.664069,         nan,   -nan(ind),   -nan(ind),  429.393743,    0.000000,    0.000060,    0.000693,    0.039964,-9999.000000,    0.000031,    0.001300,    0.001300,    0.000000
2021-01-28 24:00:00,    7.227000,    0.000000,    0.000000,    0.000000,    0.000000,    0.000000,    0.000000,         nan,    0.272149,    0.000000,    0.000000,    0.000000,   31.680000,    0.000000,    0.000000,    0.000000,    0.000000,    0.097878,   -nan(ind),   -nan(ind),   -nan(ind),  170.341711,         nan,   -nan(ind),   -nan(ind),  178.072855,    0.000000,    0.000150,    0.001744,    0.063496,-9999.000000,    0.000000,    0.001300,    0.001300,    0.000000
2021-01-29 24:00:00,    7.227000,    0.000000,    0.000000,    0.000000,    0.000000,    0.000000,    0.000000,         nan,    0.230643,    0.000000,    0.000000,    0.000000,   31.680000,    0.000000,    0.000000,    0.000000,    0.000000,    0.097721,   -nan(ind),   -nan(ind),   -nan(ind),  117.494233,         nan,   -nan(ind),   -nan(ind),    0.000000,    0.000000,    0.000000,    0.000000,    0.000000,-9999.000000,    0.000000,    0.001300,    0.001300,    0.000000
2021-01-30 24:00:00,    7.227000,    0.000000,    0.000000,    0.000000,    0.000000,    0.000000,    0.000000,         nan,    0.311671,    0.000000,    0.000000,    0.000000,   31.680000,    0.000000,    0.000000,    0.000000,    0.000000,    0.097559,   -nan(ind),   -nan(ind),   -nan(ind),  175.469161,         nan,   -nan(ind),   -nan(ind),  150.234509,    0.000000,    0.000190,    0.002456,    0.071348,-9999.000000,    0.000121,    0.001300,    0.001300,    0.000000
2021-01-31 24:00:00,    7.227000,    0.000000,    0.000000,    0.000000,    0.000000,    0.000000,    0.000000,         nan,    0.320776,    0.000000,    0.000000,    0.000000,   31.680000,    0.000000,    0.000000,    0.000000,    0.000000,    0.097392,   -nan(ind),   -nan(ind),   -nan(ind),  106.314201,         nan,   -nan(ind),   -nan(ind),  110.004600,    0.000000,    0.000144,    0.001627,    0.062185,-9999.000000,    0.000000,    0.001300,    0.001300,    0.000000
2021-02-01 24:00:00,    7.227000,    0.000000,    0.000000,    0.000000,    0.000000,    0.000000,    0.000000,         nan,    0.353621,    0.000000,    0.000000,    0.000000,   31.680000,    0.000000,    0.000000,    0.000000,    0.000000,    0.097219,   -nan(ind),   -nan(ind),   -nan(ind),  128.066730,         nan,   -nan(ind),   -nan(ind),    0.000000,    0.000000,    0.000269,    0.003274,    0.084904,-9999.000000,    0.000152,    0.001300,    0.001300,    0.000000
2021-02-02 24:00:00,    7.227000,    0.000000,    0.000000,    0.000000,    0.000000,    0.000000,    0.000000,         nan,    0.382942,    0.000000,    0.000000,    0.000000,   31.680000,    0.000000,    0.000000,    0.000000,    0.000000,    0.097042,   -nan(ind),   -nan(ind),   -nan(ind),  139.108432,         nan,   -nan(ind),   -nan(ind),    0.000000,    0.000000,    0.000000,    0.000000,    0.000159,-9999.000000,    0.000000,    0.001300,    0.001300,    0.000000
2021-02-03 24:00:00,    7.227000,    0.000000,    0.000000,    0.000000,    0.000000,    0.000000,    0.000000,         nan,    0.298545,    0.000000,    0.000000,    0.000000,   31.680000,    0.000000,    0.000000,    0.000000,    0.000000,    0.096859,   -nan(ind),   -nan(ind),   -nan(ind),  114.481961,         nan,   -nan(ind),   -nan(ind),    0.000000,    0.000000,    0.000187,    0.002342,    0.070767,-9999.000000,    0.000112,    0.001300,    0.001300,    0.000000
2021-02-04 24:00:00,    7.227000,    0.000000,    0.000000,    0.000000,    0.000000,    0.000000,    0.000000,         nan,    0.261651,    0.000000,    0.000000,    0.000000,   31.680000,    0.000000,    0.000000,    0.000000,    0.000000,    0.096671,   -nan(ind),   -nan(ind),   -nan(ind),  141.095028,         nan,   -nan(ind),   -nan(ind),   25.863351,    0.000000,    0.000000,    0.000000,    0.000384,-9999.000000,    0.000065,    0.001300,    0.001300,    0.000000
2021-02-05 24:00:00,    7.227000,    0.000000,    0.000000,    0.000000,    0.000000,    0.000000,    0.000000,         nan,    0.239169,    0.000000,    0.000000,    0.000000,   31.680000,    0.000000,    0.000000,    0.000000,    0.000000,    0.096478,   -nan(ind),   -nan(ind),   -nan(ind),  123.404424,         nan,   -nan(ind),   -nan(ind),    0.000000,    0.000000,    0.000000,    0.000000,    0.000209,-9999.000000,    0.000000,    0.001300,    0.001300,    0.000000
2021-02-06 24:00:00,    7.227000,    0.000000,    0.000000,    0.000000,    0.000000,    0.000000,    0.000000,         nan,    0.404287,    0.000000,    0.000000,    0.000000,   31.680000,    0.000000,    0.000000,    0.000000,    0.000000,    0.096281,   -nan(ind),   -nan(ind),   -nan(ind),  139.338650,         nan,   -nan(ind),   -nan(ind),  168.634857,    0.000000,    0.000107,    0.001444,    0.053463,-9999.000000,    0.000075,    0.001300,    0.001300,    0.000000
2021-02-07 24:00:00,    7.227000,    0.000000,    0.000000,    0.000000,    0.000000,    0.000000,    0.000000,         nan,    0.272044,    0.000000,    0.000000,    0.000000,   31.680000,    0.000000,    0.000000,    0.000000,    0.000000,    0.096079,   -nan(ind),   -nan(ind),   -nan(ind),   92.964134,         nan,   -nan(ind),   -nan(ind),  309.664115,    0.000000,    0.000067,    0.001075,    0.042290,-9999.000000,    0.000066,    0.001300,    0.001300,    0.000000
2021-02-08 24:00:00,    7.227000,    0.000000,    0.000000,    0.000000,    0.000000,    0.000000,    0.000000,         nan,    0.318033,    0.000000,    0.000000,    0.000000,   31.680000,    0.000000,    0.000000,    0.000000,    0.000000,    0.095871,   -nan(ind),   -nan(ind),   -nan(ind),  136.413163,         nan,   -nan(ind),   -nan(ind),  307.125214,    0.000000,    0.000000,    0.000000,    0.000000,-9999.000000,    0.000000,    0.001300,    0.001300,    0.000000
2021-02-09 24:00:00,    7.227000,    0.000000,    0.000000,    0.000000,    0.000000,    0.000000,    0.000000,         nan,    0.523281,    0.000000,    0.000000,    0.000000,   31.680000,    0.000000,    0.000000,    0.000000,    0.000000,    0.095660,   -nan(ind),   -nan(ind),   -nan(ind),  166.235181,         nan,   -nan(ind),   -nan(ind),   10.195172,    0.000000,    0.000042,    0.001063,    0.032080,-9999.000000,    0.000120,    0.001300,    0.001300,    0.000000
2021-02-10 24:00:00,    7.227000,    0.000000,    0.000000,    0.000000,    0.000000,    0.000000,    0.000000,         nan,    0.331654,    0.000000,    0.000000,    0.000000,   31.680000,    0.000000,    0.000000,    0.000000,    0.000000,    0.095443,   -nan(ind),   -nan(ind),   -nan(ind),  120.664078,         nan,   -nan(ind),   -nan(ind),  208.691193,    0.000000,    0.000164,    0.002560,    0.066225,-9999.000000,    0.000153,    0.001300,    0.001300,    0.000000
2021-02-11 24:00:00,    7.227000,    0.000000,    0.000000,    0.000000,    0.000000,    0.000000,    0.000000,         nan,    0.281948,    0.000000,    0.000000,    0.000000,   31.680000,    0.000000,    0.000000,    0.000000,    0.000000,    0.095222,   -nan(ind),   -nan(ind),   -nan(ind),  124.349421,         nan,   -nan(ind),   -nan(ind),    0.000000,    0.000000,    0.000000,    0.000000,    0.000000,-9999.000000,    0.000000,    0.001300,    0.001300,    0.000000
2021-02-12 24:00:00,    7.227000,    0.000000,    0.000000,    0.000000,    0.000000,    0.000000,    0.000000,         nan,    0.310345,    0.000000,    0.000000,    0.000000,   31.680000,    0.000000,    0.000000,    0.000000,    0.000000,    0.094997,   -nan(ind),   -nan(ind),   -nan(ind),  113.419562,         nan,   -nan(ind),   -nan(ind),    0.000000,    0.000000,    0.000000,    0.000000,    0.000084,-9999.000000,    0.000000,    0.001300,    0.001300,    0.000000
2021-02-13 24:00:00,    7.227000,    0.000000,    0.000000,    0.000000,    0.000000,    0.000000,    0.000000,         nan,    0.263150,    0.000000,    0.000000,    0.000000,   31.680000,    0.000000,    0.000000,    0.000000,    0.000000,    0.094767,   -nan(ind),   -nan(ind),   -nan(ind),  116.273876,         nan,   -nan(ind),   -nan(ind),    0.000000,    0.000000,    0.000000,    0.000000,    0.000003,-9999.000000,    0.000000,    0.001300,    0.001300,    0.000000
2021-02-14 24:00:00,    7.227000,    0.000000,    0.000000,    0.000000,    0.000000,    0.000000,    0.000000,         nan,    0.360001,    0.000000,    0.000000,    0.000000,   31.680000,    0.000000,    0.000000,    0.000000,    0.000000,    0.094532,   -nan(ind),   -nan(ind),   -nan(ind),  153.317027,         nan,   -nan(ind),   -nan(ind),   49.845321,    0.000000,    0.000073,    0.000855,    0.044214,-9999.000000,    0.000015,    0.001300,    0.001300,    0.000000
2021-02-15 24:00:00,    7.227000,    0.000000,    0.000000,    0.000000,    0.000000,    0.000000,    0.000000,         nan,    0.449536,    0.000000,    0.000000,    0.000000,   31.680000,    0.000000,    0.000000,    0.000000,    0.000000,    0.094293,   -nan(ind),   -nan(ind),   -nan(ind),  145.596089,         nan,   -nan(ind),   -nan(ind),   85.013986,    0.000000,    0.000000,    0.000000,    0.000310,-9999.000000,    0.000000,    0.001300,    0.001300,    0.000000
2021-02-16 24:00:00,    7.227000,    0.000000,    0.000000,    0.000000,    0.000000,    0.000000,    0.000000,         nan,    0.367890,    0.000000,    0.000000,    0.000000,   31.680000,    0.000000,    0.000000,    0.000000,    0.000000,    0.094051,   -nan(ind),   -nan(ind),   -nan(ind),   96.255893,         nan,   -nan(ind),   -nan(ind),  417.652726,    0.000000,    0.000000,    0.000000,    0.000487,-9999.000000,    0.000038,    0.001300,    0.001300,    0.000000
2021-02-17 24:00:00,    7.227000,    0.000000,    0.000000,    0.000000,    0.000000,    0.000000,    0.000000,         nan,    0.345343,    0.000000,    0.000000,    0.000000,   31.680000,    0.000000,    0.000000,    0.000000,    0.000000,    0.093803,   -nan(ind),   -nan(ind),   -nan(ind),  161.566227,         nan,   -nan(ind),   -nan(ind),  290.727077,    0.000000,    0.000103,    0.001212,    0.052642,-9999.000000,    0.000054,    0.001300,    0.001300,    0.000000
2021-02-18 24:00:00,    7.227000,    0.000000,    0.000000,    0.000000,    0.000000,    0.000000,    0.000000,         nan,    0.394886,    0.000000,    0.000000,    0.000000,   31.680000,    0.000000,    0.000000,    0.000000,    0.000000,    0.093552,   -nan(ind),   -nan(ind),   -nan(ind),  144.374086,         nan,   -nan(ind),   -nan(ind),   61.952614,    0.000000,    0.000000,    0.000000,    0.000070,-9999.000000,    0.000000,    0.001300,    0.001300,    0.000000
2021-02-19 24:00:00,    7.227000,    0.000000,    0.000000,    0.000000,    0.000000,    0.000000,    0.000000,         nan,    0.312583,    0.000000,    0.000000,    0.000000,   31.680000,    0.000000,    0.000000,    0.000000,    0.000000,    0.093297,   -nan(ind),   -nan(ind),   -nan(ind),  148.331523,         nan,   -nan(ind),   -nan(ind),   95.960456,    0.000000,    0.000221,    0.003001,    0.076909,-9999.000000,    0.000002,    0.001300,    0.001300,    0.000000
2021-02-20 24:00:00,    7.227000,    0.000000,    0.000000,    0.000000,    0.000000,    0.000000,    0.000000,         nan,    0.252363,    0.000000,    0.000000,    0.000000,   31.680000,    0.000000,    0.000000,    0.000000,    0.000000,    0.093038,   -nan(ind),   -nan(ind),   -nan(ind),  102.035852,         nan,   -nan(ind),   -nan(ind),    0.000000,    0.000000,    0.000061,    0.000531,    0.040448,-9999.000000,    0.000018,    0.001300,    0.001300,    0.000000
2021-02-21 24:00:00,    7.227000,    0.000000,    0.000000,    0.000000,    0.000000,    0.000000,    0.000000,         nan,    0.204366,    0.000000,    0.000000,    0.000000,   31.680000,    0.000000,    0.000000,    0.000000,    0.000000,    0.092775,   -nan(ind),   -nan(ind),   -nan(ind),  120.345887,         nan,   -nan(ind),   -nan(ind),    0.000000,    0.000000,    0.000000,    0.000000,    0.000161,-9999.000000,    0.000000,    0.001300,    0.001300,    0.000000
2021-02-22 24:00:00,    7.227000,    0.000000,    0.000000,    0.000000,    0.000000,    0.000000,    0.000000,         nan,    0.373677,    0.000000,    0.000000,    0.000000,   31.680000,    0.000000,    0.000000,    0.000000,    0.000000,    0.092508,   -nan(ind),   -nan(ind),   -nan(ind),  135.572905,         nan,   -nan(ind),   -nan(ind),  226.417541,    0.000000,    0.000000,    0.000000,    0.000234,-9999.000000,    0.000000,    0.001300,    0.001300,    0.000000
2021-02-23 24:00:00,    7.227000,    0.000000,    0.000000,    0.000000,    0.000000,    0.000000,    0.000000,         nan,    0.341683,    0.000000,    0.000000,    0.000000,   31.680000,    0.000000,    0.000000,    0.000000,    0.000000,    0.092238,   -nan(ind),   -nan(ind),   -nan(ind),  107.058528,         nan,   -nan(ind),   -nan(ind),   62.710685,    0.000000,    0.000101,    0.001172,    0.052130,-9999.000000,    0.000052,    0.001300,    0.001300,    0.000000
2021-02-24 24:00:00,    7.227000,    0.000000,    0.000000,    0.000000,    0.000000,    0.000000,    0.000000,         nan,    0.165145,    0.000000,    0.000000,    0.000000,   31.680000,    0.000000,    0.000000,    0.000000,    0.000000,    0.091964,   -nan(ind),   -nan(ind),   -nan(ind),  148.921050,         nan,   -nan(ind),   -nan(ind),   98.896594,    0.000000,    0.000000,    0.000000,    0.000141,-9999.000000,    0.000000,    0.001300,    0.001300,    0.000000
2021-02-25 24:00:00,    7.227000,    0.000000,    0.000000,    0.000000,    0.000000,    0.000000,    0.000000,         nan,    0.349903,    0.000000,    0.000000,    0.000000,   31.680000,    0.000000,    0.000000,    0.000000,    0.000000,    0.091686,   -nan(ind),   -nan(ind),   -nan(ind),   84.962313,         nan,   -nan(ind),   -nan(ind),    0.000000,    0.000000,    0.000051,    0.000513,    0.036891,-9999.000000,    0.000020,    0.001300,    0.001300,    0.000000
2021-02-26 24:00:00,    7.227000,    0.000000,    0.000000,    0.000000,    0.000000,    0.000000,    0.000000,         nan,    0.351839,    0.000000,    0.000000,    0.000000,   31.680000,    0.000000,    0.000000,    0.000000,    0.000000,    0.091405,   -nan(ind),   -nan(ind),   -nan(ind),  182.258730,         nan,   -nan(ind),   -nan(ind),  320.338387,    0.000000,    0.000052,    0.000621,    0.037455,-9999.000000,    0.000000,    0.001300,    0.001300,    0.000000
2021-02-27 24:00:00,    7.227000,    0.000000,    0.000000,    0.000000,    0.000000,    0.000000,    0.000000,         nan,    0.423693,    0.000000,    0.000000,    0.000000,   31.680000,    0.000000,    0.000000,    0.000000,    0.000000,    0.091120,   -nan(ind),   -nan(ind),   -nan(ind),   93.171994,         nan,   -nan(ind),   -nan(ind),    0.000000,    0.000000,    0.000000,    0.000000,    0.000288,-9999.000000,    0.000000,    0.001300,    0.001300,    0.000000
2021-02-28 24:00:00,    7.227000,    0.000000,    0.000000,    0.000000,    0.000000,    0.000000,    0.000000,         nan,    0.297622,    0.000000,    0.000000,    0.000000,   31.680000,    0.000000,    0.000000,    0.000000,    0.000000,    0.090833,   -nan(ind),   -nan(ind),   -nan(ind),  128.526664,         nan,   -nan(ind),   -nan(ind),  251.617772,    0.000000,    0.000000,    0.000000,    0.000394,-9999.000000,    0.000000,    0.001300,    0.001300,    0.000000
2021-03-01 24:00:00,    7.227000,    0.000000,    0.000000,    0.000000,    0.000000,    0.000000,    0.000000,         nan,    0.551627,    0.000000,    0.000000,    0.000000,   31.680000,    0.000000,    0.000000,    0.000000,    0.000000,    0.090542,   -nan(ind),   -nan(ind),   -nan(ind),  109.199859,         nan,   -nan(ind),   -nan(ind),  189.494480,    0.000000,    0.000053,    0.000596,    0.037589,-9999.000000,    0.000026,    0.001300,    0.001300,    0.000000
2021-03-02 24:00:00,    7.227000,    0.000000,    0.000000,    0.000000,    0.000000,    0.000000,    0.000000,         nan,    0.289126,    0.000000,    0.000000,    0.000000,   31.680000,    0.000000,    0.000000,    0.000000,    0.000000,    0.090247,   -nan(ind),   -nan(ind),   -nan(ind),  140.104329,         nan,   -nan(ind),   -nan(ind),    0.000000,    0.000000,    0.000106,    0.001471,    0.053292,-9999.000000,    0.000067,    0.001300,    0.001300,    0.000000
2021-03-03 24:00:00,    7.227000,    0.000000,    0.000000,    0.000000,    0.000000,    0.000000,    0.000000,         nan,    0.441975,    0.000000,    0.000000,    0.000000,   31.680000,    0.000000,    0.000000,    0.000000,    0.000000,    0.089950,   -nan(ind),   -nan(ind),   -nan(ind),  102.890147,         nan,   -nan(ind),   -nan(ind),   16.601284,    0.000000,    0.000000,    0.000000,    0.000348,-9999.000000,    0.000000,    0.001300,    0.001300,    0.000000
2021-03-04 24:00:00,    7.227000,    0.000000,    0.000000,    0.000000,    0.000000,    0.000000,    0.000000,         nan,    0.355536,    0.000000,    0.000000,    0.000000,   31.680000,    0.000000,    0.000000,    0.000000,    0.000000,    0.089650,   -nan(ind),   -nan(ind),   -nan(ind),  130.812548,         nan,   -nan(ind),   -nan(ind),  206.071452,    0.000000,    0.000000,    0.000000,    0.000269,-9999.000000,    0.000000,    0.001300,    0.001300,    0.000000
2021-03-05 24:00:00,    7.227000,    0.000000,    0.000000,    0.000000,    0.000000,    0.000000,    0.000000,         nan,    0.270667,    0.000000,    0.000000,    0.000000,   31.680000,    0.000000,    0.000000,    0.000000,    0.000000,    0.089347,   -nan(ind),   -nan(ind),   -nan(ind),  106.975251,         nan,   -nan(ind),   -nan(ind),  182.993288,    0.000000,    0.000102,    0.001235,    0.052348,-9999.000000,    0.000057,    0.001300,    0.001300,    0.000000
2021-03-06 24:00:00,    7.227000,    0.000000,    0.000000,    0.000000,    0.000000,    0.000000,    0.000000,         nan,    0.357131,    0.000000,    0.000000,    0.000000,   31.680000,    0.000000,    0.000000,    0.000000,    0.000000,    0.089041,   -nan(ind),   -nan(ind),   -nan(ind),  158.820478,         nan,   -nan(ind),   -nan(ind),  106.346914,    0.000000,    0.000215,    0.003686,    0.075273,-9999.000000,    0.000247,    0.001300,    0.001300,    0.000000
2021-03-07 24:00:00,    7.227000,    0.000000,    0.000000,    0.000000,    0.000000,    0.000000,    0.000000,         nan,    0.444326,    0.000000,    0.000000,    0.000000,   31.680000,    0.000000,    0.000000,    0.000000,    0.000000,    0.088733,   -nan(ind),   -nan(ind),   -nan(ind),  116.884796,         nan,   -nan(ind),   -nan(ind),  141.335631,    0.000000,    0.000056,    0.000553,    0.038722,-9999.000000,    0.000021,    0.001300,    0.001300,    0.000000
2021-03-08 24:00:00,    7.227000,    0.000000,    0.000000,    0.000000,    0.000000,    0.000000,    0.000000,         nan,    0.365705,    0.000000,    0.000000,    0.000000,   31.680000,    0.000000,    0.000000,    0.000000,    0.000000,    0.088422,   -nan(ind),   -nan(ind),   -nan(ind),  136.930750,         nan,   -nan(ind),   -nan(ind),    0.000000,    0.000000,    0.000033,    0.000475,    0.029757,-9999.000000,    0.000026,    0.001300,    0.001300,    0.000000
2021-03-09 24:00:00,    7.227000,    0.000000,    0.000000,    0.000000,    0.000000,    0.000000,    0.000000,         nan,    0.398189,    0.000000,    0.000000,    0.000000,   31.680000,    0.000000,    0.000000,    0.000000,    0.000000,    0.088109,   -nan(ind),   -nan(ind),   -nan(ind),  112.887456,         nan,   -nan(ind),   -nan(ind),  225.455367,    0.000000,    0.000356,    0.004609,    0.097617,-9999.000000,    0.000228,    0.001300,    0.001300,    0.000000
2021-03-10 24:00:00,    7.227000,    0.000000,    0.000000,    0.000000,    0.000000,    0.000000,    0.000000,         nan,    0.271441,    0.000000,    0.000000,    0.000000,   31.680000,    0.000000,    0.000000,    0.000000,    0.000000,    0.087793,   -nan(ind),   -nan(ind),   -nan(ind),   83.110530,         nan,   -nan(ind),   -nan(ind),   18.747180,    0.000000,    0.000000,    0.000000,    0.000000,-9999.000000,    0.000000,    0.001300,    0.001300,    0.000000
2021-03-11 24:00:00,    7.227000,    0.000000,    0.000000,    0.000000,    0.000000,    0.000000,    0.000000,         nan,    0.413421,    0.000000,    0.000000,    0.000000,   31.680000,    0.000000,    0.000000,    0.000000,    0.000000,    0.087474,   -nan(ind),   -nan(ind),   -nan(ind),  158.571763,         nan,   -nan(ind),   -nan(ind),  259.536801,    0.000000,    0.000073,    0.000747,    0.044092,-9999.000000,    0.000029,    0.001300,    0.001300,    0.000000
2021-03-12 24:00:00,    7.227000,    0.000000,    0.000000,    0.000000,    0.000000,    0.000000,    0.000000,         nan,    0.237078,    0.000000,    0.000000,    0.000000,   31.680000,    0.000000,    0.000000,    0.000000,    0.000000,    0.087154,   -nan(ind),   -nan(ind),   -nan(ind),  146.167283,         nan,   -nan(ind),   -nan(ind),  155.710922,    0.000000,    0.000000,    0.000000,    0.000248,-9999.000000,    0.000000,    0.001300,    0.001300,    0.000000
2021-03-13 24:00:00,    7.227000,    0.000000,    0.000000,    0.000000,    0.000000,    0.000000,    0.000000,         nan,    0.405456,    0.000000,    0.000000,    0.000000,   31.680000,    0.000000,    0.000000,    0.000000,    0.000000,    0.086831,   -nan(ind),   -nan(ind),   -nan(ind),   76.794332,         nan,   -nan(ind),   -nan(ind),   60.087728,    0.000000,    0.000065,    0.000958,    0.041725,-9999.000000,    0.000054,    0.001300,    0.001300,    0.000000
2021-03-14 24:00:00,    7.227000,    0.000000,    0.000000,    0.000000,    0.000000,    0.000000,    0.000000,         nan,    0.334058,    0.000000,    0.000000,    0.000000,   31.680000,    0.000000,    0.000000,    0.000000,    0.000000,    0.086507,   -nan(ind),   -nan(ind),   -nan(ind),  138.279982,         nan,   -nan(ind),   -nan(ind),  271.406545,    0.000000,    0.000000,    0.000000,    0.000002,-9999.000000,    0.000000,    0.001300,    0.001300,    0.000000
2021-03-15 24:00:00,    7.227000,    0.000000,    0.000000,    0.000000,    0.000000,    0.000000,    0.000000,         nan,    0.269031,    0.000000,    0.000000,    0.000000,   31.680000,    0.000000,    0.000000,    0.000000,    0.000000,    0.086180,   -nan(ind),   -nan(ind),   -nan(ind),   88.228235,         nan,   -nan(ind),   -nan(ind),  126.012268,    0.000000,    0.000026,    0.000245,    0.026194,-9999.000000,    0.000009,    0.001300,    0.001300,    0.000000
2021-03-16 24:00:00,    7.227000,    0.000000,    0.000000,    0.000000,    0.000000,    0.000000,    0.000000,         nan,    0.437954,    0.000000,    0.000000,    0.000000,   31.680000,    0.000000,    0.000000,    0.000000,    0.000000,    0.085852,   -nan(ind),   -nan(ind),   -nan(ind),  142.334253,         nan,   -nan(ind),   -nan(ind),  330.518407,    0.000000,    0.000000,    0.000000,    0.000176,-9999.000000,    0.000000,    0.001300,    0.001300,    0.000000
2021-03-17 24:00:00,    7.227000,    0.000000,    0.000000,    0.000000,    0.000000,    0.000000,    0.000000,         nan,    0.403801,    0.000000,    0.000000,    0.000000,   31.680000,    0.000000,    0.000000,    0.000000,    0.000000,    0.085522,   -nan(ind),   -nan(ind),   -nan(ind),  121.228921,         nan,   -nan(ind),   -nan(ind),  350.502669,    0.000000,    0.000084,    0.001230,    0.047336,-9999.000000,    0.000000,    0.001300,    0.001300,    0.000000
2021-03-18 24:00:00,    7.227000,    0.000000,    0.000000,    0.000000,    0.000000,    0.000000,    0.000000,         nan,    0.174463,    0.000000,    0.000000,    0.000000,   31.680000,    0.000000,    0.000000,    0.000000,    0.000000,    0.085190,   -nan(ind),   -nan(ind),   -nan(ind),  106.669528,         nan,   -nan(ind),   -nan(ind),   39.482521,    0.000000,    0.000001,    0.000004,    0.004730,-9999.000000,    0.000000,    0.001300,    0.001300,    0.000000
2021-03-19 24:00:00,    7.227000,    0.000000,    0.000000,    0.000000,    0.000000,    0.000000,    0.000000,         nan,    0.416373,    0.000000,    0.000000,    0.000000,   31.680000,    0.000000,    0.000000,    0.000000,    0.000000,    0.084857,   -nan(ind),   -nan(ind),   -nan(ind),  131.879789,         nan,   -nan(ind),   -nan(ind),  209.928269,    0.000000,    0.000000,    0.000000,    0.000002,-9999.000000,    0.000000,    0.001300,    0.001300,    0.000000
2021-03-20 24:00:00,    7.227000,    0.000000,    0.000000,    0.000000,    0.000000,    0.000000,    0.000000,         nan,    0.422770,    0.000000,    0.000000,    0.000000,   31.680000,    0.000000,    0.000000,    0.000000,    0.000000,    0.084522,   -nan(ind),   -nan(ind),   -nan(ind),  107.255547,         nan,   -nan(ind),   -nan(ind),    0.000000,    0.000000,    0.000160,    0.002548,    0.065329,-9999.000000,    0.000000,    0.001300,    0.001300,    0.000000
2021-03-21 24:00:00,    7.227000,    0.000000,    0.000000,    0.000000,    0.000000,    0.000000,    0.000000,         nan,    0.349466,    0.000000,    0.000000,    0.000000,   31.680000,    0.000000,    0.000000,    0.000000,    0.000000,    0.084186,   -nan(ind),   -nan(ind),   -nan(ind),   78.617229,         nan,   -nan(ind),   -nan(ind),   14.158837,    0.000000,    0.000165,    0.002058,    0.066472,-9999.000000,    0.000098,    0.001300,    0.001300,    0.000000
2021-03-22 24:00:00,    7.227000,    0.000000,    0.000000,    0.000000,    0.000000,    0.000000,    0.000000,         nan,    0.366984,    0.000000,    0.000000,    0.000000,   31.680000,    0.000000,    0.000000,    0.000000,    0.000000,    0.083849,   -nan(ind),   -nan(ind),   -nan(ind),  178.059558,         nan,   -nan(ind),   -nan(ind),  105.667011,    0.000000,    0.000000,    0.000000,    0.000001,-9999.000000,    0.000000,    0.001300,    0.001300,    0.000000
2021-03-23 24:00:00,    7.227000,    0.000000,    0.000000,    0.000000,    0.000000,    0.000000,    0.000000,         nan,    0.381048,    0.000000,    0.000000,    0.000000,   31.680000,    0.000000,    0.000000,    0.000000,    0.000000,    0.083511,   -nan(ind),   -nan(ind),   -nan(ind),  189.113953,         nan,   -nan(ind),   -nan(ind),  332.663371,    0.000000,    0.000000,    0.000000,    0.000001,-9999.000000,    0.000000,    0.001300,    0.001300,    0.000000
2021-03-24 24:00:00,    7.227000,    0.000000,    0.000000,    0.000000,    0.000000,    0.000000,    0.000000,         nan,    0.507036,    0.000000,    0.000000,    0.000000,   31.680000,    0.000000,    0.000000,    0.000000,    0.000000,    0.083171,   -nan(ind),   -nan(ind),   -nan(ind),  104.992677,         nan,   -nan(ind),   -nan(ind),  287.482043,    0.000000,    0.000137,    0.001575,    0.060694,-9999.000000,    0.000069,    0.001300,    0.001300,    0.000000
2021-03-25 24:00:00,    7.227000,    0.000000,    0.000000,    0.000000,    0.000000,    0.000000,    0.000000,         nan,    0.366733,    0.000000,    0.000000,    0.000000,   31.680000,    0.000000,    0.000000,    0.000000,    0.000000,    0.082831,   -nan(ind),   -nan(ind),   -nan(ind),  101.968061,         nan,   -nan(ind),   -nan(ind),   36.834216,    0.000000,    0.000099,    0.001365,    0.051387,-9999.000000,    0.000117,    0.001300,    0.001300,    0.000000
2021-03-26 24:00:00,    7.227000,    0.000000,    0.000000,    0.000000,    0.000000,    0.000000,    0.000000,         nan,    0.345948,    0.000000,    0.000000,    0.000000,   31.680000,    0.000000,    0.000000,    0.000000,    0.000000,    0.082490,   -nan(ind),   -nan(ind),   -nan(ind),  152.474851,         nan,   -nan(ind),   -nan(ind),   46.304262,    0.000000,    0.000072,    0.000691,    0.043937,-9999.000000,    0.000025,    0.001300,    0.001300,    0.000000
2021-03-27 24:00:00,    7.227000,    0.000000,    0.000000,    0.000000,    0.000000,    0.000000,    0.000000,         nan,    0.526028,    0.000000,    0.000000,    0.000000,   31.680000,    0.000000,    0.000000,    0.000000,    0.000000,    0.082148,   -nan(ind),   -nan(ind),   -nan(ind),  122.178938,         nan,   -nan(ind),   -nan(ind),   64.134856,    0.000000,    0.000000,    0.000000,    0.000346,-9999.000000,    0.000000,    0.001300,    0.001300,    0.000000
2021-03-28 24:00:00,    7.227000,    0.000000,    0.000000,    0.000000,    0.000000,    0.000000,    0.000000,         nan,    0.437883,    0.000000,    0.000000,    0.000000,   31.680000,    0.000000,    0.000000,    0.000000,    0.000000,    0.081805,   -nan(ind),   -nan(ind),   -nan(ind),  148.149104,         nan,   -nan(ind),   -nan(ind),    0.000000,    0.000000,    0.000000,    0.000000,    0.000409,-9999.000000,    0.000000,    0.001300,    0.001300,    0.000000
2021-03-29 24:00:00,    7.227000,    0.000000,    0.000000,    0.000000,    0.000000,    0.000000,    0.000000,         nan,    0.294279,    0.000000,    0.000000,    0.000000,   31.680000,    0.000000,    0.000000,    0.000000,    0.000000,    0.081462,   -nan(ind),   -nan(ind),   -nan(ind),  172.265426,         nan,   -nan(ind),   -nan(ind),  218.961158,    0.000000,    0.000293,    0.003560,    0.088662,-9999.000000,    0.000165,    0.001300,    0.001300,    0.000000
2021-03-30 24:00:00,    7.227000,    0.000000,    0.000000,    0.000000,    0.000000,    0.000000,    0.000000,         nan,    0.159670,    0.000000,    0.000000,    0.000000,   31.680000,    0.000000,    0.000000,    0.000000,    0.000000,    0.081118,   -nan(ind),   -nan(ind),   -nan(ind),  179.512139,         nan,   -nan(ind),   -nan(ind),    0.000000,    0.000000,    0.000000,    0.000000,    0.000123,-9999.000000,    0.000000,    0.001300,    0.001300,    0.000000
2021-03-31 24:00:00,    7.227000,    0.000000,    0.000000,    0.000000,    0.000000,    0.000000,    0.000000,         nan,    0.468494,    0.000000,    0.000000,    0.000000,   31.680000,    0.000000,    0.000000,    0.000000,    0.000000,    0.080774,   -nan(ind),   -nan(ind),   -nan(ind),  126.348700,         nan,   -nan(ind),   -nan(ind),  231.468137,    0.000000,    0.000151,    0.001355,    0.063545,-9999.000000,    0.000040,    0.001300,    0.001300,    0.000000
2021-04-01 24:00:00,    7.227000,    0.000000,    0.000000,    0.000000,    0.000000,    0.000000,    0.000000,         nan,    0.331393,    0.000000,    0.000000,    0.000000,   31.680000,    0.000000,    0.000000,    0.000000,    0.000000,    0.080430,   -nan(ind),   -nan(ind),   -nan(ind),  106.105475,         nan,   -nan(ind),   -nan(ind),  182.368728,    0.000000,    0.000102,    0.001287,    0.052208,-9999.000000,    0.000062,    0.001300,    0.001300,    0.000000
2021-04-02 24:00:00,    7.227000,    0.000000,    0.000000,    0.000000,    0.000000,    0.000000,    0.000000,         nan,    0.409307,    0.000000,    0.000000,    0.000000,   31.680000,    0.000000,    0.000000,    0.000000,    0.000000,    0.080086,   -nan(ind),   -nan(ind),   -nan(ind),  148.292102,         nan,   -nan(ind),   -nan(ind),  266.624698,    0.000000,    0.000000,    0.000000,    0.000000,-9999.000000,    0.000000,    0.001300,    0.001300,    0.000000
2021-04-03 24:00:00,    7.227000,    0.000000,    0.000000,    0.000000,    0.000000,    0.000000,    0.000000,         nan,    0.460097,    0.000000,    0.000000,    0.000000,   31.680000,    0.000000,    0.000000,    0.000000,    0.000000,    0.079742,   -nan(ind),   -nan(ind),   -nan(ind),  134.502042,         nan,   -nan(ind),   -nan(ind),  387.406793,    0.000000,    0.000000,    0.000000,    0.000138,-9999.000000,    0.000000,    0.001300,    0.001300,    0.000000
2021-04-04 24:00:00,    7.227000,    0.000000,    0.000000,    0.000000,    0.000000,    0.000000,    0.000000,         nan,    0.214408,    0.000000,    0.000000,    0.000000,   31.680000,    0.000000,    0.000000,    0.000000,    0.000000,    0.079398,   -nan(ind),   -nan(ind),   -nan(ind),  135.469164,         nan,   -nan(ind),   -nan(ind),    0.000000,    0.000000,    0.000000,    0.000000,    0.000002,-9999.000000,    0.000000,    0.001300,    0.001300,    0.000000
2021-04-05 24:00:00,    7.227000,    0.000000,    0.000000,    0.000000,    0.000000,    0.000000,    0.000000,         nan,    0.218675,    0.000000,    0.000000,    0.000000,   31.680000,    0.000000,    0.000000,    0.000000,    0.000000,    0.079054,   -nan(ind),   -nan(ind),   -nan(ind),  152.878528,         nan,   -nan(ind),   -nan(ind),  362.993991,    0.000000,    0.000000,    0.000000,    0.000000,-9999.000000,    0.000000,    0.001300,    0.001300,    0.000000
2021-04-06 24:00:00,    7.227000,    0.000000,    0.000000,    0.000000,    0.000000,    0.000000,    0.000000,         nan,    0.278314,    0.000000,    0.000000,    0.000000,   31.680000,    0.000000,    0.000000,    0.000000,    0.000000,    0.078710,   -nan(ind),   -nan(ind),   -nan(ind),  144.848685,         nan,   -nan(ind),   -nan(ind),    0.000000,    0.000000,    0.000000,    0.000000,    0.000315,-9999.000000,    0.000000,    0.001300,    0.001300,    0.000000
2021-04-07 24:00:00,    7.227000,    0.000000,    0.000000,    0.000000,    0.000000,    0.000000,    0.000000,         nan,    0.362850,    0.000000,    0.000000,    0.000000,   31.680000,    0.000000,    0.000000,    0.000000,    0.000000,    0.078366,   -nan(ind),   -nan(ind),   -nan(ind),  138.327506,         nan,   -nan(ind),   -nan(ind),   33.146069,    0.000000,    0.000159,    0.002141,    0.065229,-9999.000000,    0.000110,    0.001300,    0.001300,    0.000000
2021-04-08 24:00:00,    7.227000,    0.000000,    0.000000,    0.000000,    0.000000,    0.000000,    0.000000,         nan,    0.164553,    0.000000,    0.000000,    0.000000,   31.680000,    0.000000,    0.000000,    0.000000,    0.000000,    0.078024,   -nan(ind),   -nan(ind),   -nan(ind),   79.496477,         nan,   -nan(ind),   -nan(ind),  137.150554,    0.000000,    0.000000,    0.000000,    0.000326,-9999.000000,    0.000000,    0.001300,    0.001300,    0.000000
2021-04-09 24:00:00,    7.227000,    0.000000,    0.000000,    0.000000,    0.000000,    0.000000,    0.000000,         nan,    0.392581,    0.000000,    0.000000,    0.000000,   31.680000,    0.000000,    0.000000,    0.000000,    0.000000,    0.077681,   -nan(ind),   -nan(ind),   -nan(ind),  202.130375,         nan,   -nan(ind),   -nan(ind),  430.725624,    0.000000,    0.000000,    0.000000,    0.000045,-9999.000000,    0.000070,    0.001300,    0.001300,    0.000000
2021-04-10 24:00:00,    7.227000,    0.000000,    0.000000,    0.000000,    0.000000,    0.000000,    0.000000,         nan,    0.327721,    0.000000,    0.000000,    0.000000,   31.680000,    0.000000,    0.000000,    0.000000,    0.000000,    0.077340,   -nan(ind),   -nan(ind),   -nan(ind),  136.231395,         nan,   -nan(ind),   -nan(ind),  306.942350,    0.000000,    0.000125,    0.001978,    0.057835,-9999.000000,    0.000120,    0.001300,    0.001300,    0.000000
2021-04-11 24:00:00,    7.227000,    0.000000,    0.000000,    0.000000,    0.000000,    0.000000,    0.000000,         nan,    0.432595,    0.000000,    0.000000,    0.000000,   31.680000,    0.000000,    0.000000,    0.000000,    0.000000,    0.076999,   -nan(ind),   -nan(ind),   -nan(ind),  114.129016,         nan,   -nan(ind),   -nan(ind),  277.467886,    0.000000,    0.000271,    0.003718,    0.085126,-9999.000000,    0.000008,    0.001300,    0.001300,    0.000000
2021-04-12 24:00:00,    7.227000,    0.000000,    0.000000,    0.000000,    0.000000,    0.000000,    0.000000,         nan,    0.338421,    0.000000,    0.000000,    0.000000,   31.680000,    0.000000,    0.000000,    0.000000,    0.000000,    0.076659,   -nan(ind),   -nan(ind),   -nan(ind),  143.770709,         nan,   -nan(ind),   -nan(ind),  490.348565,    0.000000,    0.000055,    0.000774,    0.038497,-9999.000000,    0.000041,    0.001300,    0.001300,    0.000000
2021-04-13 24:00:00,    7.227000,    0.000000,    0.000000,    0.000000,    0.000000,    0.000000,    0.000000,         nan,    0.408750,    0.000000,    0.000000,    0.000000,   31.680000,    0.000000,    0.000000,    0.000000,    0.000000,    0.076320,   -nan(ind),   -nan(ind),   -nan(ind),  101.694195,         nan,   -nan(ind),   -nan(ind),    0.000000,    0.000000,    0.000035,    0.000316,    0.030469,-9999.000000,    0.000011,    0.001300,    0.001300,    0.000000
2021-04-14 24:00:00,    7.227000,    0.000000,    0.000000,    0.000000,    0.000000,    0.000000,    0.000000,         nan,    0.318828,    0.000000,    0.000000,    0.000000,   31.680000,    0.000000,    0.000000,    0.000000,    0.000000,    0.075982,   -nan(ind),   -nan(ind),   -nan(ind),  166.294816,         nan,   -nan(ind),   -nan(ind),    0.000000,    0.000000,    0.000099,    0.001208,    0.051465,-9999.000000,    0.000056,    0.001300,    0.001300,    0.000000
2021-04-15 24:00:00,    7.227000,    0.000000,    0.000000,    0.000000,    0.000000,    0.000000,    0.000000,         nan,    0.345904,    0.000000,    0.000000,    0.000000,   31.680000,    0.000000,    0.000000,    0.000000,    0.000000,    0.075646,   -nan(ind),   -nan(ind),   -nan(ind),  137.258189,         nan,   -nan(ind),   -nan(ind),   97.683081,    0.000000,    0.000103,    0.000924,    0.052513,-9999.000000,    0.000032,    0.001300,    0.001300,    0.000000
2021-04-16 24:00:00,    7.227000,    0.000000,    0.000000,    0.000000,    0.000000,    0.000000,    0.000000,         nan,    0.376541,    0.000000,    0.000000,    0.000000,   31.680000,    0.000000,    0.000000,    0.000000,    0.000000,    0.075310,   -nan(ind),   -nan(ind),   -nan(ind),  101.108416,         nan,   -nan(ind),   -nan(ind),  151.673340,    0.000000,    0.000000,    0.000000,    0.000326,-9999.000000,    0.000000,    0.001300,    0.001300,    0.000000
2021-04-17 24:00:00,    7.227000,    0.000000,    0.000000,    0.000000,    0.000000,    0.000000,    0.000000,         nan,    0.326235,    0.000000,    0.000000,    0.000000,   31.680000,    0.000000,    0.000000,    0.000000,    0.000000,    0.074976,   -nan(ind),   -nan(ind),   -nan(ind),  173.677008,         nan,   -nan(ind),   -nan(ind),    0.000000,    0.000000,    0.000127,    0.001310,    0.058390,-9999.000000,    0.000051,    0.001300,    0.001300,    0.000000
2021-04-18 24:00:00,    7.227000,    0.000000,    0.000000,    0.000000,    0.000000,    0.000000,    0.000000,         nan,    0.452077,    0.000000,    0.000000,    0.000000,   31.680000,    0.000000,    0.000000,    0.000000,    0.000000,    0.074644,   -nan(ind),   -nan(ind),   -nan(ind),  159.469780,         nan,   -nan(ind),   -nan(ind),    8.934266,    0.000000,    0.000000,    0.000000,    0.000054,-9999.000000,    0.000054,    0.001300,    0.001300,    0.000000
2021-04-19 24:00:00,    7.227000,    0.000000,    0.000000,    0.000000,    0.000000,    0.000000,    0.000000,         nan,    0.434025,    0.000000,    0.000000,    0.000000,   31.680000,    0.000000,    0.000000,    0.000000,    0.000000,    0.074313,   -nan(ind),   -nan(ind),   -nan(ind),  152.886434,         nan,   -nan(ind),   -nan(ind),   88.680531,    0.000000,    0.000192,    0.002888,    0.071603,-9999.000000,    0.000000,    0.001300,    0.001300,    0.000000
2021-04-20 24:00:00,    7.227000,    0.000000,    0.000000,    0.000000,    0.000000,    0.000000,    0.000000,         nan,    0.435724,    0.000000,    0.000000,    0.000000,   31.680000,    0.000000,    0.000000,    0.000000,    0.000000,    0.073984,   -nan(ind),   -nan(ind),   -nan(ind),  116.263640,         nan,   -nan(ind),   -nan(ind),    0.000000,    0.000000,    0.000000,    0.000000,    0.000208,-9999.000000,    0.000063,    0.001300,    0.001300,    0.000000
2021-04-21 24:00:00,    7.227000,    0.000000,    0.000000,    0.000000,    0.000000,    0.000000,    0.000000,         nan,    0.569704,    0.000000,    0.000000,    0.000000,   31.680000,    0.000000,    0.000000,    0.000000,    0.000000,    0.073656,   -nan(ind),   -nan(ind),   -nan(ind),   65.100455,         nan,   -nan(ind),   -nan(ind),    8.743316,    0.000000,    0.000000,    0.000000,    0.000187,-9999.000000,    0.000082,    0.001300,    0.001300,    0.000000
2021-04-22 24:00:00,    7.227000,    0.000000,    0.000000,    0.000000,    0.000000,    0.000000,    0.000000,         nan,    0.388264,    0.000000,    0.000000,    0.000000,   31.680000,    0.000000,    0.000000,    0.000000,    0.000000,    0.073331,   -nan(ind),   -nan(ind),   -nan(ind),  167.642369,         nan,   -nan(ind),   -nan(ind),  208.418701,    0.000000,    0.000025,    0.000280,    0.025885,-9999.000000,    0.000012,    0.001300,    0.001300,    0.000000
2021-04-23 24:00:00,    7.227000,    0.000000,    0.000000,    0.000000,    0.000000,    0.000000,    0.000000,         nan,    0.418189,    0.000000,    0.000000,    0.000000,   31.680000,    0.000000,    0.000000,    0.000000,    0.000000,    0.073007,   -nan(ind),   -nan(ind),   -nan(ind),  177.616434,         nan,   -nan(ind),   -nan(ind),  409.348972,    0.000000,    0.000072,    0.000703,    0.043808,-9999.000000,    0.000026,    0.001300,    0.001300,    0.000000
2021-04-24 24:00:00,    7.227000,    0.000000,    0.000000,    0.000000,    0.000000,    0.000000,    0.000000,         nan,    0.355487,    0.000000,    0.000000,    0.000000,   31.680000,    0.000000,    0.000000,    0.000000,    0.000000,    0.072686,   -nan(ind),   -nan(ind),   -nan(ind),  109.761732,         nan,   -nan(ind),   -nan(ind),    0.000000,    0.000000,    0.000000,    0.000000,    0.000320,-9999.000000,    0.000028,    0.001300,    0.001300,    0.000000
2021-04-25 24:00:00,    7.227000,    0.000000,    0.000000,    0.000000,    0.000000,    0.000000,    0.000000,         nan,    0.321214,    0.000000,    0.000000,    0.000000,   31.680000,    0.000000,    0.000000,    0.000000,    0.000000,    0.072366,   -nan(ind),   -nan(ind),   -nan(ind),  129.832137,         nan,   -nan(ind),   -nan(ind),    0.000000,    0.000000,    0.000006,    0.000065,    0.012222,-9999.000000,    0.000003,    0.001300,    0.001300,    0.000000
2021-04-26 24:00:00,    7.227000,    0.000000,    0.000000,    0.000000,    0.000000,    0.000000,    0.000000,         nan,    0.313839,    0.000000,    0.000000,    0.000000,   31.680000,    0.000000,    0.000000,    0.000000,    0.000000,    0.072049,   -nan(ind),   -nan(ind),   -nan(ind),   98.200298,         nan,   -nan(ind),   -nan(ind),    0.000000,    0.000000,    0.000068,    0.000927,    0.042649,-9999.000000,    0.000048,    0.001300,    0.001300,    0.000000
2021-04-27 24:00:00,    7.227000,    0.000000,    0.000000,    0.000000,    0.000000,    0.000000,    0.000000,         nan,    0.190837,    0.000000,    0.000000,    0.000000,   31.680000,    0.000000,    0.000000,    0.000000,    0.000000,    0.071734,   -nan(ind),   -nan(ind),   -nan(ind),  160.522910,         nan,   -nan(ind),   -nan(ind),  438.762063,    0.000000,    0.000000,    0.000000,    0.000000,-9999.000000,    0.000000,    0.001300,    0.001300,    0.000000
2021-04-28 24:00:00,    7.227000,    0.000000,    0.000000,    0.000000,    0.000000,    0.000000,    0.000000,         nan,    0.327165,    0.000000,    0.000000,    0.000000,   31.680000,    0.000000,    0.000000,    0.000000,    0.000000,    0.071422,   -nan(ind),   -nan(ind),   -nan(ind),  116.579304,         nan,   -nan(ind),   -nan(ind),    0.000000,    0.000000,    0.000030,    0.000275,    0.028336,-9999.000000,    0.000010,    0.001300,    0.001300,    0.000000
2021-04-29 24:00:00,    7.227000,    0.000000,    0.000000,    0.000000,    0.000000,    0.000000,    0.000000,         nan,    0.475721,    0.000000,    0.000000,    0.000000,   31.680000,    0.000000,    0.000000,    0.000000,    0.000000,    0.071112,   -nan(ind),   -nan(ind),   -nan(ind),  189.088356,         nan,   -nan(ind),   -nan(ind),    8.033338,    0.000000,    0.000000,    0.000000,    0.000001,-9999.000000,    0.000000,    0.001300,    0.001300,    0.000000
2021-04-30 24:00:00,    7.227000,    0.000000,    0.000000,    0.000000,    0.000000,    0.000000,    0.000000,         nan,    0.461409,    0.000000,    0.000000,    0.000000,   31.680000,    0.000000,    0.000000,    0.000000,    0.000000,    0.070805,   -nan(ind),   -nan(ind),   -nan(ind),  108.708104,         nan,   -nan(ind),   -nan(ind),  261.089472,    0.000000,    0.000210,    0.002690,    0.075077,-9999.000000,    0.000131,    0.001300,    0.001300,    0.000000
2021-05-01 24:00:00,    7.227000,    0.000000,    0.000000,    0.000000,    0.000000,    0.000000,    0.000000,         nan,    0.405446,    0.000000,    0.000000,    0.000000,   31.680000,    0.000000,    0.000000,    0.000000,    0.000000,    0.070501,   -nan(ind),   -nan(ind),   -nan(ind),  115.087195,         nan,   -nan(ind),   -nan(ind),   71.641263,    0.000000,    0.000000,    0.000000,    0.000278,-9999.000000,    0.000000,    0.001300,    0.001300,    0.000000
2021-05-02 24:00:00,    7.227000,    0.000000,    0.000000,    0.000000,    0.000000,    0.000000,    0.000000,         nan,    0.548343,    0.000000,    0.000000,    0.000000,   31.680000,    0.000000,    0.000000,    0.000000,    0.000000,    0.070199,   -nan(ind),   -nan(ind),   -nan(ind),  135.843913,         nan,   -nan(ind),   -nan(ind),    0.000000,    0.000000,    0.000201,    0.003306,    0.073010,-9999.000000,    0.000211,    0.001300,    0.001300,    0.000000
2021-05-03 24:00:00,    7.227000,    0.000000,    0.000000,    0.000000,    0.000000,    0.000000,    0.000000,         nan,    0.367670,    0.000000,    0.000000,    0.000000,   31.680000,    0.000000,    0.000000,    0.000000,    0.000000,    0.069901,   -nan(ind),   -nan(ind),   -nan(ind),  127.503166,         nan,   -nan(ind),   -nan(ind),   24.335866,    0.000000,    0.000163,    0.002175,    0.066091,-9999.000000,    0.000111,    0.001300,    0.001300,    0.000000
2021-05-04 24:00:00,    7.227000,    0.000000,    0.000000,    0.000000,    0.000000,    0.000000,    0.000000,         nan,    0.445889,    0.000000,    0.000000,    0.000000,   31.680000,    0.000000,    0.000000,    0.000000,    0.000000,    0.069605,   -nan(ind),   -nan(ind),   -nan(ind),  160.450757,         nan,   -nan(ind),   -nan(ind),    0.000000,    0.000000,    0.000035,    0.000283,    0.030597,-9999.000000,    0.000009,    0.001300,    0.001300,    0.000000
2021-05-05 24:00:00,    7.227000,    0.000000,    0.000000,    0.000000,    0.000000,    0.000000,    0.000000,         nan,    0.271707,    0.000000,    0.000000,    0.000000,   31.680000,    0.000000,    0.000000,    0.000000,    0.000000,    0.069313,   -nan(ind),   -nan(ind),   -nan(ind),  175.881773,         nan,   -nan(ind),   -nan(ind),    0.000000,    0.000000,    0.000000,    0.000000,    0.000402,-9999.000000,    0.000000,    0.001300,    0.001300,    0.000000
2021-05-06 24:00:00,    7.227000,    0.000000,    0.000000,    0.000000,    0.000000,    0.000000,    0.000000,         nan,    0.443121,    0.000000,    0.000000,    0.000000,   31.680000,    0.000000,    0.000000,    0.000000,    0.000000,    0.069023,   -nan(ind),   -nan(ind),   -nan(ind),  128.435865,         nan,   -nan(ind),   -nan(ind),  313.019128,    0.000000,    0.000106,    0.001323,    0.053360,-9999.000000,    0.000063,    0.001300,    0.001300,    0.000000
2021-05-07 24:00:00,    7.227000,    0.000000,    0.000000,    0.000000,    0.000000,    0.000000,    0.000000,         nan,    0.275681,    0.000000,    0.000000,    0.000000,   31.680000,    0.000000,    0.000000,    0.000000,    0.000000,    0.068737,   -nan(ind),   -nan(ind),   -nan(ind),   94.608245,         nan,   -nan(ind),   -nan(ind),    0.000000,    0.000000,    0.000000,    0.000000,    0.000351,-9999.000000,    0.000142,    0.001300,    0.001300,    0.000000
2021-05-08 24:00:00,    7.227000,    0.000000,    0.000000,    0.000000,    0.000000,    0.000000,    0.000000,         nan,    0.423529,    0.000000,    0.000000,    0.000000,   31.680000,    0.000000,    0.000000,    0.000000,    0.000000,    0.068454,   -nan(ind),   -nan(ind),   -nan(ind),  149.144003,         nan,   -nan(ind),   -nan(ind),    0.000000,    0.000000,    0.000000,    0.000000,    0.000174,-9999.000000,    0.000000,    0.001300,    0.001300,    0.000000
2021-05-09 24:00:00,    7.227000,    0.000000,    0.000000,    0.000000,    0.000000,    0.000000,    0.000000,         nan,    0.325150,    0.000000,    0.000000,    0.000000,   31.680000,    0.000000,    0.000000,    0.000000,    0.000000,    0.068175,   -nan(ind),   -nan(ind),   -nan(ind),  100.533177,         nan,   -nan(ind),   -nan(ind),   68.692545,    0.000000,    0.000191,    0.003077,    0.071177,-9999.000000,    0.000192,    0.001300,    0.001300,    0.000000
2021-05-10 24:00:00,    7.227000,    0.000000,    0.000000,    0.000000,    0.000000,    0.000000,    0.000000,         nan,    0.201185,    0.000000,    0.000000,    0.000000,   31.680000,    0.000000,    0.000000,    0.000000,    0.000000,    0.067899,   -nan(ind),   -nan(ind),   -nan(ind),  106.262590,         nan,   -nan(ind),   -nan(ind),  147.146283,    0.000000,    0.000000,    0.000000,    0.000002,-9999.000000,    0.000000,    0.001300,    0.001300,    0.000000
2021-05-11 24:00:00,    7.227000,    0.000000,    0.000000,    0.000000,    0.000000,    0.000000,    0.000000,         nan,    0.568355,    0.000000,    0.000000,    0.000000,   31.680000,    0.000000,    0.000000,    0.000000,    0.000000,    0.067627,   -nan(ind),   -nan(ind),   -nan(ind),  138.384929,         nan,   -nan(ind),   -nan(ind),  262.932001,    0.000000,    0.000139,    0.002161,    0.060947,-9999.000000,    0.000129,    0.001300,    0.001300,    0.000000
2021-05-12 24:00:00,    7.227000,    0.000000,    0.000000,    0.000000,    0.000000,    0.000000,    0.000000,         nan,    0.600590,    0.000000,    0.000000,    0.000000,   31.680000,    0.000000,    0.000000,    0.000000,    0.000000,    0.067358,   -nan(ind),   -nan(ind),   -nan(ind),   88.944925,         nan,   -nan(ind),   -nan(ind),   77.829064,    0.000000,    0.000127,    0.001415,    0.058394,-9999.000000,    0.000060,    0.001300,    0.001300,    0.000000
2021-05-13 24:00:00,    7.227000,    0.000000,    0.000000,    0.000000,    0.000000,    0.000000,    0.000000,         nan,    0.309009,    0.000000,    0.000000,    0.000000,   31.680000,    0.000000,    0.000000,    0.000000,    0.000000,    0.067093,   -nan(ind),   -nan(ind),   -nan(ind),  140.064980,         nan,   -nan(ind),   -nan(ind),    0.000000,    0.000000,    0.000000,    0.000000,    0.000001,-9999.000000,    0.000004,    0.001300,    0.001300,    0.000000
2021-05-14 24:00:00,    7.227000,    0.000000,    0.000000,    0.000000,    0.000000,    0.000000,    0.000000,         nan,    0.336791,    0.000000,    0.000000,    0.000000,   31.680000,    0.000000,    0.000000,    0.000000,    0.000000,    0.066832,   -nan(ind),   -nan(ind),   -nan(ind),  156.476145,         nan,   -nan(ind),   -nan(ind),    0.000000,    0.000000,    0.000000,    0.000000,    0.000177,-9999.000000,    0.000092,    0.001300,    0.001300,    0.000000
2021-05-15 24:00:00,    7.227000,    0.000000,    0.000000,    0.000000,    0.000000,    0.000000,    0.000000,         nan,    0.412532,    0.000000,    0.000000,    0.000000,   31.680000,    0.000000,    0.000000,    0.000000,    0.000000,    0.066575,   -nan(ind),   -nan(ind),   -nan(ind),  179.403114,         nan,   -nan(ind),   -nan(ind),  150.308788,    0.000000,    0.000202,    0.002508,    0.073653,-9999.000000,    0.000119,    0.001300,    0.001300,    0.000000
2021-05-16 24:00:00,    7.227000,    0.000000,    0.000000,    0.000000,    0.000000,    0.000000,    0.000000,         nan,    0.369391,    0.000000,    0.000000,    0.000000,   31.680000,    0.000000,    0.000000,    0.000000,    0.000000,    0.066322,   -nan(ind),   -nan(ind),   -nan(ind),  107.089014,         nan,   -nan(ind),   -nan(ind),    0.000000,    0.000000,    0.000000,    0.000000,    0.000000,-9999.000000,    0.000072,    0.001300,    0.001300,    0.000000
2021-05-17 24:00:00,    7.227000,    0.000000,    0.000000,    0.000000,    0.000000,    0.000000,    0.000000,         nan,    0.418260,    0.000000,    0.000000,    0.000000,   31.680000,    0.000000,    0.000000,    0.000000,    0.000000,    0.066072,   -nan(ind),   -nan(ind),   -nan(ind),   77.113987,         nan,   -nan(ind),   -nan(ind),   74.063916,    0.000000,    0.000000,    0.000000,    0.000000,-9999.000000,    0.000000,    0.001300,    0.001300,    0.000000
2021-05-18 24:00:00,    7.227000,    0.000000,    0.000000,    0.000000,    0.000000,    0.000000,    0.000000,         nan,    0.277631,    0.000000,    0.000000,    0.000000,   31.680000,    0.000000,    0.000000,    0.000000,    0.000000,    0.065827,   -nan(ind),   -nan(ind),   -nan(ind),  153.878076,         nan,   -nan(ind),   -nan(ind),   99.736949,    0.000000,    0.000000,    0.000000,    0.000441,-9999.000000,    0.000000,    0.001300,    0.001300,    0.000000
2021-05-19 24:00:00,    7.227000,    0.000000,    0.000000,    0.000000,    0.000000,    0.000000,    0.000000,         nan,    0.596668,    0.000000,    0.000000,    0.000000,   31.680000,    0.000000,    0.000000,    0.000000,    0.000000,    0.065587,   -nan(ind),   -nan(ind),   -nan(ind),  142.605663,         nan,   -nan(ind),   -nan(ind),  325.688369,    0.000000,    0.000000,    0.000000,    0.000002,-9999.000000,    0.000000,    0.001300,    0.001300,    0.000000
2021-05-20 24:00:00,    7.227000,    0.000000,    0.000000,    0.000000,    0.000000,    0.000000,    0.000000,         nan,    0.378745,    0.000000,    0.000000,    0.000000,   31.680000,    0.000000,    0.000000,    0.000000,    0.000000,    0.065350,   -nan(ind),   -nan(ind),   -nan(ind),  185.093062,         nan,   -nan(ind),   -nan(ind),  138.661282,    0.000000,    0.000132,    0.002652,    0.058436,-9999.000000,    0.000214,    0.001300,    0.001300,    0.000000
2021-05-21 24:00:00,    7.227000,    0.000000,    0.000000,    0.000000,    0.000000,    0.000000,    0.000000,         nan,    0.409588,    0.000000,    0.000000,    0.000000,   31.680000,    0.000000,    0.000000,    0.000000,    0.000000,    0.065118,   -nan(ind),   -nan(ind),   -nan(ind),   99.623835,         nan,   -nan(ind),   -nan(ind),   58.683519,    0.000000,    0.000066,    0.000836,    0.042041,-9999.000000,    0.000040,    0.001300,    0.001300,    0.000000
2021-05-22 24:00:00,    7.227000,    0.000000,    0.000000,    0.000000,    0.000000,    0.000000,    0.000000,         nan,    0.241016,    0.000000,    0.000000,    0.000000,   31.680000,    0.000000,    0.000000,    0.000000,    0.000000,    0.064890,   -nan(ind),   -nan(ind),   -nan(ind),  157.637255,         nan,   -nan(ind),   -nan(ind),   36.815508,    0.000000,    0.000109,    0.001436,    0.054157,-9999.000000,    0.000072,    0.001300,    0.001300,    0.000000
2021-05-23 24:00:00,    7.227000,    0.000000,    0.000000,    0.000000,    0.000000,    0.000000,    0.000000,         nan,    0.378408,    0.000000,    0.000000,    0.000000,   31.680000,    0.000000,    0.000000,    0.000000,    0.000000,    0.064667,   -nan(ind),   -nan(ind),   -nan(ind),  111.444846,         nan,   -nan(ind),   -nan(ind),   72.352196,    0.000000,    0.000000,    0.000000,    0.000001,-9999.000000,    0.000000,    0.001300,    0.001300,    0.000000
2021-05-24 24:00:00,    7.227000,    0.000000,    0.000000,    0.000000,    0.000000,    0.000000,    0.000000,         nan,    0.409018,    0.000000,    0.000000,    0.000000,   31.680000,    0.000000,    0.000000,    0.000000,    0.000000,    0.064448,   -nan(ind),   -nan(ind),   -nan(ind),   95.217302,         nan,   -nan(ind),   -nan(ind),   32.555204,    0.000000,    0.000199,    0.002302,    0.073040,-9999.000000,    0.000017,    0.001300,    0.001300,    0.000000
2021-05-25 24:00:00,    7.227000,    0.000000,    0.000000,    0.000000,    0.000000,    0.000000,    0.000000,         nan,    0.381884,    0.000000,    0.000000,    0.000000,   31.680000,    0.000000,    0.000000,    0.000000,    0.000000,    0.064234,   -nan(ind),   -nan(ind),   -nan(ind),  148.835230,         nan,   -nan(ind),   -nan(ind),    6.297827,    0.000000,    0.000000,    0.000000,    0.000161,-9999.000000,    0.000000,    0.001300,    0.001300,    0.000000
2021-05-26 24:00:00,    7.227000,    0.000000,    0.000000,    0.000000,    0.000000,    0.000000,    0.000000,         nan,    0.400256,    0.000000,    0.000000,    0.000000,   31.680000,    0.000000,    0.000000,    0.000000,    0.000000,    0.064024,   -nan(ind),   -nan(ind),   -nan(ind),  154.338170,         nan,   -nan(ind),   -nan(ind),    0.000000,    0.000000,    0.000069,    0.000689,    0.042911,-9999.000000,    0.000026,    0.001300,    0.001300,    0.000000
2021-05-27 24:00:00,    7.227000,    0.000000,    0.000000,    0.000000,    0.000000,    0.000000,    0.000000,         nan,    0.415285,    0.000000,    0.000000,    0.000000,   31.680000,    0.000000,    0.000000,    0.000000,    0.000000,    0.063820,   -nan(ind),   -nan(ind),   -nan(ind),  224.946914,         nan,   -nan(ind),   -nan(ind),  183.520546,    0.000000,    0.000000,    0.000000,    0.000002,-9999.000000,    0.000000,    0.001300,    0.001300,    0.000000
2021-05-28 24:00:00,    7.227000,    0.000000,    0.000000,    0.000000,    0.000000,    0.000000,    0.000000,         nan,    0.168844,    0.000000,    0.000000,    0.000000,   31.680000,    0.000000,    0.000000,    0.000000,    0.000000,    0.063620,   -nan(ind),   -nan(ind),   -nan(ind),  170.181715,         nan,   -nan(ind),   -nan(ind),    0.000000,    0.000000,    0.000000,    0.000000,    0.000320,-9999.000000,    0.000046,    0.001300,    0.001300,    0.000000
2021-05-29 24:00:00,    7.227000,    0.000000,    0.000000,    0.000000,    0.000000,    0.000000,    0.000000,         nan,    0.347928,    0.000000,    0.000000,    0.000000,   31.680000,    0.000000,    0.000000,    0.000000,    0.000000,    0.063425,   -nan(ind),   -nan(ind),   -nan(ind),  112.832126,         nan,   -nan(ind),   -nan(ind),    4.774487,    0.000000,    0.000000,    0.000000,    0.000002,-9999.000000,    0.000000,    0.001300,    0.001300,    0.000000
2021-05-30 24:00:00,    7.227000,    0.000000,    0.000000,    0.000000,    0.000000,    0.000000,    0.000000,         nan,    0.336248,    0.000000,    0.000000,    0.000000,   31.680000,    0.000000,    0.000000,    0.000000,    0.000000,    0.063234,   -nan(ind),   -nan(ind),   -nan(ind),  154.457464,         nan,   -nan(ind),   -nan(ind),   41.530129,    0.000000,    0.000065,    0.000792,    0.041768,-9999.000000,    0.000037,    0.001300,    0.001300,    0.000000
2021-05-31 24:00:00,    7.227000,    0.000000,    0.000000,    0.000000,    0.000000,    0.000000,    0.000000,         nan,    0.397936,    0.000000,    0.000000,    0.000000,   31.680000,    0.000000,    0.000000,    0.000000,    0.000000,    0.063049,   -nan(ind),   -nan(ind),   -nan(ind),  104.361456,         nan,   -nan(ind),   -nan(ind),    0.000000,    0.000000,    0.000000,    0.000000,    0.000653,-9999.000000,    0.000000,    0.001300,    0.001300,    0.000000
2021-06-01 24:00:00,    7.227000,    0.000000,    0.000000,    0.000000,    0.000000,    0.000000,    0.000000,         nan,    0.469731,    0.000000,    0.000000,    0.000000,   31.680000,    0.000000,    0.000000,    0.000000,    0.000000,    0.062869,   -nan(ind),   -nan(ind),   -nan(ind),   71.691497,         nan,   -nan(ind),   -nan(ind),    0.000000,    0.000000,    0.000091,    0.001235,    0.049287,-9999.000000,    0.000064,    0.001300,    0.001300,    0.000000
2021-06-02 24:00:00,    7.227000,    0.000000,    0.000000,    0.000000,    0.000000,    0.000000,    0.000000,         nan,    0.353964,    0.000000,    0.000000,    0.000000,   31.680000,    0.000000,    0.000000,    0.000000,    0.000000,    0.062694,   -nan(ind),   -nan(ind),   -nan(ind),  139.223318,         nan,   -nan(ind),   -nan(ind),    0.000000,    0.000000,    0.000055,    0.001095,    0.038284,-9999.000000,    0.000085,    0.001300,    0.001300,    0.000000
2021-06-03 24:00:00,    7.227000,    0.000000,    0.000000,    0.000000,    0.000000,    0.000000,    0.000000,         nan,    0.420598,    0.000000,    0.000000,    0.000000,   31.680000,    0.000000,    0.000000,    0.000000,    0.000000,    0.062524,   -nan(ind),   -nan(ind),   -nan(ind),  130.139663,         nan,   -nan(ind),   -nan(ind),    0.000000,    0.000000,    0.000084,    0.001019,    0.047325,-9999.000000,    0.000067,    0.001300,    0.001300,    0.000000
2021-06-04 24:00:00,    7.227000,    0.000000,    0.000000,    0.000000,    0.000000,    0.000000,    0.000000,         nan,    0.404657,    0.000000,    0.000000,    0.000000,   31.680000,    0.000000,    0.000000,    0.000000,    0.000000,    0.062359,   -nan(ind),   -nan(ind),   -nan(ind),  149.866857,         nan,   -nan(ind),   -nan(ind),  106.060582,    0.000000,    0.000031,    0.000517,    0.028592,-9999.000000,    0.000034,    0.001300,    0.001300,    0.000000
2021-06-05 24:00:00,    7.227000,    0.000000,    0.000000,    0.000000,    0.000000,    0.000000,    0.000000,         nan,    0.437297,    0.000000,    0.000000,    0.000000,   31.680000,    0.000000,    0.000000,    0.000000,    0.000000,    0.062199,   -nan(ind),   -nan(ind),   -nan(ind),  163.901093,         nan,   -nan(ind),   -nan(ind),  169.548075,    0.000000,    0.000124,    0.001368,    0.057596,-9999.000000,    0.000058,    0.001300,    0.001300,    0.000000
2021-06-06 24:00:00,    7.227000,    0.000000,    0.000000,    0.000000,    0.000000,    0.000000,    0.000000,         nan,    0.406036,    0.000000,    0.000000,    0.000000,   31.680000,    0.000000,    0.000000,    0.000000,    0.000000,    0.062045,   -nan(ind),   -nan(ind),   -nan(ind),  124.468825,         nan,   -nan(ind),   -nan(ind),  315.355068,    0.000000,    0.000000,    0.000000,    0.000106,-9999.000000,    0.000064,    0.001300,    0.001300,    0.000000
2021-06-07 24:00:00,    7.227000,    0.000000,    0.000000,    0.000000,    0.000000,    0.000000,    0.000000,         nan,    0.400249,    0.000000,    0.000000,    0.000000,   31.680000,    0.000000,    0.000000,    0.000000,    0.000000,    0.061896,   -nan(ind),   -nan(ind),   -nan(ind),   83.273953,         nan,   -nan(ind),   -nan(ind),   40.865181,    0.000000,    0.000000,    0.000000,    0.000460,-9999.000000,    0.000000,    0.001300,    0.001300,    0.000000
2021-06-08 24:00:00,    7.227000,    0.000000,    0.000000,    0.000000,    0.000000,    0.000000,    0.000000,         nan,    0.346771,    0.000000,    0.000000,    0.000000,   31.680000,    0.000000,    0.000000,    0.000000,    0.000000,    0.061753,   -nan(ind),   -nan(ind),   -nan(ind),  101.648424,         nan,   -nan(ind),   -nan(ind),    0.000000,    0.000000,    0.000309,    0.003215,    0.091067,-9999.000000,    0.000127,    0.001300,    0.001300,    0.000000
2021-06-09 24:00:00,    7.227000,    0.000000,    0.000000,    0.000000,    0.000000,    0.000000,    0.000000,         nan,    0.383080,    0.000000,    0.000000,    0.000000,   31.680000,    0.000000,    0.000000,    0.000000,    0.000000,    0.061614,   -nan(ind),   -nan(ind),   -nan(ind),  152.262143,         nan,   -nan(ind),   -nan(ind),  374.184965,    0.000000,    0.000142,    0.001616,    0.061797,-9999.000000,    0.000070,    0.001300,    0.001300,    0.000000
2021-06-10 24:00:00,    7.227000,    0.000000,    0.000000,    0.000000,    0.000000,    0.000000,    0.000000,         nan,    0.291766,    0.000000,    0.000000,    0.000000,   31.680000,    0.000000,    0.000000,    0.000000,    0.000000,    0.061482,   -nan(ind),   -nan(ind),   -nan(ind),  171.140846,         nan,   -nan(ind),   -nan(ind),   18.632000,    0.000000,    0.000021,    0.000565,    0.019863,-9999.000000,    0.000000,    0.001300,    0.001300,    0.000000
2021-06-11 24:00:00,    7.227000,    0.000000,    0.000000,    0.000000,    0.000000,    0.000000,    0.000000,         nan,    0.176830,    0.000000,    0.000000,    0.000000,   31.680000,    0.000000,    0.000000,    0.000000,    0.000000,    0.061354,   -nan(ind),   -nan(ind),   -nan(ind),  105.683602,         nan,   -nan(ind),   -nan(ind),  125.206308,    0.000000,    0.000000,    0.000000,    0.000002,-9999.000000,    0.000000,    0.001300,    0.001300,    0.000000
2021-06-12 24:00:00,    7.227000,    0.000000,    0.000000,    0.000000,    0.000000,    0.000000,    0.000000,         nan,    0.291009,    0.000000,    0.000000,    0.000000,   31.680000,    0.000000,    0.000000,    0.000000,    0.000000,    0.061232,   -nan(ind),   -nan(ind),   -nan(ind),   99.746262,         nan,   -nan(ind),   -nan(ind),    0.000000,    0.000000,    0.000000,    0.000000,    0.000000,-9999.000000,    0.000000,    0.001300,    0.001300,    0.000000
2021-06-13 24:00:00,    7.227000,    0.000000,    0.000000,    0.000000,    0.000000,    0.000000,    0.000000,         nan,    0.311925,    0.000000,    0.000000,    0.000000,   31.680000,    0.000000,    0.000000,    0.000000,    0.000000,    0.061116,   -nan(ind),   -nan(ind),   -nan(ind),  160.156294,         nan,   -nan(ind),   -nan(ind),  458.786671,    0.000000,    0.000115,    0.001403,    0.055614,-9999.000000,    0.000065,    0.001300,    0.001300,    0.000000
2021-06-14 24:00:00,    7.227000,    0.000000,    0.000000,    0.000000,    0.000000,    0.000000,    0.000000,    0.000000,    0.000000,    0.000000,    0.000000,    0.000000,   31.680000,    0.000000,    0.000000,    0.000000,    0.000000,    1.000000,   -nan(ind),   -nan(ind),   -nan(ind),    0.000000,    0.000000,    0.000000,    0.000000,  458.786671,    0.000000,    0.000115,    0.001403,    0.055614,-9999.000000,    0.000065,    0.001300,    0.001300,    0.000000
